Year,UNIT-MEASURE,Administrative Area,Sex,Highest educational attainment,Value
2013,Number,Federation of Bosnia and Herzegovina,Total,Total,1862272
2013,Number,Federation of Bosnia and Herzegovina,Total,No education,82724
2013,Number,Federation of Bosnia and Herzegovina,Total,Incomplete elementary education,167956
2013,Number,Federation of Bosnia and Herzegovina,Total,Elementary education,401188
2013,Number,Federation of Bosnia and Herzegovina,Total,Secondary education,952320
2013,Number,Federation of Bosnia and Herzegovina,Total,Secondary specialisation,13254
2013,Number,Federation of Bosnia and Herzegovina,Total,Higher school and first degree of faculty,56720
2013,Number,Federation of Bosnia and Herzegovina,Total,Faculty / academy / university,188110
2013,Number,Una-Sana Canton,Total,Total,225229
2013,Number,Una-Sana Canton,Total,No education,13280
2013,Number,Una-Sana Canton,Total,Incomplete elementary education,23698
2013,Number,Una-Sana Canton,Total,Elementary education,65447
2013,Number,Una-Sana Canton,Total,Secondary education,101836
2013,Number,Una-Sana Canton,Total,Secondary specialisation,827
2013,Number,Una-Sana Canton,Total,Higher school and first degree of faculty,6495
2013,Number,Una-Sana Canton,Total,Faculty / academy / university,13646
2013,Number,Posavina Canton,Total,Total,37418
2013,Number,Posavina Canton,Total,No education,1877
2013,Number,Posavina Canton,Total,Incomplete elementary education,5411
2013,Number,Posavina Canton,Total,Elementary education,8965
2013,Number,Posavina Canton,Total,Secondary education,17468
2013,Number,Posavina Canton,Total,Secondary specialisation,200
2013,Number,Posavina Canton,Total,Higher school and first degree of faculty,1001
2013,Number,Posavina Canton,Total,Faculty / academy / university,2496
2013,Number,Tuzla Canton,Total,Total,375224
2013,Number,Tuzla Canton,Total,No education,19235
2013,Number,Tuzla Canton,Total,Incomplete elementary education,40851
2013,Number,Tuzla Canton,Total,Elementary education,86031
2013,Number,Tuzla Canton,Total,Secondary education,191001
2013,Number,Tuzla Canton,Total,Secondary specialisation,2692
2013,Number,Tuzla Canton,Total,Higher school and first degree of faculty,7370
2013,Number,Tuzla Canton,Total,Faculty / academy / university,28044
2013,Number,Zenica-Doboj Canton,Total,Total,303990
2013,Number,Zenica-Doboj Canton,Total,No education,13040
2013,Number,Zenica-Doboj Canton,Total,Incomplete elementary education,31325
2013,Number,Zenica-Doboj Canton,Total,Elementary education,71548
2013,Number,Zenica-Doboj Canton,Total,Secondary education,156591
2013,Number,Zenica-Doboj Canton,Total,Secondary specialisation,3593
2013,Number,Zenica-Doboj Canton,Total,Higher school and first degree of faculty,7050
2013,Number,Zenica-Doboj Canton,Total,Faculty / academy / university,20843
2013,Number,Bosnian-Podrinje Canton,Total,Total,20448
2013,Number,Bosnian-Podrinje Canton,Total,No education,1133
2013,Number,Bosnian-Podrinje Canton,Total,Incomplete elementary education,1705
2013,Number,Bosnian-Podrinje Canton,Total,Elementary education,4886
2013,Number,Bosnian-Podrinje Canton,Total,Secondary education,10173
2013,Number,Bosnian-Podrinje Canton,Total,Secondary specialisation,205
2013,Number,Bosnian-Podrinje Canton,Total,Higher school and first degree of faculty,518
2013,Number,Bosnian-Podrinje Canton,Total,Faculty / academy / university,1828
2013,Number,Central Bosnia Canton,Total,Total,211486
2013,Number,Central Bosnia Canton,Total,No education,10958
2013,Number,Central Bosnia Canton,Total,Incomplete elementary education,23045
2013,Number,Central Bosnia Canton,Total,Elementary education,49690
2013,Number,Central Bosnia Canton,Total,Secondary education,107657
2013,Number,Central Bosnia Canton,Total,Secondary specialisation,1321
2013,Number,Central Bosnia Canton,Total,Higher school and first degree of faculty,5219
2013,Number,Central Bosnia Canton,Total,Faculty / academy / university,13596
2013,Number,Herzegovina-Neretva Canton,Total,Total,187848
2013,Number,Herzegovina-Neretva Canton,Total,No education,6789
2013,Number,Herzegovina-Neretva Canton,Total,Incomplete elementary education,13648
2013,Number,Herzegovina-Neretva Canton,Total,Elementary education,33296
2013,Number,Herzegovina-Neretva Canton,Total,Secondary education,101352
2013,Number,Herzegovina-Neretva Canton,Total,Secondary specialisation,1347
2013,Number,Herzegovina-Neretva Canton,Total,Higher school and first degree of faculty,7772
2013,Number,Herzegovina-Neretva Canton,Total,Faculty / academy / university,23644
2013,Number,West Herzegovina Canton,Total,Total,78046
2013,Number,West Herzegovina Canton,Total,No education,2960
2013,Number,West Herzegovina Canton,Total,Incomplete elementary education,6267
2013,Number,West Herzegovina Canton,Total,Elementary education,12575
2013,Number,West Herzegovina Canton,Total,Secondary education,42986
2013,Number,West Herzegovina Canton,Total,Secondary specialisation,387
2013,Number,West Herzegovina Canton,Total,Higher school and first degree of faculty,3427
2013,Number,West Herzegovina Canton,Total,Faculty / academy / university,9444
2013,Number,Sarajevo Canton,Total,Total,350333
2013,Number,Sarajevo Canton,Total,No education,9766
2013,Number,Sarajevo Canton,Total,Incomplete elementary education,14669
2013,Number,Sarajevo Canton,Total,Elementary education,54955
2013,Number,Sarajevo Canton,Total,Secondary education,186928
2013,Number,Sarajevo Canton,Total,Secondary specialisation,2385
2013,Number,Sarajevo Canton,Total,Higher school and first degree of faculty,14716
2013,Number,Sarajevo Canton,Total,Faculty / academy / university,66914
2013,Number,Canton 10,Total,Total,72250
2013,Number,Canton 10,Total,No education,3686
2013,Number,Canton 10,Total,Incomplete elementary education,7337
2013,Number,Canton 10,Total,Elementary education,13795
2013,Number,Canton 10,Total,Secondary education,36328
2013,Number,Canton 10,Total,Secondary specialisation,297
2013,Number,Canton 10,Total,Higher school and first degree of faculty,3152
2013,Number,Canton 10,Total,Faculty / academy / university,7655
2013,Number,Federation of Bosnia and Herzegovina,M,Total,904850
2013,Number,Federation of Bosnia and Herzegovina,M,No education,13635
2013,Number,Federation of Bosnia and Herzegovina,M,Incomplete elementary education,46470
2013,Number,Federation of Bosnia and Herzegovina,M,Elementary education,166078
2013,Number,Federation of Bosnia and Herzegovina,M,Secondary education,547281
2013,Number,Federation of Bosnia and Herzegovina,M,Secondary specialisation,11005
2013,Number,Federation of Bosnia and Herzegovina,M,Higher school and first degree of faculty,30520
2013,Number,Federation of Bosnia and Herzegovina,M,Faculty / academy / university,89861
2013,Number,Una-Sana Canton,M,Total,110711
2013,Number,Una-Sana Canton,M,No education,2609
2013,Number,Una-Sana Canton,M,Incomplete elementary education,8511
2013,Number,Una-Sana Canton,M,Elementary education,29553
2013,Number,Una-Sana Canton,M,Secondary education,59686
2013,Number,Una-Sana Canton,M,Secondary specialisation,583
2013,Number,Una-Sana Canton,M,Higher school and first degree of faculty,3294
2013,Number,Una-Sana Canton,M,Faculty / academy / university,6475
2013,Number,Posavina Canton,M,Total,18656
2013,Number,Posavina Canton,M,No education,367
2013,Number,Posavina Canton,M,Incomplete elementary education,2125
2013,Number,Posavina Canton,M,Elementary education,4316
2013,Number,Posavina Canton,M,Secondary education,9831
2013,Number,Posavina Canton,M,Secondary specialisation,146
2013,Number,Posavina Canton,M,Higher school and first degree of faculty,572
2013,Number,Posavina Canton,M,Faculty / academy / university,1299
2013,Number,Tuzla Canton,M,Total,181535
2013,Number,Tuzla Canton,M,No education,3089
2013,Number,Tuzla Canton,M,Incomplete elementary education,10230
2013,Number,Tuzla Canton,M,Elementary education,34890
2013,Number,Tuzla Canton,M,Secondary education,112695
2013,Number,Tuzla Canton,M,Secondary specialisation,2325
2013,Number,Tuzla Canton,M,Higher school and first degree of faculty,4293
2013,Number,Tuzla Canton,M,Faculty / academy / university,14013
2013,Number,Zenica-Doboj Canton,M,Total,149837
2013,Number,Zenica-Doboj Canton,M,No education,1936
2013,Number,Zenica-Doboj Canton,M,Incomplete elementary education,7908
2013,Number,Zenica-Doboj Canton,M,Elementary education,28285
2013,Number,Zenica-Doboj Canton,M,Secondary education,94181
2013,Number,Zenica-Doboj Canton,M,Secondary specialisation,3153
2013,Number,Zenica-Doboj Canton,M,Higher school and first degree of faculty,3909
2013,Number,Zenica-Doboj Canton,M,Faculty / academy / university,10465
2013,Number,Bosnian-Podrinje Canton,M,Total,9881
2013,Number,Bosnian-Podrinje Canton,M,No education,159
2013,Number,Bosnian-Podrinje Canton,M,Incomplete elementary education,405
2013,Number,Bosnian-Podrinje Canton,M,Elementary education,1839
2013,Number,Bosnian-Podrinje Canton,M,Secondary education,5960
2013,Number,Bosnian-Podrinje Canton,M,Secondary specialisation,175
2013,Number,Bosnian-Podrinje Canton,M,Higher school and first degree of faculty,352
2013,Number,Bosnian-Podrinje Canton,M,Faculty / academy / university,991
2013,Number,Central Bosnia Canton,M,Total,105017
2013,Number,Central Bosnia Canton,M,No education,1981
2013,Number,Central Bosnia Canton,M,Incomplete elementary education,6423
2013,Number,Central Bosnia Canton,M,Elementary education,21391
2013,Number,Central Bosnia Canton,M,Secondary education,64191
2013,Number,Central Bosnia Canton,M,Secondary specialisation,1132
2013,Number,Central Bosnia Canton,M,Higher school and first degree of faculty,2919
2013,Number,Central Bosnia Canton,M,Faculty / academy / university,6980
2013,Number,Herzegovina-Neretva Canton,M,Total,91629
2013,Number,Herzegovina-Neretva Canton,M,No education,1047
2013,Number,Herzegovina-Neretva Canton,M,Incomplete elementary education,3657
2013,Number,Herzegovina-Neretva Canton,M,Elementary education,13686
2013,Number,Herzegovina-Neretva Canton,M,Secondary education,57185
2013,Number,Herzegovina-Neretva Canton,M,Secondary specialisation,1098
2013,Number,Herzegovina-Neretva Canton,M,Higher school and first degree of faculty,3975
2013,Number,Herzegovina-Neretva Canton,M,Faculty / academy / university,10981
2013,Number,West Herzegovina Canton,M,Total,38677
2013,Number,West Herzegovina Canton,M,No education,450
2013,Number,West Herzegovina Canton,M,Incomplete elementary education,2072
2013,Number,West Herzegovina Canton,M,Elementary education,6057
2013,Number,West Herzegovina Canton,M,Secondary education,23646
2013,Number,West Herzegovina Canton,M,Secondary specialisation,257
2013,Number,West Herzegovina Canton,M,Higher school and first degree of faculty,1629
2013,Number,West Herzegovina Canton,M,Faculty / academy / university,4566
2013,Number,Sarajevo Canton,M,Total,162698
2013,Number,Sarajevo Canton,M,No education,1417
2013,Number,Sarajevo Canton,M,Incomplete elementary education,2568
2013,Number,Sarajevo Canton,M,Elementary education,19427
2013,Number,Sarajevo Canton,M,Secondary education,99295
2013,Number,Sarajevo Canton,M,Secondary specialisation,1938
2013,Number,Sarajevo Canton,M,Higher school and first degree of faculty,7875
2013,Number,Sarajevo Canton,M,Faculty / academy / university,30178
2013,Number,Canton 10,M,Total,36209
2013,Number,Canton 10,M,No education,580
2013,Number,Canton 10,M,Incomplete elementary education,2571
2013,Number,Canton 10,M,Elementary education,6634
2013,Number,Canton 10,M,Secondary education,20611
2013,Number,Canton 10,M,Secondary specialisation,198
2013,Number,Canton 10,M,Higher school and first degree of faculty,1702
2013,Number,Canton 10,M,Faculty / academy / university,3913
2013,Number,Federation of Bosnia and Herzegovina,F,Total,957422
2013,Number,Federation of Bosnia and Herzegovina,F,No education,69089
2013,Number,Federation of Bosnia and Herzegovina,F,Incomplete elementary education,121486
2013,Number,Federation of Bosnia and Herzegovina,F,Elementary education,235110
2013,Number,Federation of Bosnia and Herzegovina,F,Secondary education,405039
2013,Number,Federation of Bosnia and Herzegovina,F,Secondary specialisation,2249
2013,Number,Federation of Bosnia and Herzegovina,F,Higher school and first degree of faculty,26200
2013,Number,Federation of Bosnia and Herzegovina,F,Faculty / academy / university,98249
2013,Number,Una-Sana Canton,F,Total,114518
2013,Number,Una-Sana Canton,F,No education,10671
2013,Number,Una-Sana Canton,F,Incomplete elementary education,15187
2013,Number,Una-Sana Canton,F,Elementary education,35894
2013,Number,Una-Sana Canton,F,Secondary education,42150
2013,Number,Una-Sana Canton,F,Secondary specialisation,244
2013,Number,Una-Sana Canton,F,Higher school and first degree of faculty,3201
2013,Number,Una-Sana Canton,F,Faculty / academy / university,7171
2013,Number,Posavina Canton,F,Total,18762
2013,Number,Posavina Canton,F,No education,1510
2013,Number,Posavina Canton,F,Incomplete elementary education,3286
2013,Number,Posavina Canton,F,Elementary education,4649
2013,Number,Posavina Canton,F,Secondary education,7637
2013,Number,Posavina Canton,F,Secondary specialisation,54
2013,Number,Posavina Canton,F,Higher school and first degree of faculty,429
2013,Number,Posavina Canton,F,Faculty / academy / university,1197
2013,Number,Tuzla Canton,F,Total,193689
2013,Number,Tuzla Canton,F,No education,16146
2013,Number,Tuzla Canton,F,Incomplete elementary education,30621
2013,Number,Tuzla Canton,F,Elementary education,51141
2013,Number,Tuzla Canton,F,Secondary education,78306
2013,Number,Tuzla Canton,F,Secondary specialisation,367
2013,Number,Tuzla Canton,F,Higher school and first degree of faculty,3077
2013,Number,Tuzla Canton,F,Faculty / academy / university,14031
2013,Number,Zenica-Doboj Canton,F,Total,154153
2013,Number,Zenica-Doboj Canton,F,No education,11104
2013,Number,Zenica-Doboj Canton,F,Incomplete elementary education,23417
2013,Number,Zenica-Doboj Canton,F,Elementary education,43263
2013,Number,Zenica-Doboj Canton,F,Secondary education,62410
2013,Number,Zenica-Doboj Canton,F,Secondary specialisation,440
2013,Number,Zenica-Doboj Canton,F,Higher school and first degree of faculty,3141
2013,Number,Zenica-Doboj Canton,F,Faculty / academy / university,10378
2013,Number,Bosnian-Podrinje Canton,F,Total,10567
2013,Number,Bosnian-Podrinje Canton,F,No education,974
2013,Number,Bosnian-Podrinje Canton,F,Incomplete elementary education,1300
2013,Number,Bosnian-Podrinje Canton,F,Elementary education,3047
2013,Number,Bosnian-Podrinje Canton,F,Secondary education,4213
2013,Number,Bosnian-Podrinje Canton,F,Secondary specialisation,30
2013,Number,Bosnian-Podrinje Canton,F,Higher school and first degree of faculty,166
2013,Number,Bosnian-Podrinje Canton,F,Faculty / academy / university,837
2013,Number,Central Bosnia Canton,F,Total,106469
2013,Number,Central Bosnia Canton,F,No education,8977
2013,Number,Central Bosnia Canton,F,Incomplete elementary education,16622
2013,Number,Central Bosnia Canton,F,Elementary education,28299
2013,Number,Central Bosnia Canton,F,Secondary education,43466
2013,Number,Central Bosnia Canton,F,Secondary specialisation,189
2013,Number,Central Bosnia Canton,F,Higher school and first degree of faculty,2300
2013,Number,Central Bosnia Canton,F,Faculty / academy / university,6616
2013,Number,Herzegovina-Neretva Canton,F,Total,96219
2013,Number,Herzegovina-Neretva Canton,F,No education,5742
2013,Number,Herzegovina-Neretva Canton,F,Incomplete elementary education,9991
2013,Number,Herzegovina-Neretva Canton,F,Elementary education,19610
2013,Number,Herzegovina-Neretva Canton,F,Secondary education,44167
2013,Number,Herzegovina-Neretva Canton,F,Secondary specialisation,249
2013,Number,Herzegovina-Neretva Canton,F,Higher school and first degree of faculty,3797
2013,Number,Herzegovina-Neretva Canton,F,Faculty / academy / university,12663
2013,Number,West Herzegovina Canton,F,Total,39369
2013,Number,West Herzegovina Canton,F,No education,2510
2013,Number,West Herzegovina Canton,F,Incomplete elementary education,4195
2013,Number,West Herzegovina Canton,F,Elementary education,6518
2013,Number,West Herzegovina Canton,F,Secondary education,19340
2013,Number,West Herzegovina Canton,F,Secondary specialisation,130
2013,Number,West Herzegovina Canton,F,Higher school and first degree of faculty,1798
2013,Number,West Herzegovina Canton,F,Faculty / academy / university,4878
2013,Number,Sarajevo Canton,F,Total,187635
2013,Number,Sarajevo Canton,F,No education,8349
2013,Number,Sarajevo Canton,F,Incomplete elementary education,12101
2013,Number,Sarajevo Canton,F,Elementary education,35528
2013,Number,Sarajevo Canton,F,Secondary education,87633
2013,Number,Sarajevo Canton,F,Secondary specialisation,447
2013,Number,Sarajevo Canton,F,Higher school and first degree of faculty,6841
2013,Number,Sarajevo Canton,F,Faculty / academy / university,36736
2013,Number,Canton 10,F,Total,36041
2013,Number,Canton 10,F,No education,3106
2013,Number,Canton 10,F,Incomplete elementary education,4766
2013,Number,Canton 10,F,Elementary education,7161
2013,Number,Canton 10,F,Secondary education,15717
2013,Number,Canton 10,F,Secondary specialisation,99
2013,Number,Canton 10,F,Higher school and first degree of faculty,1450
2013,Number,Canton 10,F,Faculty / academy / university,3742
