Year,UNIT_MEASURE,Municipality,Sex,Education,Value
2013,Number,Banovici,Both sexes,No education,692
2013,Number,Bihac,Both sexes,No education,1976
2013,Number,Bosanska Krupa,Both sexes,No education,1511
2013,Number,Bosanski Petrovac,Both sexes,No education,399
2013,Number,Bosansko Grahovo,Both sexes,No education,127
2013,Number,Breza,Both sexes,No education,589
2013,Number,Bugojno,Both sexes,No education,1137
2013,Number,Busovaca,Both sexes,No education,755
2013,Number,Buzim,Both sexes,No education,938
2013,Number,Cazin,Both sexes,No education,3220
2013,Number,Sarajevo-Centar,Both sexes,No education,675
2013,Number,Capljina,Both sexes,No education,793
2013,Number,Celic,Both sexes,No education,685
2013,Number,Citluk,Both sexes,No education,369
2013,Number,Doboj-Istok,Both sexes,No education,682
2013,Number,Doboj-Jug,Both sexes,No education,130
2013,Number,Dobretici,Both sexes,No education,174
2013,Number,Domaljevac-Samac,Both sexes,No education,259
2013,Number,Donji Vakuf,Both sexes,No education,631
2013,Number,Drvar,Both sexes,No education,273
2013,Number,foca-fbih,Both sexes,No education,148
2013,Number,Fojnica,Both sexes,No education,681
2013,Number,Glamoc,Both sexes,No education,244
2013,Number,Gorazde,Both sexes,No education,915
2013,Number,Gornji Vakuf-Uskoplje,Both sexes,No education,1145
2013,Number,Gracanica,Both sexes,No education,1989
2013,Number,Gradacac,Both sexes,No education,1660
2013,Number,Grude,Both sexes,No education,526
2013,Number,Sarajevo-Hadzici,Both sexes,No education,1177
2013,Number,Sarajevo-Ilidza,Both sexes,No education,1729
2013,Number,Sarajevo-Ilijas,Both sexes,No education,990
2013,Number,Jablanica,Both sexes,No education,483
2013,Number,Jajce,Both sexes,No education,1443
2013,Number,Kakanj,Both sexes,No education,1699
2013,Number,Kalesija,Both sexes,No education,1714
2013,Number,Kiseljak,Both sexes,No education,860
2013,Number,Kladanj,Both sexes,No education,455
2013,Number,Kljuc,Both sexes,No education,918
2013,Number,Konjic,Both sexes,No education,1320
2013,Number,Kresevo,Both sexes,No education,290
2013,Number,Kupres-FBiH,Both sexes,No education,217
2013,Number,Livno,Both sexes,No education,1393
2013,Number,Lukavac,Both sexes,No education,2081
2013,Number,Ljubuski,Both sexes,No education,691
2013,Number,Maglaj,Both sexes,No education,831
2013,Number,Grad Mostar,Both sexes,No education,2024
2013,Number,Neum,Both sexes,No education,204
2013,Number,Sarajevo-Novi Grad,Both sexes,No education,2624
2013,Number,Novi Travnik,Both sexes,No education,844
2013,Number,Sarajevo-Novo Sarajevo,Both sexes,No education,872
2013,Number,Odzak,Both sexes,No education,899
2013,Number,Olovo,Both sexes,No education,511
2013,Number,Orasje,Both sexes,No education,719
2013,Number,Pale-FBiH,Both sexes,No education,70
2013,Number,Posusje,Both sexes,No education,779
2013,Number,Prozor,Both sexes,No education,943
2013,Number,Ravno,Both sexes,No education,83
2013,Number,Sanski Most,Both sexes,No education,2061
2013,Number,Sapna,Both sexes,No education,760
2013,Number,Srebrenik,Both sexes,No education,2208
2013,Number,Sarajevo-Stari Grad,Both sexes,No education,710
2013,Number,Stolac,Both sexes,No education,570
2013,Number,Siroki Brijeg,Both sexes,No education,964
2013,Number,Teocak,Both sexes,No education,410
2013,Number,Tesanj,Both sexes,No education,1730
2013,Number,Tomislavgrad,Both sexes,No education,1432
2013,Number,Travnik,Both sexes,No education,2182
2013,Number,Trnovo-FBiH,Both sexes,No education,203
2013,Number,Tuzla,Both sexes,No education,3226
2013,Number,Usora,Both sexes,No education,420
2013,Number,Vares,Both sexes,No education,299
2013,Number,Velika Kladusa,Both sexes,No education,2257
2013,Number,Visoko,Both sexes,No education,1394
2013,Number,Vitez,Both sexes,No education,816
2013,Number,Sarajevo-Vogosca,Both sexes,No education,786
2013,Number,Zavidovici,Both sexes,No education,1563
2013,Number,Zenica,Both sexes,No education,2731
2013,Number,Zepce,Both sexes,No education,1143
2013,Number,Zivinice,Both sexes,No education,2673
2013,Number,Banovici,M,No education,70
2013,Number,Bihac,M,No education,356
2013,Number,Bosanska Krupa,M,No education,309
2013,Number,Bosanski Petrovac,M,No education,72
2013,Number,Bosansko Grahovo,M,No education,7
2013,Number,Breza,M,No education,37
2013,Number,Bugojno,M,No education,180
2013,Number,Busovaca,M,No education,98
2013,Number,Buzim,M,No education,230
2013,Number,Cazin,M,No education,649
2013,Number,Sarajevo-Centar,M,No education,103
2013,Number,Capljina,M,No education,106
2013,Number,Celic,M,No education,173
2013,Number,Citluk,M,No education,46
2013,Number,Doboj-Istok,M,No education,136
2013,Number,Doboj-Jug,M,No education,4
2013,Number,Dobretici,M,No education,34
2013,Number,Domaljevac-Samac,M,No education,54
2013,Number,Donji Vakuf,M,No education,129
2013,Number,Drvar,M,No education,39
2013,Number,foca-fbih,M,No education,24
2013,Number,Fojnica,M,No education,133
2013,Number,Glamoc,M,No education,40
2013,Number,Gorazde,M,No education,118
2013,Number,Gornji Vakuf-Uskoplje,M,No education,260
2013,Number,Gracanica,M,No education,353
2013,Number,Gradacac,M,No education,344
2013,Number,Grude,M,No education,89
2013,Number,Sarajevo-Hadzici,M,No education,266
2013,Number,Sarajevo-Ilidza,M,No education,234
2013,Number,Sarajevo-Ilijas,M,No education,112
2013,Number,Jablanica,M,No education,59
2013,Number,Jajce,M,No education,281
2013,Number,Kakanj,M,No education,287
2013,Number,Kalesija,M,No education,274
2013,Number,Kiseljak,M,No education,128
2013,Number,Kladanj,M,No education,76
2013,Number,Kljuc,M,No education,132
2013,Number,Konjic,M,No education,204
2013,Number,Kresevo,M,No education,41
2013,Number,Kupres-FBiH,M,No education,37
2013,Number,Livno,M,No education,201
2013,Number,Lukavac,M,No education,267
2013,Number,Ljubuski,M,No education,91
2013,Number,Maglaj,M,No education,121
2013,Number,Grad Mostar,M,No education,275
2013,Number,Neum,M,No education,34
2013,Number,Sarajevo-Novi Grad,M,No education,362
2013,Number,Novi Travnik,M,No education,126
2013,Number,Sarajevo-Novo Sarajevo,M,No education,119
2013,Number,Odzak,M,No education,182
2013,Number,Olovo,M,No education,62
2013,Number,Orasje,M,No education,131
2013,Number,Pale-FBiH,M,No education,17
2013,Number,Posusje,M,No education,134
2013,Number,Prozor,M,No education,204
2013,Number,Ravno,M,No education,7
2013,Number,Sanski Most,M,No education,366
2013,Number,Sapna,M,No education,148
2013,Number,Srebrenik,M,No education,384
2013,Number,Sarajevo-Stari Grad,M,No education,100
2013,Number,Stolac,M,No education,112
2013,Number,Siroki Brijeg,M,No education,136
2013,Number,Teocak,M,No education,82
2013,Number,Tesanj,M,No education,266
2013,Number,Tomislavgrad,M,No education,256
2013,Number,Travnik,M,No education,445
2013,Number,Trnovo-FBiH,M,No education,28
2013,Number,Tuzla,M,No education,413
2013,Number,Usora,M,No education,48
2013,Number,Vares,M,No education,30
2013,Number,Velika Kladusa,M,No education,495
2013,Number,Visoko,M,No education,218
2013,Number,Vitez,M,No education,126
2013,Number,Sarajevo-Vogosca,M,No education,93
2013,Number,Zavidovici,M,No education,259
2013,Number,Zenica,M,No education,429
2013,Number,Zepce,M,No education,175
2013,Number,Zivinice,M,No education,369
2013,Number,Banovici,F,No education,622
2013,Number,Bihac,F,No education,1620
2013,Number,Bosanska Krupa,F,No education,1202
2013,Number,Bosanski Petrovac,F,No education,327
2013,Number,Bosansko Grahovo,F,No education,120
2013,Number,Breza,F,No education,552
2013,Number,Bugojno,F,No education,957
2013,Number,Busovaca,F,No education,657
2013,Number,Buzim,F,No education,708
2013,Number,Cazin,F,No education,2571
2013,Number,Sarajevo-Centar,F,No education,572
2013,Number,Capljina,F,No education,687
2013,Number,Celic,F,No education,512
2013,Number,Citluk,F,No education,323
2013,Number,Doboj-Istok,F,No education,546
2013,Number,Doboj-Jug,F,No education,126
2013,Number,Dobretici,F,No education,140
2013,Number,Domaljevac-Samac,F,No education,205
2013,Number,Donji Vakuf,F,No education,502
2013,Number,Drvar,F,No education,234
2013,Number,foca-fbih,F,No education,124
2013,Number,Fojnica,F,No education,548
2013,Number,Glamoc,F,No education,204
2013,Number,Gorazde,F,No education,797
2013,Number,Gornji Vakuf-Uskoplje,F,No education,885
2013,Number,Gracanica,F,No education,1636
2013,Number,Gradacac,F,No education,1316
2013,Number,Grude,F,No education,437
2013,Number,Sarajevo-Hadzici,F,No education,911
2013,Number,Sarajevo-Ilidza,F,No education,1495
2013,Number,Sarajevo-Ilijas,F,No education,878
2013,Number,Jablanica,F,No education,424
2013,Number,Jajce,F,No education,1162
2013,Number,Kakanj,F,No education,1412
2013,Number,Kalesija,F,No education,1440
2013,Number,Kiseljak,F,No education,732
2013,Number,Kladanj,F,No education,379
2013,Number,Kljuc,F,No education,786
2013,Number,Konjic,F,No education,1116
2013,Number,Kresevo,F,No education,249
2013,Number,Kupres-FBiH,F,No education,180
2013,Number,Livno,F,No education,1192
2013,Number,Lukavac,F,No education,1814
2013,Number,Ljubuski,F,No education,600
2013,Number,Maglaj,F,No education,710
2013,Number,Grad Mostar,F,No education,1749
2013,Number,Neum,F,No education,170
2013,Number,Sarajevo-Novi Grad,F,No education,2262
2013,Number,Novi Travnik,F,No education,718
2013,Number,Sarajevo-Novo Sarajevo,F,No education,753
2013,Number,Odzak,F,No education,717
2013,Number,Olovo,F,No education,449
2013,Number,Orasje,F,No education,588
2013,Number,Pale-FBiH,F,No education,53
2013,Number,Posusje,F,No education,645
2013,Number,Prozor,F,No education,739
2013,Number,Ravno,F,No education,76
2013,Number,Sanski Most,F,No education,1695
2013,Number,Sapna,F,No education,612
2013,Number,Srebrenik,F,No education,1824
2013,Number,Sarajevo-Stari Grad,F,No education,610
2013,Number,Stolac,F,No education,458
2013,Number,Siroki Brijeg,F,No education,828
2013,Number,Teocak,F,No education,328
2013,Number,Tesanj,F,No education,1464
2013,Number,Tomislavgrad,F,No education,1176
2013,Number,Travnik,F,No education,1737
2013,Number,Trnovo-FBiH,F,No education,175
2013,Number,Tuzla,F,No education,2813
2013,Number,Usora,F,No education,372
2013,Number,Vares,F,No education,269
2013,Number,Velika Kladusa,F,No education,1762
2013,Number,Visoko,F,No education,1176
2013,Number,Vitez,F,No education,690
2013,Number,Sarajevo-Vogosca,F,No education,693
2013,Number,Zavidovici,F,No education,1304
2013,Number,Zenica,F,No education,2302
2013,Number,Zepce,F,No education,968
2013,Number,Zivinice,F,No education,2304
2013,Number,Banovici,Both sexes,Incomplete elementary education,1845
2013,Number,Bihac,Both sexes,Incomplete elementary education,3478
2013,Number,Bosanska Krupa,Both sexes,Incomplete elementary education,2675
2013,Number,Bosanski Petrovac,Both sexes,Incomplete elementary education,782
2013,Number,Bosansko Grahovo,Both sexes,Incomplete elementary education,337
2013,Number,Breza,Both sexes,Incomplete elementary education,1289
2013,Number,Bugojno,Both sexes,Incomplete elementary education,2265
2013,Number,Busovaca,Both sexes,Incomplete elementary education,1492
2013,Number,Buzim,Both sexes,Incomplete elementary education,1875
2013,Number,Cazin,Both sexes,Incomplete elementary education,5704
2013,Number,Sarajevo-Centar,Both sexes,Incomplete elementary education,1129
2013,Number,Capljina,Both sexes,Incomplete elementary education,1671
2013,Number,Celic,Both sexes,Incomplete elementary education,1336
2013,Number,Citluk,Both sexes,Incomplete elementary education,1074
2013,Number,Doboj-Istok,Both sexes,Incomplete elementary education,974
2013,Number,Doboj-Jug,Both sexes,Incomplete elementary education,266
2013,Number,Dobretici,Both sexes,Incomplete elementary education,150
2013,Number,Domaljevac-Samac,Both sexes,Incomplete elementary education,687
2013,Number,Donji Vakuf,Both sexes,Incomplete elementary education,1308
2013,Number,Drvar,Both sexes,Incomplete elementary education,534
2013,Number,foca-fbih,Both sexes,Incomplete elementary education,225
2013,Number,Fojnica,Both sexes,Incomplete elementary education,1369
2013,Number,Glamoc,Both sexes,Incomplete elementary education,443
2013,Number,Gorazde,Both sexes,Incomplete elementary education,1388
2013,Number,Gornji Vakuf-Uskoplje,Both sexes,Incomplete elementary education,1628
2013,Number,Gracanica,Both sexes,Incomplete elementary education,4661
2013,Number,Gradacac,Both sexes,Incomplete elementary education,4577
2013,Number,Grude,Both sexes,Incomplete elementary education,1079
2013,Number,Sarajevo-Hadzici,Both sexes,Incomplete elementary education,1630
2013,Number,Sarajevo-Ilidza,Both sexes,Incomplete elementary education,2597
2013,Number,Sarajevo-Ilijas,Both sexes,Incomplete elementary education,1548
2013,Number,Jablanica,Both sexes,Incomplete elementary education,1031
2013,Number,Jajce,Both sexes,Incomplete elementary education,3291
2013,Number,Kakanj,Both sexes,Incomplete elementary education,3704
2013,Number,Kalesija,Both sexes,Incomplete elementary education,3528
2013,Number,Kiseljak,Both sexes,Incomplete elementary education,1873
2013,Number,Kladanj,Both sexes,Incomplete elementary education,1154
2013,Number,Kljuc,Both sexes,Incomplete elementary education,1516
2013,Number,Konjic,Both sexes,Incomplete elementary education,2665
2013,Number,Kresevo,Both sexes,Incomplete elementary education,477
2013,Number,Kupres-FBiH,Both sexes,Incomplete elementary education,421
2013,Number,Livno,Both sexes,Incomplete elementary education,3312
2013,Number,Lukavac,Both sexes,Incomplete elementary education,4069
2013,Number,Ljubuski,Both sexes,Incomplete elementary education,2547
2013,Number,Maglaj,Both sexes,Incomplete elementary education,2087
2013,Number,Grad Mostar,Both sexes,Incomplete elementary education,4310
2013,Number,Neum,Both sexes,Incomplete elementary education,282
2013,Number,Sarajevo-Novi Grad,Both sexes,Incomplete elementary education,4062
2013,Number,Novi Travnik,Both sexes,Incomplete elementary education,1863
2013,Number,Sarajevo-Novo Sarajevo,Both sexes,Incomplete elementary education,1351
2013,Number,Odzak,Both sexes,Incomplete elementary education,1925
2013,Number,Olovo,Both sexes,Incomplete elementary education,1122
2013,Number,Orasje,Both sexes,Incomplete elementary education,2799
2013,Number,Pale-FBiH,Both sexes,Incomplete elementary education,92
2013,Number,Posusje,Both sexes,Incomplete elementary education,864
2013,Number,Prozor,Both sexes,Incomplete elementary education,1507
2013,Number,Ravno,Both sexes,Incomplete elementary education,206
2013,Number,Sanski Most,Both sexes,Incomplete elementary education,2511
2013,Number,Sapna,Both sexes,Incomplete elementary education,1367
2013,Number,Srebrenik,Both sexes,Incomplete elementary education,4665
2013,Number,Sarajevo-Stari Grad,Both sexes,Incomplete elementary education,1020
2013,Number,Stolac,Both sexes,Incomplete elementary education,902
2013,Number,Siroki Brijeg,Both sexes,Incomplete elementary education,1777
2013,Number,Teocak,Both sexes,Incomplete elementary education,762
2013,Number,Tesanj,Both sexes,Incomplete elementary education,3225
2013,Number,Tomislavgrad,Both sexes,Incomplete elementary education,2290
2013,Number,Travnik,Both sexes,Incomplete elementary education,5388
2013,Number,Trnovo-FBiH,Both sexes,Incomplete elementary education,217
2013,Number,Tuzla,Both sexes,Incomplete elementary education,6228
2013,Number,Usora,Both sexes,Incomplete elementary education,478
2013,Number,Vares,Both sexes,Incomplete elementary education,1345
2013,Number,Velika Kladusa,Both sexes,Incomplete elementary education,5157
2013,Number,Visoko,Both sexes,Incomplete elementary education,3457
2013,Number,Vitez,Both sexes,Incomplete elementary education,1941
2013,Number,Sarajevo-Vogosca,Both sexes,Incomplete elementary education,1115
2013,Number,Zavidovici,Both sexes,Incomplete elementary education,3318
2013,Number,Zenica,Both sexes,Incomplete elementary education,8547
2013,Number,Zepce,Both sexes,Incomplete elementary education,2487
2013,Number,Zivinice,Both sexes,Incomplete elementary education,5685
2013,Number,Banovici,M,Incomplete elementary education,295
2013,Number,Bihac,M,Incomplete elementary education,1050
2013,Number,Bosanska Krupa,M,Incomplete elementary education,998
2013,Number,Bosanski Petrovac,M,Incomplete elementary education,284
2013,Number,Bosansko Grahovo,M,Incomplete elementary education,109
2013,Number,Breza,M,Incomplete elementary education,303
2013,Number,Bugojno,M,Incomplete elementary education,621
2013,Number,Busovaca,M,Incomplete elementary education,359
2013,Number,Buzim,M,Incomplete elementary education,703
2013,Number,Cazin,M,Incomplete elementary education,2086
2013,Number,Sarajevo-Centar,M,Incomplete elementary education,181
2013,Number,Capljina,M,Incomplete elementary education,425
2013,Number,Celic,M,Incomplete elementary education,544
2013,Number,Citluk,M,Incomplete elementary education,325
2013,Number,Doboj-Istok,M,Incomplete elementary education,279
2013,Number,Doboj-Jug,M,Incomplete elementary education,61
2013,Number,Dobretici,M,Incomplete elementary education,81
2013,Number,Domaljevac-Samac,M,Incomplete elementary education,297
2013,Number,Donji Vakuf,M,Incomplete elementary education,370
2013,Number,Drvar,M,Incomplete elementary education,105
2013,Number,foca-fbih,M,Incomplete elementary education,71
2013,Number,Fojnica,M,Incomplete elementary education,466
2013,Number,Glamoc,M,Incomplete elementary education,146
2013,Number,Gorazde,M,Incomplete elementary education,309
2013,Number,Gornji Vakuf-Uskoplje,M,Incomplete elementary education,449
2013,Number,Gracanica,M,Incomplete elementary education,1278
2013,Number,Gradacac,M,Incomplete elementary education,1387
2013,Number,Grude,M,Incomplete elementary education,352
2013,Number,Sarajevo-Hadzici,M,Incomplete elementary education,272
2013,Number,Sarajevo-Ilidza,M,Incomplete elementary education,419
2013,Number,Sarajevo-Ilijas,M,Incomplete elementary education,336
2013,Number,Jablanica,M,Incomplete elementary education,254
2013,Number,Jajce,M,Incomplete elementary education,1039
2013,Number,Kakanj,M,Incomplete elementary education,821
2013,Number,Kalesija,M,Incomplete elementary education,878
2013,Number,Kiseljak,M,Incomplete elementary education,493
2013,Number,Kladanj,M,Incomplete elementary education,287
2013,Number,Kljuc,M,Incomplete elementary education,536
2013,Number,Konjic,M,Incomplete elementary education,778
2013,Number,Kresevo,M,Incomplete elementary education,138
2013,Number,Kupres-FBiH,M,Incomplete elementary education,170
2013,Number,Livno,M,Incomplete elementary education,1238
2013,Number,Lukavac,M,Incomplete elementary education,778
2013,Number,Ljubuski,M,Incomplete elementary education,889
2013,Number,Maglaj,M,Incomplete elementary education,553
2013,Number,Grad Mostar,M,Incomplete elementary education,929
2013,Number,Neum,M,Incomplete elementary education,87
2013,Number,Sarajevo-Novi Grad,M,Incomplete elementary education,739
2013,Number,Novi Travnik,M,Incomplete elementary education,359
2013,Number,Sarajevo-Novo Sarajevo,M,Incomplete elementary education,210
2013,Number,Odzak,M,Incomplete elementary education,718
2013,Number,Olovo,M,Incomplete elementary education,243
2013,Number,Orasje,M,Incomplete elementary education,1110
2013,Number,Pale-FBiH,M,Incomplete elementary education,25
2013,Number,Posusje,M,Incomplete elementary education,293
2013,Number,Prozor,M,Incomplete elementary education,528
2013,Number,Ravno,M,Incomplete elementary education,53
2013,Number,Sanski Most,M,Incomplete elementary education,849
2013,Number,Sapna,M,Incomplete elementary education,325
2013,Number,Srebrenik,M,Incomplete elementary education,1428
2013,Number,Sarajevo-Stari Grad,M,Incomplete elementary education,155
2013,Number,Stolac,M,Incomplete elementary education,278
2013,Number,Siroki Brijeg,M,Incomplete elementary education,538
2013,Number,Teocak,M,Incomplete elementary education,197
2013,Number,Tesanj,M,Incomplete elementary education,947
2013,Number,Tomislavgrad,M,Incomplete elementary education,803
2013,Number,Travnik,M,Incomplete elementary education,1567
2013,Number,Trnovo-FBiH,M,Incomplete elementary education,67
2013,Number,Tuzla,M,Incomplete elementary education,1450
2013,Number,Usora,M,Incomplete elementary education,178
2013,Number,Vares,M,Incomplete elementary education,264
2013,Number,Velika Kladusa,M,Incomplete elementary education,2005
2013,Number,Visoko,M,Incomplete elementary education,921
2013,Number,Vitez,M,Incomplete elementary education,481
2013,Number,Sarajevo-Vogosca,M,Incomplete elementary education,189
2013,Number,Zavidovici,M,Incomplete elementary education,1010
2013,Number,Zenica,M,Incomplete elementary education,1864
2013,Number,Zepce,M,Incomplete elementary education,743
2013,Number,Zivinice,M,Incomplete elementary education,1104
2013,Number,Banovici,F,Incomplete elementary education,1550
2013,Number,Bihac,F,Incomplete elementary education,2428
2013,Number,Bosanska Krupa,F,Incomplete elementary education,1677
2013,Number,Bosanski Petrovac,F,Incomplete elementary education,498
2013,Number,Bosansko Grahovo,F,Incomplete elementary education,228
2013,Number,Breza,F,Incomplete elementary education,986
2013,Number,Bugojno,F,Incomplete elementary education,1644
2013,Number,Busovaca,F,Incomplete elementary education,1133
2013,Number,Buzim,F,Incomplete elementary education,1172
2013,Number,Cazin,F,Incomplete elementary education,3618
2013,Number,Sarajevo-Centar,F,Incomplete elementary education,948
2013,Number,Capljina,F,Incomplete elementary education,1246
2013,Number,Celic,F,Incomplete elementary education,792
2013,Number,Citluk,F,Incomplete elementary education,749
2013,Number,Doboj-Istok,F,Incomplete elementary education,695
2013,Number,Doboj-Jug,F,Incomplete elementary education,205
2013,Number,Dobretici,F,Incomplete elementary education,69
2013,Number,Domaljevac-Samac,F,Incomplete elementary education,390
2013,Number,Donji Vakuf,F,Incomplete elementary education,938
2013,Number,Drvar,F,Incomplete elementary education,429
2013,Number,foca-fbih,F,Incomplete elementary education,154
2013,Number,Fojnica,F,Incomplete elementary education,903
2013,Number,Glamoc,F,Incomplete elementary education,297
2013,Number,Gorazde,F,Incomplete elementary education,1079
2013,Number,Gornji Vakuf-Uskoplje,F,Incomplete elementary education,1179
2013,Number,Gracanica,F,Incomplete elementary education,3383
2013,Number,Gradacac,F,Incomplete elementary education,3190
2013,Number,Grude,F,Incomplete elementary education,727
2013,Number,Sarajevo-Hadzici,F,Incomplete elementary education,1358
2013,Number,Sarajevo-Ilidza,F,Incomplete elementary education,2178
2013,Number,Sarajevo-Ilijas,F,Incomplete elementary education,1212
2013,Number,Jablanica,F,Incomplete elementary education,777
2013,Number,Jajce,F,Incomplete elementary education,2252
2013,Number,Kakanj,F,Incomplete elementary education,2883
2013,Number,Kalesija,F,Incomplete elementary education,2650
2013,Number,Kiseljak,F,Incomplete elementary education,1380
2013,Number,Kladanj,F,Incomplete elementary education,867
2013,Number,Kljuc,F,Incomplete elementary education,980
2013,Number,Konjic,F,Incomplete elementary education,1887
2013,Number,Kresevo,F,Incomplete elementary education,339
2013,Number,Kupres-FBiH,F,Incomplete elementary education,251
2013,Number,Livno,F,Incomplete elementary education,2074
2013,Number,Lukavac,F,Incomplete elementary education,3291
2013,Number,Ljubuski,F,Incomplete elementary education,1658
2013,Number,Maglaj,F,Incomplete elementary education,1534
2013,Number,Grad Mostar,F,Incomplete elementary education,3381
2013,Number,Neum,F,Incomplete elementary education,195
2013,Number,Sarajevo-Novi Grad,F,Incomplete elementary education,3323
2013,Number,Novi Travnik,F,Incomplete elementary education,1504
2013,Number,Sarajevo-Novo Sarajevo,F,Incomplete elementary education,1141
2013,Number,Odzak,F,Incomplete elementary education,1207
2013,Number,Olovo,F,Incomplete elementary education,879
2013,Number,Orasje,F,Incomplete elementary education,1689
2013,Number,Pale-FBiH,F,Incomplete elementary education,67
2013,Number,Posusje,F,Incomplete elementary education,571
2013,Number,Prozor,F,Incomplete elementary education,979
2013,Number,Ravno,F,Incomplete elementary education,153
2013,Number,Sanski Most,F,Incomplete elementary education,1662
2013,Number,Sapna,F,Incomplete elementary education,1042
2013,Number,Srebrenik,F,Incomplete elementary education,3237
2013,Number,Sarajevo-Stari Grad,F,Incomplete elementary education,865
2013,Number,Stolac,F,Incomplete elementary education,624
2013,Number,Siroki Brijeg,F,Incomplete elementary education,1239
2013,Number,Teocak,F,Incomplete elementary education,565
2013,Number,Tesanj,F,Incomplete elementary education,2278
2013,Number,Tomislavgrad,F,Incomplete elementary education,1487
2013,Number,Travnik,F,Incomplete elementary education,3821
2013,Number,Trnovo-FBiH,F,Incomplete elementary education,150
2013,Number,Tuzla,F,Incomplete elementary education,4778
2013,Number,Usora,F,Incomplete elementary education,300
2013,Number,Vares,F,Incomplete elementary education,1081
2013,Number,Velika Kladusa,F,Incomplete elementary education,3152
2013,Number,Visoko,F,Incomplete elementary education,2536
2013,Number,Vitez,F,Incomplete elementary education,1460
2013,Number,Sarajevo-Vogosca,F,Incomplete elementary education,926
2013,Number,Zavidovici,F,Incomplete elementary education,2308
2013,Number,Zenica,F,Incomplete elementary education,6683
2013,Number,Zepce,F,Incomplete elementary education,1744
2013,Number,Zivinice,F,Incomplete elementary education,4581
2013,Number,Banovici,Both sexes,Elementary education,4419
2013,Number,Bihac,Both sexes,Elementary education,11023
2013,Number,Bosanska Krupa,Both sexes,Elementary education,6093
2013,Number,Bosanski Petrovac,Both sexes,Elementary education,1564
2013,Number,Bosansko Grahovo,Both sexes,Elementary education,425
2013,Number,Breza,Both sexes,Elementary education,2276
2013,Number,Bugojno,Both sexes,Elementary education,6364
2013,Number,Busovaca,Both sexes,Elementary education,3490
2013,Number,Buzim,Both sexes,Elementary education,5643
2013,Number,Cazin,Both sexes,Elementary education,17120
2013,Number,Sarajevo-Centar,Both sexes,Elementary education,5446
2013,Number,Capljina,Both sexes,Elementary education,3780
2013,Number,Celic,Both sexes,Elementary education,2884
2013,Number,Citluk,Both sexes,Elementary education,2467
2013,Number,Doboj-Istok,Both sexes,Elementary education,2026
2013,Number,Doboj-Jug,Both sexes,Elementary education,854
2013,Number,Dobretici,Both sexes,Elementary education,451
2013,Number,Domaljevac-Samac,Both sexes,Elementary education,968
2013,Number,Donji Vakuf,Both sexes,Elementary education,3250
2013,Number,Drvar,Both sexes,Elementary education,1232
2013,Number,foca-fbih,Both sexes,Elementary education,440
2013,Number,Fojnica,Both sexes,Elementary education,2448
2013,Number,Glamoc,Both sexes,Elementary education,781
2013,Number,Gorazde,Both sexes,Elementary education,4197
2013,Number,Gornji Vakuf-Uskoplje,Both sexes,Elementary education,4130
2013,Number,Gracanica,Both sexes,Elementary education,9413
2013,Number,Gradacac,Both sexes,Elementary education,9408
2013,Number,Grude,Both sexes,Elementary education,2466
2013,Number,Sarajevo-Hadzici,Both sexes,Elementary education,4317
2013,Number,Sarajevo-Ilidza,Both sexes,Elementary education,9887
2013,Number,Sarajevo-Ilijas,Both sexes,Elementary education,3968
2013,Number,Jablanica,Both sexes,Elementary education,1662
2013,Number,Jajce,Both sexes,Elementary education,4851
2013,Number,Kakanj,Both sexes,Elementary education,7556
2013,Number,Kalesija,Both sexes,Elementary education,6841
2013,Number,Kiseljak,Both sexes,Elementary education,3616
2013,Number,Kladanj,Both sexes,Elementary education,2730
2013,Number,Kljuc,Both sexes,Elementary education,3753
2013,Number,Konjic,Both sexes,Elementary education,5206
2013,Number,Kresevo,Both sexes,Elementary education,861
2013,Number,Kupres-FBiH,Both sexes,Elementary education,714
2013,Number,Livno,Both sexes,Elementary education,5245
2013,Number,Lukavac,Both sexes,Elementary education,7860
2013,Number,Ljubuski,Both sexes,Elementary education,3509
2013,Number,Maglaj,Both sexes,Elementary education,4758
2013,Number,Grad Mostar,Both sexes,Elementary education,14243
2013,Number,Neum,Both sexes,Elementary education,608
2013,Number,Sarajevo-Novi Grad,Both sexes,Elementary education,15973
2013,Number,Novi Travnik,Both sexes,Elementary education,4298
2013,Number,Sarajevo-Novo Sarajevo,Both sexes,Elementary education,6456
2013,Number,Odzak,Both sexes,Elementary education,3982
2013,Number,Olovo,Both sexes,Elementary education,2421
2013,Number,Orasje,Both sexes,Elementary education,4015
2013,Number,Pale-FBiH,Both sexes,Elementary education,249
2013,Number,Posusje,Both sexes,Elementary education,3149
2013,Number,Prozor,Both sexes,Elementary education,2471
2013,Number,Ravno,Both sexes,Elementary education,442
2013,Number,Sanski Most,Both sexes,Elementary education,8907
2013,Number,Sapna,Both sexes,Elementary education,2930
2013,Number,Srebrenik,Both sexes,Elementary education,8593
2013,Number,Sarajevo-Stari Grad,Both sexes,Elementary education,4518
2013,Number,Stolac,Both sexes,Elementary education,2417
2013,Number,Siroki Brijeg,Both sexes,Elementary education,3451
2013,Number,Teocak,Both sexes,Elementary education,1846
2013,Number,Tesanj,Both sexes,Elementary education,9991
2013,Number,Tomislavgrad,Both sexes,Elementary education,5398
2013,Number,Travnik,Both sexes,Elementary education,11614
2013,Number,Trnovo-FBiH,Both sexes,Elementary education,290
2013,Number,Tuzla,Both sexes,Elementary education,15907
2013,Number,Usora,Both sexes,Elementary education,1370
2013,Number,Vares,Both sexes,Elementary education,1649
2013,Number,Velika Kladusa,Both sexes,Elementary education,11344
2013,Number,Visoko,Both sexes,Elementary education,6961
2013,Number,Vitez,Both sexes,Elementary education,4317
2013,Number,Sarajevo-Vogosca,Both sexes,Elementary education,4100
2013,Number,Zavidovici,Both sexes,Elementary education,7764
2013,Number,Zenica,Both sexes,Elementary education,19375
2013,Number,Zepce,Both sexes,Elementary education,6573
2013,Number,Zivinice,Both sexes,Elementary education,11174
2013,Number,Banovici,M,Elementary education,1488
2013,Number,Bihac,M,Elementary education,4692
2013,Number,Bosanska Krupa,M,Elementary education,2713
2013,Number,Bosanski Petrovac,M,Elementary education,752
2013,Number,Bosansko Grahovo,M,Elementary education,197
2013,Number,Breza,M,Elementary education,816
2013,Number,Bugojno,M,Elementary education,2713
2013,Number,Busovaca,M,Elementary education,1485
2013,Number,Buzim,M,Elementary education,2656
2013,Number,Cazin,M,Elementary education,7667
2013,Number,Sarajevo-Centar,M,Elementary education,1889
2013,Number,Capljina,M,Elementary education,1561
2013,Number,Celic,M,Elementary education,1313
2013,Number,Citluk,M,Elementary education,1072
2013,Number,Doboj-Istok,M,Elementary education,863
2013,Number,Doboj-Jug,M,Elementary education,346
2013,Number,Dobretici,M,Elementary education,245
2013,Number,Domaljevac-Samac,M,Elementary education,488
2013,Number,Donji Vakuf,M,Elementary education,1432
2013,Number,Drvar,M,Elementary education,466
2013,Number,foca-fbih,M,Elementary education,202
2013,Number,Fojnica,M,Elementary education,1059
2013,Number,Glamoc,M,Elementary education,357
2013,Number,Gorazde,M,Elementary education,1544
2013,Number,Gornji Vakuf-Uskoplje,M,Elementary education,1925
2013,Number,Gracanica,M,Elementary education,3765
2013,Number,Gradacac,M,Elementary education,4069
2013,Number,Grude,M,Elementary education,1172
2013,Number,Sarajevo-Hadzici,M,Elementary education,1641
2013,Number,Sarajevo-Ilidza,M,Elementary education,3476
2013,Number,Sarajevo-Ilijas,M,Elementary education,1526
2013,Number,Jablanica,M,Elementary education,638
2013,Number,Jajce,M,Elementary education,2227
2013,Number,Kakanj,M,Elementary education,2703
2013,Number,Kalesija,M,Elementary education,2869
2013,Number,Kiseljak,M,Elementary education,1573
2013,Number,Kladanj,M,Elementary education,1070
2013,Number,Kljuc,M,Elementary education,1778
2013,Number,Konjic,M,Elementary education,2205
2013,Number,Kresevo,M,Elementary education,335
2013,Number,Kupres-FBiH,M,Elementary education,358
2013,Number,Livno,M,Elementary education,2491
2013,Number,Lukavac,M,Elementary education,2992
2013,Number,Ljubuski,M,Elementary education,1694
2013,Number,Maglaj,M,Elementary education,1890
2013,Number,Grad Mostar,M,Elementary education,5501
2013,Number,Neum,M,Elementary education,281
2013,Number,Sarajevo-Novi Grad,M,Elementary education,5492
2013,Number,Novi Travnik,M,Elementary education,1682
2013,Number,Sarajevo-Novo Sarajevo,M,Elementary education,2258
2013,Number,Odzak,M,Elementary education,1870
2013,Number,Olovo,M,Elementary education,963
2013,Number,Orasje,M,Elementary education,1958
2013,Number,Pale-FBiH,M,Elementary education,93
2013,Number,Posusje,M,Elementary education,1558
2013,Number,Prozor,M,Elementary education,1244
2013,Number,Ravno,M,Elementary education,204
2013,Number,Sanski Most,M,Elementary education,3935
2013,Number,Sapna,M,Elementary education,1457
2013,Number,Srebrenik,M,Elementary education,3715
2013,Number,Sarajevo-Stari Grad,M,Elementary education,1634
2013,Number,Stolac,M,Elementary education,980
2013,Number,Siroki Brijeg,M,Elementary education,1633
2013,Number,Teocak,M,Elementary education,823
2013,Number,Tesanj,M,Elementary education,4192
2013,Number,Tomislavgrad,M,Elementary education,2765
2013,Number,Travnik,M,Elementary education,5002
2013,Number,Trnovo-FBiH,M,Elementary education,124
2013,Number,Tuzla,M,Elementary education,6043
2013,Number,Usora,M,Elementary education,603
2013,Number,Vares,M,Elementary education,623
2013,Number,Velika Kladusa,M,Elementary education,5360
2013,Number,Visoko,M,Elementary education,3040
2013,Number,Vitez,M,Elementary education,1713
2013,Number,Sarajevo-Vogosca,M,Elementary education,1387
2013,Number,Zavidovici,M,Elementary education,2812
2013,Number,Zenica,M,Elementary education,7484
2013,Number,Zepce,M,Elementary education,2813
2013,Number,Zivinice,M,Elementary education,4423
2013,Number,Banovici,F,Elementary education,2931
2013,Number,Bihac,F,Elementary education,6331
2013,Number,Bosanska Krupa,F,Elementary education,3380
2013,Number,Bosanski Petrovac,F,Elementary education,812
2013,Number,Bosansko Grahovo,F,Elementary education,228
2013,Number,Breza,F,Elementary education,1460
2013,Number,Bugojno,F,Elementary education,3651
2013,Number,Busovaca,F,Elementary education,2005
2013,Number,Buzim,F,Elementary education,2987
2013,Number,Cazin,F,Elementary education,9453
2013,Number,Sarajevo-Centar,F,Elementary education,3557
2013,Number,Capljina,F,Elementary education,2219
2013,Number,Celic,F,Elementary education,1571
2013,Number,Citluk,F,Elementary education,1395
2013,Number,Doboj-Istok,F,Elementary education,1163
2013,Number,Doboj-Jug,F,Elementary education,508
2013,Number,Dobretici,F,Elementary education,206
2013,Number,Domaljevac-Samac,F,Elementary education,480
2013,Number,Donji Vakuf,F,Elementary education,1818
2013,Number,Drvar,F,Elementary education,766
2013,Number,foca-fbih,F,Elementary education,238
2013,Number,Fojnica,F,Elementary education,1389
2013,Number,Glamoc,F,Elementary education,424
2013,Number,Gorazde,F,Elementary education,2653
2013,Number,Gornji Vakuf-Uskoplje,F,Elementary education,2205
2013,Number,Gracanica,F,Elementary education,5648
2013,Number,Gradacac,F,Elementary education,5339
2013,Number,Grude,F,Elementary education,1294
2013,Number,Sarajevo-Hadzici,F,Elementary education,2676
2013,Number,Sarajevo-Ilidza,F,Elementary education,6411
2013,Number,Sarajevo-Ilijas,F,Elementary education,2442
2013,Number,Jablanica,F,Elementary education,1024
2013,Number,Jajce,F,Elementary education,2624
2013,Number,Kakanj,F,Elementary education,4853
2013,Number,Kalesija,F,Elementary education,3972
2013,Number,Kiseljak,F,Elementary education,2043
2013,Number,Kladanj,F,Elementary education,1660
2013,Number,Kljuc,F,Elementary education,1975
2013,Number,Konjic,F,Elementary education,3001
2013,Number,Kresevo,F,Elementary education,526
2013,Number,Kupres-FBiH,F,Elementary education,356
2013,Number,Livno,F,Elementary education,2754
2013,Number,Lukavac,F,Elementary education,4868
2013,Number,Ljubuski,F,Elementary education,1815
2013,Number,Maglaj,F,Elementary education,2868
2013,Number,Grad Mostar,F,Elementary education,8742
2013,Number,Neum,F,Elementary education,327
2013,Number,Sarajevo-Novi Grad,F,Elementary education,10481
2013,Number,Novi Travnik,F,Elementary education,2616
2013,Number,Sarajevo-Novo Sarajevo,F,Elementary education,4198
2013,Number,Odzak,F,Elementary education,2112
2013,Number,Olovo,F,Elementary education,1458
2013,Number,Orasje,F,Elementary education,2057
2013,Number,Pale-FBiH,F,Elementary education,156
2013,Number,Posusje,F,Elementary education,1591
2013,Number,Prozor,F,Elementary education,1227
2013,Number,Ravno,F,Elementary education,238
2013,Number,Sanski Most,F,Elementary education,4972
2013,Number,Sapna,F,Elementary education,1473
2013,Number,Srebrenik,F,Elementary education,4878
2013,Number,Sarajevo-Stari Grad,F,Elementary education,2884
2013,Number,Stolac,F,Elementary education,1437
2013,Number,Siroki Brijeg,F,Elementary education,1818
2013,Number,Teocak,F,Elementary education,1023
2013,Number,Tesanj,F,Elementary education,5799
2013,Number,Tomislavgrad,F,Elementary education,2633
2013,Number,Travnik,F,Elementary education,6612
2013,Number,Trnovo-FBiH,F,Elementary education,166
2013,Number,Tuzla,F,Elementary education,9864
2013,Number,Usora,F,Elementary education,767
2013,Number,Vares,F,Elementary education,1026
2013,Number,Velika Kladusa,F,Elementary education,5984
2013,Number,Visoko,F,Elementary education,3921
2013,Number,Vitez,F,Elementary education,2604
2013,Number,Sarajevo-Vogosca,F,Elementary education,2713
2013,Number,Zavidovici,F,Elementary education,4952
2013,Number,Zenica,F,Elementary education,11891
2013,Number,Zepce,F,Elementary education,3760
2013,Number,Zivinice,F,Elementary education,6751
2013,Number,Banovici,Both sexes,Secondary education,10567
2013,Number,Bihac,Both sexes,Secondary education,22893
2013,Number,Bosanska Krupa,Both sexes,Secondary education,8892
2013,Number,Bosanski Petrovac,Both sexes,Secondary education,3060
2013,Number,Bosansko Grahovo,Both sexes,Secondary education,1116
2013,Number,Breza,Both sexes,Secondary education,6653
2013,Number,Bugojno,Both sexes,Secondary education,13972
2013,Number,Busovaca,Both sexes,Secondary education,7814
2013,Number,Buzim,Both sexes,Secondary education,5704
2013,Number,Cazin,Both sexes,Secondary education,23905
2013,Number,Sarajevo-Centar,Both sexes,Secondary education,22213
2013,Number,Capljina,Both sexes,Secondary education,12475
2013,Number,Celic,Both sexes,Secondary education,3489
2013,Number,Citluk,Both sexes,Secondary education,8453
2013,Number,Doboj-Istok,Both sexes,Secondary education,4280
2013,Number,Doboj-Jug,Both sexes,Secondary education,1864
2013,Number,Dobretici,Both sexes,Secondary education,651
2013,Number,Domaljevac-Samac,Both sexes,Secondary education,1754
2013,Number,Donji Vakuf,Both sexes,Secondary education,5494
2013,Number,Drvar,Both sexes,Secondary education,3594
2013,Number,foca-fbih,Both sexes,Secondary education,748
2013,Number,Fojnica,Both sexes,Secondary education,4766
2013,Number,Glamoc,Both sexes,Secondary education,1572
2013,Number,Gorazde,Both sexes,Secondary education,9103
2013,Number,Gornji Vakuf-Uskoplje,Both sexes,Secondary education,8817
2013,Number,Gracanica,Both sexes,Secondary education,18522
2013,Number,Gradacac,Both sexes,Secondary education,14750
2013,Number,Grude,Both sexes,Secondary education,7830
2013,Number,Sarajevo-Hadzici,Both sexes,Secondary education,10861
2013,Number,Sarajevo-Ilidza,Both sexes,Secondary education,31683
2013,Number,Sarajevo-Ilijas,Both sexes,Secondary education,8352
2013,Number,Jablanica,Both sexes,Secondary education,4565
2013,Number,Jajce,Both sexes,Secondary education,11293
2013,Number,Kakanj,Both sexes,Secondary education,15259
2013,Number,Kalesija,Both sexes,Secondary education,13592
2013,Number,Kiseljak,Both sexes,Secondary education,9291
2013,Number,Kladanj,Both sexes,Secondary education,5276
2013,Number,Kljuc,Both sexes,Secondary education,6950
2013,Number,Konjic,Both sexes,Secondary education,9767
2013,Number,Kresevo,Both sexes,Secondary education,2391
2013,Number,Kupres-FBiH,Both sexes,Secondary education,2154
2013,Number,Livno,Both sexes,Secondary education,14513
2013,Number,Lukavac,Both sexes,Secondary education,20955
2013,Number,Ljubuski,Both sexes,Secondary education,12685
2013,Number,Maglaj,Both sexes,Secondary education,10053
2013,Number,Grad Mostar,Both sexes,Secondary education,50196
2013,Number,Neum,Both sexes,Secondary education,2092
2013,Number,Sarajevo-Novi Grad,Both sexes,Secondary education,55560
2013,Number,Novi Travnik,Both sexes,Secondary education,10488
2013,Number,Sarajevo-Novo Sarajevo,Both sexes,Secondary education,27377
2013,Number,Odzak,Both sexes,Secondary education,8118
2013,Number,Olovo,Both sexes,Secondary education,4040
2013,Number,Orasje,Both sexes,Secondary education,7596
2013,Number,Pale-FBiH,Both sexes,Secondary education,322
2013,Number,Posusje,Both sexes,Secondary education,9020
2013,Number,Prozor,Both sexes,Secondary education,5640
2013,Number,Ravno,Both sexes,Secondary education,1588
2013,Number,Sanski Most,Both sexes,Secondary education,18955
2013,Number,Sapna,Both sexes,Secondary education,3667
2013,Number,Srebrenik,Both sexes,Secondary education,15295
2013,Number,Sarajevo-Stari Grad,Both sexes,Secondary education,18034
2013,Number,Stolac,Both sexes,Secondary education,6576
2013,Number,Siroki Brijeg,Both sexes,Secondary education,13451
2013,Number,Teocak,Both sexes,Secondary education,2938
2013,Number,Tesanj,Both sexes,Secondary education,17257
2013,Number,Tomislavgrad,Both sexes,Secondary education,13379
2013,Number,Travnik,Both sexes,Secondary education,20889
2013,Number,Trnovo-FBiH,Both sexes,Secondary education,549
2013,Number,Tuzla,Both sexes,Secondary education,52917
2013,Number,Usora,Both sexes,Secondary education,3000
2013,Number,Vares,Both sexes,Secondary education,3914
2013,Number,Velika Kladusa,Both sexes,Secondary education,11477
2013,Number,Visoko,Both sexes,Secondary education,17614
2013,Number,Vitez,Both sexes,Secondary education,11791
2013,Number,Sarajevo-Vogosca,Both sexes,Secondary education,12299
2013,Number,Zavidovici,Both sexes,Secondary education,15051
2013,Number,Zenica,Both sexes,Secondary education,49301
2013,Number,Zepce,Both sexes,Secondary education,12585
2013,Number,Zivinice,Both sexes,Secondary education,24753
2013,Number,Banovici,M,Secondary education,6668
2013,Number,Bihac,M,Secondary education,12626
2013,Number,Bosanska Krupa,M,Secondary education,5304
2013,Number,Bosanski Petrovac,M,Secondary education,1784
2013,Number,Bosansko Grahovo,M,Secondary education,711
2013,Number,Breza,M,Secondary education,4058
2013,Number,Bugojno,M,Secondary education,8010
2013,Number,Busovaca,M,Secondary education,4855
2013,Number,Buzim,M,Secondary education,3639
2013,Number,Cazin,M,Secondary education,14381
2013,Number,Sarajevo-Centar,M,Secondary education,10885
2013,Number,Capljina,M,Secondary education,7100
2013,Number,Celic,M,Secondary education,2141
2013,Number,Citluk,M,Secondary education,4733
2013,Number,Doboj-Istok,M,Secondary education,2556
2013,Number,Doboj-Jug,M,Secondary education,1111
2013,Number,Dobretici,M,Secondary education,430
2013,Number,Domaljevac-Samac,M,Secondary education,973
2013,Number,Donji Vakuf,M,Secondary education,3313
2013,Number,Drvar,M,Secondary education,2098
2013,Number,foca-fbih,M,Secondary education,486
2013,Number,Fojnica,M,Secondary education,2861
2013,Number,Glamoc,M,Secondary education,963
2013,Number,Gorazde,M,Secondary education,5252
2013,Number,Gornji Vakuf-Uskoplje,M,Secondary education,5192
2013,Number,Gracanica,M,Secondary education,10727
2013,Number,Gradacac,M,Secondary education,8767
2013,Number,Grude,M,Secondary education,4306
2013,Number,Sarajevo-Hadzici,M,Secondary education,6625
2013,Number,Sarajevo-Ilidza,M,Secondary education,17593
2013,Number,Sarajevo-Ilijas,M,Secondary education,4982
2013,Number,Jablanica,M,Secondary education,2795
2013,Number,Jajce,M,Secondary education,7050
2013,Number,Kakanj,M,Secondary education,9882
2013,Number,Kalesija,M,Secondary education,8660
2013,Number,Kiseljak,M,Secondary education,5495
2013,Number,Kladanj,M,Secondary education,3206
2013,Number,Kljuc,M,Secondary education,4083
2013,Number,Konjic,M,Secondary education,5937
2013,Number,Kresevo,M,Secondary education,1416
2013,Number,Kupres-FBiH,M,Secondary education,1159
2013,Number,Livno,M,Secondary education,8114
2013,Number,Lukavac,M,Secondary education,12568
2013,Number,Ljubuski,M,Secondary education,6924
2013,Number,Maglaj,M,Secondary education,5969
2013,Number,Grad Mostar,M,Secondary education,27372
2013,Number,Neum,M,Secondary education,1157
2013,Number,Sarajevo-Novi Grad,M,Secondary education,29274
2013,Number,Novi Travnik,M,Secondary education,6287
2013,Number,Sarajevo-Novo Sarajevo,M,Secondary education,13288
2013,Number,Odzak,M,Secondary education,4533
2013,Number,Olovo,M,Secondary education,2667
2013,Number,Orasje,M,Secondary education,4325
2013,Number,Pale-FBiH,M,Secondary education,222
2013,Number,Posusje,M,Secondary education,5026
2013,Number,Prozor,M,Secondary education,3308
2013,Number,Ravno,M,Secondary education,910
2013,Number,Sanski Most,M,Secondary education,11103
2013,Number,Sapna,M,Secondary education,2509
2013,Number,Srebrenik,M,Secondary education,9129
2013,Number,Sarajevo-Stari Grad,M,Secondary education,9459
2013,Number,Stolac,M,Secondary education,3873
2013,Number,Siroki Brijeg,M,Secondary education,7390
2013,Number,Teocak,M,Secondary education,1891
2013,Number,Tesanj,M,Secondary education,10235
2013,Number,Tomislavgrad,M,Secondary education,7566
2013,Number,Travnik,M,Secondary education,12467
2013,Number,Trnovo-FBiH,M,Secondary education,391
2013,Number,Tuzla,M,Secondary education,28217
2013,Number,Usora,M,Secondary education,1756
2013,Number,Vares,M,Secondary education,2521
2013,Number,Velika Kladusa,M,Secondary education,6766
2013,Number,Visoko,M,Secondary education,10178
2013,Number,Vitez,M,Secondary education,6815
2013,Number,Sarajevo-Vogosca,M,Secondary education,6798
2013,Number,Zavidovici,M,Secondary education,9485
2013,Number,Zenica,M,Secondary education,28605
2013,Number,Zepce,M,Secondary education,7714
2013,Number,Zivinice,M,Secondary education,15656
2013,Number,Banovici,F,Secondary education,3899
2013,Number,Bihac,F,Secondary education,10267
2013,Number,Bosanska Krupa,F,Secondary education,3588
2013,Number,Bosanski Petrovac,F,Secondary education,1276
2013,Number,Bosansko Grahovo,F,Secondary education,405
2013,Number,Breza,F,Secondary education,2595
2013,Number,Bugojno,F,Secondary education,5962
2013,Number,Busovaca,F,Secondary education,2959
2013,Number,Buzim,F,Secondary education,2065
2013,Number,Cazin,F,Secondary education,9524
2013,Number,Sarajevo-Centar,F,Secondary education,11328
2013,Number,Capljina,F,Secondary education,5375
2013,Number,Celic,F,Secondary education,1348
2013,Number,Citluk,F,Secondary education,3720
2013,Number,Doboj-Istok,F,Secondary education,1724
2013,Number,Doboj-Jug,F,Secondary education,753
2013,Number,Dobretici,F,Secondary education,221
2013,Number,Domaljevac-Samac,F,Secondary education,781
2013,Number,Donji Vakuf,F,Secondary education,2181
2013,Number,Drvar,F,Secondary education,1496
2013,Number,foca-fbih,F,Secondary education,262
2013,Number,Fojnica,F,Secondary education,1905
2013,Number,Glamoc,F,Secondary education,609
2013,Number,Gorazde,F,Secondary education,3851
2013,Number,Gornji Vakuf-Uskoplje,F,Secondary education,3625
2013,Number,Gracanica,F,Secondary education,7795
2013,Number,Gradacac,F,Secondary education,5983
2013,Number,Grude,F,Secondary education,3524
2013,Number,Sarajevo-Hadzici,F,Secondary education,4236
2013,Number,Sarajevo-Ilidza,F,Secondary education,14090
2013,Number,Sarajevo-Ilijas,F,Secondary education,3370
2013,Number,Jablanica,F,Secondary education,1770
2013,Number,Jajce,F,Secondary education,4243
2013,Number,Kakanj,F,Secondary education,5377
2013,Number,Kalesija,F,Secondary education,4932
2013,Number,Kiseljak,F,Secondary education,3796
2013,Number,Kladanj,F,Secondary education,2070
2013,Number,Kljuc,F,Secondary education,2867
2013,Number,Konjic,F,Secondary education,3830
2013,Number,Kresevo,F,Secondary education,975
2013,Number,Kupres-FBiH,F,Secondary education,995
2013,Number,Livno,F,Secondary education,6399
2013,Number,Lukavac,F,Secondary education,8387
2013,Number,Ljubuski,F,Secondary education,5761
2013,Number,Maglaj,F,Secondary education,4084
2013,Number,Grad Mostar,F,Secondary education,22824
2013,Number,Neum,F,Secondary education,935
2013,Number,Sarajevo-Novi Grad,F,Secondary education,26286
2013,Number,Novi Travnik,F,Secondary education,4201
2013,Number,Sarajevo-Novo Sarajevo,F,Secondary education,14089
2013,Number,Odzak,F,Secondary education,3585
2013,Number,Olovo,F,Secondary education,1373
2013,Number,Orasje,F,Secondary education,3271
2013,Number,Pale-FBiH,F,Secondary education,100
2013,Number,Posusje,F,Secondary education,3994
2013,Number,Prozor,F,Secondary education,2332
2013,Number,Ravno,F,Secondary education,678
2013,Number,Sanski Most,F,Secondary education,7852
2013,Number,Sapna,F,Secondary education,1158
2013,Number,Srebrenik,F,Secondary education,6166
2013,Number,Sarajevo-Stari Grad,F,Secondary education,8575
2013,Number,Stolac,F,Secondary education,2703
2013,Number,Siroki Brijeg,F,Secondary education,6061
2013,Number,Teocak,F,Secondary education,1047
2013,Number,Tesanj,F,Secondary education,7022
2013,Number,Tomislavgrad,F,Secondary education,5813
2013,Number,Travnik,F,Secondary education,8422
2013,Number,Trnovo-FBiH,F,Secondary education,158
2013,Number,Tuzla,F,Secondary education,24700
2013,Number,Usora,F,Secondary education,1244
2013,Number,Vares,F,Secondary education,1393
2013,Number,Velika Kladusa,F,Secondary education,4711
2013,Number,Visoko,F,Secondary education,7436
2013,Number,Vitez,F,Secondary education,4976
2013,Number,Sarajevo-Vogosca,F,Secondary education,5501
2013,Number,Zavidovici,F,Secondary education,5566
2013,Number,Zenica,F,Secondary education,20696
2013,Number,Zepce,F,Secondary education,4871
2013,Number,Zivinice,F,Secondary education,9097
2013,Number,Banovici,Both sexes,Secondary specialisation,150
2013,Number,Bihac,Both sexes,Secondary specialisation,216
2013,Number,Bosanska Krupa,Both sexes,Secondary specialisation,64
2013,Number,Bosanski Petrovac,Both sexes,Secondary specialisation,16
2013,Number,Bosansko Grahovo,Both sexes,Secondary specialisation,3
2013,Number,Breza,Both sexes,Secondary specialisation,111
2013,Number,Bugojno,Both sexes,Secondary specialisation,114
2013,Number,Busovaca,Both sexes,Secondary specialisation,104
2013,Number,Buzim,Both sexes,Secondary specialisation,39
2013,Number,Cazin,Both sexes,Secondary specialisation,140
2013,Number,Sarajevo-Centar,Both sexes,Secondary specialisation,282
2013,Number,Capljina,Both sexes,Secondary specialisation,130
2013,Number,Celic,Both sexes,Secondary specialisation,16
2013,Number,Citluk,Both sexes,Secondary specialisation,84
2013,Number,Doboj-Istok,Both sexes,Secondary specialisation,24
2013,Number,Doboj-Jug,Both sexes,Secondary specialisation,23
2013,Number,Dobretici,Both sexes,Secondary specialisation,1
2013,Number,Domaljevac-Samac,Both sexes,Secondary specialisation,30
2013,Number,Donji Vakuf,Both sexes,Secondary specialisation,24
2013,Number,Drvar,Both sexes,Secondary specialisation,32
2013,Number,foca-fbih,Both sexes,Secondary specialisation,11
2013,Number,Fojnica,Both sexes,Secondary specialisation,42
2013,Number,Glamoc,Both sexes,Secondary specialisation,13
2013,Number,Gorazde,Both sexes,Secondary specialisation,190
2013,Number,Gornji Vakuf-Uskoplje,Both sexes,Secondary specialisation,30
2013,Number,Gracanica,Both sexes,Secondary specialisation,189
2013,Number,Gradacac,Both sexes,Secondary specialisation,136
2013,Number,Grude,Both sexes,Secondary specialisation,75
2013,Number,Sarajevo-Hadzici,Both sexes,Secondary specialisation,89
2013,Number,Sarajevo-Ilidza,Both sexes,Secondary specialisation,375
2013,Number,Sarajevo-Ilijas,Both sexes,Secondary specialisation,97
2013,Number,Jablanica,Both sexes,Secondary specialisation,133
2013,Number,Jajce,Both sexes,Secondary specialisation,113
2013,Number,Kakanj,Both sexes,Secondary specialisation,313
2013,Number,Kalesija,Both sexes,Secondary specialisation,115
2013,Number,Kiseljak,Both sexes,Secondary specialisation,80
2013,Number,Kladanj,Both sexes,Secondary specialisation,24
2013,Number,Kljuc,Both sexes,Secondary specialisation,74
2013,Number,Konjic,Both sexes,Secondary specialisation,144
2013,Number,Kresevo,Both sexes,Secondary specialisation,22
2013,Number,Kupres-FBiH,Both sexes,Secondary specialisation,11
2013,Number,Livno,Both sexes,Secondary specialisation,164
2013,Number,Lukavac,Both sexes,Secondary specialisation,517
2013,Number,Ljubuski,Both sexes,Secondary specialisation,138
2013,Number,Maglaj,Both sexes,Secondary specialisation,208
2013,Number,Grad Mostar,Both sexes,Secondary specialisation,698
2013,Number,Neum,Both sexes,Secondary specialisation,53
2013,Number,Sarajevo-Novi Grad,Both sexes,Secondary specialisation,665
2013,Number,Novi Travnik,Both sexes,Secondary specialisation,335
2013,Number,Sarajevo-Novo Sarajevo,Both sexes,Secondary specialisation,446
2013,Number,Odzak,Both sexes,Secondary specialisation,94
2013,Number,Olovo,Both sexes,Secondary specialisation,32
2013,Number,Orasje,Both sexes,Secondary specialisation,76
2013,Number,Pale-FBiH,Both sexes,Secondary specialisation,4
2013,Number,Posusje,Both sexes,Secondary specialisation,103
2013,Number,Prozor,Both sexes,Secondary specialisation,25
2013,Number,Ravno,Both sexes,Secondary specialisation,6
2013,Number,Sanski Most,Both sexes,Secondary specialisation,207
2013,Number,Sapna,Both sexes,Secondary specialisation,11
2013,Number,Srebrenik,Both sexes,Secondary specialisation,145
2013,Number,Sarajevo-Stari Grad,Both sexes,Secondary specialisation,238
2013,Number,Stolac,Both sexes,Secondary specialisation,74
2013,Number,Siroki Brijeg,Both sexes,Secondary specialisation,71
2013,Number,Teocak,Both sexes,Secondary specialisation,20
2013,Number,Tesanj,Both sexes,Secondary specialisation,271
2013,Number,Tomislavgrad,Both sexes,Secondary specialisation,74
2013,Number,Travnik,Both sexes,Secondary specialisation,248
2013,Number,Trnovo-FBiH,Both sexes,Secondary specialisation,13
2013,Number,Tuzla,Both sexes,Secondary specialisation,1125
2013,Number,Usora,Both sexes,Secondary specialisation,42
2013,Number,Vares,Both sexes,Secondary specialisation,88
2013,Number,Velika Kladusa,Both sexes,Secondary specialisation,71
2013,Number,Visoko,Both sexes,Secondary specialisation,226
2013,Number,Vitez,Both sexes,Secondary specialisation,208
2013,Number,Sarajevo-Vogosca,Both sexes,Secondary specialisation,180
2013,Number,Zavidovici,Both sexes,Secondary specialisation,152
2013,Number,Zenica,Both sexes,Secondary specialisation,1966
2013,Number,Zepce,Both sexes,Secondary specialisation,161
2013,Number,Zivinice,Both sexes,Secondary specialisation,220
2013,Number,Banovici,M,Secondary specialisation,142
2013,Number,Bihac,M,Secondary specialisation,181
2013,Number,Bosanska Krupa,M,Secondary specialisation,45
2013,Number,Bosanski Petrovac,M,Secondary specialisation,13
2013,Number,Bosansko Grahovo,M,Secondary specialisation,3
2013,Number,Breza,M,Secondary specialisation,101
2013,Number,Bugojno,M,Secondary specialisation,85
2013,Number,Busovaca,M,Secondary specialisation,94
2013,Number,Buzim,M,Secondary specialisation,18
2013,Number,Cazin,M,Secondary specialisation,99
2013,Number,Sarajevo-Centar,M,Secondary specialisation,220
2013,Number,Capljina,M,Secondary specialisation,96
2013,Number,Celic,M,Secondary specialisation,14
2013,Number,Citluk,M,Secondary specialisation,61
2013,Number,Doboj-Istok,M,Secondary specialisation,20
2013,Number,Doboj-Jug,M,Secondary specialisation,21
2013,Number,Dobretici,M,Secondary specialisation,1
2013,Number,Domaljevac-Samac,M,Secondary specialisation,19
2013,Number,Donji Vakuf,M,Secondary specialisation,19
2013,Number,Drvar,M,Secondary specialisation,27
2013,Number,foca-fbih,M,Secondary specialisation,8
2013,Number,Fojnica,M,Secondary specialisation,36
2013,Number,Glamoc,M,Secondary specialisation,10
2013,Number,Gorazde,M,Secondary specialisation,163
2013,Number,Gornji Vakuf-Uskoplje,M,Secondary specialisation,25
2013,Number,Gracanica,M,Secondary specialisation,175
2013,Number,Gradacac,M,Secondary specialisation,105
2013,Number,Grude,M,Secondary specialisation,50
2013,Number,Sarajevo-Hadzici,M,Secondary specialisation,74
2013,Number,Sarajevo-Ilidza,M,Secondary specialisation,311
2013,Number,Sarajevo-Ilijas,M,Secondary specialisation,82
2013,Number,Jablanica,M,Secondary specialisation,127
2013,Number,Jajce,M,Secondary specialisation,86
2013,Number,Kakanj,M,Secondary specialisation,295
2013,Number,Kalesija,M,Secondary specialisation,94
2013,Number,Kiseljak,M,Secondary specialisation,71
2013,Number,Kladanj,M,Secondary specialisation,16
2013,Number,Kljuc,M,Secondary specialisation,51
2013,Number,Konjic,M,Secondary specialisation,130
2013,Number,Kresevo,M,Secondary specialisation,19
2013,Number,Kupres-FBiH,M,Secondary specialisation,8
2013,Number,Livno,M,Secondary specialisation,104
2013,Number,Lukavac,M,Secondary specialisation,478
2013,Number,Ljubuski,M,Secondary specialisation,83
2013,Number,Maglaj,M,Secondary specialisation,173
2013,Number,Grad Mostar,M,Secondary specialisation,555
2013,Number,Neum,M,Secondary specialisation,45
2013,Number,Sarajevo-Novi Grad,M,Secondary specialisation,539
2013,Number,Novi Travnik,M,Secondary specialisation,301
2013,Number,Sarajevo-Novo Sarajevo,M,Secondary specialisation,346
2013,Number,Odzak,M,Secondary specialisation,70
2013,Number,Olovo,M,Secondary specialisation,27
2013,Number,Orasje,M,Secondary specialisation,57
2013,Number,Pale-FBiH,M,Secondary specialisation,4
2013,Number,Posusje,M,Secondary specialisation,69
2013,Number,Prozor,M,Secondary specialisation,17
2013,Number,Ravno,M,Secondary specialisation,4
2013,Number,Sanski Most,M,Secondary specialisation,128
2013,Number,Sapna,M,Secondary specialisation,8
2013,Number,Srebrenik,M,Secondary specialisation,124
2013,Number,Sarajevo-Stari Grad,M,Secondary specialisation,197
2013,Number,Stolac,M,Secondary specialisation,63
2013,Number,Siroki Brijeg,M,Secondary specialisation,55
2013,Number,Teocak,M,Secondary specialisation,16
2013,Number,Tesanj,M,Secondary specialisation,236
2013,Number,Tomislavgrad,M,Secondary specialisation,46
2013,Number,Travnik,M,Secondary specialisation,211
2013,Number,Trnovo-FBiH,M,Secondary specialisation,11
2013,Number,Tuzla,M,Secondary specialisation,933
2013,Number,Usora,M,Secondary specialisation,32
2013,Number,Vares,M,Secondary specialisation,82
2013,Number,Velika Kladusa,M,Secondary specialisation,48
2013,Number,Visoko,M,Secondary specialisation,200
2013,Number,Vitez,M,Secondary specialisation,184
2013,Number,Sarajevo-Vogosca,M,Secondary specialisation,158
2013,Number,Zavidovici,M,Secondary specialisation,119
2013,Number,Zenica,M,Secondary specialisation,1728
2013,Number,Zepce,M,Secondary specialisation,139
2013,Number,Zivinice,M,Secondary specialisation,200
2013,Number,Banovici,F,Secondary specialisation,8
2013,Number,Bihac,F,Secondary specialisation,35
2013,Number,Bosanska Krupa,F,Secondary specialisation,19
2013,Number,Bosanski Petrovac,F,Secondary specialisation,3
2013,Number,Bosansko Grahovo,F,Secondary specialisation,0
2013,Number,Breza,F,Secondary specialisation,10
2013,Number,Bugojno,F,Secondary specialisation,29
2013,Number,Busovaca,F,Secondary specialisation,10
2013,Number,Buzim,F,Secondary specialisation,21
2013,Number,Cazin,F,Secondary specialisation,41
2013,Number,Sarajevo-Centar,F,Secondary specialisation,62
2013,Number,Capljina,F,Secondary specialisation,34
2013,Number,Celic,F,Secondary specialisation,2
2013,Number,Citluk,F,Secondary specialisation,23
2013,Number,Doboj-Istok,F,Secondary specialisation,4
2013,Number,Doboj-Jug,F,Secondary specialisation,2
2013,Number,Dobretici,F,Secondary specialisation,0
2013,Number,Domaljevac-Samac,F,Secondary specialisation,11
2013,Number,Donji Vakuf,F,Secondary specialisation,5
2013,Number,Drvar,F,Secondary specialisation,5
2013,Number,foca-fbih,F,Secondary specialisation,3
2013,Number,Fojnica,F,Secondary specialisation,6
2013,Number,Glamoc,F,Secondary specialisation,3
2013,Number,Gorazde,F,Secondary specialisation,27
2013,Number,Gornji Vakuf-Uskoplje,F,Secondary specialisation,5
2013,Number,Gracanica,F,Secondary specialisation,14
2013,Number,Gradacac,F,Secondary specialisation,31
2013,Number,Grude,F,Secondary specialisation,25
2013,Number,Sarajevo-Hadzici,F,Secondary specialisation,15
2013,Number,Sarajevo-Ilidza,F,Secondary specialisation,64
2013,Number,Sarajevo-Ilijas,F,Secondary specialisation,15
2013,Number,Jablanica,F,Secondary specialisation,6
2013,Number,Jajce,F,Secondary specialisation,27
2013,Number,Kakanj,F,Secondary specialisation,18
2013,Number,Kalesija,F,Secondary specialisation,21
2013,Number,Kiseljak,F,Secondary specialisation,9
2013,Number,Kladanj,F,Secondary specialisation,8
2013,Number,Kljuc,F,Secondary specialisation,23
2013,Number,Konjic,F,Secondary specialisation,14
2013,Number,Kresevo,F,Secondary specialisation,3
2013,Number,Kupres-FBiH,F,Secondary specialisation,3
2013,Number,Livno,F,Secondary specialisation,60
2013,Number,Lukavac,F,Secondary specialisation,39
2013,Number,Ljubuski,F,Secondary specialisation,55
2013,Number,Maglaj,F,Secondary specialisation,35
2013,Number,Grad Mostar,F,Secondary specialisation,143
2013,Number,Neum,F,Secondary specialisation,8
2013,Number,Sarajevo-Novi Grad,F,Secondary specialisation,126
2013,Number,Novi Travnik,F,Secondary specialisation,34
2013,Number,Sarajevo-Novo Sarajevo,F,Secondary specialisation,100
2013,Number,Odzak,F,Secondary specialisation,24
2013,Number,Olovo,F,Secondary specialisation,5
2013,Number,Orasje,F,Secondary specialisation,19
2013,Number,Pale-FBiH,F,Secondary specialisation,0
2013,Number,Posusje,F,Secondary specialisation,34
2013,Number,Prozor,F,Secondary specialisation,8
2013,Number,Ravno,F,Secondary specialisation,2
2013,Number,Sanski Most,F,Secondary specialisation,79
2013,Number,Sapna,F,Secondary specialisation,3
2013,Number,Srebrenik,F,Secondary specialisation,21
2013,Number,Sarajevo-Stari Grad,F,Secondary specialisation,41
2013,Number,Stolac,F,Secondary specialisation,11
2013,Number,Siroki Brijeg,F,Secondary specialisation,16
2013,Number,Teocak,F,Secondary specialisation,4
2013,Number,Tesanj,F,Secondary specialisation,35
2013,Number,Tomislavgrad,F,Secondary specialisation,28
2013,Number,Travnik,F,Secondary specialisation,37
2013,Number,Trnovo-FBiH,F,Secondary specialisation,2
2013,Number,Tuzla,F,Secondary specialisation,192
2013,Number,Usora,F,Secondary specialisation,10
2013,Number,Vares,F,Secondary specialisation,6
2013,Number,Velika Kladusa,F,Secondary specialisation,23
2013,Number,Visoko,F,Secondary specialisation,26
2013,Number,Vitez,F,Secondary specialisation,24
2013,Number,Sarajevo-Vogosca,F,Secondary specialisation,22
2013,Number,Zavidovici,F,Secondary specialisation,33
2013,Number,Zenica,F,Secondary specialisation,238
2013,Number,Zepce,F,Secondary specialisation,22
2013,Number,Zivinice,F,Secondary specialisation,20
2013,Number,Banovici,Both sexes,Higher school and first degree of faculty,185
2013,Number,Bihac,Both sexes,Higher school and first degree of faculty,2465
2013,Number,Bosanska Krupa,Both sexes,Higher school and first degree of faculty,587
2013,Number,Bosanski Petrovac,Both sexes,Higher school and first degree of faculty,194
2013,Number,Bosansko Grahovo,Both sexes,Higher school and first degree of faculty,113
2013,Number,Breza,Both sexes,Higher school and first degree of faculty,232
2013,Number,Bugojno,Both sexes,Higher school and first degree of faculty,763
2013,Number,Busovaca,Both sexes,Higher school and first degree of faculty,280
2013,Number,Buzim,Both sexes,Higher school and first degree of faculty,315
2013,Number,Cazin,Both sexes,Higher school and first degree of faculty,1168
2013,Number,Sarajevo-Centar,Both sexes,Higher school and first degree of faculty,2724
2013,Number,Capljina,Both sexes,Higher school and first degree of faculty,852
2013,Number,Celic,Both sexes,Higher school and first degree of faculty,72
2013,Number,Citluk,Both sexes,Higher school and first degree of faculty,491
2013,Number,Doboj-Istok,Both sexes,Higher school and first degree of faculty,102
2013,Number,Doboj-Jug,Both sexes,Higher school and first degree of faculty,47
2013,Number,Dobretici,Both sexes,Higher school and first degree of faculty,12
2013,Number,Domaljevac-Samac,Both sexes,Higher school and first degree of faculty,112
2013,Number,Donji Vakuf,Both sexes,Higher school and first degree of faculty,257
2013,Number,Drvar,Both sexes,Higher school and first degree of faculty,280
2013,Number,foca-fbih,Both sexes,Higher school and first degree of faculty,43
2013,Number,Fojnica,Both sexes,Higher school and first degree of faculty,235
2013,Number,Glamoc,Both sexes,Higher school and first degree of faculty,94
2013,Number,Gorazde,Both sexes,Higher school and first degree of faculty,468
2013,Number,Gornji Vakuf-Uskoplje,Both sexes,Higher school and first degree of faculty,480
2013,Number,Gracanica,Both sexes,Higher school and first degree of faculty,676
2013,Number,Gradacac,Both sexes,Higher school and first degree of faculty,512
2013,Number,Grude,Both sexes,Higher school and first degree of faculty,741
2013,Number,Sarajevo-Hadzici,Both sexes,Higher school and first degree of faculty,406
2013,Number,Sarajevo-Ilidza,Both sexes,Higher school and first degree of faculty,1896
2013,Number,Sarajevo-Ilijas,Both sexes,Higher school and first degree of faculty,282
2013,Number,Jablanica,Both sexes,Higher school and first degree of faculty,236
2013,Number,Jajce,Both sexes,Higher school and first degree of faculty,522
2013,Number,Kakanj,Both sexes,Higher school and first degree of faculty,602
2013,Number,Kalesija,Both sexes,Higher school and first degree of faculty,271
2013,Number,Kiseljak,Both sexes,Higher school and first degree of faculty,349
2013,Number,Kladanj,Both sexes,Higher school and first degree of faculty,174
2013,Number,Kljuc,Both sexes,Higher school and first degree of faculty,344
2013,Number,Konjic,Both sexes,Higher school and first degree of faculty,663
2013,Number,Kresevo,Both sexes,Higher school and first degree of faculty,119
2013,Number,Kupres-FBiH,Both sexes,Higher school and first degree of faculty,220
2013,Number,Livno,Both sexes,Higher school and first degree of faculty,1457
2013,Number,Lukavac,Both sexes,Higher school and first degree of faculty,690
2013,Number,Ljubuski,Both sexes,Higher school and first degree of faculty,891
2013,Number,Maglaj,Both sexes,Higher school and first degree of faculty,417
2013,Number,Grad Mostar,Both sexes,Higher school and first degree of faculty,4422
2013,Number,Neum,Both sexes,Higher school and first degree of faculty,157
2013,Number,Sarajevo-Novi Grad,Both sexes,Higher school and first degree of faculty,4084
2013,Number,Novi Travnik,Both sexes,Higher school and first degree of faculty,520
2013,Number,Sarajevo-Novo Sarajevo,Both sexes,Higher school and first degree of faculty,3299
2013,Number,Odzak,Both sexes,Higher school and first degree of faculty,364
2013,Number,Olovo,Both sexes,Higher school and first degree of faculty,184
2013,Number,Orasje,Both sexes,Higher school and first degree of faculty,525
2013,Number,Pale-FBiH,Both sexes,Higher school and first degree of faculty,7
2013,Number,Posusje,Both sexes,Higher school and first degree of faculty,790
2013,Number,Prozor,Both sexes,Higher school and first degree of faculty,301
2013,Number,Ravno,Both sexes,Higher school and first degree of faculty,180
2013,Number,Sanski Most,Both sexes,Higher school and first degree of faculty,890
2013,Number,Sapna,Both sexes,Higher school and first degree of faculty,56
2013,Number,Srebrenik,Both sexes,Higher school and first degree of faculty,395
2013,Number,Sarajevo-Stari Grad,Both sexes,Higher school and first degree of faculty,1353
2013,Number,Stolac,Both sexes,Higher school and first degree of faculty,470
2013,Number,Siroki Brijeg,Both sexes,Higher school and first degree of faculty,1005
2013,Number,Teocak,Both sexes,Higher school and first degree of faculty,41
2013,Number,Tesanj,Both sexes,Higher school and first degree of faculty,677
2013,Number,Tomislavgrad,Both sexes,Higher school and first degree of faculty,988
2013,Number,Travnik,Both sexes,Higher school and first degree of faculty,1068
2013,Number,Trnovo-FBiH,Both sexes,Higher school and first degree of faculty,28
2013,Number,Tuzla,Both sexes,Higher school and first degree of faculty,3591
2013,Number,Usora,Both sexes,Higher school and first degree of faculty,121
2013,Number,Vares,Both sexes,Higher school and first degree of faculty,161
2013,Number,Velika Kladusa,Both sexes,Higher school and first degree of faculty,532
2013,Number,Visoko,Both sexes,Higher school and first degree of faculty,755
2013,Number,Vitez,Both sexes,Higher school and first degree of faculty,614
2013,Number,Sarajevo-Vogosca,Both sexes,Higher school and first degree of faculty,644
2013,Number,Zavidovici,Both sexes,Higher school and first degree of faculty,530
2013,Number,Zenica,Both sexes,Higher school and first degree of faculty,2791
2013,Number,Zepce,Both sexes,Higher school and first degree of faculty,533
2013,Number,Zivinice,Both sexes,Higher school and first degree of faculty,605
2013,Number,Banovici,M,Higher school and first degree of faculty,106
2013,Number,Bihac,M,Higher school and first degree of faculty,1217
2013,Number,Bosanska Krupa,M,Higher school and first degree of faculty,297
2013,Number,Bosanski Petrovac,M,Higher school and first degree of faculty,96
2013,Number,Bosansko Grahovo,M,Higher school and first degree of faculty,75
2013,Number,Breza,M,Higher school and first degree of faculty,121
2013,Number,Bugojno,M,Higher school and first degree of faculty,409
2013,Number,Busovaca,M,Higher school and first degree of faculty,165
2013,Number,Buzim,M,Higher school and first degree of faculty,173
2013,Number,Cazin,M,Higher school and first degree of faculty,607
2013,Number,Sarajevo-Centar,M,Higher school and first degree of faculty,1284
2013,Number,Capljina,M,Higher school and first degree of faculty,409
2013,Number,Celic,M,Higher school and first degree of faculty,51
2013,Number,Citluk,M,Higher school and first degree of faculty,231
2013,Number,Doboj-Istok,M,Higher school and first degree of faculty,70
2013,Number,Doboj-Jug,M,Higher school and first degree of faculty,26
2013,Number,Dobretici,M,Higher school and first degree of faculty,5
2013,Number,Domaljevac-Samac,M,Higher school and first degree of faculty,64
2013,Number,Donji Vakuf,M,Higher school and first degree of faculty,116
2013,Number,Drvar,M,Higher school and first degree of faculty,162
2013,Number,foca-fbih,M,Higher school and first degree of faculty,30
2013,Number,Fojnica,M,Higher school and first degree of faculty,154
2013,Number,Glamoc,M,Higher school and first degree of faculty,58
2013,Number,Gorazde,M,Higher school and first degree of faculty,318
2013,Number,Gornji Vakuf-Uskoplje,M,Higher school and first degree of faculty,264
2013,Number,Gracanica,M,Higher school and first degree of faculty,409
2013,Number,Gradacac,M,Higher school and first degree of faculty,290
2013,Number,Grude,M,Higher school and first degree of faculty,366
2013,Number,Sarajevo-Hadzici,M,Higher school and first degree of faculty,267
2013,Number,Sarajevo-Ilidza,M,Higher school and first degree of faculty,1085
2013,Number,Sarajevo-Ilijas,M,Higher school and first degree of faculty,169
2013,Number,Jablanica,M,Higher school and first degree of faculty,142
2013,Number,Jajce,M,Higher school and first degree of faculty,241
2013,Number,Kakanj,M,Higher school and first degree of faculty,335
2013,Number,Kalesija,M,Higher school and first degree of faculty,170
2013,Number,Kiseljak,M,Higher school and first degree of faculty,206
2013,Number,Kladanj,M,Higher school and first degree of faculty,108
2013,Number,Kljuc,M,Higher school and first degree of faculty,175
2013,Number,Konjic,M,Higher school and first degree of faculty,397
2013,Number,Kresevo,M,Higher school and first degree of faculty,69
2013,Number,Kupres-FBiH,M,Higher school and first degree of faculty,120
2013,Number,Livno,M,Higher school and first degree of faculty,792
2013,Number,Lukavac,M,Higher school and first degree of faculty,441
2013,Number,Ljubuski,M,Higher school and first degree of faculty,416
2013,Number,Maglaj,M,Higher school and first degree of faculty,233
2013,Number,Grad Mostar,M,Higher school and first degree of faculty,2202
2013,Number,Neum,M,Higher school and first degree of faculty,89
2013,Number,Sarajevo-Novi Grad,M,Higher school and first degree of faculty,2238
2013,Number,Novi Travnik,M,Higher school and first degree of faculty,300
2013,Number,Sarajevo-Novo Sarajevo,M,Higher school and first degree of faculty,1675
2013,Number,Odzak,M,Higher school and first degree of faculty,214
2013,Number,Olovo,M,Higher school and first degree of faculty,119
2013,Number,Orasje,M,Higher school and first degree of faculty,294
2013,Number,Pale-FBiH,M,Higher school and first degree of faculty,4
2013,Number,Posusje,M,Higher school and first degree of faculty,351
2013,Number,Prozor,M,Higher school and first degree of faculty,148
2013,Number,Ravno,M,Higher school and first degree of faculty,98
2013,Number,Sanski Most,M,Higher school and first degree of faculty,438
2013,Number,Sapna,M,Higher school and first degree of faculty,33
2013,Number,Srebrenik,M,Higher school and first degree of faculty,257
2013,Number,Sarajevo-Stari Grad,M,Higher school and first degree of faculty,736
2013,Number,Stolac,M,Higher school and first degree of faculty,259
2013,Number,Siroki Brijeg,M,Higher school and first degree of faculty,496
2013,Number,Teocak,M,Higher school and first degree of faculty,19
2013,Number,Tesanj,M,Higher school and first degree of faculty,390
2013,Number,Tomislavgrad,M,Higher school and first degree of faculty,495
2013,Number,Travnik,M,Higher school and first degree of faculty,621
2013,Number,Trnovo-FBiH,M,Higher school and first degree of faculty,23
2013,Number,Tuzla,M,Higher school and first degree of faculty,1961
2013,Number,Usora,M,Higher school and first degree of faculty,70
2013,Number,Vares,M,Higher school and first degree of faculty,89
2013,Number,Velika Kladusa,M,Higher school and first degree of faculty,291
2013,Number,Visoko,M,Higher school and first degree of faculty,398
2013,Number,Vitez,M,Higher school and first degree of faculty,369
2013,Number,Sarajevo-Vogosca,M,Higher school and first degree of faculty,398
2013,Number,Zavidovici,M,Higher school and first degree of faculty,294
2013,Number,Zenica,M,Higher school and first degree of faculty,1544
2013,Number,Zepce,M,Higher school and first degree of faculty,290
2013,Number,Zivinice,M,Higher school and first degree of faculty,378
2013,Number,Banovici,F,Higher school and first degree of faculty,79
2013,Number,Bihac,F,Higher school and first degree of faculty,1248
2013,Number,Bosanska Krupa,F,Higher school and first degree of faculty,290
2013,Number,Bosanski Petrovac,F,Higher school and first degree of faculty,98
2013,Number,Bosansko Grahovo,F,Higher school and first degree of faculty,38
2013,Number,Breza,F,Higher school and first degree of faculty,111
2013,Number,Bugojno,F,Higher school and first degree of faculty,354
2013,Number,Busovaca,F,Higher school and first degree of faculty,115
2013,Number,Buzim,F,Higher school and first degree of faculty,142
2013,Number,Cazin,F,Higher school and first degree of faculty,561
2013,Number,Sarajevo-Centar,F,Higher school and first degree of faculty,1440
2013,Number,Capljina,F,Higher school and first degree of faculty,443
2013,Number,Celic,F,Higher school and first degree of faculty,21
2013,Number,Citluk,F,Higher school and first degree of faculty,260
2013,Number,Doboj-Istok,F,Higher school and first degree of faculty,32
2013,Number,Doboj-Jug,F,Higher school and first degree of faculty,21
2013,Number,Dobretici,F,Higher school and first degree of faculty,7
2013,Number,Domaljevac-Samac,F,Higher school and first degree of faculty,48
2013,Number,Donji Vakuf,F,Higher school and first degree of faculty,141
2013,Number,Drvar,F,Higher school and first degree of faculty,118
2013,Number,foca-fbih,F,Higher school and first degree of faculty,13
2013,Number,Fojnica,F,Higher school and first degree of faculty,81
2013,Number,Glamoc,F,Higher school and first degree of faculty,36
2013,Number,Gorazde,F,Higher school and first degree of faculty,150
2013,Number,Gornji Vakuf-Uskoplje,F,Higher school and first degree of faculty,216
2013,Number,Gracanica,F,Higher school and first degree of faculty,267
2013,Number,Gradacac,F,Higher school and first degree of faculty,222
2013,Number,Grude,F,Higher school and first degree of faculty,375
2013,Number,Sarajevo-Hadzici,F,Higher school and first degree of faculty,139
2013,Number,Sarajevo-Ilidza,F,Higher school and first degree of faculty,811
2013,Number,Sarajevo-Ilijas,F,Higher school and first degree of faculty,113
2013,Number,Jablanica,F,Higher school and first degree of faculty,94
2013,Number,Jajce,F,Higher school and first degree of faculty,281
2013,Number,Kakanj,F,Higher school and first degree of faculty,267
2013,Number,Kalesija,F,Higher school and first degree of faculty,101
2013,Number,Kiseljak,F,Higher school and first degree of faculty,143
2013,Number,Kladanj,F,Higher school and first degree of faculty,66
2013,Number,Kljuc,F,Higher school and first degree of faculty,169
2013,Number,Konjic,F,Higher school and first degree of faculty,266
2013,Number,Kresevo,F,Higher school and first degree of faculty,50
2013,Number,Kupres-FBiH,F,Higher school and first degree of faculty,100
2013,Number,Livno,F,Higher school and first degree of faculty,665
2013,Number,Lukavac,F,Higher school and first degree of faculty,249
2013,Number,Ljubuski,F,Higher school and first degree of faculty,475
2013,Number,Maglaj,F,Higher school and first degree of faculty,184
2013,Number,Grad Mostar,F,Higher school and first degree of faculty,2220
2013,Number,Neum,F,Higher school and first degree of faculty,68
2013,Number,Sarajevo-Novi Grad,F,Higher school and first degree of faculty,1846
2013,Number,Novi Travnik,F,Higher school and first degree of faculty,220
2013,Number,Sarajevo-Novo Sarajevo,F,Higher school and first degree of faculty,1624
2013,Number,Odzak,F,Higher school and first degree of faculty,150
2013,Number,Olovo,F,Higher school and first degree of faculty,65
2013,Number,Orasje,F,Higher school and first degree of faculty,231
2013,Number,Pale-FBiH,F,Higher school and first degree of faculty,3
2013,Number,Posusje,F,Higher school and first degree of faculty,439
2013,Number,Prozor,F,Higher school and first degree of faculty,153
2013,Number,Ravno,F,Higher school and first degree of faculty,82
2013,Number,Sanski Most,F,Higher school and first degree of faculty,452
2013,Number,Sapna,F,Higher school and first degree of faculty,23
2013,Number,Srebrenik,F,Higher school and first degree of faculty,138
2013,Number,Sarajevo-Stari Grad,F,Higher school and first degree of faculty,617
2013,Number,Stolac,F,Higher school and first degree of faculty,211
2013,Number,Siroki Brijeg,F,Higher school and first degree of faculty,509
2013,Number,Teocak,F,Higher school and first degree of faculty,22
2013,Number,Tesanj,F,Higher school and first degree of faculty,287
2013,Number,Tomislavgrad,F,Higher school and first degree of faculty,493
2013,Number,Travnik,F,Higher school and first degree of faculty,447
2013,Number,Trnovo-FBiH,F,Higher school and first degree of faculty,5
2013,Number,Tuzla,F,Higher school and first degree of faculty,1630
2013,Number,Usora,F,Higher school and first degree of faculty,51
2013,Number,Vares,F,Higher school and first degree of faculty,72
2013,Number,Velika Kladusa,F,Higher school and first degree of faculty,241
2013,Number,Visoko,F,Higher school and first degree of faculty,357
2013,Number,Vitez,F,Higher school and first degree of faculty,245
2013,Number,Sarajevo-Vogosca,F,Higher school and first degree of faculty,246
2013,Number,Zavidovici,F,Higher school and first degree of faculty,236
2013,Number,Zenica,F,Higher school and first degree of faculty,1247
2013,Number,Zepce,F,Higher school and first degree of faculty,243
2013,Number,Zivinice,F,Higher school and first degree of faculty,227
2013,Number,Banovici,Both sexes,Faculty / academy / university,1276
2013,Number,Bihac,Both sexes,Faculty / academy / university,5359
2013,Number,Bosanska Krupa,Both sexes,Faculty / academy / university,1193
2013,Number,Bosanski Petrovac,Both sexes,Faculty / academy / university,352
2013,Number,Bosansko Grahovo,Both sexes,Faculty / academy / university,143
2013,Number,Breza,Both sexes,Faculty / academy / university,959
2013,Number,Bugojno,Both sexes,Faculty / academy / university,1816
2013,Number,Busovaca,Both sexes,Faculty / academy / university,798
2013,Number,Buzim,Both sexes,Faculty / academy / university,607
2013,Number,Cazin,Both sexes,Faculty / academy / university,2404
2013,Number,Sarajevo-Centar,Both sexes,Faculty / academy / university,15300
2013,Number,Capljina,Both sexes,Faculty / academy / university,2237
2013,Number,Celic,Both sexes,Faculty / academy / university,285
2013,Number,Citluk,Both sexes,Faculty / academy / university,1820
2013,Number,Doboj-Istok,Both sexes,Faculty / academy / university,442
2013,Number,Doboj-Jug,Both sexes,Faculty / academy / university,171
2013,Number,Dobretici,Both sexes,Faculty / academy / university,50
2013,Number,Domaljevac-Samac,Both sexes,Faculty / academy / university,289
2013,Number,Donji Vakuf,Both sexes,Faculty / academy / university,522
2013,Number,Drvar,Both sexes,Faculty / academy / university,363
2013,Number,foca-fbih,Both sexes,Faculty / academy / university,77
2013,Number,Fojnica,Both sexes,Faculty / academy / university,885
2013,Number,Glamoc,Both sexes,Faculty / academy / university,210
2013,Number,Gorazde,Both sexes,Faculty / academy / university,1727
2013,Number,Gornji Vakuf-Uskoplje,Both sexes,Faculty / academy / university,1050
2013,Number,Gracanica,Both sexes,Faculty / academy / university,2110
2013,Number,Gradacac,Both sexes,Faculty / academy / university,1556
2013,Number,Grude,Both sexes,Faculty / academy / university,1738
2013,Number,Sarajevo-Hadzici,Both sexes,Faculty / academy / university,1307
2013,Number,Sarajevo-Ilidza,Both sexes,Faculty / academy / university,7309
2013,Number,Sarajevo-Ilijas,Both sexes,Faculty / academy / university,1041
2013,Number,Jablanica,Both sexes,Faculty / academy / university,669
2013,Number,Jajce,Both sexes,Faculty / academy / university,1249
2013,Number,Kakanj,Both sexes,Faculty / academy / university,1861
2013,Number,Kalesija,Both sexes,Faculty / academy / university,1178
2013,Number,Kiseljak,Both sexes,Faculty / academy / university,1140
2013,Number,Kladanj,Both sexes,Faculty / academy / university,615
2013,Number,Kljuc,Both sexes,Faculty / academy / university,695
2013,Number,Konjic,Both sexes,Faculty / academy / university,1710
2013,Number,Kresevo,Both sexes,Faculty / academy / university,309
2013,Number,Kupres-FBiH,Both sexes,Faculty / academy / university,625
2013,Number,Livno,Both sexes,Faculty / academy / university,3460
2013,Number,Lukavac,Both sexes,Faculty / academy / university,2326
2013,Number,Ljubuski,Both sexes,Faculty / academy / university,2948
2013,Number,Maglaj,Both sexes,Faculty / academy / university,1097
2013,Number,Grad Mostar,Both sexes,Faculty / academy / university,14199
2013,Number,Neum,Both sexes,Faculty / academy / university,532
2013,Number,Sarajevo-Novi Grad,Both sexes,Faculty / academy / university,16824
2013,Number,Novi Travnik,Both sexes,Faculty / academy / university,1330
2013,Number,Sarajevo-Novo Sarajevo,Both sexes,Faculty / academy / university,16145
2013,Number,Odzak,Both sexes,Faculty / academy / university,887
2013,Number,Olovo,Both sexes,Faculty / academy / university,506
2013,Number,Orasje,Both sexes,Faculty / academy / university,1320
2013,Number,Pale-FBiH,Both sexes,Faculty / academy / university,24
2013,Number,Posusje,Both sexes,Faculty / academy / university,1756
2013,Number,Prozor,Both sexes,Faculty / academy / university,911
2013,Number,Ravno,Both sexes,Faculty / academy / university,305
2013,Number,Sanski Most,Both sexes,Faculty / academy / university,1815
2013,Number,Sapna,Both sexes,Faculty / academy / university,285
2013,Number,Srebrenik,Both sexes,Faculty / academy / university,1654
2013,Number,Sarajevo-Stari Grad,Both sexes,Faculty / academy / university,6106
2013,Number,Stolac,Both sexes,Faculty / academy / university,1261
2013,Number,Siroki Brijeg,Both sexes,Faculty / academy / university,3002
2013,Number,Teocak,Both sexes,Faculty / academy / university,207
2013,Number,Tesanj,Both sexes,Faculty / academy / university,1787
2013,Number,Tomislavgrad,Both sexes,Faculty / academy / university,2854
2013,Number,Travnik,Both sexes,Faculty / academy / university,2975
2013,Number,Trnovo-FBiH,Both sexes,Faculty / academy / university,72
2013,Number,Tuzla,Both sexes,Faculty / academy / university,13355
2013,Number,Usora,Both sexes,Faculty / academy / university,301
2013,Number,Vares,Both sexes,Faculty / academy / university,491
2013,Number,Velika Kladusa,Both sexes,Faculty / academy / university,1221
2013,Number,Visoko,Both sexes,Faculty / academy / university,2567
2013,Number,Vitez,Both sexes,Faculty / academy / university,1472
2013,Number,Sarajevo-Vogosca,Both sexes,Faculty / academy / university,2810
2013,Number,Zavidovici,Both sexes,Faculty / academy / university,1535
2013,Number,Zenica,Both sexes,Faculty / academy / university,8195
2013,Number,Zepce,Both sexes,Faculty / academy / university,1373
2013,Number,Zivinice,Both sexes,Faculty / academy / university,2755
2013,Number,Banovici,M,Faculty / academy / university,733
2013,Number,Bihac,M,Faculty / academy / university,2479
2013,Number,Bosanska Krupa,M,Faculty / academy / university,553
2013,Number,Bosanski Petrovac,M,Faculty / academy / university,185
2013,Number,Bosansko Grahovo,M,Faculty / academy / university,92
2013,Number,Breza,M,Faculty / academy / university,477
2013,Number,Bugojno,M,Faculty / academy / university,992
2013,Number,Busovaca,M,Faculty / academy / university,407
2013,Number,Buzim,M,Faculty / academy / university,295
2013,Number,Cazin,M,Faculty / academy / university,1145
2013,Number,Sarajevo-Centar,M,Faculty / academy / university,7006
2013,Number,Capljina,M,Faculty / academy / university,1090
2013,Number,Celic,M,Faculty / academy / university,159
2013,Number,Citluk,M,Faculty / academy / university,793
2013,Number,Doboj-Istok,M,Faculty / academy / university,232
2013,Number,Doboj-Jug,M,Faculty / academy / university,91
2013,Number,Dobretici,M,Faculty / academy / university,29
2013,Number,Domaljevac-Samac,M,Faculty / academy / university,131
2013,Number,Donji Vakuf,M,Faculty / academy / university,285
2013,Number,Drvar,M,Faculty / academy / university,193
2013,Number,foca-fbih,M,Faculty / academy / university,46
2013,Number,Fojnica,M,Faculty / academy / university,488
2013,Number,Glamoc,M,Faculty / academy / university,109
2013,Number,Gorazde,M,Faculty / academy / university,933
2013,Number,Gornji Vakuf-Uskoplje,M,Faculty / academy / university,559
2013,Number,Gracanica,M,Faculty / academy / university,1064
2013,Number,Gradacac,M,Faculty / academy / university,767
2013,Number,Grude,M,Faculty / academy / university,858
2013,Number,Sarajevo-Hadzici,M,Faculty / academy / university,639
2013,Number,Sarajevo-Ilidza,M,Faculty / academy / university,3455
2013,Number,Sarajevo-Ilijas,M,Faculty / academy / university,498
2013,Number,Jablanica,M,Faculty / academy / university,322
2013,Number,Jajce,M,Faculty / academy / university,681
2013,Number,Kakanj,M,Faculty / academy / university,1009
2013,Number,Kalesija,M,Faculty / academy / university,657
2013,Number,Kiseljak,M,Faculty / academy / university,518
2013,Number,Kladanj,M,Faculty / academy / university,340
2013,Number,Kljuc,M,Faculty / academy / university,345
2013,Number,Konjic,M,Faculty / academy / university,879
2013,Number,Kresevo,M,Faculty / academy / university,147
2013,Number,Kupres-FBiH,M,Faculty / academy / university,334
2013,Number,Livno,M,Faculty / academy / university,1719
2013,Number,Lukavac,M,Faculty / academy / university,1150
2013,Number,Ljubuski,M,Faculty / academy / university,1440
2013,Number,Maglaj,M,Faculty / academy / university,550
2013,Number,Grad Mostar,M,Faculty / academy / university,6346
2013,Number,Neum,M,Faculty / academy / university,287
2013,Number,Sarajevo-Novi Grad,M,Faculty / academy / university,7465
2013,Number,Novi Travnik,M,Faculty / academy / university,660
2013,Number,Sarajevo-Novo Sarajevo,M,Faculty / academy / university,7132
2013,Number,Odzak,M,Faculty / academy / university,472
2013,Number,Olovo,M,Faculty / academy / university,301
2013,Number,Orasje,M,Faculty / academy / university,696
2013,Number,Pale-FBiH,M,Faculty / academy / university,12
2013,Number,Posusje,M,Faculty / academy / university,822
2013,Number,Prozor,M,Faculty / academy / university,482
2013,Number,Ravno,M,Faculty / academy / university,173
2013,Number,Sanski Most,M,Faculty / academy / university,862
2013,Number,Sapna,M,Faculty / academy / university,175
2013,Number,Srebrenik,M,Faculty / academy / university,881
2013,Number,Sarajevo-Stari Grad,M,Faculty / academy / university,2639
2013,Number,Stolac,M,Faculty / academy / university,609
2013,Number,Siroki Brijeg,M,Faculty / academy / university,1446
2013,Number,Teocak,M,Faculty / academy / university,118
2013,Number,Tesanj,M,Faculty / academy / university,931
2013,Number,Tomislavgrad,M,Faculty / academy / university,1466
2013,Number,Travnik,M,Faculty / academy / university,1519
2013,Number,Trnovo-FBiH,M,Faculty / academy / university,35
2013,Number,Tuzla,M,Faculty / academy / university,6260
2013,Number,Usora,M,Faculty / academy / university,145
2013,Number,Vares,M,Faculty / academy / university,268
2013,Number,Velika Kladusa,M,Faculty / academy / university,611
2013,Number,Visoko,M,Faculty / academy / university,1155
2013,Number,Vitez,M,Faculty / academy / university,695
2013,Number,Sarajevo-Vogosca,M,Faculty / academy / university,1309
2013,Number,Zavidovici,M,Faculty / academy / university,826
2013,Number,Zenica,M,Faculty / academy / university,4010
2013,Number,Zepce,M,Faculty / academy / university,702
2013,Number,Zivinice,M,Faculty / academy / university,1477
2013,Number,Banovici,F,Faculty / academy / university,543
2013,Number,Bihac,F,Faculty / academy / university,2880
2013,Number,Bosanska Krupa,F,Faculty / academy / university,640
2013,Number,Bosanski Petrovac,F,Faculty / academy / university,167
2013,Number,Bosansko Grahovo,F,Faculty / academy / university,51
2013,Number,Breza,F,Faculty / academy / university,482
2013,Number,Bugojno,F,Faculty / academy / university,824
2013,Number,Busovaca,F,Faculty / academy / university,391
2013,Number,Buzim,F,Faculty / academy / university,312
2013,Number,Cazin,F,Faculty / academy / university,1259
2013,Number,Sarajevo-Centar,F,Faculty / academy / university,8294
2013,Number,Capljina,F,Faculty / academy / university,1147
2013,Number,Celic,F,Faculty / academy / university,126
2013,Number,Citluk,F,Faculty / academy / university,1027
2013,Number,Doboj-Istok,F,Faculty / academy / university,210
2013,Number,Doboj-Jug,F,Faculty / academy / university,80
2013,Number,Dobretici,F,Faculty / academy / university,21
2013,Number,Domaljevac-Samac,F,Faculty / academy / university,158
2013,Number,Donji Vakuf,F,Faculty / academy / university,237
2013,Number,Drvar,F,Faculty / academy / university,170
2013,Number,foca-fbih,F,Faculty / academy / university,31
2013,Number,Fojnica,F,Faculty / academy / university,397
2013,Number,Glamoc,F,Faculty / academy / university,101
2013,Number,Gorazde,F,Faculty / academy / university,794
2013,Number,Gornji Vakuf-Uskoplje,F,Faculty / academy / university,491
2013,Number,Gracanica,F,Faculty / academy / university,1046
2013,Number,Gradacac,F,Faculty / academy / university,789
2013,Number,Grude,F,Faculty / academy / university,880
2013,Number,Sarajevo-Hadzici,F,Faculty / academy / university,668
2013,Number,Sarajevo-Ilidza,F,Faculty / academy / university,3854
2013,Number,Sarajevo-Ilijas,F,Faculty / academy / university,543
2013,Number,Jablanica,F,Faculty / academy / university,347
2013,Number,Jajce,F,Faculty / academy / university,568
2013,Number,Kakanj,F,Faculty / academy / university,852
2013,Number,Kalesija,F,Faculty / academy / university,521
2013,Number,Kiseljak,F,Faculty / academy / university,622
2013,Number,Kladanj,F,Faculty / academy / university,275
2013,Number,Kljuc,F,Faculty / academy / university,350
2013,Number,Konjic,F,Faculty / academy / university,831
2013,Number,Kresevo,F,Faculty / academy / university,162
2013,Number,Kupres-FBiH,F,Faculty / academy / university,291
2013,Number,Livno,F,Faculty / academy / university,1741
2013,Number,Lukavac,F,Faculty / academy / university,1176
2013,Number,Ljubuski,F,Faculty / academy / university,1508
2013,Number,Maglaj,F,Faculty / academy / university,547
2013,Number,Grad Mostar,F,Faculty / academy / university,7853
2013,Number,Neum,F,Faculty / academy / university,245
2013,Number,Sarajevo-Novi Grad,F,Faculty / academy / university,9359
2013,Number,Novi Travnik,F,Faculty / academy / university,670
2013,Number,Sarajevo-Novo Sarajevo,F,Faculty / academy / university,9013
2013,Number,Odzak,F,Faculty / academy / university,415
2013,Number,Olovo,F,Faculty / academy / university,205
2013,Number,Orasje,F,Faculty / academy / university,624
2013,Number,Pale-FBiH,F,Faculty / academy / university,12
2013,Number,Posusje,F,Faculty / academy / university,934
2013,Number,Prozor,F,Faculty / academy / university,429
2013,Number,Ravno,F,Faculty / academy / university,132
2013,Number,Sanski Most,F,Faculty / academy / university,953
2013,Number,Sapna,F,Faculty / academy / university,110
2013,Number,Srebrenik,F,Faculty / academy / university,773
2013,Number,Sarajevo-Stari Grad,F,Faculty / academy / university,3467
2013,Number,Stolac,F,Faculty / academy / university,652
2013,Number,Siroki Brijeg,F,Faculty / academy / university,1556
2013,Number,Teocak,F,Faculty / academy / university,89
2013,Number,Tesanj,F,Faculty / academy / university,856
2013,Number,Tomislavgrad,F,Faculty / academy / university,1388
2013,Number,Travnik,F,Faculty / academy / university,1456
2013,Number,Trnovo-FBiH,F,Faculty / academy / university,37
2013,Number,Tuzla,F,Faculty / academy / university,7095
2013,Number,Usora,F,Faculty / academy / university,156
2013,Number,Vares,F,Faculty / academy / university,223
2013,Number,Velika Kladusa,F,Faculty / academy / university,610
2013,Number,Visoko,F,Faculty / academy / university,1412
2013,Number,Vitez,F,Faculty / academy / university,777
2013,Number,Sarajevo-Vogosca,F,Faculty / academy / university,1501
2013,Number,Zavidovici,F,Faculty / academy / university,709
2013,Number,Zenica,F,Faculty / academy / university,4185
2013,Number,Zepce,F,Faculty / academy / university,671
2013,Number,Zivinice,F,Faculty / academy / university,1278
