Year,UNIT_MEASURE,Administrative Area,Type of school,Value
2016,Number,Federation of Bosnia and Herzegovina,Gymnasium,20668
2016,Number,Federation of Bosnia and Herzegovina,Technical high schools,41964
2016,Number,Federation of Bosnia and Herzegovina,Vocational high schools,16751
2016,Number,Federation of Bosnia and Herzegovina,Art schools,896
2016,Number,Federation of Bosnia and Herzegovina,Religious schools,2139
2016,Number,Federation of Bosnia and Herzegovina,High schools for students with disabilities,257
2017,Number,Federation of Bosnia and Herzegovina,Gymnasium,20253
2017,Number,Federation of Bosnia and Herzegovina,Technical high schools,41503
2017,Number,Federation of Bosnia and Herzegovina,Vocational high schools,16335
2017,Number,Federation of Bosnia and Herzegovina,Art schools,879
2017,Number,Federation of Bosnia and Herzegovina,Religious schools,2229
2017,Number,Federation of Bosnia and Herzegovina,High schools for students with disabilities,255
2018,Number,Federation of Bosnia and Herzegovina,Gymnasium,17917
2018,Number,Federation of Bosnia and Herzegovina,Technical high schools,39424
2018,Number,Federation of Bosnia and Herzegovina,Vocational high schools,15523
2018,Number,Federation of Bosnia and Herzegovina,Art schools,879
2018,Number,Federation of Bosnia and Herzegovina,Religious schools,2180
2018,Number,Federation of Bosnia and Herzegovina,High schools for students with disabilities,241
2019,Number,Federation of Bosnia and Herzegovina,Gymnasium,16637
2019,Number,Federation of Bosnia and Herzegovina,Technical high schools,38135
2019,Number,Federation of Bosnia and Herzegovina,Vocational high schools,14905
2019,Number,Federation of Bosnia and Herzegovina,Art schools,846
2019,Number,Federation of Bosnia and Herzegovina,Religious schools,2139
2019,Number,Federation of Bosnia and Herzegovina,High schools for students with disabilities,230
2020,Number,Federation of Bosnia and Herzegovina,Gymnasium,16195
2020,Number,Federation of Bosnia and Herzegovina,Technical high schools,37357
2020,Number,Federation of Bosnia and Herzegovina,Vocational high schools,14547
2020,Number,Federation of Bosnia and Herzegovina,Art schools,840
2020,Number,Federation of Bosnia and Herzegovina,Religious schools,2142
2020,Number,Federation of Bosnia and Herzegovina,High schools for students with disabilities,247
2021,Number,Federation of Bosnia and Herzegovina,Gymnasium,15617
2021,Number,Federation of Bosnia and Herzegovina,Technical high schools,37112
2021,Number,Federation of Bosnia and Herzegovina,Vocational high schools,14053
2021,Number,Federation of Bosnia and Herzegovina,Art schools,939
2021,Number,Federation of Bosnia and Herzegovina,Religious schools,2108
2021,Number,Federation of Bosnia and Herzegovina,High schools for students with disabilities,195
2022,Number,Federation of Bosnia and Herzegovina,Gymnasium,15425
2022,Number,Federation of Bosnia and Herzegovina,Technical high schools,37855
2022,Number,Federation of Bosnia and Herzegovina,Vocational high schools,13829
2022,Number,Federation of Bosnia and Herzegovina,Art schools,924
2022,Number,Federation of Bosnia and Herzegovina,Religious schools,2126
2022,Number,Federation of Bosnia and Herzegovina,High schools for students with disabilities,166
2016,Number,Una-Sana Canton,Gymnasium,1905
2016,Number,Una-Sana Canton,Technical high schools,4610
2016,Number,Una-Sana Canton,Vocational high schools,2755
2016,Number,Una-Sana Canton,Art schools,85
2016,Number,Una-Sana Canton,Religious schools,264
2017,Number,Una-Sana Canton,Gymnasium,1820
2017,Number,Una-Sana Canton,Technical high schools,4719
2017,Number,Una-Sana Canton,Vocational high schools,2631
2017,Number,Una-Sana Canton,Art schools,63
2017,Number,Una-Sana Canton,Religious schools,263
2018,Number,Una-Sana Canton,Gymnasium,1585
2018,Number,Una-Sana Canton,Technical high schools,4262
2018,Number,Una-Sana Canton,Vocational high schools,2547
2018,Number,Una-Sana Canton,Art schools,57
2018,Number,Una-Sana Canton,Religious schools,247
2019,Number,Una-Sana Canton,Gymnasium,1398
2019,Number,Una-Sana Canton,Technical high schools,3943
2019,Number,Una-Sana Canton,Vocational high schools,2420
2019,Number,Una-Sana Canton,Art schools,58
2019,Number,Una-Sana Canton,Religious schools,227
2020,Number,Una-Sana Canton,Gymnasium,1543
2020,Number,Una-Sana Canton,Technical high schools,3463
2020,Number,Una-Sana Canton,Vocational high schools,2212
2020,Number,Una-Sana Canton,Art schools,64
2020,Number,Una-Sana Canton,Religious schools,219
2021,Number,Una-Sana Canton,Gymnasium,1458
2021,Number,Una-Sana Canton,Technical high schools,3283
2021,Number,Una-Sana Canton,Vocational high schools,2069
2021,Number,Una-Sana Canton,Art schools,76
2021,Number,Una-Sana Canton,Religious schools,221
2022,Number,Una-Sana Canton,Gymnasium,1085
2022,Number,Una-Sana Canton,Technical high schools,3421
2022,Number,Una-Sana Canton,Vocational high schools,2001
2022,Number,Una-Sana Canton,Art schools,65
2022,Number,Una-Sana Canton,Religious schools,220
2016,Number,Posavina Canton,Gymnasium,228
2016,Number,Posavina Canton,Technical high schools,803
2016,Number,Posavina Canton,Vocational high schools,269
2017,Number,Posavina Canton,Gymnasium,226
2017,Number,Posavina Canton,Technical high schools,711
2017,Number,Posavina Canton,Vocational high schools,223
2018,Number,Posavina Canton,Gymnasium,225
2018,Number,Posavina Canton,Technical high schools,611
2018,Number,Posavina Canton,Vocational high schools,201
2019,Number,Posavina Canton,Gymnasium,206
2019,Number,Posavina Canton,Technical high schools,592
2019,Number,Posavina Canton,Vocational high schools,188
2020,Number,Posavina Canton,Gymnasium,183
2020,Number,Posavina Canton,Technical high schools,549
2020,Number,Posavina Canton,Vocational high schools,164
2021,Number,Posavina Canton,Gymnasium,163
2021,Number,Posavina Canton,Technical high schools,570
2021,Number,Posavina Canton,Vocational high schools,132
2022,Number,Posavina Canton,Gymnasium,160
2022,Number,Posavina Canton,Technical high schools,542
2022,Number,Posavina Canton,Vocational high schools,103
2016,Number,Tuzla Canton,Gymnasium,2428
2016,Number,Tuzla Canton,Technical high schools,8711
2016,Number,Tuzla Canton,Vocational high schools,3898
2016,Number,Tuzla Canton,Art schools,163
2016,Number,Tuzla Canton,Religious schools,516
2016,Number,Tuzla Canton,High schools for students with disabilities,35
2017,Number,Tuzla Canton,Gymnasium,2792
2017,Number,Tuzla Canton,Technical high schools,8462
2017,Number,Tuzla Canton,Vocational high schools,3963
2017,Number,Tuzla Canton,Art schools,183
2017,Number,Tuzla Canton,Religious schools,536
2017,Number,Tuzla Canton,High schools for students with disabilities,30
2018,Number,Tuzla Canton,Gymnasium,2385
2018,Number,Tuzla Canton,Technical high schools,8472
2018,Number,Tuzla Canton,Vocational high schools,3980
2018,Number,Tuzla Canton,Art schools,184
2018,Number,Tuzla Canton,Religious schools,531
2018,Number,Tuzla Canton,High schools for students with disabilities,30
2019,Number,Tuzla Canton,Gymnasium,2274
2019,Number,Tuzla Canton,Technical high schools,8132
2019,Number,Tuzla Canton,Vocational high schools,3952
2019,Number,Tuzla Canton,Art schools,180
2019,Number,Tuzla Canton,Religious schools,508
2019,Number,Tuzla Canton,High schools for students with disabilities,32
2020,Number,Tuzla Canton,Gymnasium,2182
2020,Number,Tuzla Canton,Technical high schools,8126
2020,Number,Tuzla Canton,Vocational high schools,3876
2020,Number,Tuzla Canton,Art schools,191
2020,Number,Tuzla Canton,Religious schools,505
2020,Number,Tuzla Canton,High schools for students with disabilities,43
2021,Number,Tuzla Canton,Gymnasium,1941
2021,Number,Tuzla Canton,Technical high schools,7975
2021,Number,Tuzla Canton,Vocational high schools,3753
2021,Number,Tuzla Canton,Art schools,204
2021,Number,Tuzla Canton,Religious schools,511
2022,Number,Tuzla Canton,Gymnasium,1853
2022,Number,Tuzla Canton,Technical high schools,7843
2022,Number,Tuzla Canton,Vocational high schools,3691
2022,Number,Tuzla Canton,Art schools,218
2022,Number,Tuzla Canton,Religious schools,523
2016,Number,Zenica-Doboj Canton,Gymnasium,3602
2016,Number,Zenica-Doboj Canton,Technical high schools,7104
2016,Number,Zenica-Doboj Canton,Vocational high schools,3417
2016,Number,Zenica-Doboj Canton,Art schools,87
2016,Number,Zenica-Doboj Canton,Religious schools,230
2016,Number,Zenica-Doboj Canton,High schools for students with disabilities,38
2017,Number,Zenica-Doboj Canton,Gymnasium,3422
2017,Number,Zenica-Doboj Canton,Technical high schools,7044
2017,Number,Zenica-Doboj Canton,Vocational high schools,3185
2017,Number,Zenica-Doboj Canton,Art schools,75
2017,Number,Zenica-Doboj Canton,Religious schools,236
2017,Number,Zenica-Doboj Canton,High schools for students with disabilities,44
2018,Number,Zenica-Doboj Canton,Gymnasium,3087
2018,Number,Zenica-Doboj Canton,Technical high schools,7121
2018,Number,Zenica-Doboj Canton,Vocational high schools,3022
2018,Number,Zenica-Doboj Canton,Art schools,68
2018,Number,Zenica-Doboj Canton,Religious schools,224
2018,Number,Zenica-Doboj Canton,High schools for students with disabilities,36
2019,Number,Zenica-Doboj Canton,Gymnasium,2832
2019,Number,Zenica-Doboj Canton,Technical high schools,6486
2019,Number,Zenica-Doboj Canton,Vocational high schools,3035
2019,Number,Zenica-Doboj Canton,Art schools,70
2019,Number,Zenica-Doboj Canton,Religious schools,230
2019,Number,Zenica-Doboj Canton,High schools for students with disabilities,35
2020,Number,Zenica-Doboj Canton,Gymnasium,2583
2020,Number,Zenica-Doboj Canton,Technical high schools,6509
2020,Number,Zenica-Doboj Canton,Vocational high schools,2924
2020,Number,Zenica-Doboj Canton,Art schools,66
2020,Number,Zenica-Doboj Canton,Religious schools,248
2020,Number,Zenica-Doboj Canton,High schools for students with disabilities,35
2021,Number,Zenica-Doboj Canton,Gymnasium,2474
2021,Number,Zenica-Doboj Canton,Technical high schools,6249
2021,Number,Zenica-Doboj Canton,Vocational high schools,2832
2021,Number,Zenica-Doboj Canton,Art schools,72
2021,Number,Zenica-Doboj Canton,Religious schools,254
2021,Number,Zenica-Doboj Canton,High schools for students with disabilities,27
2022,Number,Zenica-Doboj Canton,Gymnasium,2368
2022,Number,Zenica-Doboj Canton,Technical high schools,6239
2022,Number,Zenica-Doboj Canton,Vocational high schools,2930
2022,Number,Zenica-Doboj Canton,Art schools,63
2022,Number,Zenica-Doboj Canton,Religious schools,255
2022,Number,Zenica-Doboj Canton,High schools for students with disabilities,20
2016,Number,Bosnian-Podrinje Canton,Gymnasium,172
2016,Number,Bosnian-Podrinje Canton,Technical high schools,534
2016,Number,Bosnian-Podrinje Canton,Vocational high schools,242
2017,Number,Bosnian-Podrinje Canton,Gymnasium,184
2017,Number,Bosnian-Podrinje Canton,Technical high schools,536
2017,Number,Bosnian-Podrinje Canton,Vocational high schools,244
2018,Number,Bosnian-Podrinje Canton,Gymnasium,160
2018,Number,Bosnian-Podrinje Canton,Technical high schools,503
2018,Number,Bosnian-Podrinje Canton,Vocational high schools,223
2019,Number,Bosnian-Podrinje Canton,Gymnasium,137
2019,Number,Bosnian-Podrinje Canton,Technical high schools,695
2020,Number,Bosnian-Podrinje Canton,Gymnasium,139
2020,Number,Bosnian-Podrinje Canton,Technical high schools,512
2020,Number,Bosnian-Podrinje Canton,Vocational high schools,137
2021,Number,Bosnian-Podrinje Canton,Gymnasium,130
2021,Number,Bosnian-Podrinje Canton,Technical high schools,513
2021,Number,Bosnian-Podrinje Canton,Vocational high schools,105
2022,Number,Bosnian-Podrinje Canton,Gymnasium,108
2022,Number,Bosnian-Podrinje Canton,Technical high schools,495
2022,Number,Bosnian-Podrinje Canton,Vocational high schools,103
2016,Number,Central Bosnia Canton,Gymnasium,2287
2016,Number,Central Bosnia Canton,Technical high schools,5589
2016,Number,Central Bosnia Canton,Vocational high schools,2265
2016,Number,Central Bosnia Canton,Art schools,91
2016,Number,Central Bosnia Canton,Religious schools,378
2017,Number,Central Bosnia Canton,Gymnasium,2021
2017,Number,Central Bosnia Canton,Technical high schools,5389
2017,Number,Central Bosnia Canton,Vocational high schools,2156
2017,Number,Central Bosnia Canton,Art schools,91
2017,Number,Central Bosnia Canton,Religious schools,430
2018,Number,Central Bosnia Canton,Gymnasium,1614
2018,Number,Central Bosnia Canton,Technical high schools,4590
2018,Number,Central Bosnia Canton,Vocational high schools,1606
2018,Number,Central Bosnia Canton,Art schools,83
2018,Number,Central Bosnia Canton,Religious schools,427
2019,Number,Central Bosnia Canton,Gymnasium,1416
2019,Number,Central Bosnia Canton,Technical high schools,4549
2019,Number,Central Bosnia Canton,Vocational high schools,1403
2019,Number,Central Bosnia Canton,Art schools,73
2019,Number,Central Bosnia Canton,Religious schools,437
2020,Number,Central Bosnia Canton,Gymnasium,1254
2020,Number,Central Bosnia Canton,Technical high schools,4716
2020,Number,Central Bosnia Canton,Vocational high schools,1382
2020,Number,Central Bosnia Canton,Art schools,70
2020,Number,Central Bosnia Canton,Religious schools,447
2021,Number,Central Bosnia Canton,Gymnasium,1098
2021,Number,Central Bosnia Canton,Technical high schools,4818
2021,Number,Central Bosnia Canton,Vocational high schools,1677
2021,Number,Central Bosnia Canton,Art schools,74
2021,Number,Central Bosnia Canton,Religious schools,430
2022,Number,Central Bosnia Canton,Gymnasium,1174
2022,Number,Central Bosnia Canton,Technical high schools,5678
2022,Number,Central Bosnia Canton,Vocational high schools,1496
2022,Number,Central Bosnia Canton,Art schools,84
2022,Number,Central Bosnia Canton,Religious schools,435
2016,Number,Herzegovina-Neretva Canton,Gymnasium,2616
2016,Number,Herzegovina-Neretva Canton,Technical high schools,4329
2016,Number,Herzegovina-Neretva Canton,Vocational high schools,1210
2016,Number,Herzegovina-Neretva Canton,Art schools,154
2016,Number,Herzegovina-Neretva Canton,Religious schools,260
2016,Number,Herzegovina-Neretva Canton,High schools for students with disabilities,45
2017,Number,Herzegovina-Neretva Canton,Gymnasium,2425
2017,Number,Herzegovina-Neretva Canton,Technical high schools,4035
2017,Number,Herzegovina-Neretva Canton,Vocational high schools,1216
2017,Number,Herzegovina-Neretva Canton,Art schools,108
2017,Number,Herzegovina-Neretva Canton,Religious schools,265
2017,Number,Herzegovina-Neretva Canton,High schools for students with disabilities,40
2018,Number,Herzegovina-Neretva Canton,Gymnasium,2167
2018,Number,Herzegovina-Neretva Canton,Technical high schools,3875
2018,Number,Herzegovina-Neretva Canton,Vocational high schools,1129
2018,Number,Herzegovina-Neretva Canton,Art schools,150
2018,Number,Herzegovina-Neretva Canton,Religious schools,264
2018,Number,Herzegovina-Neretva Canton,High schools for students with disabilities,29
2019,Number,Herzegovina-Neretva Canton,Gymnasium,1908
2019,Number,Herzegovina-Neretva Canton,Technical high schools,3968
2019,Number,Herzegovina-Neretva Canton,Vocational high schools,1026
2019,Number,Herzegovina-Neretva Canton,Art schools,145
2019,Number,Herzegovina-Neretva Canton,Religious schools,248
2019,Number,Herzegovina-Neretva Canton,High schools for students with disabilities,33
2020,Number,Herzegovina-Neretva Canton,Gymnasium,1844
2020,Number,Herzegovina-Neretva Canton,Technical high schools,3848
2020,Number,Herzegovina-Neretva Canton,Vocational high schools,942
2020,Number,Herzegovina-Neretva Canton,Art schools,151
2020,Number,Herzegovina-Neretva Canton,Religious schools,238
2020,Number,Herzegovina-Neretva Canton,High schools for students with disabilities,32
2021,Number,Herzegovina-Neretva Canton,Gymnasium,1798
2021,Number,Herzegovina-Neretva Canton,Technical high schools,3991
2021,Number,Herzegovina-Neretva Canton,Vocational high schools,932
2021,Number,Herzegovina-Neretva Canton,Art schools,142
2021,Number,Herzegovina-Neretva Canton,Religious schools,227
2021,Number,Herzegovina-Neretva Canton,High schools for students with disabilities,31
2022,Number,Herzegovina-Neretva Canton,Gymnasium,1777
2022,Number,Herzegovina-Neretva Canton,Technical high schools,4185
2022,Number,Herzegovina-Neretva Canton,Vocational high schools,934
2022,Number,Herzegovina-Neretva Canton,Art schools,143
2022,Number,Herzegovina-Neretva Canton,Religious schools,233
2022,Number,Herzegovina-Neretva Canton,High schools for students with disabilities,12
2016,Number,West Herzegovina Canton,Gymnasium,1603
2016,Number,West Herzegovina Canton,Technical high schools,1831
2016,Number,West Herzegovina Canton,Vocational high schools,571
2016,Number,West Herzegovina Canton,Art schools,21
2016,Number,West Herzegovina Canton,High schools for students with disabilities,3
2017,Number,West Herzegovina Canton,Gymnasium,1490
2017,Number,West Herzegovina Canton,Technical high schools,1838
2017,Number,West Herzegovina Canton,Vocational high schools,445
2017,Number,West Herzegovina Canton,Art schools,27
2017,Number,West Herzegovina Canton,High schools for students with disabilities,3
2018,Number,West Herzegovina Canton,Gymnasium,1263
2018,Number,West Herzegovina Canton,Technical high schools,1738
2018,Number,West Herzegovina Canton,Vocational high schools,357
2018,Number,West Herzegovina Canton,Art schools,30
2018,Number,West Herzegovina Canton,High schools for students with disabilities,2
2019,Number,West Herzegovina Canton,Gymnasium,1201
2019,Number,West Herzegovina Canton,Technical high schools,1693
2019,Number,West Herzegovina Canton,Vocational high schools,324
2019,Number,West Herzegovina Canton,Art schools,41
2019,Number,West Herzegovina Canton,High schools for students with disabilities,6
2020,Number,West Herzegovina Canton,Gymnasium,1130
2020,Number,West Herzegovina Canton,Technical high schools,1667
2020,Number,West Herzegovina Canton,Vocational high schools,336
2020,Number,West Herzegovina Canton,High schools for students with disabilities,5
2021,Number,West Herzegovina Canton,Gymnasium,1119
2021,Number,West Herzegovina Canton,Technical high schools,1613
2021,Number,West Herzegovina Canton,Vocational high schools,353
2021,Number,West Herzegovina Canton,Art schools,77
2021,Number,West Herzegovina Canton,High schools for students with disabilities,6
2022,Number,West Herzegovina Canton,Gymnasium,1190
2022,Number,West Herzegovina Canton,Technical high schools,1674
2022,Number,West Herzegovina Canton,Vocational high schools,363
2022,Number,West Herzegovina Canton,Art schools,52
2022,Number,West Herzegovina Canton,High schools for students with disabilities,2
2016,Number,Sarajevo Canton,Gymnasium,5120
2016,Number,Sarajevo Canton,Technical high schools,7464
2016,Number,Sarajevo Canton,Vocational high schools,1784
2016,Number,Sarajevo Canton,Art schools,295
2016,Number,Sarajevo Canton,Religious schools,491
2016,Number,Sarajevo Canton,High schools for students with disabilities,131
2017,Number,Sarajevo Canton,Gymnasium,5199
2017,Number,Sarajevo Canton,Technical high schools,7807
2017,Number,Sarajevo Canton,Vocational high schools,1956
2017,Number,Sarajevo Canton,Art schools,332
2017,Number,Sarajevo Canton,Religious schools,499
2017,Number,Sarajevo Canton,High schools for students with disabilities,133
2018,Number,Sarajevo Canton,Gymnasium,4785
2018,Number,Sarajevo Canton,Technical high schools,7320
2018,Number,Sarajevo Canton,Vocational high schools,2126
2018,Number,Sarajevo Canton,Art schools,307
2018,Number,Sarajevo Canton,Religious schools,487
2018,Number,Sarajevo Canton,High schools for students with disabilities,137
2019,Number,Sarajevo Canton,Gymnasium,4595
2019,Number,Sarajevo Canton,Technical high schools,7022
2019,Number,Sarajevo Canton,Vocational high schools,2231
2019,Number,Sarajevo Canton,Art schools,279
2019,Number,Sarajevo Canton,Religious schools,489
2019,Number,Sarajevo Canton,High schools for students with disabilities,117
2020,Number,Sarajevo Canton,Gymnasium,4673
2020,Number,Sarajevo Canton,Technical high schools,6877
2020,Number,Sarajevo Canton,Vocational high schools,2290
2020,Number,Sarajevo Canton,Art schools,298
2020,Number,Sarajevo Canton,Religious schools,485
2020,Number,Sarajevo Canton,High schools for students with disabilities,127
2021,Number,Sarajevo Canton,Gymnasium,4803
2021,Number,Sarajevo Canton,Technical high schools,7068
2021,Number,Sarajevo Canton,Vocational high schools,1921
2021,Number,Sarajevo Canton,Art schools,294
2021,Number,Sarajevo Canton,Religious schools,465
2021,Number,Sarajevo Canton,High schools for students with disabilities,128
2022,Number,Sarajevo Canton,Gymnasium,5103
2022,Number,Sarajevo Canton,Technical high schools,6817
2022,Number,Sarajevo Canton,Vocational high schools,1963
2022,Number,Sarajevo Canton,Art schools,299
2022,Number,Sarajevo Canton,Religious schools,460
2022,Number,Sarajevo Canton,High schools for students with disabilities,128
2016,Number,Canton 10,Gymnasium,707
2016,Number,Canton 10,Technical high schools,989
2016,Number,Canton 10,Vocational high schools,340
2016,Number,Canton 10,High schools for students with disabilities,5
2017,Number,Canton 10,Gymnasium,674
2017,Number,Canton 10,Technical high schools,962
2017,Number,Canton 10,Vocational high schools,316
2017,Number,Canton 10,High schools for students with disabilities,5
2018,Number,Canton 10,Gymnasium,646
2018,Number,Canton 10,Technical high schools,932
2018,Number,Canton 10,Vocational high schools,332
2018,Number,Canton 10,High schools for students with disabilities,7
2019,Number,Canton 10,Gymnasium,670
2019,Number,Canton 10,Technical high schools,1055
2019,Number,Canton 10,Vocational high schools,326
2019,Number,Canton 10,High schools for students with disabilities,7
2020,Number,Canton 10,Gymnasium,664
2020,Number,Canton 10,Technical high schools,1090
2020,Number,Canton 10,Vocational high schools,284
2020,Number,Canton 10,High schools for students with disabilities,5
2021,Number,Canton 10,Gymnasium,633
2021,Number,Canton 10,Technical high schools,1032
2021,Number,Canton 10,Vocational high schools,279
2021,Number,Canton 10,High schools for students with disabilities,3
2022,Number,Canton 10,Gymnasium,607
2022,Number,Canton 10,Technical high schools,961
2022,Number,Canton 10,Vocational high schools,245
2022,Number,Canton 10,High schools for students with disabilities,4
