Year,UNIT_MEASURE,Type of education,Sex,Value
2018,Number,Total,Both sexes,3336
2018,Number,education,Both sexes,476
2018,Number,arts_and_humanities,Both sexes,268
2018,Number,social_sciences_journalism_and_information,Both sexes,351
2018,Number,business_administration_and_the_law_of_everything,Both sexes,719
2018,Number,natural_sciences_mathematics_and_statistics_of_all,Both sexes,235
2018,Number,information and communication technologies,Both sexes,128
2018,Number,engineering_manufacturing_and_construction,Both sexes,430
2018,Number,agriculture_forestry_fisheries_and_veterinary_medicine,Both sexes,199
2018,Number,health_and_social_protection,Both sexes,261
2018,Number,services,Both sexes,223
2018,Number,Unknown,Both sexes,46
2018,Number,Total,M,1284
2018,Number,education,M,140
2018,Number,arts_and_humanities,M,78
2018,Number,social_sciences_journalism_and_information,M,115
2018,Number,business_administration_and_the_law_of_everything,M,268
2018,Number,natural_sciences_mathematics_and_statistics_of_all,M,54
2018,Number,information and communication technologies,M,86
2018,Number,engineering_manufacturing_and_construction,M,251
2018,Number,agriculture_forestry_fisheries_and_veterinary_medicine,M,88
2018,Number,health_and_social_protection,M,61
2018,Number,services,M,121
2018,Number,Unknown,M,22
2018,Number,Total,F,2052
2018,Number,education,F,336
2018,Number,arts_and_humanities,F,190
2018,Number,social_sciences_journalism_and_information,F,236
2018,Number,business_administration_and_the_law_of_everything,F,451
2018,Number,natural_sciences_mathematics_and_statistics_of_all,F,181
2018,Number,information and communication technologies,F,42
2018,Number,engineering_manufacturing_and_construction,F,179
2018,Number,agriculture_forestry_fisheries_and_veterinary_medicine,F,111
2018,Number,health_and_social_protection,F,200
2018,Number,services,F,102
2018,Number,Unknown,F,24
2019,Number,Total,Both sexes,3388
2019,Number,education,Both sexes,424
2019,Number,arts_and_humanities,Both sexes,267
2019,Number,social_sciences_journalism_and_information,Both sexes,458
2019,Number,business_administration_and_the_law_of_everything,Both sexes,635
2019,Number,natural_sciences_mathematics_and_statistics_of_all,Both sexes,272
2019,Number,information and communication technologies,Both sexes,139
2019,Number,engineering_manufacturing_and_construction,Both sexes,495
2019,Number,agriculture_forestry_fisheries_and_veterinary_medicine,Both sexes,154
2019,Number,health_and_social_protection,Both sexes,277
2019,Number,services,Both sexes,224
2019,Number,Unknown,Both sexes,43
2019,Number,Total,M,1268
2019,Number,education,M,101
2019,Number,arts_and_humanities,M,62
2019,Number,social_sciences_journalism_and_information,M,171
2019,Number,business_administration_and_the_law_of_everything,M,243
2019,Number,natural_sciences_mathematics_and_statistics_of_all,M,53
2019,Number,information and communication technologies,M,82
2019,Number,engineering_manufacturing_and_construction,M,282
2019,Number,agriculture_forestry_fisheries_and_veterinary_medicine,M,65
2019,Number,health_and_social_protection,M,60
2019,Number,services,M,129
2019,Number,Unknown,M,20
2019,Number,Total,F,2120
2019,Number,education,F,323
2019,Number,arts_and_humanities,F,205
2019,Number,social_sciences_journalism_and_information,F,287
2019,Number,business_administration_and_the_law_of_everything,F,392
2019,Number,natural_sciences_mathematics_and_statistics_of_all,F,219
2019,Number,information and communication technologies,F,57
2019,Number,engineering_manufacturing_and_construction,F,213
2019,Number,agriculture_forestry_fisheries_and_veterinary_medicine,F,89
2019,Number,health_and_social_protection,F,217
2019,Number,services,F,95
2019,Number,Unknown,F,23
2020,Number,Total,Both sexes,3158
2020,Number,education,Both sexes,490
2020,Number,arts_and_humanities,Both sexes,257
2020,Number,social_sciences_journalism_and_information,Both sexes,675
2020,Number,business_administration_and_the_law_of_everything,Both sexes,266
2020,Number,natural_sciences_mathematics_and_statistics_of_all,Both sexes,194
2020,Number,information and communication technologies,Both sexes,86
2020,Number,engineering_manufacturing_and_construction,Both sexes,571
2020,Number,agriculture_forestry_fisheries_and_veterinary_medicine,Both sexes,191
2020,Number,health_and_social_protection,Both sexes,252
2020,Number,services,Both sexes,130
2020,Number,Unknown,Both sexes,46
2020,Number,Total,M,1118
2020,Number,education,M,78
2020,Number,arts_and_humanities,M,60
2020,Number,social_sciences_journalism_and_information,M,240
2020,Number,business_administration_and_the_law_of_everything,M,96
2020,Number,natural_sciences_mathematics_and_statistics_of_all,M,36
2020,Number,information and communication technologies,M,54
2020,Number,engineering_manufacturing_and_construction,M,322
2020,Number,agriculture_forestry_fisheries_and_veterinary_medicine,M,75
2020,Number,health_and_social_protection,M,69
2020,Number,services,M,73
2020,Number,Unknown,M,15
2020,Number,Total,F,2040
2020,Number,education,F,412
2020,Number,arts_and_humanities,F,197
2020,Number,social_sciences_journalism_and_information,F,435
2020,Number,business_administration_and_the_law_of_everything,F,170
2020,Number,natural_sciences_mathematics_and_statistics_of_all,F,158
2020,Number,information and communication technologies,F,32
2020,Number,engineering_manufacturing_and_construction,F,249
2020,Number,agriculture_forestry_fisheries_and_veterinary_medicine,F,116
2020,Number,health_and_social_protection,F,183
2020,Number,services,F,57
2020,Number,Unknown,F,31
