Year,UNIT_MEASURE,Administrative Area,Type of education,Sex,Value
2016,Number,Federation of Bosnia and Herzegovina,Masters of science,Both sexes,
2016,Number,Federation of Bosnia and Herzegovina,Masters of science,M,
2016,Number,Federation of Bosnia and Herzegovina,Masters of science,F,
2017,Number,Federation of Bosnia and Herzegovina,Masters of science,Both sexes,
2017,Number,Federation of Bosnia and Herzegovina,Masters of science,M,
2017,Number,Federation of Bosnia and Herzegovina,Masters of science,F,
2018,Number,Federation of Bosnia and Herzegovina,Masters of science,Both sexes,
2018,Number,Federation of Bosnia and Herzegovina,Masters of science,M,
2018,Number,Federation of Bosnia and Herzegovina,Masters of science,F,
2019,Number,Federation of Bosnia and Herzegovina,Masters of science,Both sexes,
2019,Number,Federation of Bosnia and Herzegovina,Masters of science,M,
2019,Number,Federation of Bosnia and Herzegovina,Masters of science,F,
2020,Number,Federation of Bosnia and Herzegovina,Masters of science,Both sexes,
2020,Number,Federation of Bosnia and Herzegovina,Masters of science,M,
2020,Number,Federation of Bosnia and Herzegovina,Masters of science,F,
2016,Number,Federation of Bosnia and Herzegovina,Masters,Both sexes,
2016,Number,Federation of Bosnia and Herzegovina,Masters,M,
2016,Number,Federation of Bosnia and Herzegovina,Masters,F,
2017,Number,Federation of Bosnia and Herzegovina,Masters,Both sexes,
2017,Number,Federation of Bosnia and Herzegovina,Masters,M,
2017,Number,Federation of Bosnia and Herzegovina,Masters,F,
2018,Number,Federation of Bosnia and Herzegovina,Masters,Both sexes,
2018,Number,Federation of Bosnia and Herzegovina,Masters,M,
2018,Number,Federation of Bosnia and Herzegovina,Masters,F,
2019,Number,Federation of Bosnia and Herzegovina,Masters,Both sexes,
2019,Number,Federation of Bosnia and Herzegovina,Masters,M,
2019,Number,Federation of Bosnia and Herzegovina,Masters,F,
2020,Number,Federation of Bosnia and Herzegovina,Masters,Both sexes,
2020,Number,Federation of Bosnia and Herzegovina,Masters,M,
2020,Number,Federation of Bosnia and Herzegovina,Masters,F,
2016,Number,Federation of Bosnia and Herzegovina,Specialists,Both sexes,
2016,Number,Federation of Bosnia and Herzegovina,Specialists,M,
2016,Number,Federation of Bosnia and Herzegovina,Specialists,F,
2017,Number,Federation of Bosnia and Herzegovina,Specialists,Both sexes,
2017,Number,Federation of Bosnia and Herzegovina,Specialists,M,
2017,Number,Federation of Bosnia and Herzegovina,Specialists,F,
2018,Number,Federation of Bosnia and Herzegovina,Specialists,Both sexes,
2018,Number,Federation of Bosnia and Herzegovina,Specialists,M,
2018,Number,Federation of Bosnia and Herzegovina,Specialists,F,
2019,Number,Federation of Bosnia and Herzegovina,Specialists,Both sexes,
2019,Number,Federation of Bosnia and Herzegovina,Specialists,M,
2019,Number,Federation of Bosnia and Herzegovina,Specialists,F,
2020,Number,Federation of Bosnia and Herzegovina,Specialists,Both sexes,
2020,Number,Federation of Bosnia and Herzegovina,Specialists,M,
2020,Number,Federation of Bosnia and Herzegovina,Specialists,F,
2016,Number,Tuzla Canton,Masters of science,Both sexes,
2016,Number,Tuzla Canton,Masters of science,M,
2016,Number,Tuzla Canton,Masters of science,F,
2017,Number,Tuzla Canton,Masters of science,Both sexes,
2017,Number,Tuzla Canton,Masters of science,M,
2017,Number,Tuzla Canton,Masters of science,F,
2018,Number,Tuzla Canton,Masters of science,Both sexes,
2018,Number,Tuzla Canton,Masters of science,M,
2018,Number,Tuzla Canton,Masters of science,F,
2019,Number,Tuzla Canton,Masters of science,Both sexes,
2019,Number,Tuzla Canton,Masters of science,M,
2019,Number,Tuzla Canton,Masters of science,F,
2020,Number,Tuzla Canton,Masters of science,Both sexes,
2020,Number,Tuzla Canton,Masters of science,M,
2020,Number,Tuzla Canton,Masters of science,F,
2016,Number,Tuzla Canton,Masters,Both sexes,
2016,Number,Tuzla Canton,Masters,M,
2016,Number,Tuzla Canton,Masters,F,
2017,Number,Tuzla Canton,Masters,Both sexes,
2017,Number,Tuzla Canton,Masters,M,
2017,Number,Tuzla Canton,Masters,F,
2018,Number,Tuzla Canton,Masters,Both sexes,
2018,Number,Tuzla Canton,Masters,M,
2018,Number,Tuzla Canton,Masters,F,
2019,Number,Tuzla Canton,Masters,Both sexes,
2019,Number,Tuzla Canton,Masters,M,
2019,Number,Tuzla Canton,Masters,F,
2020,Number,Tuzla Canton,Masters,Both sexes,
2020,Number,Tuzla Canton,Masters,M,
2020,Number,Tuzla Canton,Masters,F,
2016,Number,Tuzla Canton,Specialists,Both sexes,
2016,Number,Tuzla Canton,Specialists,M,
2016,Number,Tuzla Canton,Specialists,F,
2017,Number,Tuzla Canton,Specialists,Both sexes,
2017,Number,Tuzla Canton,Specialists,M,
2017,Number,Tuzla Canton,Specialists,F,
2018,Number,Tuzla Canton,Specialists,Both sexes,
2018,Number,Tuzla Canton,Specialists,M,
2018,Number,Tuzla Canton,Specialists,F,
2019,Number,Tuzla Canton,Specialists,Both sexes,
2019,Number,Tuzla Canton,Specialists,M,
2019,Number,Tuzla Canton,Specialists,F,
2020,Number,Tuzla Canton,Specialists,Both sexes,
2020,Number,Tuzla Canton,Specialists,M,
2020,Number,Tuzla Canton,Specialists,F,
2016,Number,Una-Sana Canton,Masters of science,Both sexes,
2016,Number,Una-Sana Canton,Masters of science,M,
2016,Number,Una-Sana Canton,Masters of science,F,
2017,Number,Una-Sana Canton,Masters of science,Both sexes,
2017,Number,Una-Sana Canton,Masters of science,M,
2017,Number,Una-Sana Canton,Masters of science,F,
2018,Number,Una-Sana Canton,Masters of science,Both sexes,
2018,Number,Una-Sana Canton,Masters of science,M,
2018,Number,Una-Sana Canton,Masters of science,F,
2019,Number,Una-Sana Canton,Masters of science,Both sexes,
2019,Number,Una-Sana Canton,Masters of science,M,
2019,Number,Una-Sana Canton,Masters of science,F,
2020,Number,Una-Sana Canton,Masters of science,Both sexes,
2020,Number,Una-Sana Canton,Masters of science,M,
2020,Number,Una-Sana Canton,Masters of science,F,
2016,Number,Una-Sana Canton,Masters,Both sexes,
2016,Number,Una-Sana Canton,Masters,M,
2016,Number,Una-Sana Canton,Masters,F,
2017,Number,Una-Sana Canton,Masters,Both sexes,
2017,Number,Una-Sana Canton,Masters,M,
2017,Number,Una-Sana Canton,Masters,F,
2018,Number,Una-Sana Canton,Masters,Both sexes,
2018,Number,Una-Sana Canton,Masters,M,
2018,Number,Una-Sana Canton,Masters,F,
2019,Number,Una-Sana Canton,Masters,Both sexes,
2019,Number,Una-Sana Canton,Masters,M,
2019,Number,Una-Sana Canton,Masters,F,
2020,Number,Una-Sana Canton,Masters,Both sexes,
2020,Number,Una-Sana Canton,Masters,M,
2020,Number,Una-Sana Canton,Masters,F,
2016,Number,Una-Sana Canton,Specialists,Both sexes,
2016,Number,Una-Sana Canton,Specialists,M,
2016,Number,Una-Sana Canton,Specialists,F,
2017,Number,Una-Sana Canton,Specialists,Both sexes,
2017,Number,Una-Sana Canton,Specialists,M,
2017,Number,Una-Sana Canton,Specialists,F,
2018,Number,Una-Sana Canton,Specialists,Both sexes,
2018,Number,Una-Sana Canton,Specialists,M,
2018,Number,Una-Sana Canton,Specialists,F,
2019,Number,Una-Sana Canton,Specialists,Both sexes,
2019,Number,Una-Sana Canton,Specialists,M,
2019,Number,Una-Sana Canton,Specialists,F,
2020,Number,Una-Sana Canton,Specialists,Both sexes,
2020,Number,Una-Sana Canton,Specialists,M,
2020,Number,Una-Sana Canton,Specialists,F,
2016,Number,Zenica-Doboj Canton,Masters of science,Both sexes,
2016,Number,Zenica-Doboj Canton,Masters of science,M,
2016,Number,Zenica-Doboj Canton,Masters of science,F,
2017,Number,Zenica-Doboj Canton,Masters of science,Both sexes,
2017,Number,Zenica-Doboj Canton,Masters of science,M,
2017,Number,Zenica-Doboj Canton,Masters of science,F,
2018,Number,Zenica-Doboj Canton,Masters of science,Both sexes,
2018,Number,Zenica-Doboj Canton,Masters of science,M,
2018,Number,Zenica-Doboj Canton,Masters of science,F,
2019,Number,Zenica-Doboj Canton,Masters of science,Both sexes,
2019,Number,Zenica-Doboj Canton,Masters of science,M,
2019,Number,Zenica-Doboj Canton,Masters of science,F,
2020,Number,Zenica-Doboj Canton,Masters of science,Both sexes,
2020,Number,Zenica-Doboj Canton,Masters of science,M,
2020,Number,Zenica-Doboj Canton,Masters of science,F,
2016,Number,Zenica-Doboj Canton,Masters,Both sexes,
2016,Number,Zenica-Doboj Canton,Masters,M,
2016,Number,Zenica-Doboj Canton,Masters,F,
2017,Number,Zenica-Doboj Canton,Masters,Both sexes,
2017,Number,Zenica-Doboj Canton,Masters,M,
2017,Number,Zenica-Doboj Canton,Masters,F,
2018,Number,Zenica-Doboj Canton,Masters,Both sexes,
2018,Number,Zenica-Doboj Canton,Masters,M,
2018,Number,Zenica-Doboj Canton,Masters,F,
2019,Number,Zenica-Doboj Canton,Masters,Both sexes,
2019,Number,Zenica-Doboj Canton,Masters,M,
2019,Number,Zenica-Doboj Canton,Masters,F,
2020,Number,Zenica-Doboj Canton,Masters,Both sexes,
2020,Number,Zenica-Doboj Canton,Masters,M,
2020,Number,Zenica-Doboj Canton,Masters,F,
2016,Number,Zenica-Doboj Canton,Specialists,Both sexes,
2016,Number,Zenica-Doboj Canton,Specialists,M,
2016,Number,Zenica-Doboj Canton,Specialists,F,
2017,Number,Zenica-Doboj Canton,Specialists,Both sexes,
2017,Number,Zenica-Doboj Canton,Specialists,M,
2017,Number,Zenica-Doboj Canton,Specialists,F,
2018,Number,Zenica-Doboj Canton,Specialists,Both sexes,
2018,Number,Zenica-Doboj Canton,Specialists,M,
2018,Number,Zenica-Doboj Canton,Specialists,F,
2019,Number,Zenica-Doboj Canton,Specialists,Both sexes,
2019,Number,Zenica-Doboj Canton,Specialists,M,
2019,Number,Zenica-Doboj Canton,Specialists,F,
2020,Number,Zenica-Doboj Canton,Specialists,Both sexes,
2020,Number,Zenica-Doboj Canton,Specialists,M,
2020,Number,Zenica-Doboj Canton,Specialists,F,
2016,Number,Bosnian-Podrinje Canton,Masters of science,Both sexes,
2016,Number,Bosnian-Podrinje Canton,Masters of science,M,
2016,Number,Bosnian-Podrinje Canton,Masters of science,F,
2017,Number,Bosnian-Podrinje Canton,Masters of science,Both sexes,
2017,Number,Bosnian-Podrinje Canton,Masters of science,M,
2017,Number,Bosnian-Podrinje Canton,Masters of science,F,
2018,Number,Bosnian-Podrinje Canton,Masters of science,Both sexes,
2018,Number,Bosnian-Podrinje Canton,Masters of science,M,
2018,Number,Bosnian-Podrinje Canton,Masters of science,F,
2019,Number,Bosnian-Podrinje Canton,Masters of science,Both sexes,
2019,Number,Bosnian-Podrinje Canton,Masters of science,M,
2019,Number,Bosnian-Podrinje Canton,Masters of science,F,
2020,Number,Bosnian-Podrinje Canton,Masters of science,Both sexes,
2020,Number,Bosnian-Podrinje Canton,Masters of science,M,
2020,Number,Bosnian-Podrinje Canton,Masters of science,F,
2016,Number,Bosnian-Podrinje Canton,Masters,Both sexes,
2016,Number,Bosnian-Podrinje Canton,Masters,M,
2016,Number,Bosnian-Podrinje Canton,Masters,F,
2017,Number,Bosnian-Podrinje Canton,Masters,Both sexes,
2017,Number,Bosnian-Podrinje Canton,Masters,M,
2017,Number,Bosnian-Podrinje Canton,Masters,F,
2018,Number,Bosnian-Podrinje Canton,Masters,Both sexes,
2018,Number,Bosnian-Podrinje Canton,Masters,M,
2018,Number,Bosnian-Podrinje Canton,Masters,F,
2019,Number,Bosnian-Podrinje Canton,Masters,Both sexes,
2019,Number,Bosnian-Podrinje Canton,Masters,M,
2019,Number,Bosnian-Podrinje Canton,Masters,F,
2020,Number,Bosnian-Podrinje Canton,Masters,Both sexes,
2020,Number,Bosnian-Podrinje Canton,Masters,M,
2020,Number,Bosnian-Podrinje Canton,Masters,F,
2016,Number,Bosnian-Podrinje Canton,Specialists,Both sexes,
2016,Number,Bosnian-Podrinje Canton,Specialists,M,
2016,Number,Bosnian-Podrinje Canton,Specialists,F,
2017,Number,Bosnian-Podrinje Canton,Specialists,Both sexes,
2017,Number,Bosnian-Podrinje Canton,Specialists,M,
2017,Number,Bosnian-Podrinje Canton,Specialists,F,
2018,Number,Bosnian-Podrinje Canton,Specialists,Both sexes,
2018,Number,Bosnian-Podrinje Canton,Specialists,M,
2018,Number,Bosnian-Podrinje Canton,Specialists,F,
2019,Number,Bosnian-Podrinje Canton,Specialists,Both sexes,
2019,Number,Bosnian-Podrinje Canton,Specialists,M,
2019,Number,Bosnian-Podrinje Canton,Specialists,F,
2020,Number,Bosnian-Podrinje Canton,Specialists,Both sexes,
2020,Number,Bosnian-Podrinje Canton,Specialists,M,
2020,Number,Bosnian-Podrinje Canton,Specialists,F,
2016,Number,Central Bosnia Canton,Masters of science,Both sexes,
2016,Number,Central Bosnia Canton,Masters of science,M,
2016,Number,Central Bosnia Canton,Masters of science,F,
2017,Number,Central Bosnia Canton,Masters of science,Both sexes,
2017,Number,Central Bosnia Canton,Masters of science,M,
2017,Number,Central Bosnia Canton,Masters of science,F,
2018,Number,Central Bosnia Canton,Masters of science,Both sexes,
2018,Number,Central Bosnia Canton,Masters of science,M,
2018,Number,Central Bosnia Canton,Masters of science,F,
2019,Number,Central Bosnia Canton,Masters of science,Both sexes,
2019,Number,Central Bosnia Canton,Masters of science,M,
2019,Number,Central Bosnia Canton,Masters of science,F,
2020,Number,Central Bosnia Canton,Masters of science,Both sexes,
2020,Number,Central Bosnia Canton,Masters of science,M,
2020,Number,Central Bosnia Canton,Masters of science,F,
2016,Number,Central Bosnia Canton,Masters,Both sexes,
2016,Number,Central Bosnia Canton,Masters,M,
2016,Number,Central Bosnia Canton,Masters,F,
2017,Number,Central Bosnia Canton,Masters,Both sexes,
2017,Number,Central Bosnia Canton,Masters,M,
2017,Number,Central Bosnia Canton,Masters,F,
2018,Number,Central Bosnia Canton,Masters,Both sexes,
2018,Number,Central Bosnia Canton,Masters,M,
2018,Number,Central Bosnia Canton,Masters,F,
2019,Number,Central Bosnia Canton,Masters,Both sexes,
2019,Number,Central Bosnia Canton,Masters,M,
2019,Number,Central Bosnia Canton,Masters,F,
2020,Number,Central Bosnia Canton,Masters,Both sexes,
2020,Number,Central Bosnia Canton,Masters,M,
2020,Number,Central Bosnia Canton,Masters,F,
2016,Number,Central Bosnia Canton,Specialists,Both sexes,
2016,Number,Central Bosnia Canton,Specialists,M,
2016,Number,Central Bosnia Canton,Specialists,F,
2017,Number,Central Bosnia Canton,Specialists,Both sexes,
2017,Number,Central Bosnia Canton,Specialists,M,
2017,Number,Central Bosnia Canton,Specialists,F,
2018,Number,Central Bosnia Canton,Specialists,Both sexes,
2018,Number,Central Bosnia Canton,Specialists,M,
2018,Number,Central Bosnia Canton,Specialists,F,
2019,Number,Central Bosnia Canton,Specialists,Both sexes,
2019,Number,Central Bosnia Canton,Specialists,M,
2019,Number,Central Bosnia Canton,Specialists,F,
2020,Number,Central Bosnia Canton,Specialists,Both sexes,
2020,Number,Central Bosnia Canton,Specialists,M,
2020,Number,Central Bosnia Canton,Specialists,F,
2016,Number,Herzegovina-Neretva Canton,Masters of science,Both sexes,
2016,Number,Herzegovina-Neretva Canton,Masters of science,M,
2016,Number,Herzegovina-Neretva Canton,Masters of science,F,
2017,Number,Herzegovina-Neretva Canton,Masters of science,Both sexes,
2017,Number,Herzegovina-Neretva Canton,Masters of science,M,
2017,Number,Herzegovina-Neretva Canton,Masters of science,F,
2018,Number,Herzegovina-Neretva Canton,Masters of science,Both sexes,
2018,Number,Herzegovina-Neretva Canton,Masters of science,M,
2018,Number,Herzegovina-Neretva Canton,Masters of science,F,
2019,Number,Herzegovina-Neretva Canton,Masters of science,Both sexes,
2019,Number,Herzegovina-Neretva Canton,Masters of science,M,
2019,Number,Herzegovina-Neretva Canton,Masters of science,F,
2020,Number,Herzegovina-Neretva Canton,Masters of science,Both sexes,
2020,Number,Herzegovina-Neretva Canton,Masters of science,M,
2020,Number,Herzegovina-Neretva Canton,Masters of science,F,
2016,Number,Herzegovina-Neretva Canton,Masters,Both sexes,
2016,Number,Herzegovina-Neretva Canton,Masters,M,
2016,Number,Herzegovina-Neretva Canton,Masters,F,
2017,Number,Herzegovina-Neretva Canton,Masters,Both sexes,
2017,Number,Herzegovina-Neretva Canton,Masters,M,
2017,Number,Herzegovina-Neretva Canton,Masters,F,
2018,Number,Herzegovina-Neretva Canton,Masters,Both sexes,
2018,Number,Herzegovina-Neretva Canton,Masters,M,
2018,Number,Herzegovina-Neretva Canton,Masters,F,
2019,Number,Herzegovina-Neretva Canton,Masters,Both sexes,
2019,Number,Herzegovina-Neretva Canton,Masters,M,
2019,Number,Herzegovina-Neretva Canton,Masters,F,
2020,Number,Herzegovina-Neretva Canton,Masters,Both sexes,
2020,Number,Herzegovina-Neretva Canton,Masters,M,
2020,Number,Herzegovina-Neretva Canton,Masters,F,
2016,Number,Herzegovina-Neretva Canton,Specialists,Both sexes,
2016,Number,Herzegovina-Neretva Canton,Specialists,M,
2016,Number,Herzegovina-Neretva Canton,Specialists,F,
2017,Number,Herzegovina-Neretva Canton,Specialists,Both sexes,
2017,Number,Herzegovina-Neretva Canton,Specialists,M,
2017,Number,Herzegovina-Neretva Canton,Specialists,F,
2018,Number,Herzegovina-Neretva Canton,Specialists,Both sexes,
2018,Number,Herzegovina-Neretva Canton,Specialists,M,
2018,Number,Herzegovina-Neretva Canton,Specialists,F,
2019,Number,Herzegovina-Neretva Canton,Specialists,Both sexes,
2019,Number,Herzegovina-Neretva Canton,Specialists,M,
2019,Number,Herzegovina-Neretva Canton,Specialists,F,
2020,Number,Herzegovina-Neretva Canton,Specialists,Both sexes,
2020,Number,Herzegovina-Neretva Canton,Specialists,M,
2020,Number,Herzegovina-Neretva Canton,Specialists,F,
2016,Number,Sarajevo Canton,Masters of science,Both sexes,
2016,Number,Sarajevo Canton,Masters of science,M,
2016,Number,Sarajevo Canton,Masters of science,F,
2017,Number,Sarajevo Canton,Masters of science,Both sexes,
2017,Number,Sarajevo Canton,Masters of science,M,
2017,Number,Sarajevo Canton,Masters of science,F,
2018,Number,Sarajevo Canton,Masters of science,Both sexes,
2018,Number,Sarajevo Canton,Masters of science,M,
2018,Number,Sarajevo Canton,Masters of science,F,
2019,Number,Sarajevo Canton,Masters of science,Both sexes,
2019,Number,Sarajevo Canton,Masters of science,M,
2019,Number,Sarajevo Canton,Masters of science,F,
2020,Number,Sarajevo Canton,Masters of science,Both sexes,
2020,Number,Sarajevo Canton,Masters of science,M,
2020,Number,Sarajevo Canton,Masters of science,F,
2016,Number,Sarajevo Canton,Masters,Both sexes,
2016,Number,Sarajevo Canton,Masters,M,
2016,Number,Sarajevo Canton,Masters,F,
2017,Number,Sarajevo Canton,Masters,Both sexes,
2017,Number,Sarajevo Canton,Masters,M,
2017,Number,Sarajevo Canton,Masters,F,
2018,Number,Sarajevo Canton,Masters,Both sexes,
2018,Number,Sarajevo Canton,Masters,M,
2018,Number,Sarajevo Canton,Masters,F,
2019,Number,Sarajevo Canton,Masters,Both sexes,
2019,Number,Sarajevo Canton,Masters,M,
2019,Number,Sarajevo Canton,Masters,F,
2020,Number,Sarajevo Canton,Masters,Both sexes,
2020,Number,Sarajevo Canton,Masters,M,
2020,Number,Sarajevo Canton,Masters,F,
2016,Number,Sarajevo Canton,Specialists,Both sexes,
2016,Number,Sarajevo Canton,Specialists,M,
2016,Number,Sarajevo Canton,Specialists,F,
2017,Number,Sarajevo Canton,Specialists,Both sexes,
2017,Number,Sarajevo Canton,Specialists,M,
2017,Number,Sarajevo Canton,Specialists,F,
2018,Number,Sarajevo Canton,Specialists,Both sexes,
2018,Number,Sarajevo Canton,Specialists,M,
2018,Number,Sarajevo Canton,Specialists,F,
2019,Number,Sarajevo Canton,Specialists,Both sexes,
2019,Number,Sarajevo Canton,Specialists,M,
2019,Number,Sarajevo Canton,Specialists,F,
2020,Number,Sarajevo Canton,Specialists,Both sexes,
2020,Number,Sarajevo Canton,Specialists,M,
2020,Number,Sarajevo Canton,Specialists,F,
