Year,UNIT_MEASURE,Admin_Area,Sex,Value
2009,Number,Federation of Bosnia and Herzegovina,Both sexes,
2010,Number,Federation of Bosnia and Herzegovina,Both sexes,
2011,Number,Federation of Bosnia and Herzegovina,Both sexes,
2012,Number,Federation of Bosnia and Herzegovina,Both sexes,
2013,Number,Federation of Bosnia and Herzegovina,Both sexes,
2014,Number,Federation of Bosnia and Herzegovina,Both sexes,
2015,Number,Federation of Bosnia and Herzegovina,Both sexes,
2016,Number,Federation of Bosnia and Herzegovina,Both sexes,
2017,Number,Federation of Bosnia and Herzegovina,Both sexes,
2018,Number,Federation of Bosnia and Herzegovina,Both sexes,
2009,Number,Federation of Bosnia and Herzegovina,M,
2010,Number,Federation of Bosnia and Herzegovina,M,
2011,Number,Federation of Bosnia and Herzegovina,M,
2012,Number,Federation of Bosnia and Herzegovina,M,
2013,Number,Federation of Bosnia and Herzegovina,M,
2014,Number,Federation of Bosnia and Herzegovina,M,
2015,Number,Federation of Bosnia and Herzegovina,M,
2016,Number,Federation of Bosnia and Herzegovina,M,
2017,Number,Federation of Bosnia and Herzegovina,M,
2018,Number,Federation of Bosnia and Herzegovina,M,
2009,Number,Federation of Bosnia and Herzegovina,F,
2010,Number,Federation of Bosnia and Herzegovina,F,
2011,Number,Federation of Bosnia and Herzegovina,F,
2012,Number,Federation of Bosnia and Herzegovina,F,
2013,Number,Federation of Bosnia and Herzegovina,F,
2014,Number,Federation of Bosnia and Herzegovina,F,
2015,Number,Federation of Bosnia and Herzegovina,F,
2016,Number,Federation of Bosnia and Herzegovina,F,
2017,Number,Federation of Bosnia and Herzegovina,F,
2018,Number,Federation of Bosnia and Herzegovina,F,
2009,Number,Una-Sana Canton,Both sexes,
2010,Number,Una-Sana Canton,Both sexes,
2011,Number,Una-Sana Canton,Both sexes,
2012,Number,Una-Sana Canton,Both sexes,
2013,Number,Una-Sana Canton,Both sexes,
2014,Number,Una-Sana Canton,Both sexes,
2015,Number,Una-Sana Canton,Both sexes,
2016,Number,Una-Sana Canton,Both sexes,
2017,Number,Una-Sana Canton,Both sexes,
2018,Number,Una-Sana Canton,Both sexes,
2009,Number,Una-Sana Canton,M,
2010,Number,Una-Sana Canton,M,
2011,Number,Una-Sana Canton,M,
2012,Number,Una-Sana Canton,M,
2013,Number,Una-Sana Canton,M,
2014,Number,Una-Sana Canton,M,
2015,Number,Una-Sana Canton,M,
2016,Number,Una-Sana Canton,M,
2017,Number,Una-Sana Canton,M,
2018,Number,Una-Sana Canton,M,
2009,Number,Una-Sana Canton,F,
2010,Number,Una-Sana Canton,F,
2011,Number,Una-Sana Canton,F,
2012,Number,Una-Sana Canton,F,
2013,Number,Una-Sana Canton,F,
2014,Number,Una-Sana Canton,F,
2015,Number,Una-Sana Canton,F,
2016,Number,Una-Sana Canton,F,
2017,Number,Una-Sana Canton,F,
2018,Number,Una-Sana Canton,F,
2009,Number,Tuzla Canton,Both sexes,
2010,Number,Tuzla Canton,Both sexes,
2011,Number,Tuzla Canton,Both sexes,
2012,Number,Tuzla Canton,Both sexes,
2013,Number,Tuzla Canton,Both sexes,
2014,Number,Tuzla Canton,Both sexes,
2015,Number,Tuzla Canton,Both sexes,
2016,Number,Tuzla Canton,Both sexes,
2017,Number,Tuzla Canton,Both sexes,
2018,Number,Tuzla Canton,Both sexes,
2009,Number,Tuzla Canton,M,
2010,Number,Tuzla Canton,M,
2011,Number,Tuzla Canton,M,
2012,Number,Tuzla Canton,M,
2013,Number,Tuzla Canton,M,
2014,Number,Tuzla Canton,M,
2015,Number,Tuzla Canton,M,
2016,Number,Tuzla Canton,M,
2017,Number,Tuzla Canton,M,
2018,Number,Tuzla Canton,M,
2009,Number,Tuzla Canton,F,
2010,Number,Tuzla Canton,F,
2011,Number,Tuzla Canton,F,
2012,Number,Tuzla Canton,F,
2013,Number,Tuzla Canton,F,
2014,Number,Tuzla Canton,F,
2015,Number,Tuzla Canton,F,
2016,Number,Tuzla Canton,F,
2017,Number,Tuzla Canton,F,
2018,Number,Tuzla Canton,F,
2009,Number,Zenica-Doboj Canton,Both sexes,
2010,Number,Zenica-Doboj Canton,Both sexes,
2011,Number,Zenica-Doboj Canton,Both sexes,
2012,Number,Zenica-Doboj Canton,Both sexes,
2013,Number,Zenica-Doboj Canton,Both sexes,
2014,Number,Zenica-Doboj Canton,Both sexes,
2015,Number,Zenica-Doboj Canton,Both sexes,
2016,Number,Zenica-Doboj Canton,Both sexes,
2017,Number,Zenica-Doboj Canton,Both sexes,
2018,Number,Zenica-Doboj Canton,Both sexes,
2009,Number,Zenica-Doboj Canton,M,
2010,Number,Zenica-Doboj Canton,M,
2011,Number,Zenica-Doboj Canton,M,
2012,Number,Zenica-Doboj Canton,M,
2013,Number,Zenica-Doboj Canton,M,
2014,Number,Zenica-Doboj Canton,M,
2015,Number,Zenica-Doboj Canton,M,
2016,Number,Zenica-Doboj Canton,M,
2017,Number,Zenica-Doboj Canton,M,
2018,Number,Zenica-Doboj Canton,M,
2009,Number,Zenica-Doboj Canton,F,
2010,Number,Zenica-Doboj Canton,F,
2011,Number,Zenica-Doboj Canton,F,
2012,Number,Zenica-Doboj Canton,F,
2013,Number,Zenica-Doboj Canton,F,
2014,Number,Zenica-Doboj Canton,F,
2015,Number,Zenica-Doboj Canton,F,
2016,Number,Zenica-Doboj Canton,F,
2017,Number,Zenica-Doboj Canton,F,
2018,Number,Zenica-Doboj Canton,F,
2009,Number,Bosnian-Podrinje Canton,Both sexes,
2010,Number,Bosnian-Podrinje Canton,Both sexes,
2011,Number,Bosnian-Podrinje Canton,Both sexes,
2012,Number,Bosnian-Podrinje Canton,Both sexes,
2013,Number,Bosnian-Podrinje Canton,Both sexes,
2014,Number,Bosnian-Podrinje Canton,Both sexes,
2015,Number,Bosnian-Podrinje Canton,Both sexes,
2016,Number,Bosnian-Podrinje Canton,Both sexes,
2017,Number,Bosnian-Podrinje Canton,Both sexes,
2018,Number,Bosnian-Podrinje Canton,Both sexes,
2009,Number,Bosnian-Podrinje Canton,M,
2010,Number,Bosnian-Podrinje Canton,M,
2011,Number,Bosnian-Podrinje Canton,M,
2012,Number,Bosnian-Podrinje Canton,M,
2013,Number,Bosnian-Podrinje Canton,M,
2014,Number,Bosnian-Podrinje Canton,M,
2015,Number,Bosnian-Podrinje Canton,M,
2016,Number,Bosnian-Podrinje Canton,M,
2017,Number,Bosnian-Podrinje Canton,M,
2018,Number,Bosnian-Podrinje Canton,M,
2009,Number,Bosnian-Podrinje Canton,F,
2010,Number,Bosnian-Podrinje Canton,F,
2011,Number,Bosnian-Podrinje Canton,F,
2012,Number,Bosnian-Podrinje Canton,F,
2013,Number,Bosnian-Podrinje Canton,F,
2014,Number,Bosnian-Podrinje Canton,F,
2015,Number,Bosnian-Podrinje Canton,F,
2016,Number,Bosnian-Podrinje Canton,F,
2017,Number,Bosnian-Podrinje Canton,F,
2018,Number,Bosnian-Podrinje Canton,F,
2009,Number,Central Bosnia Canton,Both sexes,
2010,Number,Central Bosnia Canton,Both sexes,
2011,Number,Central Bosnia Canton,Both sexes,
2012,Number,Central Bosnia Canton,Both sexes,
2013,Number,Central Bosnia Canton,Both sexes,
2014,Number,Central Bosnia Canton,Both sexes,
2015,Number,Central Bosnia Canton,Both sexes,
2016,Number,Central Bosnia Canton,Both sexes,
2017,Number,Central Bosnia Canton,Both sexes,
2018,Number,Central Bosnia Canton,Both sexes,
2009,Number,Central Bosnia Canton,M,
2010,Number,Central Bosnia Canton,M,
2011,Number,Central Bosnia Canton,M,
2012,Number,Central Bosnia Canton,M,
2013,Number,Central Bosnia Canton,M,
2014,Number,Central Bosnia Canton,M,
2015,Number,Central Bosnia Canton,M,
2016,Number,Central Bosnia Canton,M,
2017,Number,Central Bosnia Canton,M,
2018,Number,Central Bosnia Canton,M,
2009,Number,Central Bosnia Canton,F,
2010,Number,Central Bosnia Canton,F,
2011,Number,Central Bosnia Canton,F,
2012,Number,Central Bosnia Canton,F,
2013,Number,Central Bosnia Canton,F,
2014,Number,Central Bosnia Canton,F,
2015,Number,Central Bosnia Canton,F,
2016,Number,Central Bosnia Canton,F,
2017,Number,Central Bosnia Canton,F,
2018,Number,Central Bosnia Canton,F,
2009,Number,Herzegovina-Neretva Canton,Both sexes,
2010,Number,Herzegovina-Neretva Canton,Both sexes,
2011,Number,Herzegovina-Neretva Canton,Both sexes,
2012,Number,Herzegovina-Neretva Canton,Both sexes,
2013,Number,Herzegovina-Neretva Canton,Both sexes,
2014,Number,Herzegovina-Neretva Canton,Both sexes,
2015,Number,Herzegovina-Neretva Canton,Both sexes,
2016,Number,Herzegovina-Neretva Canton,Both sexes,
2017,Number,Herzegovina-Neretva Canton,Both sexes,
2018,Number,Herzegovina-Neretva Canton,Both sexes,
2009,Number,Herzegovina-Neretva Canton,M,
2010,Number,Herzegovina-Neretva Canton,M,
2011,Number,Herzegovina-Neretva Canton,M,
2012,Number,Herzegovina-Neretva Canton,M,
2013,Number,Herzegovina-Neretva Canton,M,
2014,Number,Herzegovina-Neretva Canton,M,
2015,Number,Herzegovina-Neretva Canton,M,
2016,Number,Herzegovina-Neretva Canton,M,
2017,Number,Herzegovina-Neretva Canton,M,
2018,Number,Herzegovina-Neretva Canton,M,
2009,Number,Herzegovina-Neretva Canton,F,
2010,Number,Herzegovina-Neretva Canton,F,
2011,Number,Herzegovina-Neretva Canton,F,
2012,Number,Herzegovina-Neretva Canton,F,
2013,Number,Herzegovina-Neretva Canton,F,
2014,Number,Herzegovina-Neretva Canton,F,
2015,Number,Herzegovina-Neretva Canton,F,
2016,Number,Herzegovina-Neretva Canton,F,
2017,Number,Herzegovina-Neretva Canton,F,
2018,Number,Herzegovina-Neretva Canton,F,
2009,Number,Sarajevo Canton,Both sexes,
2010,Number,Sarajevo Canton,Both sexes,
2011,Number,Sarajevo Canton,Both sexes,
2012,Number,Sarajevo Canton,Both sexes,
2013,Number,Sarajevo Canton,Both sexes,
2014,Number,Sarajevo Canton,Both sexes,
2015,Number,Sarajevo Canton,Both sexes,
2016,Number,Sarajevo Canton,Both sexes,
2017,Number,Sarajevo Canton,Both sexes,
2018,Number,Sarajevo Canton,Both sexes,
2009,Number,Sarajevo Canton,M,
2010,Number,Sarajevo Canton,M,
2011,Number,Sarajevo Canton,M,
2012,Number,Sarajevo Canton,M,
2013,Number,Sarajevo Canton,M,
2014,Number,Sarajevo Canton,M,
2015,Number,Sarajevo Canton,M,
2016,Number,Sarajevo Canton,M,
2017,Number,Sarajevo Canton,M,
2018,Number,Sarajevo Canton,M,
2009,Number,Sarajevo Canton,F,
2010,Number,Sarajevo Canton,F,
2011,Number,Sarajevo Canton,F,
2012,Number,Sarajevo Canton,F,
2013,Number,Sarajevo Canton,F,
2014,Number,Sarajevo Canton,F,
2015,Number,Sarajevo Canton,F,
2016,Number,Sarajevo Canton,F,
2017,Number,Sarajevo Canton,F,
2018,Number,Sarajevo Canton,F,
