Year,UNIT_MEASURE,Sex,Age,Value
2010,Number,Both sexes,15-24,28.0
2011,Number,Both sexes,15-24,27.7
2012,Number,Both sexes,15-24,28.4
2013,Number,Both sexes,15-24,25.8
2014,Number,Both sexes,15-24,26.1
2015,Number,Both sexes,15-24,27.7
2016,Number,Both sexes,15-24,26.4
2017,Number,Both sexes,15-24,24.3
2018,Number,Both sexes,15-24,21.6
2019,Number,Both sexes,15-24,21.0
2020,Number,Both sexes,15-24,21.6
2015,Number,Both sexes,25-29,44.6
2016,Number,Both sexes,25-29,42.6
2017,Number,Both sexes,25-29,39.5
2018,Number,Both sexes,25-29,35.9
2019,Number,Both sexes,25-29,36.2
2020,Number,Both sexes,25-29,34.3
2015,Number,Both sexes,15-29,32.8
2016,Number,Both sexes,15-29,31.4
2017,Number,Both sexes,15-29,28.8
2018,Number,Both sexes,15-29,25.5
2019,Number,Both sexes,15-29,25.0
2020,Number,Both sexes,15-29,25.9
2010,Number,M,15-24,28.1
2011,Number,M,15-24,29.2
2012,Number,M,15-24,30.5
2013,Number,M,15-24,27.4
2014,Number,M,15-24,27.9
2015,Number,M,15-24,29.2
2016,Number,M,15-24,28.0
2017,Number,M,15-24,24.5
2018,Number,M,15-24,22.1
2019,Number,M,15-24,20.7
2020,Number,M,15-24,20.3
2015,Number,M,25-29,39.6
2016,Number,M,25-29,35.7
2017,Number,M,25-29,33.2
2018,Number,M,25-29,28.7
2019,Number,M,25-29,28.0
2020,Number,M,25-29,25.2
2015,Number,M,15-29,32.4
2016,Number,M,15-29,30.4
2017,Number,M,15-29,27.0
2018,Number,M,15-29,24.0
2019,Number,M,15-29,22.6
2020,Number,M,15-29,22.0
2010,Number,F,15-24,28.0
2011,Number,F,15-24,26.1
2012,Number,F,15-24,26.2
2013,Number,F,15-24,24.1
2014,Number,F,15-24,24.0
2015,Number,F,15-24,26.0
2016,Number,F,15-24,24.7
2017,Number,F,15-24,24.0
2018,Number,F,15-24,21.1
2019,Number,F,15-24,21.4
2020,Number,F,15-24,23.0
2015,Number,F,25-29,50.7
2016,Number,F,25-29,50.6
2017,Number,F,25-29,47.0
2018,Number,F,25-29,45.8
2019,Number,F,25-29,46.6
2020,Number,F,25-29,43.9
2015,Number,F,15-29,33.3
2016,Number,F,15-29,32.5
2017,Number,F,15-29,30.8
2018,Number,F,15-29,27.3
2019,Number,F,15-29,27.9
2020,Number,F,15-29,30.1
