Year,UNIT_MEASURE,Spol,Admin Area,Vitalna statistika,Value
2011,Broj,Oba spola,Federacija Bosne i Hercegovine,Živorođeni,21161.0
2011,Broj,Oba spola,Županija Unsko-sanska,Živorođeni,2496.0
2011,Broj,Oba spola,Županija Posavska,Živorođeni,228.0
2011,Broj,Oba spola,Županija Tuzlanska,Živorođeni,4417.0
2011,Broj,Oba spola,Županija Zeničko-dobojska,Živorođeni,3760.0
2011,Broj,Oba spola,Županija Bosansko-podrinjska,Živorođeni,191.0
2011,Broj,Oba spola,Županija Srednjobosanska,Živorođeni,2300.0
2011,Broj,Oba spola,Županija Hercegovačko-neretvanska,Živorođeni,1817.0
2011,Broj,Oba spola,Županija Zapadno-hercegovačka,Živorođeni,772.0
2011,Broj,Oba spola,Sarajevska županija,Živorođeni,4722.0
2011,Broj,Oba spola,Županija 10,Živorođeni,458.0
2011,Broj,M,Federacija Bosne i Hercegovine,Živorođeni,10981.0
2011,Broj,M,Županija Unsko-sanska,Živorođeni,1312.0
2011,Broj,M,Županija Posavska,Živorođeni,112.0
2011,Broj,M,Županija Tuzlanska,Živorođeni,2305.0
2011,Broj,M,Županija Zeničko-dobojska,Živorođeni,1945.0
2011,Broj,M,Županija Bosansko-podrinjska,Živorođeni,99.0
2011,Broj,M,Županija Srednjobosanska,Živorođeni,1219.0
2011,Broj,M,Županija Hercegovačko-neretvanska,Živorođeni,946.0
2011,Broj,M,Županija Zapadno-hercegovačka,Živorođeni,401.0
2011,Broj,M,Sarajevska županija,Živorođeni,2411.0
2011,Broj,M,Županija 10,Živorođeni,231.0
2011,Broj,Ž,Federacija Bosne i Hercegovine,Živorođeni,10180.0
2011,Broj,Ž,Županija Unsko-sanska,Živorođeni,1184.0
2011,Broj,Ž,Županija Posavska,Živorođeni,116.0
2011,Broj,Ž,Županija Tuzlanska,Živorođeni,2112.0
2011,Broj,Ž,Županija Zeničko-dobojska,Živorođeni,1815.0
2011,Broj,Ž,Županija Bosansko-podrinjska,Živorođeni,92.0
2011,Broj,Ž,Županija Srednjobosanska,Živorođeni,1081.0
2011,Broj,Ž,Županija Hercegovačko-neretvanska,Živorođeni,871.0
2011,Broj,Ž,Županija Zapadno-hercegovačka,Živorođeni,371.0
2011,Broj,Ž,Sarajevska županija,Živorođeni,2311.0
2011,Broj,Ž,Županija 10,Živorođeni,227.0
2012,Broj,Oba spola,Federacija Bosne i Hercegovine,Živorođeni,21389.0
2012,Broj,Oba spola,Županija Unsko-sanska,Živorođeni,2351.0
2012,Broj,Oba spola,Županija Posavska,Živorođeni,220.0
2012,Broj,Oba spola,Županija Tuzlanska,Živorođeni,4587.0
2012,Broj,Oba spola,Županija Zeničko-dobojska,Živorođeni,3807.0
2012,Broj,Oba spola,Županija Bosansko-podrinjska,Živorođeni,216.0
2012,Broj,Oba spola,Županija Srednjobosanska,Živorođeni,2361.0
2012,Broj,Oba spola,Županija Hercegovačko-neretvanska,Živorođeni,1901.0
2012,Broj,Oba spola,Županija Zapadno-hercegovačka,Živorođeni,798.0
2012,Broj,Oba spola,Sarajevska županija,Živorođeni,4682.0
2012,Broj,Oba spola,Županija 10,Živorođeni,466.0
2012,Broj,M,Federacija Bosne i Hercegovine,Živorođeni,11110.0
2012,Broj,M,Županija Unsko-sanska,Živorođeni,1227.0
2012,Broj,M,Županija Posavska,Živorođeni,125.0
2012,Broj,M,Županija Tuzlanska,Živorođeni,2351.0
2012,Broj,M,Županija Zeničko-dobojska,Živorođeni,1995.0
2012,Broj,M,Županija Bosansko-podrinjska,Živorođeni,121.0
2012,Broj,M,Županija Srednjobosanska,Živorođeni,1207.0
2012,Broj,M,Županija Hercegovačko-neretvanska,Živorođeni,985.0
2012,Broj,M,Županija Zapadno-hercegovačka,Živorođeni,397.0
2012,Broj,M,Sarajevska županija,Živorođeni,2465.0
2012,Broj,M,Županija 10,Živorođeni,237.0
2012,Broj,Ž,Federacija Bosne i Hercegovine,Živorođeni,10279.0
2012,Broj,Ž,Županija Unsko-sanska,Živorođeni,1124.0
2012,Broj,Ž,Županija Posavska,Živorođeni,95.0
2012,Broj,Ž,Županija Tuzlanska,Živorođeni,2236.0
2012,Broj,Ž,Županija Zeničko-dobojska,Živorođeni,1812.0
2012,Broj,Ž,Županija Bosansko-podrinjska,Živorođeni,95.0
2012,Broj,Ž,Županija Srednjobosanska,Živorođeni,1154.0
2012,Broj,Ž,Županija Hercegovačko-neretvanska,Živorođeni,916.0
2012,Broj,Ž,Županija Zapadno-hercegovačka,Živorođeni,401.0
2012,Broj,Ž,Sarajevska županija,Živorođeni,2217.0
2012,Broj,Ž,Županija 10,Živorođeni,229.0
2013,Broj,Oba spola,Federacija Bosne i Hercegovine,Živorođeni,20083.0
2013,Broj,Oba spola,Županija Unsko-sanska,Živorođeni,2174.0
2013,Broj,Oba spola,Županija Posavska,Živorođeni,167.0
2013,Broj,Oba spola,Županija Tuzlanska,Živorođeni,4323.0
2013,Broj,Oba spola,Županija Zeničko-dobojska,Živorođeni,3416.0
2013,Broj,Oba spola,Županija Bosansko-podrinjska,Živorođeni,236.0
2013,Broj,Oba spola,Županija Srednjobosanska,Živorođeni,2184.0
2013,Broj,Oba spola,Županija Hercegovačko-neretvanska,Živorođeni,1831.0
2013,Broj,Oba spola,Županija Zapadno-hercegovačka,Živorođeni,773.0
2013,Broj,Oba spola,Sarajevska županija,Živorođeni,4550.0
2013,Broj,Oba spola,Županija 10,Živorođeni,429.0
2013,Broj,M,Federacija Bosne i Hercegovine,Živorođeni,10358.0
2013,Broj,M,Županija Unsko-sanska,Živorođeni,1108.0
2013,Broj,M,Županija Posavska,Živorođeni,85.0
2013,Broj,M,Županija Tuzlanska,Živorođeni,2243.0
2013,Broj,M,Županija Zeničko-dobojska,Živorođeni,1799.0
2013,Broj,M,Županija Bosansko-podrinjska,Živorođeni,132.0
2013,Broj,M,Županija Srednjobosanska,Živorođeni,1126.0
2013,Broj,M,Županija Hercegovačko-neretvanska,Živorođeni,939.0
2013,Broj,M,Županija Zapadno-hercegovačka,Živorođeni,399.0
2013,Broj,M,Sarajevska županija,Živorođeni,2305.0
2013,Broj,M,Županija 10,Živorođeni,222.0
2013,Broj,Ž,Federacija Bosne i Hercegovine,Živorođeni,9725.0
2013,Broj,Ž,Županija Unsko-sanska,Živorođeni,1066.0
2013,Broj,Ž,Županija Posavska,Živorođeni,82.0
2013,Broj,Ž,Županija Tuzlanska,Živorođeni,2080.0
2013,Broj,Ž,Županija Zeničko-dobojska,Živorođeni,1617.0
2013,Broj,Ž,Županija Bosansko-podrinjska,Živorođeni,104.0
2013,Broj,Ž,Županija Srednjobosanska,Živorođeni,1058.0
2013,Broj,Ž,Županija Hercegovačko-neretvanska,Živorođeni,892.0
2013,Broj,Ž,Županija Zapadno-hercegovačka,Živorođeni,374.0
2013,Broj,Ž,Sarajevska županija,Živorođeni,2245.0
2013,Broj,Ž,Županija 10,Živorođeni,207.0
2014,Broj,Oba spola,Federacija Bosne i Hercegovine,Živorođeni,19823.0
2014,Broj,Oba spola,Županija Unsko-sanska,Živorođeni,2154.0
2014,Broj,Oba spola,Županija Posavska,Živorođeni,212.0
2014,Broj,Oba spola,Županija Tuzlanska,Živorođeni,4069.0
2014,Broj,Oba spola,Županija Zeničko-dobojska,Živorođeni,3391.0
2014,Broj,Oba spola,Županija Bosansko-podrinjska,Živorođeni,268.0
2014,Broj,Oba spola,Županija Srednjobosanska,Živorođeni,2090.0
2014,Broj,Oba spola,Županija Hercegovačko-neretvanska,Živorođeni,1824.0
2014,Broj,Oba spola,Županija Zapadno-hercegovačka,Živorođeni,816.0
2014,Broj,Oba spola,Sarajevska županija,Živorođeni,4566.0
2014,Broj,Oba spola,Županija 10,Živorođeni,433.0
2014,Broj,M,Federacija Bosne i Hercegovine,Živorođeni,10156.0
2014,Broj,M,Županija Unsko-sanska,Živorođeni,1112.0
2014,Broj,M,Županija Posavska,Živorođeni,107.0
2014,Broj,M,Županija Tuzlanska,Živorođeni,2091.0
2014,Broj,M,Županija Zeničko-dobojska,Živorođeni,1724.0
2014,Broj,M,Županija Bosansko-podrinjska,Živorođeni,134.0
2014,Broj,M,Županija Srednjobosanska,Živorođeni,1088.0
2014,Broj,M,Županija Hercegovačko-neretvanska,Živorođeni,921.0
2014,Broj,M,Županija Zapadno-hercegovačka,Živorođeni,403.0
2014,Broj,M,Sarajevska županija,Živorođeni,2355.0
2014,Broj,M,Županija 10,Živorođeni,221.0
2014,Broj,Ž,Federacija Bosne i Hercegovine,Živorođeni,9667.0
2014,Broj,Ž,Županija Unsko-sanska,Živorođeni,1042.0
2014,Broj,Ž,Županija Posavska,Živorođeni,105.0
2014,Broj,Ž,Županija Tuzlanska,Živorođeni,1978.0
2014,Broj,Ž,Županija Zeničko-dobojska,Živorođeni,1667.0
2014,Broj,Ž,Županija Bosansko-podrinjska,Živorođeni,134.0
2014,Broj,Ž,Županija Srednjobosanska,Živorođeni,1002.0
2014,Broj,Ž,Županija Hercegovačko-neretvanska,Živorođeni,903.0
2014,Broj,Ž,Županija Zapadno-hercegovačka,Živorođeni,413.0
2014,Broj,Ž,Sarajevska županija,Živorođeni,2211.0
2014,Broj,Ž,Županija 10,Živorođeni,212.0
2015,Broj,Oba spola,Federacija Bosne i Hercegovine,Živorođeni,19317.0
2015,Broj,Oba spola,Županija Unsko-sanska,Živorođeni,2096.0
2015,Broj,Oba spola,Županija Posavska,Živorođeni,193.0
2015,Broj,Oba spola,Županija Tuzlanska,Živorođeni,3888.0
2015,Broj,Oba spola,Županija Zeničko-dobojska,Živorođeni,3438.0
2015,Broj,Oba spola,Županija Bosansko-podrinjska,Živorođeni,214.0
2015,Broj,Oba spola,Županija Srednjobosanska,Živorođeni,1965.0
2015,Broj,Oba spola,Županija Hercegovačko-neretvanska,Živorođeni,1762.0
2015,Broj,Oba spola,Županija Zapadno-hercegovačka,Živorođeni,734.0
2015,Broj,Oba spola,Sarajevska županija,Živorođeni,4619.0
2015,Broj,Oba spola,Županija 10,Živorođeni,408.0
2015,Broj,M,Federacija Bosne i Hercegovine,Živorođeni,9868.0
2015,Broj,M,Županija Unsko-sanska,Živorođeni,1098.0
2015,Broj,M,Županija Posavska,Živorođeni,108.0
2015,Broj,M,Županija Tuzlanska,Živorođeni,1919.0
2015,Broj,M,Županija Zeničko-dobojska,Živorođeni,1782.0
2015,Broj,M,Županija Bosansko-podrinjska,Živorođeni,114.0
2015,Broj,M,Županija Srednjobosanska,Živorođeni,1047.0
2015,Broj,M,Županija Hercegovačko-neretvanska,Živorođeni,913.0
2015,Broj,M,Županija Zapadno-hercegovačka,Živorođeni,390.0
2015,Broj,M,Sarajevska županija,Živorođeni,2304.0
2015,Broj,M,Županija 10,Živorođeni,193.0
2015,Broj,Ž,Federacija Bosne i Hercegovine,Živorođeni,9449.0
2015,Broj,Ž,Županija Unsko-sanska,Živorođeni,998.0
2015,Broj,Ž,Županija Posavska,Živorođeni,85.0
2015,Broj,Ž,Županija Tuzlanska,Živorođeni,1969.0
2015,Broj,Ž,Županija Zeničko-dobojska,Živorođeni,1656.0
2015,Broj,Ž,Županija Bosansko-podrinjska,Živorođeni,100.0
2015,Broj,Ž,Županija Srednjobosanska,Živorođeni,918.0
2015,Broj,Ž,Županija Hercegovačko-neretvanska,Živorođeni,849.0
2015,Broj,Ž,Županija Zapadno-hercegovačka,Živorođeni,344.0
2015,Broj,Ž,Sarajevska županija,Živorođeni,2315.0
2015,Broj,Ž,Županija 10,Živorođeni,215.0
2016,Broj,Oba spola,Federacija Bosne i Hercegovine,Živorođeni,19655.0
2016,Broj,Oba spola,Županija Unsko-sanska,Živorođeni,2105.0
2016,Broj,Oba spola,Županija Posavska,Živorođeni,144.0
2016,Broj,Oba spola,Županija Tuzlanska,Živorođeni,3903.0
2016,Broj,Oba spola,Županija Zeničko-dobojska,Živorođeni,3452.0
2016,Broj,Oba spola,Županija Bosansko-podrinjska,Živorođeni,234.0
2016,Broj,Oba spola,Županija Srednjobosanska,Živorođeni,2135.0
2016,Broj,Oba spola,Županija Hercegovačko-neretvanska,Živorođeni,1833.0
2016,Broj,Oba spola,Županija Zapadno-hercegovačka,Živorođeni,709.0
2016,Broj,Oba spola,Sarajevska županija,Živorođeni,4774.0
2016,Broj,Oba spola,Županija 10,Živorođeni,366.0
2016,Broj,M,Federacija Bosne i Hercegovine,Živorođeni,10214.0
2016,Broj,M,Županija Unsko-sanska,Živorođeni,1090.0
2016,Broj,M,Županija Posavska,Živorođeni,75.0
2016,Broj,M,Županija Tuzlanska,Živorođeni,1995.0
2016,Broj,M,Županija Zeničko-dobojska,Živorođeni,1816.0
2016,Broj,M,Županija Bosansko-podrinjska,Živorođeni,131.0
2016,Broj,M,Županija Srednjobosanska,Živorođeni,1106.0
2016,Broj,M,Županija Hercegovačko-neretvanska,Živorođeni,915.0
2016,Broj,M,Županija Zapadno-hercegovačka,Živorođeni,371.0
2016,Broj,M,Sarajevska županija,Živorođeni,2516.0
2016,Broj,M,Županija 10,Živorođeni,199.0
2016,Broj,Ž,Federacija Bosne i Hercegovine,Živorođeni,9441.0
2016,Broj,Ž,Županija Unsko-sanska,Živorođeni,1015.0
2016,Broj,Ž,Županija Posavska,Živorođeni,69.0
2016,Broj,Ž,Županija Tuzlanska,Živorođeni,1908.0
2016,Broj,Ž,Županija Zeničko-dobojska,Živorođeni,1636.0
2016,Broj,Ž,Županija Bosansko-podrinjska,Živorođeni,103.0
2016,Broj,Ž,Županija Srednjobosanska,Živorođeni,1029.0
2016,Broj,Ž,Županija Hercegovačko-neretvanska,Živorođeni,918.0
2016,Broj,Ž,Županija Zapadno-hercegovačka,Živorođeni,338.0
2016,Broj,Ž,Sarajevska županija,Živorođeni,2258.0
2016,Broj,Ž,Županija 10,Živorođeni,167.0
2017,Broj,Oba spola,Federacija Bosne i Hercegovine,Živorođeni,19824.0
2017,Broj,Oba spola,Županija Unsko-sanska,Živorođeni,2057.0
2017,Broj,Oba spola,Županija Posavska,Živorođeni,154.0
2017,Broj,Oba spola,Županija Tuzlanska,Živorođeni,3966.0
2017,Broj,Oba spola,Županija Zeničko-dobojska,Živorođeni,3585.0
2017,Broj,Oba spola,Županija Bosansko-podrinjska,Živorođeni,241.0
2017,Broj,Oba spola,Županija Srednjobosanska,Živorođeni,2167.0
2017,Broj,Oba spola,Županija Hercegovačko-neretvanska,Živorođeni,1712.0
2017,Broj,Oba spola,Županija Zapadno-hercegovačka,Živorođeni,709.0
2017,Broj,Oba spola,Sarajevska županija,Živorođeni,4856.0
2017,Broj,Oba spola,Županija 10,Živorođeni,377.0
2017,Broj,M,Federacija Bosne i Hercegovine,Živorođeni,10247.0
2017,Broj,M,Županija Unsko-sanska,Živorođeni,1051.0
2017,Broj,M,Županija Posavska,Živorođeni,75.0
2017,Broj,M,Županija Tuzlanska,Živorođeni,2036.0
2017,Broj,M,Županija Zeničko-dobojska,Živorođeni,1827.0
2017,Broj,M,Županija Bosansko-podrinjska,Živorođeni,133.0
2017,Broj,M,Županija Srednjobosanska,Živorođeni,1189.0
2017,Broj,M,Županija Hercegovačko-neretvanska,Živorođeni,919.0
2017,Broj,M,Županija Zapadno-hercegovačka,Živorođeni,364.0
2017,Broj,M,Sarajevska županija,Živorođeni,2459.0
2017,Broj,M,Županija 10,Živorođeni,194.0
2017,Broj,Ž,Federacija Bosne i Hercegovine,Živorođeni,9577.0
2017,Broj,Ž,Županija Unsko-sanska,Živorođeni,1006.0
2017,Broj,Ž,Županija Posavska,Živorođeni,79.0
2017,Broj,Ž,Županija Tuzlanska,Živorođeni,1930.0
2017,Broj,Ž,Županija Zeničko-dobojska,Živorođeni,1758.0
2017,Broj,Ž,Županija Bosansko-podrinjska,Živorođeni,108.0
2017,Broj,Ž,Županija Srednjobosanska,Živorođeni,978.0
2017,Broj,Ž,Županija Hercegovačko-neretvanska,Živorođeni,793.0
2017,Broj,Ž,Županija Zapadno-hercegovačka,Živorođeni,345.0
2017,Broj,Ž,Sarajevska županija,Živorođeni,2397.0
2017,Broj,Ž,Županija 10,Živorođeni,183.0
2018,Broj,Oba spola,Federacija Bosne i Hercegovine,Živorođeni,18899.0
2018,Broj,Oba spola,Županija Unsko-sanska,Živorođeni,1804.0
2018,Broj,Oba spola,Županija Posavska,Živorođeni,151.0
2018,Broj,Oba spola,Županija Tuzlanska,Živorođeni,3723.0
2018,Broj,Oba spola,Županija Zeničko-dobojska,Živorođeni,3488.0
2018,Broj,Oba spola,Županija Bosansko-podrinjska,Živorođeni,240.0
2018,Broj,Oba spola,Županija Srednjobosanska,Živorođeni,2040.0
2018,Broj,Oba spola,Županija Hercegovačko-neretvanska,Živorođeni,1790.0
2018,Broj,Oba spola,Županija Zapadno-hercegovačka,Živorođeni,760.0
2018,Broj,Oba spola,Sarajevska županija,Živorođeni,4530.0
2018,Broj,Oba spola,Županija 10,Živorođeni,373.0
2018,Broj,M,Federacija Bosne i Hercegovine,Živorođeni,9742.0
2018,Broj,M,Županija Unsko-sanska,Živorođeni,975.0
2018,Broj,M,Županija Posavska,Živorođeni,68.0
2018,Broj,M,Županija Tuzlanska,Živorođeni,1895.0
2018,Broj,M,Županija Zeničko-dobojska,Živorođeni,1760.0
2018,Broj,M,Županija Bosansko-podrinjska,Živorođeni,125.0
2018,Broj,M,Županija Srednjobosanska,Živorođeni,1059.0
2018,Broj,M,Županija Hercegovačko-neretvanska,Živorođeni,914.0
2018,Broj,M,Županija Zapadno-hercegovačka,Živorođeni,397.0
2018,Broj,M,Sarajevska županija,Živorođeni,2340.0
2018,Broj,M,Županija 10,Živorođeni,209.0
2018,Broj,Ž,Federacija Bosne i Hercegovine,Živorođeni,9157.0
2018,Broj,Ž,Županija Unsko-sanska,Živorođeni,829.0
2018,Broj,Ž,Županija Posavska,Živorođeni,83.0
2018,Broj,Ž,Županija Tuzlanska,Živorođeni,1828.0
2018,Broj,Ž,Županija Zeničko-dobojska,Živorođeni,1728.0
2018,Broj,Ž,Županija Bosansko-podrinjska,Živorođeni,115.0
2018,Broj,Ž,Županija Srednjobosanska,Živorođeni,981.0
2018,Broj,Ž,Županija Hercegovačko-neretvanska,Živorođeni,876.0
2018,Broj,Ž,Županija Zapadno-hercegovačka,Živorođeni,363.0
2018,Broj,Ž,Sarajevska županija,Živorođeni,2190.0
2018,Broj,Ž,Županija 10,Živorođeni,164.0
2019,Broj,Oba spola,Federacija Bosne i Hercegovine,Živorođeni,18019.0
2019,Broj,Oba spola,Županija Unsko-sanska,Živorođeni,1735.0
2019,Broj,Oba spola,Županija Posavska,Živorođeni,124.0
2019,Broj,Oba spola,Županija Tuzlanska,Živorođeni,3636.0
2019,Broj,Oba spola,Županija Zeničko-dobojska,Živorođeni,3337.0
2019,Broj,Oba spola,Županija Bosansko-podrinjska,Živorođeni,200.0
2019,Broj,Oba spola,Županija Srednjobosanska,Živorođeni,1929.0
2019,Broj,Oba spola,Županija Hercegovačko-neretvanska,Živorođeni,1632.0
2019,Broj,Oba spola,Županija Zapadno-hercegovačka,Živorođeni,729.0
2019,Broj,Oba spola,Sarajevska županija,Živorođeni,4339.0
2019,Broj,Oba spola,Županija 10,Živorođeni,358.0
2019,Broj,M,Federacija Bosne i Hercegovine,Živorođeni,9342.0
2019,Broj,M,Županija Unsko-sanska,Živorođeni,876.0
2019,Broj,M,Županija Posavska,Živorođeni,68.0
2019,Broj,M,Županija Tuzlanska,Živorođeni,1887.0
2019,Broj,M,Županija Zeničko-dobojska,Živorođeni,1733.0
2019,Broj,M,Županija Bosansko-podrinjska,Živorođeni,100.0
2019,Broj,M,Županija Srednjobosanska,Živorođeni,1041.0
2019,Broj,M,Županija Hercegovačko-neretvanska,Živorođeni,823.0
2019,Broj,M,Županija Zapadno-hercegovačka,Živorođeni,381.0
2019,Broj,M,Sarajevska županija,Živorođeni,2249.0
2019,Broj,M,Županija 10,Živorođeni,184.0
2019,Broj,Ž,Federacija Bosne i Hercegovine,Živorođeni,8677.0
2019,Broj,Ž,Županija Unsko-sanska,Živorođeni,859.0
2019,Broj,Ž,Županija Posavska,Živorođeni,56.0
2019,Broj,Ž,Županija Tuzlanska,Živorođeni,1749.0
2019,Broj,Ž,Županija Zeničko-dobojska,Živorođeni,1604.0
2019,Broj,Ž,Županija Bosansko-podrinjska,Živorođeni,100.0
2019,Broj,Ž,Županija Srednjobosanska,Živorođeni,888.0
2019,Broj,Ž,Županija Hercegovačko-neretvanska,Živorođeni,809.0
2019,Broj,Ž,Županija Zapadno-hercegovačka,Živorođeni,348.0
2019,Broj,Ž,Sarajevska županija,Živorođeni,2090.0
2019,Broj,Ž,Županija 10,Živorođeni,174.0
2020,Broj,Oba spola,Federacija Bosne i Hercegovine,Živorođeni,17211.0
2020,Broj,Oba spola,Županija Unsko-sanska,Živorođeni,1552.0
2020,Broj,Oba spola,Županija Posavska,Živorođeni,128.0
2020,Broj,Oba spola,Županija Tuzlanska,Živorođeni,3425.0
2020,Broj,Oba spola,Županija Zeničko-dobojska,Živorođeni,3259.0
2020,Broj,Oba spola,Županija Bosansko-podrinjska,Živorođeni,173.0
2020,Broj,Oba spola,Županija Srednjobosanska,Živorođeni,1854.0
2020,Broj,Oba spola,Županija Hercegovačko-neretvanska,Živorođeni,1532.0
2020,Broj,Oba spola,Županija Zapadno-hercegovačka,Živorođeni,756.0
2020,Broj,Oba spola,Sarajevska županija,Živorođeni,4206.0
2020,Broj,Oba spola,Županija 10,Živorođeni,326.0
2020,Broj,M,Federacija Bosne i Hercegovine,Živorođeni,8901.0
2020,Broj,M,Županija Unsko-sanska,Živorođeni,808.0
2020,Broj,M,Županija Posavska,Živorođeni,69.0
2020,Broj,M,Županija Tuzlanska,Živorođeni,1775.0
2020,Broj,M,Županija Zeničko-dobojska,Živorođeni,1683.0
2020,Broj,M,Županija Bosansko-podrinjska,Živorođeni,88.0
2020,Broj,M,Županija Srednjobosanska,Živorođeni,978.0
2020,Broj,M,Županija Hercegovačko-neretvanska,Živorođeni,805.0
2020,Broj,M,Županija Zapadno-hercegovačka,Živorođeni,373.0
2020,Broj,M,Sarajevska županija,Živorođeni,2164.0
2020,Broj,M,Županija 10,Živorođeni,158.0
2020,Broj,Ž,Federacija Bosne i Hercegovine,Živorođeni,8310.0
2020,Broj,Ž,Županija Unsko-sanska,Živorođeni,744.0
2020,Broj,Ž,Županija Posavska,Živorođeni,59.0
2020,Broj,Ž,Županija Tuzlanska,Živorođeni,1650.0
2020,Broj,Ž,Županija Zeničko-dobojska,Živorođeni,1576.0
2020,Broj,Ž,Županija Bosansko-podrinjska,Živorođeni,85.0
2020,Broj,Ž,Županija Srednjobosanska,Živorođeni,876.0
2020,Broj,Ž,Županija Hercegovačko-neretvanska,Živorođeni,727.0
2020,Broj,Ž,Županija Zapadno-hercegovačka,Živorođeni,383.0
2020,Broj,Ž,Sarajevska županija,Živorođeni,2042.0
2020,Broj,Ž,Županija 10,Živorođeni,168.0
2011,Broj,Oba spola,Federacija Bosne i Hercegovine,Umrli,19979.0
2011,Broj,Oba spola,Županija Unsko-sanska,Umrli,
2011,Broj,Oba spola,Županija Posavska,Umrli,
2011,Broj,Oba spola,Županija Tuzlanska,Umrli,
2011,Broj,Oba spola,Županija Zeničko-dobojska,Umrli,
2011,Broj,Oba spola,Županija Bosansko-podrinjska,Umrli,
2011,Broj,Oba spola,Županija Srednjobosanska,Umrli,
2011,Broj,Oba spola,Županija Hercegovačko-neretvanska,Umrli,
2011,Broj,Oba spola,Županija Zapadno-hercegovačka,Umrli,
2011,Broj,Oba spola,Sarajevska županija,Umrli,
2011,Broj,Oba spola,Županija 10,Umrli,
2011,Broj,M,Federacija Bosne i Hercegovine,Umrli,10234.0
2011,Broj,M,Županija Unsko-sanska,Umrli,
2011,Broj,M,Županija Posavska,Umrli,
2011,Broj,M,Županija Tuzlanska,Umrli,
2011,Broj,M,Županija Zeničko-dobojska,Umrli,
2011,Broj,M,Županija Bosansko-podrinjska,Umrli,
2011,Broj,M,Županija Srednjobosanska,Umrli,
2011,Broj,M,Županija Hercegovačko-neretvanska,Umrli,
2011,Broj,M,Županija Zapadno-hercegovačka,Umrli,
2011,Broj,M,Sarajevska županija,Umrli,
2011,Broj,M,Županija 10,Umrli,
2011,Broj,Ž,Federacija Bosne i Hercegovine,Umrli,9745.0
2011,Broj,Ž,Županija Unsko-sanska,Umrli,
2011,Broj,Ž,Županija Posavska,Umrli,
2011,Broj,Ž,Županija Tuzlanska,Umrli,
2011,Broj,Ž,Županija Zeničko-dobojska,Umrli,
2011,Broj,Ž,Županija Bosansko-podrinjska,Umrli,
2011,Broj,Ž,Županija Srednjobosanska,Umrli,
2011,Broj,Ž,Županija Hercegovačko-neretvanska,Umrli,
2011,Broj,Ž,Županija Zapadno-hercegovačka,Umrli,
2011,Broj,Ž,Sarajevska županija,Umrli,
2011,Broj,Ž,Županija 10,Umrli,
2012,Broj,Oba spola,Federacija Bosne i Hercegovine,Umrli,20621.0
2012,Broj,Oba spola,Županija Unsko-sanska,Umrli,
2012,Broj,Oba spola,Županija Posavska,Umrli,
2012,Broj,Oba spola,Županija Tuzlanska,Umrli,
2012,Broj,Oba spola,Županija Zeničko-dobojska,Umrli,
2012,Broj,Oba spola,Županija Bosansko-podrinjska,Umrli,
2012,Broj,Oba spola,Županija Srednjobosanska,Umrli,
2012,Broj,Oba spola,Županija Hercegovačko-neretvanska,Umrli,
2012,Broj,Oba spola,Županija Zapadno-hercegovačka,Umrli,
2012,Broj,Oba spola,Sarajevska županija,Umrli,
2012,Broj,Oba spola,Županija 10,Umrli,
2012,Broj,M,Federacija Bosne i Hercegovine,Umrli,10599.0
2012,Broj,M,Županija Unsko-sanska,Umrli,
2012,Broj,M,Županija Posavska,Umrli,
2012,Broj,M,Županija Tuzlanska,Umrli,
2012,Broj,M,Županija Zeničko-dobojska,Umrli,
2012,Broj,M,Županija Bosansko-podrinjska,Umrli,
2012,Broj,M,Županija Srednjobosanska,Umrli,
2012,Broj,M,Županija Hercegovačko-neretvanska,Umrli,
2012,Broj,M,Županija Zapadno-hercegovačka,Umrli,
2012,Broj,M,Sarajevska županija,Umrli,
2012,Broj,M,Županija 10,Umrli,
2012,Broj,Ž,Federacija Bosne i Hercegovine,Umrli,10022.0
2012,Broj,Ž,Županija Unsko-sanska,Umrli,
2012,Broj,Ž,Županija Posavska,Umrli,
2012,Broj,Ž,Županija Tuzlanska,Umrli,
2012,Broj,Ž,Županija Zeničko-dobojska,Umrli,
2012,Broj,Ž,Županija Bosansko-podrinjska,Umrli,
2012,Broj,Ž,Županija Srednjobosanska,Umrli,
2012,Broj,Ž,Županija Hercegovačko-neretvanska,Umrli,
2012,Broj,Ž,Županija Zapadno-hercegovačka,Umrli,
2012,Broj,Ž,Sarajevska županija,Umrli,
2012,Broj,Ž,Županija 10,Umrli,
2013,Broj,Oba spola,Federacija Bosne i Hercegovine,Umrli,20269.0
2013,Broj,Oba spola,Županija Unsko-sanska,Umrli,
2013,Broj,Oba spola,Županija Posavska,Umrli,
2013,Broj,Oba spola,Županija Tuzlanska,Umrli,
2013,Broj,Oba spola,Županija Zeničko-dobojska,Umrli,
2013,Broj,Oba spola,Županija Bosansko-podrinjska,Umrli,
2013,Broj,Oba spola,Županija Srednjobosanska,Umrli,
2013,Broj,Oba spola,Županija Hercegovačko-neretvanska,Umrli,
2013,Broj,Oba spola,Županija Zapadno-hercegovačka,Umrli,
2013,Broj,Oba spola,Sarajevska županija,Umrli,
2013,Broj,Oba spola,Županija 10,Umrli,
2013,Broj,M,Federacija Bosne i Hercegovine,Umrli,10250.0
2013,Broj,M,Županija Unsko-sanska,Umrli,
2013,Broj,M,Županija Posavska,Umrli,
2013,Broj,M,Županija Tuzlanska,Umrli,
2013,Broj,M,Županija Zeničko-dobojska,Umrli,
2013,Broj,M,Županija Bosansko-podrinjska,Umrli,
2013,Broj,M,Županija Srednjobosanska,Umrli,
2013,Broj,M,Županija Hercegovačko-neretvanska,Umrli,
2013,Broj,M,Županija Zapadno-hercegovačka,Umrli,
2013,Broj,M,Sarajevska županija,Umrli,
2013,Broj,M,Županija 10,Umrli,
2013,Broj,Ž,Federacija Bosne i Hercegovine,Umrli,10019.0
2013,Broj,Ž,Županija Unsko-sanska,Umrli,
2013,Broj,Ž,Županija Posavska,Umrli,
2013,Broj,Ž,Županija Tuzlanska,Umrli,
2013,Broj,Ž,Županija Zeničko-dobojska,Umrli,
2013,Broj,Ž,Županija Bosansko-podrinjska,Umrli,
2013,Broj,Ž,Županija Srednjobosanska,Umrli,
2013,Broj,Ž,Županija Hercegovačko-neretvanska,Umrli,
2013,Broj,Ž,Županija Zapadno-hercegovačka,Umrli,
2013,Broj,Ž,Sarajevska županija,Umrli,
2013,Broj,Ž,Županija 10,Umrli,
2014,Broj,Oba spola,Federacija Bosne i Hercegovine,Umrli,20030.0
2014,Broj,Oba spola,Županija Unsko-sanska,Umrli,
2014,Broj,Oba spola,Županija Posavska,Umrli,
2014,Broj,Oba spola,Županija Tuzlanska,Umrli,
2014,Broj,Oba spola,Županija Zeničko-dobojska,Umrli,
2014,Broj,Oba spola,Županija Bosansko-podrinjska,Umrli,
2014,Broj,Oba spola,Županija Srednjobosanska,Umrli,
2014,Broj,Oba spola,Županija Hercegovačko-neretvanska,Umrli,
2014,Broj,Oba spola,Županija Zapadno-hercegovačka,Umrli,
2014,Broj,Oba spola,Sarajevska županija,Umrli,
2014,Broj,Oba spola,Županija 10,Umrli,
2014,Broj,M,Federacija Bosne i Hercegovine,Umrli,10184.0
2014,Broj,M,Županija Unsko-sanska,Umrli,
2014,Broj,M,Županija Posavska,Umrli,
2014,Broj,M,Županija Tuzlanska,Umrli,
2014,Broj,M,Županija Zeničko-dobojska,Umrli,
2014,Broj,M,Županija Bosansko-podrinjska,Umrli,
2014,Broj,M,Županija Srednjobosanska,Umrli,
2014,Broj,M,Županija Hercegovačko-neretvanska,Umrli,
2014,Broj,M,Županija Zapadno-hercegovačka,Umrli,
2014,Broj,M,Sarajevska županija,Umrli,
2014,Broj,M,Županija 10,Umrli,
2014,Broj,Ž,Federacija Bosne i Hercegovine,Umrli,9846.0
2014,Broj,Ž,Županija Unsko-sanska,Umrli,
2014,Broj,Ž,Županija Posavska,Umrli,
2014,Broj,Ž,Županija Tuzlanska,Umrli,
2014,Broj,Ž,Županija Zeničko-dobojska,Umrli,
2014,Broj,Ž,Županija Bosansko-podrinjska,Umrli,
2014,Broj,Ž,Županija Srednjobosanska,Umrli,
2014,Broj,Ž,Županija Hercegovačko-neretvanska,Umrli,
2014,Broj,Ž,Županija Zapadno-hercegovačka,Umrli,
2014,Broj,Ž,Sarajevska županija,Umrli,
2014,Broj,Ž,Županija 10,Umrli,
2015,Broj,Oba spola,Federacija Bosne i Hercegovine,Umrli,21474.0
2015,Broj,Oba spola,Županija Unsko-sanska,Umrli,
2015,Broj,Oba spola,Županija Posavska,Umrli,
2015,Broj,Oba spola,Županija Tuzlanska,Umrli,
2015,Broj,Oba spola,Županija Zeničko-dobojska,Umrli,
2015,Broj,Oba spola,Županija Bosansko-podrinjska,Umrli,
2015,Broj,Oba spola,Županija Srednjobosanska,Umrli,
2015,Broj,Oba spola,Županija Hercegovačko-neretvanska,Umrli,
2015,Broj,Oba spola,Županija Zapadno-hercegovačka,Umrli,
2015,Broj,Oba spola,Sarajevska županija,Umrli,
2015,Broj,Oba spola,Županija 10,Umrli,
2015,Broj,M,Federacija Bosne i Hercegovine,Umrli,10722.0
2015,Broj,M,Županija Unsko-sanska,Umrli,
2015,Broj,M,Županija Posavska,Umrli,
2015,Broj,M,Županija Tuzlanska,Umrli,
2015,Broj,M,Županija Zeničko-dobojska,Umrli,
2015,Broj,M,Županija Bosansko-podrinjska,Umrli,
2015,Broj,M,Županija Srednjobosanska,Umrli,
2015,Broj,M,Županija Hercegovačko-neretvanska,Umrli,
2015,Broj,M,Županija Zapadno-hercegovačka,Umrli,
2015,Broj,M,Sarajevska županija,Umrli,
2015,Broj,M,Županija 10,Umrli,
2015,Broj,Ž,Federacija Bosne i Hercegovine,Umrli,10752.0
2015,Broj,Ž,Županija Unsko-sanska,Umrli,
2015,Broj,Ž,Županija Posavska,Umrli,
2015,Broj,Ž,Županija Tuzlanska,Umrli,
2015,Broj,Ž,Županija Zeničko-dobojska,Umrli,
2015,Broj,Ž,Županija Bosansko-podrinjska,Umrli,
2015,Broj,Ž,Županija Srednjobosanska,Umrli,
2015,Broj,Ž,Županija Hercegovačko-neretvanska,Umrli,
2015,Broj,Ž,Županija Zapadno-hercegovačka,Umrli,
2015,Broj,Ž,Sarajevska županija,Umrli,
2015,Broj,Ž,Županija 10,Umrli,
2016,Broj,Oba spola,Federacija Bosne i Hercegovine,Umrli,21105.0
2016,Broj,Oba spola,Županija Unsko-sanska,Umrli,
2016,Broj,Oba spola,Županija Posavska,Umrli,
2016,Broj,Oba spola,Županija Tuzlanska,Umrli,
2016,Broj,Oba spola,Županija Zeničko-dobojska,Umrli,
2016,Broj,Oba spola,Županija Bosansko-podrinjska,Umrli,
2016,Broj,Oba spola,Županija Srednjobosanska,Umrli,
2016,Broj,Oba spola,Županija Hercegovačko-neretvanska,Umrli,
2016,Broj,Oba spola,Županija Zapadno-hercegovačka,Umrli,
2016,Broj,Oba spola,Sarajevska županija,Umrli,
2016,Broj,Oba spola,Županija 10,Umrli,
2016,Broj,M,Federacija Bosne i Hercegovine,Umrli,10538.0
2016,Broj,M,Županija Unsko-sanska,Umrli,
2016,Broj,M,Županija Posavska,Umrli,
2016,Broj,M,Županija Tuzlanska,Umrli,
2016,Broj,M,Županija Zeničko-dobojska,Umrli,
2016,Broj,M,Županija Bosansko-podrinjska,Umrli,
2016,Broj,M,Županija Srednjobosanska,Umrli,
2016,Broj,M,Županija Hercegovačko-neretvanska,Umrli,
2016,Broj,M,Županija Zapadno-hercegovačka,Umrli,
2016,Broj,M,Sarajevska županija,Umrli,
2016,Broj,M,Županija 10,Umrli,
2016,Broj,Ž,Federacija Bosne i Hercegovine,Umrli,10567.0
2016,Broj,Ž,Županija Unsko-sanska,Umrli,
2016,Broj,Ž,Županija Posavska,Umrli,
2016,Broj,Ž,Županija Tuzlanska,Umrli,
2016,Broj,Ž,Županija Zeničko-dobojska,Umrli,
2016,Broj,Ž,Županija Bosansko-podrinjska,Umrli,
2016,Broj,Ž,Županija Srednjobosanska,Umrli,
2016,Broj,Ž,Županija Hercegovačko-neretvanska,Umrli,
2016,Broj,Ž,Županija Zapadno-hercegovačka,Umrli,
2016,Broj,Ž,Sarajevska županija,Umrli,
2016,Broj,Ž,Županija 10,Umrli,
2017,Broj,Oba spola,Federacija Bosne i Hercegovine,Umrli,21689.0
2017,Broj,Oba spola,Županija Unsko-sanska,Umrli,
2017,Broj,Oba spola,Županija Posavska,Umrli,
2017,Broj,Oba spola,Županija Tuzlanska,Umrli,
2017,Broj,Oba spola,Županija Zeničko-dobojska,Umrli,
2017,Broj,Oba spola,Županija Bosansko-podrinjska,Umrli,
2017,Broj,Oba spola,Županija Srednjobosanska,Umrli,
2017,Broj,Oba spola,Županija Hercegovačko-neretvanska,Umrli,
2017,Broj,Oba spola,Županija Zapadno-hercegovačka,Umrli,
2017,Broj,Oba spola,Sarajevska županija,Umrli,
2017,Broj,Oba spola,Županija 10,Umrli,
2017,Broj,M,Federacija Bosne i Hercegovine,Umrli,10979.0
2017,Broj,M,Županija Unsko-sanska,Umrli,
2017,Broj,M,Županija Posavska,Umrli,
2017,Broj,M,Županija Tuzlanska,Umrli,
2017,Broj,M,Županija Zeničko-dobojska,Umrli,
2017,Broj,M,Županija Bosansko-podrinjska,Umrli,
2017,Broj,M,Županija Srednjobosanska,Umrli,
2017,Broj,M,Županija Hercegovačko-neretvanska,Umrli,
2017,Broj,M,Županija Zapadno-hercegovačka,Umrli,
2017,Broj,M,Sarajevska županija,Umrli,
2017,Broj,M,Županija 10,Umrli,
2017,Broj,Ž,Federacija Bosne i Hercegovine,Umrli,10710.0
2017,Broj,Ž,Županija Unsko-sanska,Umrli,
2017,Broj,Ž,Županija Posavska,Umrli,
2017,Broj,Ž,Županija Tuzlanska,Umrli,
2017,Broj,Ž,Županija Zeničko-dobojska,Umrli,
2017,Broj,Ž,Županija Bosansko-podrinjska,Umrli,
2017,Broj,Ž,Županija Srednjobosanska,Umrli,
2017,Broj,Ž,Županija Hercegovačko-neretvanska,Umrli,
2017,Broj,Ž,Županija Zapadno-hercegovačka,Umrli,
2017,Broj,Ž,Sarajevska županija,Umrli,
2017,Broj,Ž,Županija 10,Umrli,
2018,Broj,Oba spola,Federacija Bosne i Hercegovine,Umrli,21442.0
2018,Broj,Oba spola,Županija Unsko-sanska,Umrli,
2018,Broj,Oba spola,Županija Posavska,Umrli,
2018,Broj,Oba spola,Županija Tuzlanska,Umrli,
2018,Broj,Oba spola,Županija Zeničko-dobojska,Umrli,
2018,Broj,Oba spola,Županija Bosansko-podrinjska,Umrli,
2018,Broj,Oba spola,Županija Srednjobosanska,Umrli,
2018,Broj,Oba spola,Županija Hercegovačko-neretvanska,Umrli,
2018,Broj,Oba spola,Županija Zapadno-hercegovačka,Umrli,
2018,Broj,Oba spola,Sarajevska županija,Umrli,
2018,Broj,Oba spola,Županija 10,Umrli,
2018,Broj,M,Federacija Bosne i Hercegovine,Umrli,10756.0
2018,Broj,M,Županija Unsko-sanska,Umrli,
2018,Broj,M,Županija Posavska,Umrli,
2018,Broj,M,Županija Tuzlanska,Umrli,
2018,Broj,M,Županija Zeničko-dobojska,Umrli,
2018,Broj,M,Županija Bosansko-podrinjska,Umrli,
2018,Broj,M,Županija Srednjobosanska,Umrli,
2018,Broj,M,Županija Hercegovačko-neretvanska,Umrli,
2018,Broj,M,Županija Zapadno-hercegovačka,Umrli,
2018,Broj,M,Sarajevska županija,Umrli,
2018,Broj,M,Županija 10,Umrli,
2018,Broj,Ž,Federacija Bosne i Hercegovine,Umrli,10686.0
2018,Broj,Ž,Županija Unsko-sanska,Umrli,
2018,Broj,Ž,Županija Posavska,Umrli,
2018,Broj,Ž,Županija Tuzlanska,Umrli,
2018,Broj,Ž,Županija Zeničko-dobojska,Umrli,
2018,Broj,Ž,Županija Bosansko-podrinjska,Umrli,
2018,Broj,Ž,Županija Srednjobosanska,Umrli,
2018,Broj,Ž,Županija Hercegovačko-neretvanska,Umrli,
2018,Broj,Ž,Županija Zapadno-hercegovačka,Umrli,
2018,Broj,Ž,Sarajevska županija,Umrli,
2018,Broj,Ž,Županija 10,Umrli,
2019,Broj,Oba spola,Federacija Bosne i Hercegovine,Umrli,22024.0
2019,Broj,Oba spola,Županija Unsko-sanska,Umrli,
2019,Broj,Oba spola,Županija Posavska,Umrli,
2019,Broj,Oba spola,Županija Tuzlanska,Umrli,
2019,Broj,Oba spola,Županija Zeničko-dobojska,Umrli,
2019,Broj,Oba spola,Županija Bosansko-podrinjska,Umrli,
2019,Broj,Oba spola,Županija Srednjobosanska,Umrli,
2019,Broj,Oba spola,Županija Hercegovačko-neretvanska,Umrli,
2019,Broj,Oba spola,Županija Zapadno-hercegovačka,Umrli,
2019,Broj,Oba spola,Sarajevska županija,Umrli,
2019,Broj,Oba spola,Županija 10,Umrli,
2019,Broj,M,Federacija Bosne i Hercegovine,Umrli,11140.0
2019,Broj,M,Županija Unsko-sanska,Umrli,
2019,Broj,M,Županija Posavska,Umrli,
2019,Broj,M,Županija Tuzlanska,Umrli,
2019,Broj,M,Županija Zeničko-dobojska,Umrli,
2019,Broj,M,Županija Bosansko-podrinjska,Umrli,
2019,Broj,M,Županija Srednjobosanska,Umrli,
2019,Broj,M,Županija Hercegovačko-neretvanska,Umrli,
2019,Broj,M,Županija Zapadno-hercegovačka,Umrli,
2019,Broj,M,Sarajevska županija,Umrli,
2019,Broj,M,Županija 10,Umrli,
2019,Broj,Ž,Federacija Bosne i Hercegovine,Umrli,10884.0
2019,Broj,Ž,Županija Unsko-sanska,Umrli,
2019,Broj,Ž,Županija Posavska,Umrli,
2019,Broj,Ž,Županija Tuzlanska,Umrli,
2019,Broj,Ž,Županija Zeničko-dobojska,Umrli,
2019,Broj,Ž,Županija Bosansko-podrinjska,Umrli,
2019,Broj,Ž,Županija Srednjobosanska,Umrli,
2019,Broj,Ž,Županija Hercegovačko-neretvanska,Umrli,
2019,Broj,Ž,Županija Zapadno-hercegovačka,Umrli,
2019,Broj,Ž,Sarajevska županija,Umrli,
2019,Broj,Ž,Županija 10,Umrli,
2020,Broj,Oba spola,Federacija Bosne i Hercegovine,Umrli,
2020,Broj,Oba spola,Županija Unsko-sanska,Umrli,
2020,Broj,Oba spola,Županija Posavska,Umrli,
2020,Broj,Oba spola,Županija Tuzlanska,Umrli,
2020,Broj,Oba spola,Županija Zeničko-dobojska,Umrli,
2020,Broj,Oba spola,Županija Bosansko-podrinjska,Umrli,
2020,Broj,Oba spola,Županija Srednjobosanska,Umrli,
2020,Broj,Oba spola,Županija Hercegovačko-neretvanska,Umrli,
2020,Broj,Oba spola,Županija Zapadno-hercegovačka,Umrli,
2020,Broj,Oba spola,Sarajevska županija,Umrli,
2020,Broj,Oba spola,Županija 10,Umrli,
2020,Broj,M,Federacija Bosne i Hercegovine,Umrli,
2020,Broj,M,Županija Unsko-sanska,Umrli,
2020,Broj,M,Županija Posavska,Umrli,
2020,Broj,M,Županija Tuzlanska,Umrli,
2020,Broj,M,Županija Zeničko-dobojska,Umrli,
2020,Broj,M,Županija Bosansko-podrinjska,Umrli,
2020,Broj,M,Županija Srednjobosanska,Umrli,
2020,Broj,M,Županija Hercegovačko-neretvanska,Umrli,
2020,Broj,M,Županija Zapadno-hercegovačka,Umrli,
2020,Broj,M,Sarajevska županija,Umrli,
2020,Broj,M,Županija 10,Umrli,
2020,Broj,Ž,Federacija Bosne i Hercegovine,Umrli,
2020,Broj,Ž,Županija Unsko-sanska,Umrli,
2020,Broj,Ž,Županija Posavska,Umrli,
2020,Broj,Ž,Županija Tuzlanska,Umrli,
2020,Broj,Ž,Županija Zeničko-dobojska,Umrli,
2020,Broj,Ž,Županija Bosansko-podrinjska,Umrli,
2020,Broj,Ž,Županija Srednjobosanska,Umrli,
2020,Broj,Ž,Županija Hercegovačko-neretvanska,Umrli,
2020,Broj,Ž,Županija Zapadno-hercegovačka,Umrli,
2020,Broj,Ž,Sarajevska županija,Umrli,
2020,Broj,Ž,Županija 10,Umrli,
2011,Broj,Oba spola,Federacija Bosne i Hercegovine,Prirodni priraštaj,1249.0
2011,Broj,Oba spola,Županija Unsko-sanska,Prirodni priraštaj,
2011,Broj,Oba spola,Županija Posavska,Prirodni priraštaj,
2011,Broj,Oba spola,Županija Tuzlanska,Prirodni priraštaj,
2011,Broj,Oba spola,Županija Zeničko-dobojska,Prirodni priraštaj,
2011,Broj,Oba spola,Županija Bosansko-podrinjska,Prirodni priraštaj,
2011,Broj,Oba spola,Županija Srednjobosanska,Prirodni priraštaj,
2011,Broj,Oba spola,Županija Hercegovačko-neretvanska,Prirodni priraštaj,
2011,Broj,Oba spola,Županija Zapadno-hercegovačka,Prirodni priraštaj,
2011,Broj,Oba spola,Sarajevska županija,Prirodni priraštaj,
2011,Broj,Oba spola,Županija 10,Prirodni priraštaj,
2012,Broj,Oba spola,Federacija Bosne i Hercegovine,Prirodni priraštaj,851.0
2012,Broj,Oba spola,Županija Unsko-sanska,Prirodni priraštaj,
2012,Broj,Oba spola,Županija Posavska,Prirodni priraštaj,
2012,Broj,Oba spola,Županija Tuzlanska,Prirodni priraštaj,
2012,Broj,Oba spola,Županija Zeničko-dobojska,Prirodni priraštaj,
2012,Broj,Oba spola,Županija Bosansko-podrinjska,Prirodni priraštaj,
2012,Broj,Oba spola,Županija Srednjobosanska,Prirodni priraštaj,
2012,Broj,Oba spola,Županija Hercegovačko-neretvanska,Prirodni priraštaj,
2012,Broj,Oba spola,Županija Zapadno-hercegovačka,Prirodni priraštaj,
2012,Broj,Oba spola,Sarajevska županija,Prirodni priraštaj,
2012,Broj,Oba spola,Županija 10,Prirodni priraštaj,
2013,Broj,Oba spola,Federacija Bosne i Hercegovine,Prirodni priraštaj,-124.0
2013,Broj,Oba spola,Županija Unsko-sanska,Prirodni priraštaj,
2013,Broj,Oba spola,Županija Posavska,Prirodni priraštaj,
2013,Broj,Oba spola,Županija Tuzlanska,Prirodni priraštaj,
2013,Broj,Oba spola,Županija Zeničko-dobojska,Prirodni priraštaj,
2013,Broj,Oba spola,Županija Bosansko-podrinjska,Prirodni priraštaj,
2013,Broj,Oba spola,Županija Srednjobosanska,Prirodni priraštaj,
2013,Broj,Oba spola,Županija Hercegovačko-neretvanska,Prirodni priraštaj,
2013,Broj,Oba spola,Županija Zapadno-hercegovačka,Prirodni priraštaj,
2013,Broj,Oba spola,Sarajevska županija,Prirodni priraštaj,
2013,Broj,Oba spola,Županija 10,Prirodni priraštaj,
2014,Broj,Oba spola,Federacija Bosne i Hercegovine,Prirodni priraštaj,-150.0
2014,Broj,Oba spola,Županija Unsko-sanska,Prirodni priraštaj,
2014,Broj,Oba spola,Županija Posavska,Prirodni priraštaj,
2014,Broj,Oba spola,Županija Tuzlanska,Prirodni priraštaj,
2014,Broj,Oba spola,Županija Zeničko-dobojska,Prirodni priraštaj,
2014,Broj,Oba spola,Županija Bosansko-podrinjska,Prirodni priraštaj,
2014,Broj,Oba spola,Županija Srednjobosanska,Prirodni priraštaj,
2014,Broj,Oba spola,Županija Hercegovačko-neretvanska,Prirodni priraštaj,
2014,Broj,Oba spola,Županija Zapadno-hercegovačka,Prirodni priraštaj,
2014,Broj,Oba spola,Sarajevska županija,Prirodni priraštaj,
2014,Broj,Oba spola,Županija 10,Prirodni priraštaj,
2015,Broj,Oba spola,Federacija Bosne i Hercegovine,Prirodni priraštaj,-2116.0
2015,Broj,Oba spola,Županija Unsko-sanska,Prirodni priraštaj,
2015,Broj,Oba spola,Županija Posavska,Prirodni priraštaj,
2015,Broj,Oba spola,Županija Tuzlanska,Prirodni priraštaj,
2015,Broj,Oba spola,Županija Zeničko-dobojska,Prirodni priraštaj,
2015,Broj,Oba spola,Županija Bosansko-podrinjska,Prirodni priraštaj,
2015,Broj,Oba spola,Županija Srednjobosanska,Prirodni priraštaj,
2015,Broj,Oba spola,Županija Hercegovačko-neretvanska,Prirodni priraštaj,
2015,Broj,Oba spola,Županija Zapadno-hercegovačka,Prirodni priraštaj,
2015,Broj,Oba spola,Sarajevska županija,Prirodni priraštaj,
2015,Broj,Oba spola,Županija 10,Prirodni priraštaj,
2016,Broj,Oba spola,Federacija Bosne i Hercegovine,Prirodni priraštaj,-1450.0
2016,Broj,Oba spola,Županija Unsko-sanska,Prirodni priraštaj,
2016,Broj,Oba spola,Županija Posavska,Prirodni priraštaj,
2016,Broj,Oba spola,Županija Tuzlanska,Prirodni priraštaj,
2016,Broj,Oba spola,Županija Zeničko-dobojska,Prirodni priraštaj,
2016,Broj,Oba spola,Županija Bosansko-podrinjska,Prirodni priraštaj,
2016,Broj,Oba spola,Županija Srednjobosanska,Prirodni priraštaj,
2016,Broj,Oba spola,Županija Hercegovačko-neretvanska,Prirodni priraštaj,
2016,Broj,Oba spola,Županija Zapadno-hercegovačka,Prirodni priraštaj,
2016,Broj,Oba spola,Sarajevska županija,Prirodni priraštaj,
2016,Broj,Oba spola,Županija 10,Prirodni priraštaj,
2017,Broj,Oba spola,Federacija Bosne i Hercegovine,Prirodni priraštaj,-1865.0
2017,Broj,Oba spola,Županija Unsko-sanska,Prirodni priraštaj,
2017,Broj,Oba spola,Županija Posavska,Prirodni priraštaj,
2017,Broj,Oba spola,Županija Tuzlanska,Prirodni priraštaj,
2017,Broj,Oba spola,Županija Zeničko-dobojska,Prirodni priraštaj,
2017,Broj,Oba spola,Županija Bosansko-podrinjska,Prirodni priraštaj,
2017,Broj,Oba spola,Županija Srednjobosanska,Prirodni priraštaj,
2017,Broj,Oba spola,Županija Hercegovačko-neretvanska,Prirodni priraštaj,
2017,Broj,Oba spola,Županija Zapadno-hercegovačka,Prirodni priraštaj,
2017,Broj,Oba spola,Sarajevska županija,Prirodni priraštaj,
2017,Broj,Oba spola,Županija 10,Prirodni priraštaj,
2018,Broj,Oba spola,Federacija Bosne i Hercegovine,Prirodni priraštaj,-2543.0
2018,Broj,Oba spola,Županija Unsko-sanska,Prirodni priraštaj,
2018,Broj,Oba spola,Županija Posavska,Prirodni priraštaj,
2018,Broj,Oba spola,Županija Tuzlanska,Prirodni priraštaj,
2018,Broj,Oba spola,Županija Zeničko-dobojska,Prirodni priraštaj,
2018,Broj,Oba spola,Županija Bosansko-podrinjska,Prirodni priraštaj,
2018,Broj,Oba spola,Županija Srednjobosanska,Prirodni priraštaj,
2018,Broj,Oba spola,Županija Hercegovačko-neretvanska,Prirodni priraštaj,
2018,Broj,Oba spola,Županija Zapadno-hercegovačka,Prirodni priraštaj,
2018,Broj,Oba spola,Sarajevska županija,Prirodni priraštaj,
2018,Broj,Oba spola,Županija 10,Prirodni priraštaj,
2019,Broj,Oba spola,Federacija Bosne i Hercegovine,Prirodni priraštaj,-4005.0
2019,Broj,Oba spola,Županija Unsko-sanska,Prirodni priraštaj,
2019,Broj,Oba spola,Županija Posavska,Prirodni priraštaj,
2019,Broj,Oba spola,Županija Tuzlanska,Prirodni priraštaj,
2019,Broj,Oba spola,Županija Zeničko-dobojska,Prirodni priraštaj,
2019,Broj,Oba spola,Županija Bosansko-podrinjska,Prirodni priraštaj,
2019,Broj,Oba spola,Županija Srednjobosanska,Prirodni priraštaj,
2019,Broj,Oba spola,Županija Hercegovačko-neretvanska,Prirodni priraštaj,
2019,Broj,Oba spola,Županija Zapadno-hercegovačka,Prirodni priraštaj,
2019,Broj,Oba spola,Sarajevska županija,Prirodni priraštaj,
2019,Broj,Oba spola,Županija 10,Prirodni priraštaj,
2020,Broj,Oba spola,Federacija Bosne i Hercegovine,Prirodni priraštaj,
2020,Broj,Oba spola,Županija Unsko-sanska,Prirodni priraštaj,
2020,Broj,Oba spola,Županija Posavska,Prirodni priraštaj,
2020,Broj,Oba spola,Županija Tuzlanska,Prirodni priraštaj,
2020,Broj,Oba spola,Županija Zeničko-dobojska,Prirodni priraštaj,
2020,Broj,Oba spola,Županija Bosansko-podrinjska,Prirodni priraštaj,
2020,Broj,Oba spola,Županija Srednjobosanska,Prirodni priraštaj,
2020,Broj,Oba spola,Županija Hercegovačko-neretvanska,Prirodni priraštaj,
2020,Broj,Oba spola,Županija Zapadno-hercegovačka,Prirodni priraštaj,
2020,Broj,Oba spola,Sarajevska županija,Prirodni priraštaj,
2020,Broj,Oba spola,Županija 10,Prirodni priraštaj,
