Year,UNIT_MEASURE,Spol,Starosna dob,Value
2020,Broj,Oba spola,T,2171831
2020,Broj,Oba spola,0,19018
2020,Broj,Oba spola,1,17158
2020,Broj,Oba spola,2,18210
2020,Broj,Oba spola,3,18801
2020,Broj,Oba spola,4,19359
2020,Broj,Oba spola,5,19046
2020,Broj,Oba spola,6,19595
2020,Broj,Oba spola,7,21365
2020,Broj,Oba spola,8,22600
2020,Broj,Oba spola,9,22615
2020,Broj,Oba spola,10,23549
2020,Broj,Oba spola,11,23966
2020,Broj,Oba spola,12,23778
2020,Broj,Oba spola,13,22821
2020,Broj,Oba spola,14,22877
2020,Broj,Oba spola,15,23044
2020,Broj,Oba spola,16,22959
2020,Broj,Oba spola,17,23645
2020,Broj,Oba spola,18,23653
2020,Broj,Oba spola,19,24378
2020,Broj,Oba spola,20,24944
2020,Broj,Oba spola,21,26328
2020,Broj,Oba spola,22,29155
2020,Broj,Oba spola,23,33673
2020,Broj,Oba spola,24,33741
2020,Broj,Oba spola,25,32555
2020,Broj,Oba spola,26,26099
2020,Broj,Oba spola,27,24337
2020,Broj,Oba spola,28,28551
2020,Broj,Oba spola,29,31084
2020,Broj,Oba spola,30,30962
2020,Broj,Oba spola,31,30840
2020,Broj,Oba spola,32,31942
2020,Broj,Oba spola,33,31571
2020,Broj,Oba spola,34,31558
2020,Broj,Oba spola,35,31640
2020,Broj,Oba spola,36,32721
2020,Broj,Oba spola,37,31500
2020,Broj,Oba spola,38,31408
2020,Broj,Oba spola,39,31872
2020,Broj,Oba spola,40,31156
2020,Broj,Oba spola,41,30745
2020,Broj,Oba spola,42,30798
2020,Broj,Oba spola,43,30741
2020,Broj,Oba spola,44,31570
2020,Broj,Oba spola,45,30617
2020,Broj,Oba spola,46,30276
2020,Broj,Oba spola,47,29934
2020,Broj,Oba spola,48,31041
2020,Broj,Oba spola,49,30318
2020,Broj,Oba spola,50,28957
2020,Broj,Oba spola,51,31002
2020,Broj,Oba spola,52,31221
2020,Broj,Oba spola,53,32103
2020,Broj,Oba spola,54,32824
2020,Broj,Oba spola,55,33135
2020,Broj,Oba spola,56,32824
2020,Broj,Oba spola,57,33094
2020,Broj,Oba spola,58,34040
2020,Broj,Oba spola,59,33448
2020,Broj,Oba spola,60,32811
2020,Broj,Oba spola,61,32633
2020,Broj,Oba spola,62,30538
2020,Broj,Oba spola,63,28782
2020,Broj,Oba spola,64,28986
2020,Broj,Oba spola,65,28807
2020,Broj,Oba spola,66,27159
2020,Broj,Oba spola,67,26631
2020,Broj,Oba spola,68,24003
2020,Broj,Oba spola,69,21469
2020,Broj,Oba spola,70,21110
2020,Broj,Oba spola,71,19905
2020,Broj,Oba spola,72,17368
2020,Broj,Oba spola,73,17971
2020,Broj,Oba spola,74,13496
2020,Broj,Oba spola,75,12154
2020,Broj,Oba spola,76,11073
2020,Broj,Oba spola,77,10749
2020,Broj,Oba spola,78,11526
2020,Broj,Oba spola,79,11587
2020,Broj,Oba spola,80,11732
2020,Broj,Oba spola,81,10111
2020,Broj,Oba spola,82,9250
2020,Broj,Oba spola,83,8025
2020,Broj,Oba spola,84,7094
2020,Broj,Oba spola,85,6045
2020,Broj,Oba spola,86,5338
2020,Broj,Oba spola,87,4200
2020,Broj,Oba spola,88,3237
2020,Broj,Oba spola,89,2528
2020,Broj,Oba spola,90,1915
2020,Broj,Oba spola,91,1422
2020,Broj,Oba spola,92,1042
2020,Broj,Oba spola,93,747
2020,Broj,Oba spola,94,516
2020,Broj,Oba spola,95,363
2020,Broj,Oba spola,96,252
2020,Broj,Oba spola,97,174
2020,Broj,Oba spola,98,116
2020,Broj,Oba spola,99,75
2020,Broj,Oba spola,100,48
2020,Broj,Oba spola,101,37
2020,Broj,Oba spola,102,21
2020,Broj,Oba spola,103,11
2020,Broj,Oba spola,104,6
2020,Broj,Oba spola,105,3
2020,Broj,Oba spola,106,2
2020,Broj,Oba spola,107,1
2020,Broj,Oba spola,108,1
2020,Broj,Oba spola,109,0
2020,Broj,Oba spola,110,0
2020,Broj,Oba spola,111,0
2020,Broj,Oba spola,112,0
2020,Broj,Oba spola,113,0
2020,Broj,Oba spola,114,0
2020,Broj,Oba spola,115,0
2020,Broj,Oba spola,116,0
2020,Broj,Oba spola,117,0
2020,Broj,Oba spola,118,0
2020,Broj,Oba spola,119,0
2020,Broj,Oba spola,120+,0
2025,Broj,Oba spola,T,2084413
2025,Broj,Oba spola,0,17062
2025,Broj,Oba spola,1,17292
2025,Broj,Oba spola,2,17548
2025,Broj,Oba spola,3,17813
2025,Broj,Oba spola,4,18077
2025,Broj,Oba spola,5,18367
2025,Broj,Oba spola,6,16714
2025,Broj,Oba spola,7,17884
2025,Broj,Oba spola,8,18535
2025,Broj,Oba spola,9,19139
2025,Broj,Oba spola,10,18855
2025,Broj,Oba spola,11,19386
2025,Broj,Oba spola,12,21096
2025,Broj,Oba spola,13,22280
2025,Broj,Oba spola,14,22267
2025,Broj,Oba spola,15,23165
2025,Broj,Oba spola,16,23512
2025,Broj,Oba spola,17,23198
2025,Broj,Oba spola,18,22031
2025,Broj,Oba spola,19,21751
2025,Broj,Oba spola,20,21475
2025,Broj,Oba spola,21,20907
2025,Broj,Oba spola,22,21138
2025,Broj,Oba spola,23,20788
2025,Broj,Oba spola,24,21245
2025,Broj,Oba spola,25,21606
2025,Broj,Oba spola,26,22747
2025,Broj,Oba spola,27,25142
2025,Broj,Oba spola,28,29289
2025,Broj,Oba spola,29,29477
2025,Broj,Oba spola,30,28970
2025,Broj,Oba spola,31,23428
2025,Broj,Oba spola,32,22130
2025,Broj,Oba spola,33,26243
2025,Broj,Oba spola,34,28661
2025,Broj,Oba spola,35,28629
2025,Broj,Oba spola,36,28629
2025,Broj,Oba spola,37,29805
2025,Broj,Oba spola,38,29535
2025,Broj,Oba spola,39,29639
2025,Broj,Oba spola,40,29795
2025,Broj,Oba spola,41,30945
2025,Broj,Oba spola,42,29847
2025,Broj,Oba spola,43,29853
2025,Broj,Oba spola,44,30393
2025,Broj,Oba spola,45,29788
2025,Broj,Oba spola,46,29477
2025,Broj,Oba spola,47,29607
2025,Broj,Oba spola,48,29613
2025,Broj,Oba spola,49,30496
2025,Broj,Oba spola,50,29648
2025,Broj,Oba spola,51,29411
2025,Broj,Oba spola,52,29135
2025,Broj,Oba spola,53,30260
2025,Broj,Oba spola,54,29606
2025,Broj,Oba spola,55,28316
2025,Broj,Oba spola,56,30310
2025,Broj,Oba spola,57,30514
2025,Broj,Oba spola,58,31359
2025,Broj,Oba spola,59,32040
2025,Broj,Oba spola,60,32322
2025,Broj,Oba spola,61,31993
2025,Broj,Oba spola,62,32198
2025,Broj,Oba spola,63,33026
2025,Broj,Oba spola,64,32356
2025,Broj,Oba spola,65,31627
2025,Broj,Oba spola,66,31270
2025,Broj,Oba spola,67,29118
2025,Broj,Oba spola,68,27232
2025,Broj,Oba spola,69,27138
2025,Broj,Oba spola,70,26674
2025,Broj,Oba spola,71,24849
2025,Broj,Oba spola,72,24047
2025,Broj,Oba spola,73,21384
2025,Broj,Oba spola,74,18836
2025,Broj,Oba spola,75,18193
2025,Broj,Oba spola,76,16835
2025,Broj,Oba spola,77,14438
2025,Broj,Oba spola,78,14603
2025,Broj,Oba spola,79,10762
2025,Broj,Oba spola,80,9471
2025,Broj,Oba spola,81,8378
2025,Broj,Oba spola,82,7872
2025,Broj,Oba spola,83,8100
2025,Broj,Oba spola,84,7805
2025,Broj,Oba spola,85,7537
2025,Broj,Oba spola,86,6192
2025,Broj,Oba spola,87,5377
2025,Broj,Oba spola,88,4402
2025,Broj,Oba spola,89,3658
2025,Broj,Oba spola,90,2915
2025,Broj,Oba spola,91,2393
2025,Broj,Oba spola,92,1739
2025,Broj,Oba spola,93,1230
2025,Broj,Oba spola,94,874
2025,Broj,Oba spola,95,599
2025,Broj,Oba spola,96,401
2025,Broj,Oba spola,97,264
2025,Broj,Oba spola,98,169
2025,Broj,Oba spola,99,104
2025,Broj,Oba spola,100,65
2025,Broj,Oba spola,101,40
2025,Broj,Oba spola,102,24
2025,Broj,Oba spola,103,14
2025,Broj,Oba spola,104,8
2025,Broj,Oba spola,105,5
2025,Broj,Oba spola,106,3
2025,Broj,Oba spola,107,1
2025,Broj,Oba spola,108,1
2025,Broj,Oba spola,109,0
2025,Broj,Oba spola,110,0
2025,Broj,Oba spola,111,0
2025,Broj,Oba spola,112,0
2025,Broj,Oba spola,113,0
2025,Broj,Oba spola,114,0
2025,Broj,Oba spola,115,0
2025,Broj,Oba spola,116,0
2025,Broj,Oba spola,117,0
2025,Broj,Oba spola,118,0
2025,Broj,Oba spola,119,0
2025,Broj,Oba spola,120+,0
2030,Broj,Oba spola,T,1988405
2030,Broj,Oba spola,0,14980
2030,Broj,Oba spola,1,15202
2030,Broj,Oba spola,2,15467
2030,Broj,Oba spola,3,15766
2030,Broj,Oba spola,4,16095
2030,Broj,Oba spola,5,16448
2030,Broj,Oba spola,6,16813
2030,Broj,Oba spola,7,17175
2030,Broj,Oba spola,8,17515
2030,Broj,Oba spola,9,17821
2030,Broj,Oba spola,10,18153
2030,Broj,Oba spola,11,16536
2030,Broj,Oba spola,12,17693
2030,Broj,Oba spola,13,18307
2030,Broj,Oba spola,14,18890
2030,Broj,Oba spola,15,18592
2030,Broj,Oba spola,16,19051
2030,Broj,Oba spola,17,20571
2030,Broj,Oba spola,18,21469
2030,Broj,Oba spola,19,21079
2030,Broj,Oba spola,20,21486
2030,Broj,Oba spola,21,21328
2030,Broj,Oba spola,22,20654
2030,Broj,Oba spola,23,19302
2030,Broj,Oba spola,24,18935
2030,Broj,Oba spola,25,18670
2030,Broj,Oba spola,26,18196
2030,Broj,Oba spola,27,18547
2030,Broj,Oba spola,28,18342
2030,Broj,Oba spola,29,18939
2030,Broj,Oba spola,30,19412
2030,Broj,Oba spola,31,20578
2030,Broj,Oba spola,32,22823
2030,Broj,Oba spola,33,26802
2030,Broj,Oba spola,34,27053
2030,Broj,Oba spola,35,26884
2030,Broj,Oba spola,36,21830
2030,Broj,Oba spola,37,20748
2030,Broj,Oba spola,38,24706
2030,Broj,Oba spola,39,26978
2030,Broj,Oba spola,40,26974
2030,Broj,Oba spola,41,27038
2030,Broj,Oba spola,42,28240
2030,Broj,Oba spola,43,28026
2030,Broj,Oba spola,44,28207
2030,Broj,Oba spola,45,28412
2030,Broj,Oba spola,46,29603
2030,Broj,Oba spola,47,28601
2030,Broj,Oba spola,48,28686
2030,Broj,Oba spola,49,29288
2030,Broj,Oba spola,50,28779
2030,Broj,Oba spola,51,28557
2030,Broj,Oba spola,52,28752
2030,Broj,Oba spola,53,28803
2030,Broj,Oba spola,54,29707
2030,Broj,Oba spola,55,28919
2030,Broj,Oba spola,56,28732
2030,Broj,Oba spola,57,28481
2030,Broj,Oba spola,58,29580
2030,Broj,Oba spola,59,28956
2030,Broj,Oba spola,60,27714
2030,Broj,Oba spola,61,29606
2030,Broj,Oba spola,62,29759
2030,Broj,Oba spola,63,30501
2030,Broj,Oba spola,64,31056
2030,Broj,Oba spola,65,31198
2030,Broj,Oba spola,66,30719
2030,Broj,Oba spola,67,30701
2030,Broj,Oba spola,68,31231
2030,Broj,Oba spola,69,30328
2030,Broj,Oba spola,70,29371
2030,Broj,Oba spola,71,28714
2030,Broj,Oba spola,72,26448
2030,Broj,Oba spola,73,24404
2030,Broj,Oba spola,74,23955
2030,Broj,Oba spola,75,23171
2030,Broj,Oba spola,76,21215
2030,Broj,Oba spola,77,20182
2030,Broj,Oba spola,78,17623
2030,Broj,Oba spola,79,15213
2030,Broj,Oba spola,80,14361
2030,Broj,Oba spola,81,12944
2030,Broj,Oba spola,82,10793
2030,Broj,Oba spola,83,10544
2030,Broj,Oba spola,84,7506
2030,Broj,Oba spola,85,6350
2030,Broj,Oba spola,86,5369
2030,Broj,Oba spola,87,4810
2030,Broj,Oba spola,88,4690
2030,Broj,Oba spola,89,4266
2030,Broj,Oba spola,90,3869
2030,Broj,Oba spola,91,2973
2030,Broj,Oba spola,92,2400
2030,Broj,Oba spola,93,1815
2030,Broj,Oba spola,94,1382
2030,Broj,Oba spola,95,1002
2030,Broj,Oba spola,96,748
2030,Broj,Oba spola,97,492
2030,Broj,Oba spola,98,314
2030,Broj,Oba spola,99,201
2030,Broj,Oba spola,100,123
2030,Broj,Oba spola,101,73
2030,Broj,Oba spola,102,43
2030,Broj,Oba spola,103,24
2030,Broj,Oba spola,104,13
2030,Broj,Oba spola,105,7
2030,Broj,Oba spola,106,4
2030,Broj,Oba spola,107,2
2030,Broj,Oba spola,108,1
2030,Broj,Oba spola,109,0
2030,Broj,Oba spola,110,0
2030,Broj,Oba spola,111,0
2030,Broj,Oba spola,112,0
2030,Broj,Oba spola,113,0
2030,Broj,Oba spola,114,0
2030,Broj,Oba spola,115,0
2030,Broj,Oba spola,116,0
2030,Broj,Oba spola,117,0
2030,Broj,Oba spola,118,0
2030,Broj,Oba spola,119,0
2030,Broj,Oba spola,120+,0
2035,Broj,Oba spola,T,1882044
2035,Broj,Oba spola,0,13117
2035,Broj,Oba spola,1,13286
2035,Broj,Oba spola,2,13506
2035,Broj,Oba spola,3,13775
2035,Broj,Oba spola,4,14091
2035,Broj,Oba spola,5,14447
2035,Broj,Oba spola,6,14788
2035,Broj,Oba spola,7,15143
2035,Broj,Oba spola,8,15506
2035,Broj,Oba spola,9,15869
2035,Broj,Oba spola,10,16232
2035,Broj,Oba spola,11,16592
2035,Broj,Oba spola,12,16940
2035,Broj,Oba spola,13,17265
2035,Broj,Oba spola,14,17555
2035,Broj,Oba spola,15,17887
2035,Broj,Oba spola,16,16254
2035,Broj,Oba spola,17,17290
2035,Broj,Oba spola,18,17671
2035,Broj,Oba spola,19,17948
2035,Broj,Oba spola,20,17286
2035,Broj,Oba spola,21,17296
2035,Broj,Oba spola,22,18309
2035,Broj,Oba spola,23,18815
2035,Broj,Oba spola,24,18229
2035,Broj,Oba spola,25,18558
2035,Broj,Oba spola,26,18457
2035,Broj,Oba spola,27,18012
2035,Broj,Oba spola,28,16968
2035,Broj,Oba spola,29,16869
2035,Broj,Oba spola,30,16837
2035,Broj,Oba spola,31,16571
2035,Broj,Oba spola,32,17079
2035,Broj,Oba spola,33,17002
2035,Broj,Oba spola,34,17676
2035,Broj,Oba spola,35,18172
2035,Broj,Oba spola,36,19291
2035,Broj,Oba spola,37,21362
2035,Broj,Oba spola,38,25148
2035,Broj,Oba spola,39,25382
2035,Broj,Oba spola,40,25415
2035,Broj,Oba spola,41,20701
2035,Broj,Oba spola,42,19758
2035,Broj,Oba spola,43,23576
2035,Broj,Oba spola,44,25730
2035,Broj,Oba spola,45,25746
2035,Broj,Oba spola,46,25855
2035,Broj,Oba spola,47,27075
2035,Broj,Oba spola,48,26913
2035,Broj,Oba spola,49,27162
2035,Broj,Oba spola,50,27415
2035,Broj,Oba spola,51,28645
2035,Broj,Oba spola,52,27727
2035,Broj,Oba spola,53,27868
2035,Broj,Oba spola,54,28498
2035,Broj,Oba spola,55,28043
2035,Broj,Oba spola,56,27864
2035,Broj,Oba spola,57,28081
2035,Broj,Oba spola,58,28144
2035,Broj,Oba spola,59,29030
2035,Broj,Oba spola,60,28274
2035,Broj,Oba spola,61,28095
2035,Broj,Oba spola,62,27827
2035,Broj,Oba spola,63,28831
2035,Broj,Oba spola,64,28165
2035,Broj,Oba spola,65,26885
2035,Broj,Oba spola,66,28534
2035,Broj,Oba spola,67,28499
2035,Broj,Oba spola,68,28977
2035,Broj,Oba spola,69,29250
2035,Broj,Oba spola,70,29113
2035,Broj,Oba spola,71,28379
2035,Broj,Oba spola,72,28042
2035,Broj,Oba spola,73,28175
2035,Broj,Oba spola,74,26987
2035,Broj,Oba spola,75,25762
2035,Broj,Oba spola,76,24780
2035,Broj,Oba spola,77,22478
2035,Broj,Oba spola,78,20368
2035,Broj,Oba spola,79,19601
2035,Broj,Oba spola,80,18564
2035,Broj,Oba spola,81,16584
2035,Broj,Oba spola,82,15361
2035,Broj,Oba spola,83,13021
2035,Broj,Oba spola,84,10873
2035,Broj,Oba spola,85,9895
2035,Broj,Oba spola,86,8564
2035,Broj,Oba spola,87,6839
2035,Broj,Oba spola,88,6369
2035,Broj,Oba spola,89,4305
2035,Broj,Oba spola,90,3444
2035,Broj,Oba spola,91,2736
2035,Broj,Oba spola,92,2290
2035,Broj,Oba spola,93,2072
2035,Broj,Oba spola,94,1736
2035,Broj,Oba spola,95,1443
2035,Broj,Oba spola,96,1012
2035,Broj,Oba spola,97,745
2035,Broj,Oba spola,98,511
2035,Broj,Oba spola,99,352
2035,Broj,Oba spola,100,229
2035,Broj,Oba spola,101,152
2035,Broj,Oba spola,102,89
2035,Broj,Oba spola,103,50
2035,Broj,Oba spola,104,28
2035,Broj,Oba spola,105,15
2035,Broj,Oba spola,106,8
2035,Broj,Oba spola,107,4
2035,Broj,Oba spola,108,2
2035,Broj,Oba spola,109,1
2035,Broj,Oba spola,110,0
2035,Broj,Oba spola,111,0
2035,Broj,Oba spola,112,0
2035,Broj,Oba spola,113,0
2035,Broj,Oba spola,114,0
2035,Broj,Oba spola,115,0
2035,Broj,Oba spola,116,0
2035,Broj,Oba spola,117,0
2035,Broj,Oba spola,118,0
2035,Broj,Oba spola,119,0
2035,Broj,Oba spola,120+,0
2040,Broj,Oba spola,T,1767237
2040,Broj,Oba spola,0,11787
2040,Broj,Oba spola,1,11881
2040,Broj,Oba spola,2,12017
2040,Broj,Oba spola,3,12193
2040,Broj,Oba spola,4,12408
2040,Broj,Oba spola,5,12656
2040,Broj,Oba spola,6,12932
2040,Broj,Oba spola,7,13232
2040,Broj,Oba spola,8,13557
2040,Broj,Oba spola,9,13902
2040,Broj,Oba spola,10,14265
2040,Broj,Oba spola,11,14600
2040,Broj,Oba spola,12,14942
2040,Broj,Oba spola,13,15287
2040,Broj,Oba spola,14,15632
2040,Broj,Oba spola,15,15972
2040,Broj,Oba spola,16,16278
2040,Broj,Oba spola,17,16510
2040,Broj,Oba spola,18,16635
2040,Broj,Oba spola,19,16636
2040,Broj,Oba spola,20,16655
2040,Broj,Oba spola,21,14733
2040,Broj,Oba spola,22,15434
2040,Broj,Oba spola,23,15503
2040,Broj,Oba spola,24,15629
2040,Broj,Oba spola,25,14973
2040,Broj,Oba spola,26,14998
2040,Broj,Oba spola,27,15971
2040,Broj,Oba spola,28,16531
2040,Broj,Oba spola,29,16119
2040,Broj,Oba spola,30,16626
2040,Broj,Oba spola,31,16714
2040,Broj,Oba spola,32,16503
2040,Broj,Oba spola,33,15685
2040,Broj,Oba spola,34,15737
2040,Broj,Oba spola,35,15805
2040,Broj,Oba spola,36,15612
2040,Broj,Oba spola,37,16168
2040,Broj,Oba spola,38,16132
2040,Broj,Oba spola,39,16823
2040,Broj,Oba spola,40,17313
2040,Broj,Oba spola,41,18381
2040,Broj,Oba spola,42,20306
2040,Broj,Oba spola,43,23930
2040,Broj,Oba spola,44,24144
2040,Broj,Oba spola,45,24321
2040,Broj,Oba spola,46,19867
2040,Broj,Oba spola,47,19033
2040,Broj,Oba spola,48,22745
2040,Broj,Oba spola,49,24820
2040,Broj,Oba spola,50,24868
2040,Broj,Oba spola,51,25026
2040,Broj,Oba spola,52,26263
2040,Broj,Oba spola,53,26139
2040,Broj,Oba spola,54,26427
2040,Broj,Oba spola,55,26698
2040,Broj,Oba spola,56,27927
2040,Broj,Oba spola,57,27059
2040,Broj,Oba spola,58,27219
2040,Broj,Oba spola,59,27847
2040,Broj,Oba spola,60,27418
2040,Broj,Oba spola,61,27243
2040,Broj,Oba spola,62,27435
2040,Broj,Oba spola,63,27455
2040,Broj,Oba spola,64,28241
2040,Broj,Oba spola,65,27430
2040,Broj,Oba spola,66,27147
2040,Broj,Oba spola,67,26736
2040,Broj,Oba spola,68,27495
2040,Broj,Oba spola,69,26662
2040,Broj,Oba spola,70,25248
2040,Broj,Oba spola,71,26523
2040,Broj,Oba spola,72,26216
2040,Broj,Oba spola,73,26344
2040,Broj,Oba spola,74,26258
2040,Broj,Oba spola,75,25779
2040,Broj,Oba spola,76,24763
2040,Broj,Oba spola,77,24093
2040,Broj,Oba spola,78,23811
2040,Broj,Oba spola,79,22388
2040,Broj,Oba spola,80,20959
2040,Broj,Oba spola,81,19702
2040,Broj,Oba spola,82,17440
2040,Broj,Oba spola,83,15358
2040,Broj,Oba spola,84,14328
2040,Broj,Oba spola,85,13121
2040,Broj,Oba spola,86,11288
2040,Broj,Oba spola,87,10048
2040,Broj,Oba spola,88,8152
2040,Broj,Oba spola,89,6485
2040,Broj,Oba spola,90,5600
2040,Broj,Oba spola,91,4575
2040,Broj,Oba spola,92,3430
2040,Broj,Oba spola,93,2983
2040,Broj,Oba spola,94,1867
2040,Broj,Oba spola,95,1376
2040,Broj,Oba spola,96,1004
2040,Broj,Oba spola,97,769
2040,Broj,Oba spola,98,634
2040,Broj,Oba spola,99,482
2040,Broj,Oba spola,100,362
2040,Broj,Oba spola,101,227
2040,Broj,Oba spola,102,148
2040,Broj,Oba spola,103,90
2040,Broj,Oba spola,104,54
2040,Broj,Oba spola,105,31
2040,Broj,Oba spola,106,18
2040,Broj,Oba spola,107,9
2040,Broj,Oba spola,108,4
2040,Broj,Oba spola,109,2
2040,Broj,Oba spola,110,1
2040,Broj,Oba spola,111,0
2040,Broj,Oba spola,112,0
2040,Broj,Oba spola,113,0
2040,Broj,Oba spola,114,0
2040,Broj,Oba spola,115,0
2040,Broj,Oba spola,116,0
2040,Broj,Oba spola,117,0
2040,Broj,Oba spola,118,0
2040,Broj,Oba spola,119,0
2040,Broj,Oba spola,120+,0
2045,Broj,Oba spola,T,1646377
2045,Broj,Oba spola,0,10673
2045,Broj,Oba spola,1,10763
2045,Broj,Oba spola,2,10881
2045,Broj,Oba spola,3,11022
2045,Broj,Oba spola,4,11187
2045,Broj,Oba spola,5,11372
2045,Broj,Oba spola,6,11564
2045,Broj,Oba spola,7,11775
2045,Broj,Oba spola,8,12004
2045,Broj,Oba spola,9,12248
2045,Broj,Oba spola,10,12506
2045,Broj,Oba spola,11,12778
2045,Broj,Oba spola,12,13067
2045,Broj,Oba spola,13,13376
2045,Broj,Oba spola,14,13704
2045,Broj,Oba spola,15,14045
2045,Broj,Oba spola,16,14331
2045,Broj,Oba spola,17,14568
2045,Broj,Oba spola,18,14734
2045,Broj,Oba spola,19,14818
2045,Broj,Oba spola,20,14824
2045,Broj,Oba spola,21,14771
2045,Broj,Oba spola,22,14679
2045,Broj,Oba spola,23,14563
2045,Broj,Oba spola,24,14419
2045,Broj,Oba spola,25,14476
2045,Broj,Oba spola,26,12731
2045,Broj,Oba spola,27,13524
2045,Broj,Oba spola,28,13648
2045,Broj,Oba spola,29,13919
2045,Broj,Oba spola,30,13464
2045,Broj,Oba spola,31,13624
2045,Broj,Oba spola,32,14643
2045,Broj,Oba spola,33,15270
2045,Broj,Oba spola,34,14959
2045,Broj,Oba spola,35,15531
2045,Broj,Oba spola,36,15680
2045,Broj,Oba spola,37,15566
2045,Broj,Oba spola,38,14856
2045,Broj,Oba spola,39,14978
2045,Broj,Oba spola,40,15094
2045,Broj,Oba spola,41,14941
2045,Broj,Oba spola,42,15517
2045,Broj,Oba spola,43,15500
2045,Broj,Oba spola,44,16197
2045,Broj,Oba spola,45,16680
2045,Broj,Oba spola,46,17710
2045,Broj,Oba spola,47,19531
2045,Broj,Oba spola,48,23038
2045,Broj,Oba spola,49,23252
2045,Broj,Oba spola,50,23543
2045,Broj,Oba spola,51,19306
2045,Broj,Oba spola,52,18563
2045,Broj,Oba spola,53,22187
2045,Broj,Oba spola,54,24191
2045,Broj,Oba spola,55,24251
2045,Broj,Oba spola,56,24430
2045,Broj,Oba spola,57,25654
2045,Broj,Oba spola,58,25545
2045,Broj,Oba spola,59,25846
2045,Broj,Oba spola,60,26114
2045,Broj,Oba spola,61,27305
2045,Broj,Oba spola,62,26449
2045,Broj,Oba spola,63,26572
2045,Broj,Oba spola,64,27121
2045,Broj,Oba spola,65,26634
2045,Broj,Oba spola,66,26359
2045,Broj,Oba spola,67,26406
2045,Broj,Oba spola,68,26259
2045,Broj,Oba spola,69,26812
2045,Broj,Oba spola,70,25847
2045,Broj,Oba spola,71,25368
2045,Broj,Oba spola,72,24746
2045,Broj,Oba spola,73,25176
2045,Broj,Oba spola,74,24135
2045,Broj,Oba spola,75,22571
2045,Broj,Oba spola,76,23382
2045,Broj,Oba spola,77,22788
2045,Broj,Oba spola,78,22542
2045,Broj,Oba spola,79,22088
2045,Broj,Oba spola,80,21284
2045,Broj,Oba spola,81,20017
2045,Broj,Oba spola,82,19018
2045,Broj,Oba spola,83,18315
2045,Broj,Oba spola,84,16727
2045,Broj,Oba spola,85,15180
2045,Broj,Oba spola,86,13780
2045,Broj,Oba spola,87,11756
2045,Broj,Oba spola,88,9930
2045,Broj,Oba spola,89,8855
2045,Broj,Oba spola,90,7721
2045,Broj,Oba spola,91,6291
2045,Broj,Oba spola,92,5282
2045,Broj,Oba spola,93,4016
2045,Broj,Oba spola,94,2973
2045,Broj,Oba spola,95,2375
2045,Broj,Oba spola,96,1790
2045,Broj,Oba spola,97,1233
2045,Broj,Oba spola,98,983
2045,Broj,Oba spola,99,559
2045,Broj,Oba spola,100,373
2045,Broj,Oba spola,101,244
2045,Broj,Oba spola,102,166
2045,Broj,Oba spola,103,121
2045,Broj,Oba spola,104,81
2045,Broj,Oba spola,105,53
2045,Broj,Oba spola,106,29
2045,Broj,Oba spola,107,16
2045,Broj,Oba spola,108,8
2045,Broj,Oba spola,109,4
2045,Broj,Oba spola,110,2
2045,Broj,Oba spola,111,1
2045,Broj,Oba spola,112,0
2045,Broj,Oba spola,113,0
2045,Broj,Oba spola,114,0
2045,Broj,Oba spola,115,0
2045,Broj,Oba spola,116,0
2045,Broj,Oba spola,117,0
2045,Broj,Oba spola,118,0
2045,Broj,Oba spola,119,0
2045,Broj,Oba spola,120+,0
2050,Broj,Oba spola,T,1522418
2050,Broj,Oba spola,0,9686
2050,Broj,Oba spola,1,9760
2050,Broj,Oba spola,2,9860
2050,Broj,Oba spola,3,9983
2050,Broj,Oba spola,4,10129
2050,Broj,Oba spola,5,10294
2050,Broj,Oba spola,6,10473
2050,Broj,Oba spola,7,10659
2050,Broj,Oba spola,8,10848
2050,Broj,Oba spola,9,11041
2050,Broj,Oba spola,10,11237
2050,Broj,Oba spola,11,11428
2050,Broj,Oba spola,12,11632
2050,Broj,Oba spola,13,11850
2050,Broj,Oba spola,14,12081
2050,Broj,Oba spola,15,12321
2050,Broj,Oba spola,16,12552
2050,Broj,Oba spola,17,12750
2050,Broj,Oba spola,18,12902
2050,Broj,Oba spola,19,13000
2050,Broj,Oba spola,20,13046
2050,Broj,Oba spola,21,13013
2050,Broj,Oba spola,22,12961
2050,Broj,Oba spola,23,12905
2050,Broj,Oba spola,24,12853
2050,Broj,Oba spola,25,12813
2050,Broj,Oba spola,26,12790
2050,Broj,Oba spola,27,12782
2050,Broj,Oba spola,28,12786
2050,Broj,Oba spola,29,12780
2050,Broj,Oba spola,30,13044
2050,Broj,Oba spola,31,11537
2050,Broj,Oba spola,32,12449
2050,Broj,Oba spola,33,12631
2050,Broj,Oba spola,34,12984
2050,Broj,Oba spola,35,12619
2050,Broj,Oba spola,36,12819
2050,Broj,Oba spola,37,13819
2050,Broj,Oba spola,38,14451
2050,Broj,Oba spola,39,14179
2050,Broj,Oba spola,40,14775
2050,Broj,Oba spola,41,14953
2050,Broj,Oba spola,42,14898
2050,Broj,Oba spola,43,14257
2050,Broj,Oba spola,44,14425
2050,Broj,Oba spola,45,14574
2050,Broj,Oba spola,46,14450
2050,Broj,Oba spola,47,15043
2050,Broj,Oba spola,48,15048
2050,Broj,Oba spola,49,15759
2050,Broj,Oba spola,50,16251
2050,Broj,Oba spola,51,17268
2050,Broj,Oba spola,52,19022
2050,Broj,Oba spola,53,22435
2050,Broj,Oba spola,54,22645
2050,Broj,Oba spola,55,23000
2050,Broj,Oba spola,56,18930
2050,Broj,Oba spola,57,18245
2050,Broj,Oba spola,58,21773
2050,Broj,Oba spola,59,23704
2050,Broj,Oba spola,60,23765
2050,Broj,Oba spola,61,23940
2050,Broj,Oba spola,62,25112
2050,Broj,Oba spola,63,24972
2050,Broj,Oba spola,64,25222
2050,Broj,Oba spola,65,25406
2050,Broj,Oba spola,66,26452
2050,Broj,Oba spola,67,25510
2050,Broj,Oba spola,68,25478
2050,Broj,Oba spola,69,25830
2050,Broj,Oba spola,70,25190
2050,Broj,Oba spola,71,24733
2050,Broj,Oba spola,72,24563
2050,Broj,Oba spola,73,24190
2050,Broj,Oba spola,74,24436
2050,Broj,Oba spola,75,23285
2050,Broj,Oba spola,76,22577
2050,Broj,Oba spola,77,21733
2050,Broj,Oba spola,78,21791
2050,Broj,Oba spola,79,20561
2050,Broj,Oba spola,80,18898
2050,Broj,Oba spola,81,19191
2050,Broj,Oba spola,82,18297
2050,Broj,Oba spola,83,17661
2050,Broj,Oba spola,84,16847
2050,Broj,Oba spola,85,15764
2050,Broj,Oba spola,86,14354
2050,Broj,Oba spola,87,13166
2050,Broj,Oba spola,88,12204
2050,Broj,Oba spola,89,10680
2050,Broj,Oba spola,90,9256
2050,Broj,Oba spola,91,7986
2050,Broj,Oba spola,92,6446
2050,Broj,Oba spola,93,5119
2050,Broj,Oba spola,94,4266
2050,Broj,Oba spola,95,3455
2050,Broj,Oba spola,96,2606
2050,Broj,Oba spola,97,2022
2050,Broj,Oba spola,98,1411
2050,Broj,Oba spola,99,954
2050,Broj,Oba spola,100,692
2050,Broj,Oba spola,101,469
2050,Broj,Oba spola,102,287
2050,Broj,Oba spola,103,203
2050,Broj,Oba spola,104,101
2050,Broj,Oba spola,105,59
2050,Broj,Oba spola,106,33
2050,Broj,Oba spola,107,19
2050,Broj,Oba spola,108,12
2050,Broj,Oba spola,109,7
2050,Broj,Oba spola,110,4
2050,Broj,Oba spola,111,2
2050,Broj,Oba spola,112,1
2050,Broj,Oba spola,113,0
2050,Broj,Oba spola,114,0
2050,Broj,Oba spola,115,0
2050,Broj,Oba spola,116,0
2050,Broj,Oba spola,117,0
2050,Broj,Oba spola,118,0
2050,Broj,Oba spola,119,0
2050,Broj,Oba spola,120+,0
2055,Broj,Oba spola,T,1399095
2055,Broj,Oba spola,0,8793
2055,Broj,Oba spola,1,8865
2055,Broj,Oba spola,2,8957
2055,Broj,Oba spola,3,9067
2055,Broj,Oba spola,4,9195
2055,Broj,Oba spola,5,9340
2055,Broj,Oba spola,6,9493
2055,Broj,Oba spola,7,9654
2055,Broj,Oba spola,8,9821
2055,Broj,Oba spola,9,9993
2055,Broj,Oba spola,10,10168
2055,Broj,Oba spola,11,10345
2055,Broj,Oba spola,12,10525
2055,Broj,Oba spola,13,10705
2055,Broj,Oba spola,14,10888
2055,Broj,Oba spola,15,11070
2055,Broj,Oba spola,16,11226
2055,Broj,Oba spola,17,11352
2055,Broj,Oba spola,18,11435
2055,Broj,Oba spola,19,11467
2055,Broj,Oba spola,20,11453
2055,Broj,Oba spola,21,11408
2055,Broj,Oba spola,22,11355
2055,Broj,Oba spola,23,11313
2055,Broj,Oba spola,24,11287
2055,Broj,Oba spola,25,11288
2055,Broj,Oba spola,26,11278
2055,Broj,Oba spola,27,11295
2055,Broj,Oba spola,28,11336
2055,Broj,Oba spola,29,11403
2055,Broj,Oba spola,30,11493
2055,Broj,Oba spola,31,11597
2055,Broj,Oba spola,32,11706
2055,Broj,Oba spola,33,11811
2055,Broj,Oba spola,34,11880
2055,Broj,Oba spola,35,12236
2055,Broj,Oba spola,36,10840
2055,Broj,Oba spola,37,11788
2055,Broj,Oba spola,38,11974
2055,Broj,Oba spola,39,12358
2055,Broj,Oba spola,40,12042
2055,Broj,Oba spola,41,12259
2055,Broj,Oba spola,42,13232
2055,Broj,Oba spola,43,13857
2055,Broj,Oba spola,44,13612
2055,Broj,Oba spola,45,14223
2055,Broj,Oba spola,46,14420
2055,Broj,Oba spola,47,14411
2055,Broj,Oba spola,48,13830
2055,Broj,Oba spola,49,14042
2055,Broj,Oba spola,50,14226
2055,Broj,Oba spola,51,14136
2055,Broj,Oba spola,52,14749
2055,Broj,Oba spola,53,14777
2055,Broj,Oba spola,54,15493
2055,Broj,Oba spola,55,15983
2055,Broj,Oba spola,56,16979
2055,Broj,Oba spola,57,18671
2055,Broj,Oba spola,58,21988
2055,Broj,Oba spola,59,22191
2055,Broj,Oba spola,60,22573
2055,Broj,Oba spola,61,18644
2055,Broj,Oba spola,62,17988
2055,Broj,Oba spola,63,21378
2055,Broj,Oba spola,64,23186
2055,Broj,Oba spola,65,23180
2055,Broj,Oba spola,66,23268
2055,Broj,Oba spola,67,24280
2055,Broj,Oba spola,68,24009
2055,Broj,Oba spola,69,24104
2055,Broj,Oba spola,70,24111
2055,Broj,Oba spola,71,24916
2055,Broj,Oba spola,72,23837
2055,Broj,Oba spola,73,23593
2055,Broj,Oba spola,74,23684
2055,Broj,Oba spola,75,22854
2055,Broj,Oba spola,76,22179
2055,Broj,Oba spola,77,21760
2055,Broj,Oba spola,78,21143
2055,Broj,Oba spola,79,21041
2055,Broj,Oba spola,80,19726
2055,Broj,Oba spola,81,18786
2055,Broj,Oba spola,82,17712
2055,Broj,Oba spola,83,17357
2055,Broj,Oba spola,84,15970
2055,Broj,Oba spola,85,14278
2055,Broj,Oba spola,86,14068
2055,Broj,Oba spola,87,12979
2055,Broj,Oba spola,88,12081
2055,Broj,Oba spola,89,11074
2055,Broj,Oba spola,90,9918
2055,Broj,Oba spola,91,8607
2055,Broj,Oba spola,92,7488
2055,Broj,Oba spola,93,6551
2055,Broj,Oba spola,94,5371
2055,Broj,Oba spola,95,4336
2055,Broj,Oba spola,96,3478
2055,Broj,Oba spola,97,2599
2055,Broj,Oba spola,98,1902
2055,Broj,Oba spola,99,1452
2055,Broj,Oba spola,100,1070
2055,Broj,Oba spola,101,727
2055,Broj,Oba spola,102,502
2055,Broj,Oba spola,103,310
2055,Broj,Oba spola,104,185
2055,Broj,Oba spola,105,117
2055,Broj,Oba spola,106,68
2055,Broj,Oba spola,107,35
2055,Broj,Oba spola,108,21
2055,Broj,Oba spola,109,9
2055,Broj,Oba spola,110,4
2055,Broj,Oba spola,111,2
2055,Broj,Oba spola,112,1
2055,Broj,Oba spola,113,0
2055,Broj,Oba spola,114,0
2055,Broj,Oba spola,115,0
2055,Broj,Oba spola,116,0
2055,Broj,Oba spola,117,0
2055,Broj,Oba spola,118,0
2055,Broj,Oba spola,119,0
2055,Broj,Oba spola,120+,0
2060,Broj,Oba spola,T,1279085
2060,Broj,Oba spola,0,7932
2060,Broj,Oba spola,1,8010
2060,Broj,Oba spola,2,8105
2060,Broj,Oba spola,3,8217
2060,Broj,Oba spola,4,8341
2060,Broj,Oba spola,5,8477
2060,Broj,Oba spola,6,8619
2060,Broj,Oba spola,7,8766
2060,Broj,Oba spola,8,8916
2060,Broj,Oba spola,9,9067
2060,Broj,Oba spola,10,9221
2060,Broj,Oba spola,11,9374
2060,Broj,Oba spola,12,9529
2060,Broj,Oba spola,13,9689
2060,Broj,Oba spola,14,9851
2060,Broj,Oba spola,15,10014
2060,Broj,Oba spola,16,10160
2060,Broj,Oba spola,17,10269
2060,Broj,Oba spola,18,10328
2060,Broj,Oba spola,19,10333
2060,Broj,Oba spola,20,10290
2060,Broj,Oba spola,21,10204
2060,Broj,Oba spola,22,10113
2060,Broj,Oba spola,23,10032
2060,Broj,Oba spola,24,9966
2060,Broj,Oba spola,25,9920
2060,Broj,Oba spola,26,9900
2060,Broj,Oba spola,27,9910
2060,Broj,Oba spola,28,9951
2060,Broj,Oba spola,29,10026
2060,Broj,Oba spola,30,10137
2060,Broj,Oba spola,31,10236
2060,Broj,Oba spola,32,10352
2060,Broj,Oba spola,33,10477
2060,Broj,Oba spola,34,10610
2060,Broj,Oba spola,35,10749
2060,Broj,Oba spola,36,10895
2060,Broj,Oba spola,37,11042
2060,Broj,Oba spola,38,11183
2060,Broj,Oba spola,39,11277
2060,Broj,Oba spola,40,11684
2060,Broj,Oba spola,41,10358
2060,Broj,Oba spola,42,11321
2060,Broj,Oba spola,43,11501
2060,Broj,Oba spola,44,11904
2060,Broj,Oba spola,45,11624
2060,Broj,Oba spola,46,11853
2060,Broj,Oba spola,47,12808
2060,Broj,Oba spola,48,13434
2060,Broj,Oba spola,49,13220
2060,Broj,Oba spola,50,13852
2060,Broj,Oba spola,51,14075
2060,Broj,Oba spola,52,14109
2060,Broj,Oba spola,53,13576
2060,Broj,Oba spola,54,13815
2060,Broj,Oba spola,55,14018
2060,Broj,Oba spola,56,13947
2060,Broj,Oba spola,57,14563
2060,Broj,Oba spola,58,14602
2060,Broj,Oba spola,59,15314
2060,Broj,Oba spola,60,15797
2060,Broj,Oba spola,61,16765
2060,Broj,Oba spola,62,18387
2060,Broj,Oba spola,63,21571
2060,Broj,Oba spola,64,21727
2060,Broj,Oba spola,65,22059
2060,Broj,Oba spola,66,18220
2060,Broj,Oba spola,67,17515
2060,Broj,Oba spola,68,20651
2060,Broj,Oba spola,69,22231
2060,Broj,Oba spola,70,22080
2060,Broj,Oba spola,71,22010
2060,Broj,Oba spola,72,22787
2060,Broj,Oba spola,73,22338
2060,Broj,Oba spola,74,22228
2060,Broj,Oba spola,75,22007
2060,Broj,Oba spola,76,22501
2060,Broj,Oba spola,77,21279
2060,Broj,Oba spola,78,20793
2060,Broj,Oba spola,79,20583
2060,Broj,Oba spola,80,19562
2060,Broj,Oba spola,81,18658
2060,Broj,Oba spola,82,17957
2060,Broj,Oba spola,83,17076
2060,Broj,Oba spola,84,16598
2060,Broj,Oba spola,85,15161
2060,Broj,Oba spola,86,14038
2060,Broj,Oba spola,87,12828
2060,Broj,Oba spola,88,12149
2060,Broj,Oba spola,89,10762
2060,Broj,Oba spola,90,9228
2060,Broj,Oba spola,91,8689
2060,Broj,Oba spola,92,7622
2060,Broj,Oba spola,93,6710
2060,Broj,Oba spola,94,5780
2060,Broj,Oba spola,95,4835
2060,Broj,Oba spola,96,3909
2060,Broj,Oba spola,97,3159
2060,Broj,Oba spola,98,2552
2060,Broj,Oba spola,99,1921
2060,Broj,Oba spola,100,1414
2060,Broj,Oba spola,101,1023
2060,Broj,Oba spola,102,682
2060,Broj,Oba spola,103,443
2060,Broj,Oba spola,104,298
2060,Broj,Oba spola,105,191
2060,Broj,Oba spola,106,112
2060,Broj,Oba spola,107,65
2060,Broj,Oba spola,108,34
2060,Broj,Oba spola,109,17
2060,Broj,Oba spola,110,9
2060,Broj,Oba spola,111,4
2060,Broj,Oba spola,112,2
2060,Broj,Oba spola,113,1
2060,Broj,Oba spola,114,0
2060,Broj,Oba spola,115,0
2060,Broj,Oba spola,116,0
2060,Broj,Oba spola,117,0
2060,Broj,Oba spola,118,0
2060,Broj,Oba spola,119,0
2060,Broj,Oba spola,120+,0
2065,Broj,Oba spola,T,1164182
2065,Broj,Oba spola,0,7114
2065,Broj,Oba spola,1,7186
2065,Broj,Oba spola,2,7278
2065,Broj,Oba spola,3,7387
2065,Broj,Oba spola,4,7511
2065,Broj,Oba spola,5,7646
2065,Broj,Oba spola,6,7787
2065,Broj,Oba spola,7,7932
2065,Broj,Oba spola,8,8078
2065,Broj,Oba spola,9,8223
2065,Broj,Oba spola,10,8366
2065,Broj,Oba spola,11,8508
2065,Broj,Oba spola,12,8650
2065,Broj,Oba spola,13,8793
2065,Broj,Oba spola,14,8936
2065,Broj,Oba spola,15,9079
2065,Broj,Oba spola,16,9204
2065,Broj,Oba spola,17,9296
2065,Broj,Oba spola,18,9345
2065,Broj,Oba spola,19,9348
2065,Broj,Oba spola,20,9306
2065,Broj,Oba spola,21,9234
2065,Broj,Oba spola,22,9147
2065,Broj,Oba spola,23,9060
2065,Broj,Oba spola,24,8980
2065,Broj,Oba spola,25,8914
2065,Broj,Oba spola,26,8859
2065,Broj,Oba spola,27,8832
2065,Broj,Oba spola,28,8833
2065,Broj,Oba spola,29,8863
2065,Broj,Oba spola,30,8921
2065,Broj,Oba spola,31,8999
2065,Broj,Oba spola,32,9096
2065,Broj,Oba spola,33,9210
2065,Broj,Oba spola,34,9340
2065,Broj,Oba spola,35,9492
2065,Broj,Oba spola,36,9626
2065,Broj,Oba spola,37,9773
2065,Broj,Oba spola,38,9926
2065,Broj,Oba spola,39,10082
2065,Broj,Oba spola,40,10243
2065,Broj,Oba spola,41,10409
2065,Broj,Oba spola,42,10573
2065,Broj,Oba spola,43,10732
2065,Broj,Oba spola,44,10842
2065,Broj,Oba spola,45,11283
2065,Broj,Oba spola,46,10014
2065,Broj,Oba spola,47,10988
2065,Broj,Oba spola,48,11170
2065,Broj,Oba spola,49,11594
2065,Broj,Oba spola,50,11352
2065,Broj,Oba spola,51,11601
2065,Broj,Oba spola,52,12550
2065,Broj,Oba spola,53,13180
2065,Broj,Oba spola,54,12988
2065,Broj,Oba spola,55,13627
2065,Broj,Oba spola,56,13862
2065,Broj,Oba spola,57,13919
2065,Broj,Oba spola,58,13419
2065,Broj,Oba spola,59,13674
2065,Broj,Oba spola,60,13885
2065,Broj,Oba spola,61,13824
2065,Broj,Oba spola,62,14424
2065,Broj,Oba spola,63,14455
2065,Broj,Oba spola,64,15126
2065,Broj,Oba spola,65,15556
2065,Broj,Oba spola,66,16434
2065,Broj,Oba spola,67,17908
2065,Broj,Oba spola,68,20853
2065,Broj,Oba spola,69,20883
2065,Broj,Oba spola,70,21084
2065,Broj,Oba spola,71,17326
2065,Broj,Oba spola,72,16539
2065,Broj,Oba spola,73,19330
2065,Broj,Oba spola,74,20614
2065,Broj,Oba spola,75,20278
2065,Broj,Oba spola,76,20013
2065,Broj,Oba spola,77,20494
2065,Broj,Oba spola,78,19844
2065,Broj,Oba spola,79,19493
2065,Broj,Oba spola,80,19018
2065,Broj,Oba spola,81,19135
2065,Broj,Oba spola,82,17766
2065,Broj,Oba spola,83,17010
2065,Broj,Oba spola,84,16468
2065,Broj,Oba spola,85,15275
2065,Broj,Oba spola,86,14182
2065,Broj,Oba spola,87,13255
2065,Broj,Oba spola,88,12202
2065,Broj,Oba spola,89,11444
2065,Broj,Oba spola,90,10046
2065,Broj,Oba spola,91,8908
2065,Broj,Oba spola,92,7755
2065,Broj,Oba spola,93,6965
2065,Broj,Oba spola,94,5810
2065,Broj,Oba spola,95,4660
2065,Broj,Oba spola,96,4102
2065,Broj,Oba spola,97,3348
2065,Broj,Oba spola,98,2728
2065,Broj,Oba spola,99,2162
2065,Broj,Oba spola,100,1652
2065,Broj,Oba spola,101,1206
2065,Broj,Oba spola,102,871
2065,Broj,Oba spola,103,624
2065,Broj,Oba spola,104,414
2065,Broj,Oba spola,105,266
2065,Broj,Oba spola,106,165
2065,Broj,Oba spola,107,93
2065,Broj,Oba spola,108,50
2065,Broj,Oba spola,109,28
2065,Broj,Oba spola,110,15
2065,Broj,Oba spola,111,7
2065,Broj,Oba spola,112,3
2065,Broj,Oba spola,113,1
2065,Broj,Oba spola,114,1
2065,Broj,Oba spola,115,0
2065,Broj,Oba spola,116,0
2065,Broj,Oba spola,117,0
2065,Broj,Oba spola,118,0
2065,Broj,Oba spola,119,0
2065,Broj,Oba spola,120+,0
2070,Broj,Oba spola,T,1055456
2070,Broj,Oba spola,0,6414
2070,Broj,Oba spola,1,6470
2070,Broj,Oba spola,2,6544
2070,Broj,Oba spola,3,6634
2070,Broj,Oba spola,4,6740
2070,Broj,Oba spola,5,6859
2070,Broj,Oba spola,6,6987
2070,Broj,Oba spola,7,7123
2070,Broj,Oba spola,8,7263
2070,Broj,Oba spola,9,7405
2070,Broj,Oba spola,10,7547
2070,Broj,Oba spola,11,7686
2070,Broj,Oba spola,12,7826
2070,Broj,Oba spola,13,7966
2070,Broj,Oba spola,14,8103
2070,Broj,Oba spola,15,8236
2070,Broj,Oba spola,16,8352
2070,Broj,Oba spola,17,8437
2070,Broj,Oba spola,18,8480
2070,Broj,Oba spola,19,8478
2070,Broj,Oba spola,20,8437
2070,Broj,Oba spola,21,8364
2070,Broj,Oba spola,22,8280
2070,Broj,Oba spola,23,8197
2070,Broj,Oba spola,24,8123
2070,Broj,Oba spola,25,8061
2070,Broj,Oba spola,26,8015
2070,Broj,Oba spola,27,7987
2070,Broj,Oba spola,28,7977
2070,Broj,Oba spola,29,7987
2070,Broj,Oba spola,30,8019
2070,Broj,Oba spola,31,8057
2070,Broj,Oba spola,32,8113
2070,Broj,Oba spola,33,8183
2070,Broj,Oba spola,34,8267
2070,Broj,Oba spola,35,8364
2070,Broj,Oba spola,36,8475
2070,Broj,Oba spola,37,8599
2070,Broj,Oba spola,38,8737
2070,Broj,Oba spola,39,8887
2070,Broj,Oba spola,40,9056
2070,Broj,Oba spola,41,9206
2070,Broj,Oba spola,42,9368
2070,Broj,Oba spola,43,9534
2070,Broj,Oba spola,44,9704
2070,Broj,Oba spola,45,9880
2070,Broj,Oba spola,46,10060
2070,Broj,Oba spola,47,10240
2070,Broj,Oba spola,48,10420
2070,Broj,Oba spola,49,10549
2070,Broj,Oba spola,50,11022
2070,Broj,Oba spola,51,9808
2070,Broj,Oba spola,52,10795
2070,Broj,Oba spola,53,10983
2070,Broj,Oba spola,54,11420
2070,Broj,Oba spola,55,11203
2070,Broj,Oba spola,56,11460
2070,Broj,Oba spola,57,12397
2070,Broj,Oba spola,58,13023
2070,Broj,Oba spola,59,12849
2070,Broj,Oba spola,60,13485
2070,Broj,Oba spola,61,13723
2070,Broj,Oba spola,62,13785
2070,Broj,Oba spola,63,13297
2070,Broj,Oba spola,64,13533
2070,Broj,Oba spola,65,13711
2070,Broj,Oba spola,66,13609
2070,Broj,Oba spola,67,14129
2070,Broj,Oba spola,68,14086
2070,Broj,Oba spola,69,14646
2070,Broj,Oba spola,70,14962
2070,Broj,Oba spola,71,15693
2070,Broj,Oba spola,72,16962
2070,Broj,Oba spola,73,19586
2070,Broj,Oba spola,74,19454
2070,Broj,Oba spola,75,19479
2070,Broj,Oba spola,76,15863
2070,Broj,Oba spola,77,14990
2070,Broj,Oba spola,78,17324
2070,Broj,Oba spola,79,18231
2070,Broj,Oba spola,80,17686
2070,Broj,Oba spola,81,17191
2070,Broj,Oba spola,82,17304
2070,Broj,Oba spola,83,16429
2070,Broj,Oba spola,84,15808
2070,Broj,Oba spola,85,15066
2070,Broj,Oba spola,86,14785
2070,Broj,Oba spola,87,13346
2070,Broj,Oba spola,88,12389
2070,Broj,Oba spola,89,11593
2070,Broj,Oba spola,90,10355
2070,Broj,Oba spola,91,9221
2070,Broj,Oba spola,92,8230
2070,Broj,Oba spola,93,7196
2070,Broj,Oba spola,94,6371
2070,Broj,Oba spola,95,5245
2070,Broj,Oba spola,96,4353
2070,Broj,Oba spola,97,3535
2070,Broj,Oba spola,98,2944
2070,Broj,Oba spola,99,2263
2070,Broj,Oba spola,100,1661
2070,Broj,Oba spola,101,1322
2070,Broj,Oba spola,102,965
2070,Broj,Oba spola,103,698
2070,Broj,Oba spola,104,488
2070,Broj,Oba spola,105,325
2070,Broj,Oba spola,106,204
2070,Broj,Oba spola,107,124
2070,Broj,Oba spola,108,74
2070,Broj,Oba spola,109,40
2070,Broj,Oba spola,110,21
2070,Broj,Oba spola,111,11
2070,Broj,Oba spola,112,5
2070,Broj,Oba spola,113,2
2070,Broj,Oba spola,114,1
2070,Broj,Oba spola,115,0
2070,Broj,Oba spola,116,0
2070,Broj,Oba spola,117,0
2070,Broj,Oba spola,118,0
2070,Broj,Oba spola,119,0
2070,Broj,Oba spola,120+,0
2020,Broj,M,T,1063957
2020,Broj,M,0,9793
2020,Broj,M,1,8887
2020,Broj,M,2,9384
2020,Broj,M,3,9755
2020,Broj,M,4,10038
2020,Broj,M,5,9724
2020,Broj,M,6,10042
2020,Broj,M,7,10908
2020,Broj,M,8,11634
2020,Broj,M,9,11585
2020,Broj,M,10,12124
2020,Broj,M,11,12290
2020,Broj,M,12,12205
2020,Broj,M,13,11788
2020,Broj,M,14,11695
2020,Broj,M,15,11801
2020,Broj,M,16,11792
2020,Broj,M,17,12229
2020,Broj,M,18,12138
2020,Broj,M,19,12431
2020,Broj,M,20,12659
2020,Broj,M,21,13235
2020,Broj,M,22,14836
2020,Broj,M,23,17323
2020,Broj,M,24,17325
2020,Broj,M,25,16533
2020,Broj,M,26,13393
2020,Broj,M,27,12469
2020,Broj,M,28,14283
2020,Broj,M,29,15829
2020,Broj,M,30,15845
2020,Broj,M,31,15635
2020,Broj,M,32,16207
2020,Broj,M,33,16286
2020,Broj,M,34,16048
2020,Broj,M,35,16121
2020,Broj,M,36,16494
2020,Broj,M,37,15910
2020,Broj,M,38,15949
2020,Broj,M,39,16139
2020,Broj,M,40,15646
2020,Broj,M,41,15498
2020,Broj,M,42,15415
2020,Broj,M,43,15332
2020,Broj,M,44,15736
2020,Broj,M,45,15235
2020,Broj,M,46,14898
2020,Broj,M,47,14752
2020,Broj,M,48,15345
2020,Broj,M,49,15020
2020,Broj,M,50,14301
2020,Broj,M,51,15429
2020,Broj,M,52,15326
2020,Broj,M,53,15782
2020,Broj,M,54,16042
2020,Broj,M,55,16132
2020,Broj,M,56,16020
2020,Broj,M,57,16148
2020,Broj,M,58,16399
2020,Broj,M,59,16217
2020,Broj,M,60,15607
2020,Broj,M,61,15809
2020,Broj,M,62,14340
2020,Broj,M,63,13746
2020,Broj,M,64,13802
2020,Broj,M,65,13446
2020,Broj,M,66,12807
2020,Broj,M,67,12237
2020,Broj,M,68,10840
2020,Broj,M,69,9639
2020,Broj,M,70,9298
2020,Broj,M,71,8774
2020,Broj,M,72,7349
2020,Broj,M,73,7750
2020,Broj,M,74,5752
2020,Broj,M,75,5045
2020,Broj,M,76,4707
2020,Broj,M,77,4279
2020,Broj,M,78,4639
2020,Broj,M,79,4538
2020,Broj,M,80,4720
2020,Broj,M,81,3919
2020,Broj,M,82,3473
2020,Broj,M,83,3111
2020,Broj,M,84,2736
2020,Broj,M,85,2245
2020,Broj,M,86,1933
2020,Broj,M,87,1495
2020,Broj,M,88,1146
2020,Broj,M,89,896
2020,Broj,M,90,681
2020,Broj,M,91,512
2020,Broj,M,92,376
2020,Broj,M,93,270
2020,Broj,M,94,189
2020,Broj,M,95,135
2020,Broj,M,96,91
2020,Broj,M,97,64
2020,Broj,M,98,44
2020,Broj,M,99,29
2020,Broj,M,100,19
2020,Broj,M,101,17
2020,Broj,M,102,8
2020,Broj,M,103,4
2020,Broj,M,104,2
2020,Broj,M,105,1
2020,Broj,M,106,1
2020,Broj,M,107,1
2020,Broj,M,108,1
2020,Broj,M,109,0
2020,Broj,M,110,0
2020,Broj,M,111,0
2020,Broj,M,112,0
2020,Broj,M,113,0
2020,Broj,M,114,0
2020,Broj,M,115,0
2020,Broj,M,116,0
2020,Broj,M,117,0
2020,Broj,M,118,0
2020,Broj,M,119,0
2020,Broj,M,120+,0
2025,Broj,M,T,1011625
2025,Broj,M,0,8786
2025,Broj,M,1,8906
2025,Broj,M,2,9037
2025,Broj,M,3,9170
2025,Broj,M,4,9301
2025,Broj,M,5,9446
2025,Broj,M,6,8639
2025,Broj,M,7,9192
2025,Broj,M,8,9590
2025,Broj,M,9,9896
2025,Broj,M,10,9596
2025,Broj,M,11,9903
2025,Broj,M,12,10733
2025,Broj,M,13,11430
2025,Broj,M,14,11366
2025,Broj,M,15,11886
2025,Broj,M,16,12014
2025,Broj,M,17,11862
2025,Broj,M,18,11326
2025,Broj,M,19,11041
2025,Broj,M,20,10887
2025,Broj,M,21,10582
2025,Broj,M,22,10736
2025,Broj,M,23,10434
2025,Broj,M,24,10581
2025,Broj,M,25,10706
2025,Broj,M,26,11142
2025,Broj,M,27,12452
2025,Broj,M,28,14661
2025,Broj,M,29,14692
2025,Broj,M,30,14278
2025,Broj,M,31,11668
2025,Broj,M,32,11016
2025,Broj,M,33,12754
2025,Broj,M,34,14199
2025,Broj,M,35,14253
2025,Broj,M,36,14112
2025,Broj,M,37,14709
2025,Broj,M,38,14830
2025,Broj,M,39,14660
2025,Broj,M,40,14782
2025,Broj,M,41,15211
2025,Broj,M,42,14718
2025,Broj,M,43,14831
2025,Broj,M,44,15087
2025,Broj,M,45,14682
2025,Broj,M,46,14606
2025,Broj,M,47,14577
2025,Broj,M,48,14531
2025,Broj,M,49,14966
2025,Broj,M,50,14533
2025,Broj,M,51,14267
2025,Broj,M,52,14163
2025,Broj,M,53,14764
2025,Broj,M,54,14484
2025,Broj,M,55,13814
2025,Broj,M,56,14907
2025,Broj,M,57,14806
2025,Broj,M,58,15248
2025,Broj,M,59,15493
2025,Broj,M,60,15578
2025,Broj,M,61,15463
2025,Broj,M,62,15560
2025,Broj,M,63,15754
2025,Broj,M,64,15528
2025,Broj,M,65,14884
2025,Broj,M,66,14971
2025,Broj,M,67,13514
2025,Broj,M,68,12844
2025,Broj,M,69,12744
2025,Broj,M,70,12262
2025,Broj,M,71,11522
2025,Broj,M,72,10831
2025,Broj,M,73,9434
2025,Broj,M,74,8227
2025,Broj,M,75,7755
2025,Broj,M,76,7153
2025,Broj,M,77,5875
2025,Broj,M,78,6047
2025,Broj,M,79,4406
2025,Broj,M,80,3776
2025,Broj,M,81,3421
2025,Broj,M,82,3005
2025,Broj,M,83,3123
2025,Broj,M,84,2927
2025,Broj,M,85,2906
2025,Broj,M,86,2302
2025,Broj,M,87,1940
2025,Broj,M,88,1647
2025,Broj,M,89,1366
2025,Broj,M,90,1053
2025,Broj,M,91,849
2025,Broj,M,92,613
2025,Broj,M,93,436
2025,Broj,M,94,315
2025,Broj,M,95,220
2025,Broj,M,96,152
2025,Broj,M,97,102
2025,Broj,M,98,66
2025,Broj,M,99,42
2025,Broj,M,100,27
2025,Broj,M,101,16
2025,Broj,M,102,10
2025,Broj,M,103,6
2025,Broj,M,104,4
2025,Broj,M,105,2
2025,Broj,M,106,2
2025,Broj,M,107,1
2025,Broj,M,108,0
2025,Broj,M,109,0
2025,Broj,M,110,0
2025,Broj,M,111,0
2025,Broj,M,112,0
2025,Broj,M,113,0
2025,Broj,M,114,0
2025,Broj,M,115,0
2025,Broj,M,116,0
2025,Broj,M,117,0
2025,Broj,M,118,0
2025,Broj,M,119,0
2025,Broj,M,120+,0
2030,Broj,M,T,956335
2030,Broj,M,0,7714
2030,Broj,M,1,7830
2030,Broj,M,2,7965
2030,Broj,M,3,8115
2030,Broj,M,4,8280
2030,Broj,M,5,8456
2030,Broj,M,6,8639
2030,Broj,M,7,8820
2030,Broj,M,8,8989
2030,Broj,M,9,9140
2030,Broj,M,10,9302
2030,Broj,M,11,8510
2030,Broj,M,12,9054
2030,Broj,M,13,9430
2030,Broj,M,14,9727
2030,Broj,M,15,9424
2030,Broj,M,16,9694
2030,Broj,M,17,10422
2030,Broj,M,18,10958
2030,Broj,M,19,10678
2030,Broj,M,20,10911
2030,Broj,M,21,10737
2030,Broj,M,22,10358
2030,Broj,M,23,9703
2030,Broj,M,24,9376
2030,Broj,M,25,9239
2030,Broj,M,26,8989
2030,Broj,M,27,9210
2030,Broj,M,28,8989
2030,Broj,M,29,9201
2030,Broj,M,30,9366
2030,Broj,M,31,9789
2030,Broj,M,32,10964
2030,Broj,M,33,13029
2030,Broj,M,34,13086
2030,Broj,M,35,12889
2030,Broj,M,36,10585
2030,Broj,M,37,10063
2030,Broj,M,38,11688
2030,Broj,M,39,13013
2030,Broj,M,40,13073
2030,Broj,M,41,12981
2030,Broj,M,42,13600
2030,Broj,M,43,13762
2030,Broj,M,44,13658
2030,Broj,M,45,13824
2030,Broj,M,46,14286
2030,Broj,M,47,13852
2030,Broj,M,48,14008
2030,Broj,M,49,14298
2030,Broj,M,50,13954
2030,Broj,M,51,13934
2030,Broj,M,52,13947
2030,Broj,M,53,13933
2030,Broj,M,54,14381
2030,Broj,M,55,13991
2030,Broj,M,56,13768
2030,Broj,M,57,13685
2030,Broj,M,58,14275
2030,Broj,M,59,14022
2030,Broj,M,60,13393
2030,Broj,M,61,14427
2030,Broj,M,62,14309
2030,Broj,M,63,14692
2030,Broj,M,64,14869
2030,Broj,M,65,14876
2030,Broj,M,66,14677
2030,Broj,M,67,14652
2030,Broj,M,68,14695
2030,Broj,M,69,14345
2030,Broj,M,70,13610
2030,Broj,M,71,13516
2030,Broj,M,72,12041
2030,Broj,M,73,11258
2030,Broj,M,74,10960
2030,Broj,M,75,10334
2030,Broj,M,76,9516
2030,Broj,M,77,8772
2030,Broj,M,78,7493
2030,Broj,M,79,6400
2030,Broj,M,80,5894
2030,Broj,M,81,5295
2030,Broj,M,82,4224
2030,Broj,M,83,4197
2030,Broj,M,84,2955
2030,Broj,M,85,2435
2030,Broj,M,86,2112
2030,Broj,M,87,1771
2030,Broj,M,88,1750
2030,Broj,M,89,1553
2030,Broj,M,90,1455
2030,Broj,M,91,1085
2030,Broj,M,92,857
2030,Broj,M,93,678
2030,Broj,M,94,522
2030,Broj,M,95,372
2030,Broj,M,96,277
2030,Broj,M,97,183
2030,Broj,M,98,119
2030,Broj,M,99,78
2030,Broj,M,100,49
2030,Broj,M,101,31
2030,Broj,M,102,18
2030,Broj,M,103,11
2030,Broj,M,104,6
2030,Broj,M,105,3
2030,Broj,M,106,2
2030,Broj,M,107,1
2030,Broj,M,108,1
2030,Broj,M,109,0
2030,Broj,M,110,0
2030,Broj,M,111,0
2030,Broj,M,112,0
2030,Broj,M,113,0
2030,Broj,M,114,0
2030,Broj,M,115,0
2030,Broj,M,116,0
2030,Broj,M,117,0
2030,Broj,M,118,0
2030,Broj,M,119,0
2030,Broj,M,120+,0
2035,Broj,M,T,897037
2035,Broj,M,0,6755
2035,Broj,M,1,6843
2035,Broj,M,2,6955
2035,Broj,M,3,7089
2035,Broj,M,4,7247
2035,Broj,M,5,7425
2035,Broj,M,6,7595
2035,Broj,M,7,7772
2035,Broj,M,8,7953
2035,Broj,M,9,8132
2035,Broj,M,10,8311
2035,Broj,M,11,8488
2035,Broj,M,12,8660
2035,Broj,M,13,8821
2035,Broj,M,14,8963
2035,Broj,M,15,9126
2035,Broj,M,16,8326
2035,Broj,M,17,8805
2035,Broj,M,18,9050
2035,Broj,M,19,9172
2035,Broj,M,20,8661
2035,Broj,M,21,8668
2035,Broj,M,22,9090
2035,Broj,M,23,9387
2035,Broj,M,24,8991
2035,Broj,M,25,9182
2035,Broj,M,26,9048
2035,Broj,M,27,8803
2035,Broj,M,28,8320
2035,Broj,M,29,8135
2035,Broj,M,30,8112
2035,Broj,M,31,7960
2035,Broj,M,32,8260
2035,Broj,M,33,8114
2035,Broj,M,34,8377
2035,Broj,M,35,8559
2035,Broj,M,36,8945
2035,Broj,M,37,9984
2035,Broj,M,38,11897
2035,Broj,M,39,11932
2035,Broj,M,40,11866
2035,Broj,M,41,9785
2035,Broj,M,42,9363
2035,Broj,M,43,10911
2035,Broj,M,44,12162
2035,Broj,M,45,12238
2035,Broj,M,46,12180
2035,Broj,M,47,12804
2035,Broj,M,48,12985
2035,Broj,M,49,12921
2035,Broj,M,50,13116
2035,Broj,M,51,13602
2035,Broj,M,52,13219
2035,Broj,M,53,13405
2035,Broj,M,54,13715
2035,Broj,M,55,13411
2035,Broj,M,56,13420
2035,Broj,M,57,13457
2035,Broj,M,58,13461
2035,Broj,M,59,13907
2035,Broj,M,60,13548
2035,Broj,M,61,13345
2035,Broj,M,62,13258
2035,Broj,M,63,13792
2035,Broj,M,64,13516
2035,Broj,M,65,12871
2035,Broj,M,66,13756
2035,Broj,M,67,13547
2035,Broj,M,68,13784
2035,Broj,M,69,13817
2035,Broj,M,70,13682
2035,Broj,M,71,13345
2035,Broj,M,72,13143
2035,Broj,M,73,12980
2035,Broj,M,74,12460
2035,Broj,M,75,11610
2035,Broj,M,76,11317
2035,Broj,M,77,9906
2035,Broj,M,78,9089
2035,Broj,M,79,8668
2035,Broj,M,80,7998
2035,Broj,M,81,7186
2035,Broj,M,82,6442
2035,Broj,M,83,5340
2035,Broj,M,84,4413
2035,Broj,M,85,3918
2035,Broj,M,86,3384
2035,Broj,M,87,2589
2035,Broj,M,88,2459
2035,Broj,M,89,1649
2035,Broj,M,90,1289
2035,Broj,M,91,1057
2035,Broj,M,92,834
2035,Broj,M,93,771
2035,Broj,M,94,637
2035,Broj,M,95,555
2035,Broj,M,96,383
2035,Broj,M,97,279
2035,Broj,M,98,202
2035,Broj,M,99,142
2035,Broj,M,100,92
2035,Broj,M,101,62
2035,Broj,M,102,36
2035,Broj,M,103,21
2035,Broj,M,104,12
2035,Broj,M,105,7
2035,Broj,M,106,4
2035,Broj,M,107,2
2035,Broj,M,108,1
2035,Broj,M,109,0
2035,Broj,M,110,0
2035,Broj,M,111,0
2035,Broj,M,112,0
2035,Broj,M,113,0
2035,Broj,M,114,0
2035,Broj,M,115,0
2035,Broj,M,116,0
2035,Broj,M,117,0
2035,Broj,M,118,0
2035,Broj,M,119,0
2035,Broj,M,120+,0
2040,Broj,M,T,834858
2040,Broj,M,0,6070
2040,Broj,M,1,6119
2040,Broj,M,2,6187
2040,Broj,M,3,6274
2040,Broj,M,4,6380
2040,Broj,M,5,6502
2040,Broj,M,6,6638
2040,Broj,M,7,6788
2040,Broj,M,8,6948
2040,Broj,M,9,7118
2040,Broj,M,10,7298
2040,Broj,M,11,7462
2040,Broj,M,12,7630
2040,Broj,M,13,7801
2040,Broj,M,14,7972
2040,Broj,M,15,8139
2040,Broj,M,16,8288
2040,Broj,M,17,8397
2040,Broj,M,18,8447
2040,Broj,M,19,8425
2040,Broj,M,20,8402
2040,Broj,M,21,7426
2040,Broj,M,22,7699
2040,Broj,M,23,7752
2040,Broj,M,24,7789
2040,Broj,M,25,7300
2040,Broj,M,26,7325
2040,Broj,M,27,7721
2040,Broj,M,28,8036
2040,Broj,M,29,7721
2040,Broj,M,30,7992
2040,Broj,M,31,7951
2040,Broj,M,32,7835
2040,Broj,M,33,7484
2040,Broj,M,34,7395
2040,Broj,M,35,7434
2040,Broj,M,36,7320
2040,Broj,M,37,7639
2040,Broj,M,38,7511
2040,Broj,M,39,7780
2040,Broj,M,40,7958
2040,Broj,M,41,8316
2040,Broj,M,42,9263
2040,Broj,M,43,11073
2040,Broj,M,44,11104
2040,Broj,M,45,11141
2040,Broj,M,46,9224
2040,Broj,M,47,8870
2040,Broj,M,48,10350
2040,Broj,M,49,11537
2040,Broj,M,50,11624
2040,Broj,M,51,11596
2040,Broj,M,52,12226
2040,Broj,M,53,12424
2040,Broj,M,54,12388
2040,Broj,M,55,12595
2040,Broj,M,56,13087
2040,Broj,M,57,12741
2040,Broj,M,58,12944
2040,Broj,M,59,13260
2040,Broj,M,60,12985
2040,Broj,M,61,13004
2040,Broj,M,62,13035
2040,Broj,M,63,13020
2040,Broj,M,64,13408
2040,Broj,M,65,13020
2040,Broj,M,66,12767
2040,Broj,M,67,12603
2040,Broj,M,68,13000
2040,Broj,M,69,12638
2040,Broj,M,70,11932
2040,Broj,M,71,12601
2040,Broj,M,72,12254
2040,Broj,M,73,12291
2040,Broj,M,74,12129
2040,Broj,M,75,11810
2040,Broj,M,76,11323
2040,Broj,M,77,10963
2040,Broj,M,78,10636
2040,Broj,M,79,10018
2040,Broj,M,80,9148
2040,Broj,M,81,8715
2040,Broj,M,82,7435
2040,Broj,M,83,6631
2040,Broj,M,84,6130
2040,Broj,M,85,5469
2040,Broj,M,86,4739
2040,Broj,M,87,4087
2040,Broj,M,88,3249
2040,Broj,M,89,2564
2040,Broj,M,90,2167
2040,Broj,M,91,1776
2040,Broj,M,92,1283
2040,Broj,M,93,1147
2040,Broj,M,94,718
2040,Broj,M,95,524
2040,Broj,M,96,399
2040,Broj,M,97,291
2040,Broj,M,98,248
2040,Broj,M,99,188
2040,Broj,M,100,148
2040,Broj,M,101,92
2040,Broj,M,102,60
2040,Broj,M,103,39
2040,Broj,M,104,24
2040,Broj,M,105,14
2040,Broj,M,106,8
2040,Broj,M,107,4
2040,Broj,M,108,2
2040,Broj,M,109,1
2040,Broj,M,110,0
2040,Broj,M,111,0
2040,Broj,M,112,0
2040,Broj,M,113,0
2040,Broj,M,114,0
2040,Broj,M,115,0
2040,Broj,M,116,0
2040,Broj,M,117,0
2040,Broj,M,118,0
2040,Broj,M,119,0
2040,Broj,M,120+,0
2045,Broj,M,T,771064
2045,Broj,M,0,5496
2045,Broj,M,1,5543
2045,Broj,M,2,5602
2045,Broj,M,3,5671
2045,Broj,M,4,5751
2045,Broj,M,5,5841
2045,Broj,M,6,5934
2045,Broj,M,7,6037
2045,Broj,M,8,6149
2045,Broj,M,9,6267
2045,Broj,M,10,6392
2045,Broj,M,11,6524
2045,Broj,M,12,6666
2045,Broj,M,13,6818
2045,Broj,M,14,6980
2045,Broj,M,15,7148
2045,Broj,M,16,7287
2045,Broj,M,17,7399
2045,Broj,M,18,7470
2045,Broj,M,19,7492
2045,Broj,M,20,7465
2045,Broj,M,21,7400
2045,Broj,M,22,7312
2045,Broj,M,23,7215
2045,Broj,M,24,7108
2045,Broj,M,25,7110
2045,Broj,M,26,6243
2045,Broj,M,27,6570
2045,Broj,M,28,6644
2045,Broj,M,29,6753
2045,Broj,M,30,6370
2045,Broj,M,31,6463
2045,Broj,M,32,6871
2045,Broj,M,33,7219
2045,Broj,M,34,6965
2045,Broj,M,35,7273
2045,Broj,M,36,7266
2045,Broj,M,37,7203
2045,Broj,M,38,6911
2045,Broj,M,39,6862
2045,Broj,M,40,6930
2045,Broj,M,41,6841
2045,Broj,M,42,7177
2045,Broj,M,43,7072
2045,Broj,M,44,7357
2045,Broj,M,45,7540
2045,Broj,M,46,7880
2045,Broj,M,47,8754
2045,Broj,M,48,10479
2045,Broj,M,49,10505
2045,Broj,M,50,10611
2045,Broj,M,51,8827
2045,Broj,M,52,8530
2045,Broj,M,53,9956
2045,Broj,M,54,11090
2045,Broj,M,55,11182
2045,Broj,M,56,11173
2045,Broj,M,57,11798
2045,Broj,M,58,12006
2045,Broj,M,59,11992
2045,Broj,M,60,12205
2045,Broj,M,61,12684
2045,Broj,M,62,12350
2045,Broj,M,63,12531
2045,Broj,M,64,12802
2045,Broj,M,65,12499
2045,Broj,M,66,12460
2045,Broj,M,67,12417
2045,Broj,M,68,12316
2045,Broj,M,69,12579
2045,Broj,M,70,12116
2045,Broj,M,71,11768
2045,Broj,M,72,11485
2045,Broj,M,73,11690
2045,Broj,M,74,11206
2045,Broj,M,75,10419
2045,Broj,M,76,10826
2045,Broj,M,77,10362
2045,Broj,M,78,10222
2045,Broj,M,79,9908
2045,Broj,M,80,9465
2045,Broj,M,81,8883
2045,Broj,M,82,8394
2045,Broj,M,83,7929
2045,Broj,M,84,7256
2045,Broj,M,85,6422
2045,Broj,M,86,5916
2045,Broj,M,87,4867
2045,Broj,M,88,4174
2045,Broj,M,89,3696
2045,Broj,M,90,3147
2045,Broj,M,91,2596
2045,Broj,M,92,2122
2045,Broj,M,93,1590
2045,Broj,M,94,1177
2045,Broj,M,95,930
2045,Broj,M,96,711
2045,Broj,M,97,476
2045,Broj,M,98,393
2045,Broj,M,99,226
2045,Broj,M,100,150
2045,Broj,M,101,103
2045,Broj,M,102,68
2045,Broj,M,103,51
2045,Broj,M,104,34
2045,Broj,M,105,24
2045,Broj,M,106,13
2045,Broj,M,107,7
2045,Broj,M,108,4
2045,Broj,M,109,2
2045,Broj,M,110,1
2045,Broj,M,111,0
2045,Broj,M,112,0
2045,Broj,M,113,0
2045,Broj,M,114,0
2045,Broj,M,115,0
2045,Broj,M,116,0
2045,Broj,M,117,0
2045,Broj,M,118,0
2045,Broj,M,119,0
2045,Broj,M,120+,0
2050,Broj,M,T,707033
2050,Broj,M,0,4988
2050,Broj,M,1,5026
2050,Broj,M,2,5076
2050,Broj,M,3,5135
2050,Broj,M,4,5206
2050,Broj,M,5,5286
2050,Broj,M,6,5372
2050,Broj,M,7,5463
2050,Broj,M,8,5554
2050,Broj,M,9,5646
2050,Broj,M,10,5740
2050,Broj,M,11,5830
2050,Broj,M,12,5928
2050,Broj,M,13,6034
2050,Broj,M,14,6147
2050,Broj,M,15,6263
2050,Broj,M,16,6374
2050,Broj,M,17,6467
2050,Broj,M,18,6532
2050,Broj,M,19,6562
2050,Broj,M,20,6559
2050,Broj,M,21,6508
2050,Broj,M,22,6445
2050,Broj,M,23,6381
2050,Broj,M,24,6323
2050,Broj,M,25,6273
2050,Broj,M,26,6230
2050,Broj,M,27,6192
2050,Broj,M,28,6159
2050,Broj,M,29,6117
2050,Broj,M,30,6223
2050,Broj,M,31,5484
2050,Broj,M,32,5874
2050,Broj,M,33,5976
2050,Broj,M,34,6136
2050,Broj,M,35,5815
2050,Broj,M,36,5930
2050,Broj,M,37,6317
2050,Broj,M,38,6659
2050,Broj,M,39,6423
2050,Broj,M,40,6745
2050,Broj,M,41,6759
2050,Broj,M,42,6738
2050,Broj,M,43,6497
2050,Broj,M,44,6486
2050,Broj,M,45,6582
2050,Broj,M,46,6511
2050,Broj,M,47,6855
2050,Broj,M,48,6764
2050,Broj,M,49,7056
2050,Broj,M,50,7243
2050,Broj,M,51,7575
2050,Broj,M,52,8402
2050,Broj,M,53,10061
2050,Broj,M,54,10084
2050,Broj,M,55,10234
2050,Broj,M,56,8554
2050,Broj,M,57,8299
2050,Broj,M,58,9675
2050,Broj,M,59,10766
2050,Broj,M,60,10865
2050,Broj,M,61,10864
2050,Broj,M,62,11461
2050,Broj,M,63,11647
2050,Broj,M,64,11609
2050,Broj,M,65,11773
2050,Broj,M,66,12174
2050,Broj,M,67,11796
2050,Broj,M,68,11890
2050,Broj,M,69,12057
2050,Broj,M,70,11682
2050,Broj,M,71,11542
2050,Broj,M,72,11381
2050,Broj,M,73,11155
2050,Broj,M,74,11243
2050,Broj,M,75,10677
2050,Broj,M,76,10221
2050,Broj,M,77,9831
2050,Broj,M,78,9852
2050,Broj,M,79,9289
2050,Broj,M,80,8485
2050,Broj,M,81,8640
2050,Broj,M,82,8084
2050,Broj,M,83,7778
2050,Broj,M,84,7337
2050,Broj,M,85,6808
2050,Broj,M,86,6190
2050,Broj,M,87,5653
2050,Broj,M,88,5147
2050,Broj,M,89,4522
2050,Broj,M,90,3830
2050,Broj,M,91,3368
2050,Broj,M,92,2632
2050,Broj,M,93,2134
2050,Broj,M,94,1777
2050,Broj,M,95,1418
2050,Broj,M,96,1093
2050,Broj,M,97,831
2050,Broj,M,98,576
2050,Broj,M,99,393
2050,Broj,M,100,283
2050,Broj,M,101,196
2050,Broj,M,102,118
2050,Broj,M,103,87
2050,Broj,M,104,44
2050,Broj,M,105,26
2050,Broj,M,106,15
2050,Broj,M,107,9
2050,Broj,M,108,6
2050,Broj,M,109,3
2050,Broj,M,110,2
2050,Broj,M,111,1
2050,Broj,M,112,0
2050,Broj,M,113,0
2050,Broj,M,114,0
2050,Broj,M,115,0
2050,Broj,M,116,0
2050,Broj,M,117,0
2050,Broj,M,118,0
2050,Broj,M,119,0
2050,Broj,M,120+,0
2055,Broj,M,T,644472
2055,Broj,M,0,4528
2055,Broj,M,1,4565
2055,Broj,M,2,4611
2055,Broj,M,3,4664
2055,Broj,M,4,4725
2055,Broj,M,5,4795
2055,Broj,M,6,4869
2055,Broj,M,7,4946
2055,Broj,M,8,5026
2055,Broj,M,9,5108
2055,Broj,M,10,5191
2055,Broj,M,11,5275
2055,Broj,M,12,5360
2055,Broj,M,13,5447
2055,Broj,M,14,5535
2055,Broj,M,15,5622
2055,Broj,M,16,5695
2055,Broj,M,17,5751
2055,Broj,M,18,5781
2055,Broj,M,19,5781
2055,Broj,M,20,5749
2055,Broj,M,21,5696
2055,Broj,M,22,5636
2055,Broj,M,23,5584
2055,Broj,M,24,5543
2055,Broj,M,25,5516
2055,Broj,M,26,5482
2055,Broj,M,27,5460
2055,Broj,M,28,5448
2055,Broj,M,29,5446
2055,Broj,M,30,5456
2055,Broj,M,31,5476
2055,Broj,M,32,5500
2055,Broj,M,33,5524
2055,Broj,M,34,5527
2055,Broj,M,35,5690
2055,Broj,M,36,5018
2055,Broj,M,37,5424
2055,Broj,M,38,5518
2055,Broj,M,39,5694
2055,Broj,M,40,5407
2055,Broj,M,41,5536
2055,Broj,M,42,5911
2055,Broj,M,43,6254
2055,Broj,M,44,6043
2055,Broj,M,45,6379
2055,Broj,M,46,6408
2055,Broj,M,47,6415
2055,Broj,M,48,6207
2055,Broj,M,49,6222
2055,Broj,M,50,6337
2055,Broj,M,51,6285
2055,Broj,M,52,6639
2055,Broj,M,53,6563
2055,Broj,M,54,6860
2055,Broj,M,55,7048
2055,Broj,M,56,7372
2055,Broj,M,57,8162
2055,Broj,M,58,9764
2055,Broj,M,59,9792
2055,Broj,M,60,9966
2055,Broj,M,61,8375
2055,Broj,M,62,8141
2055,Broj,M,63,9445
2055,Broj,M,64,10458
2055,Broj,M,65,10518
2055,Broj,M,66,10474
2055,Broj,M,67,10982
2055,Broj,M,68,11089
2055,Broj,M,69,10981
2055,Broj,M,70,11050
2055,Broj,M,71,11326
2055,Broj,M,72,10871
2055,Broj,M,73,10837
2055,Broj,M,74,10856
2055,Broj,M,75,10382
2055,Broj,M,76,10119
2055,Broj,M,77,9843
2055,Broj,M,78,9509
2055,Broj,M,79,9435
2055,Broj,M,80,8813
2055,Broj,M,81,8280
2055,Broj,M,82,7797
2055,Broj,M,83,7633
2055,Broj,M,84,7017
2055,Broj,M,85,6235
2055,Broj,M,86,6164
2055,Broj,M,87,5584
2055,Broj,M,88,5189
2055,Broj,M,89,4710
2055,Broj,M,90,4191
2055,Broj,M,91,3645
2055,Broj,M,92,3170
2055,Broj,M,93,2735
2055,Broj,M,94,2265
2055,Broj,M,95,1802
2055,Broj,M,96,1485
2055,Broj,M,97,1081
2055,Broj,M,98,813
2055,Broj,M,99,624
2055,Broj,M,100,455
2055,Broj,M,101,318
2055,Broj,M,102,217
2055,Broj,M,103,134
2055,Broj,M,104,81
2055,Broj,M,105,51
2055,Broj,M,106,31
2055,Broj,M,107,16
2055,Broj,M,108,10
2055,Broj,M,109,4
2055,Broj,M,110,2
2055,Broj,M,111,1
2055,Broj,M,112,0
2055,Broj,M,113,0
2055,Broj,M,114,0
2055,Broj,M,115,0
2055,Broj,M,116,0
2055,Broj,M,117,0
2055,Broj,M,118,0
2055,Broj,M,119,0
2055,Broj,M,120+,0
2060,Broj,M,T,584420
2060,Broj,M,0,4085
2060,Broj,M,1,4125
2060,Broj,M,2,4172
2060,Broj,M,3,4226
2060,Broj,M,4,4286
2060,Broj,M,5,4351
2060,Broj,M,6,4420
2060,Broj,M,7,4490
2060,Broj,M,8,4562
2060,Broj,M,9,4633
2060,Broj,M,10,4706
2060,Broj,M,11,4777
2060,Broj,M,12,4851
2060,Broj,M,13,4927
2060,Broj,M,14,5005
2060,Broj,M,15,5082
2060,Broj,M,16,5150
2060,Broj,M,17,5198
2060,Broj,M,18,5217
2060,Broj,M,19,5204
2060,Broj,M,20,5159
2060,Broj,M,21,5089
2060,Broj,M,22,5013
2060,Broj,M,23,4944
2060,Broj,M,24,4886
2060,Broj,M,25,4839
2060,Broj,M,26,4804
2060,Broj,M,27,4782
2060,Broj,M,28,4773
2060,Broj,M,29,4779
2060,Broj,M,30,4803
2060,Broj,M,31,4822
2060,Broj,M,32,4852
2060,Broj,M,33,4887
2060,Broj,M,34,4926
2060,Broj,M,35,4966
2060,Broj,M,36,5008
2060,Broj,M,37,5050
2060,Broj,M,38,5091
2060,Broj,M,39,5105
2060,Broj,M,40,5298
2060,Broj,M,41,4674
2060,Broj,M,42,5094
2060,Broj,M,43,5189
2060,Broj,M,44,5383
2060,Broj,M,45,5127
2060,Broj,M,46,5267
2060,Broj,M,47,5629
2060,Broj,M,48,5970
2060,Broj,M,49,5777
2060,Broj,M,50,6123
2060,Broj,M,51,6167
2060,Broj,M,52,6199
2060,Broj,M,53,6020
2060,Broj,M,54,6054
2060,Broj,M,55,6181
2060,Broj,M,56,6142
2060,Broj,M,57,6499
2060,Broj,M,58,6437
2060,Broj,M,59,6738
2060,Broj,M,60,6930
2060,Broj,M,61,7246
2060,Broj,M,62,7998
2060,Broj,M,63,9521
2060,Broj,M,64,9526
2060,Broj,M,65,9674
2060,Broj,M,66,8136
2060,Broj,M,67,7877
2060,Broj,M,68,9051
2060,Broj,M,69,9934
2060,Broj,M,70,9917
2060,Broj,M,71,9796
2060,Broj,M,72,10172
2060,Broj,M,73,10165
2060,Broj,M,74,9951
2060,Broj,M,75,9890
2060,Broj,M,76,10009
2060,Broj,M,77,9485
2060,Broj,M,78,9327
2060,Broj,M,79,9206
2060,Broj,M,80,8666
2060,Broj,M,81,8299
2060,Broj,M,82,7913
2060,Broj,M,83,7477
2060,Broj,M,84,7243
2060,Broj,M,85,6592
2060,Broj,M,86,6022
2060,Broj,M,87,5500
2060,Broj,M,88,5209
2060,Broj,M,89,4616
2060,Broj,M,90,3941
2060,Broj,M,91,3735
2060,Broj,M,92,3227
2060,Broj,M,93,2847
2060,Broj,M,94,2441
2060,Broj,M,95,2044
2060,Broj,M,96,1668
2060,Broj,M,97,1355
2060,Broj,M,98,1086
2060,Broj,M,99,831
2060,Broj,M,100,605
2060,Broj,M,101,451
2060,Broj,M,102,295
2060,Broj,M,103,198
2060,Broj,M,104,135
2060,Broj,M,105,86
2060,Broj,M,106,52
2060,Broj,M,107,30
2060,Broj,M,108,16
2060,Broj,M,109,8
2060,Broj,M,110,4
2060,Broj,M,111,2
2060,Broj,M,112,1
2060,Broj,M,113,0
2060,Broj,M,114,0
2060,Broj,M,115,0
2060,Broj,M,116,0
2060,Broj,M,117,0
2060,Broj,M,118,0
2060,Broj,M,119,0
2060,Broj,M,120+,0
2065,Broj,M,T,527732
2065,Broj,M,0,3663
2065,Broj,M,1,3700
2065,Broj,M,2,3746
2065,Broj,M,3,3799
2065,Broj,M,4,3859
2065,Broj,M,5,3924
2065,Broj,M,6,3992
2065,Broj,M,7,4062
2065,Broj,M,8,4132
2065,Broj,M,9,4201
2065,Broj,M,10,4268
2065,Broj,M,11,4335
2065,Broj,M,12,4402
2065,Broj,M,13,4470
2065,Broj,M,14,4538
2065,Broj,M,15,4605
2065,Broj,M,16,4662
2065,Broj,M,17,4702
2065,Broj,M,18,4717
2065,Broj,M,19,4704
2065,Broj,M,20,4662
2065,Broj,M,21,4600
2065,Broj,M,22,4529
2065,Broj,M,23,4460
2065,Broj,M,24,4397
2065,Broj,M,25,4343
2065,Broj,M,26,4293
2065,Broj,M,27,4255
2065,Broj,M,28,4230
2065,Broj,M,29,4218
2065,Broj,M,30,4219
2065,Broj,M,31,4232
2065,Broj,M,32,4256
2065,Broj,M,33,4288
2065,Broj,M,34,4328
2065,Broj,M,35,4377
2065,Broj,M,36,4415
2065,Broj,M,37,4460
2065,Broj,M,38,4507
2065,Broj,M,39,4556
2065,Broj,M,40,4609
2065,Broj,M,41,4666
2065,Broj,M,42,4724
2065,Broj,M,43,4782
2065,Broj,M,44,4812
2065,Broj,M,45,5030
2065,Broj,M,46,4442
2065,Broj,M,47,4869
2065,Broj,M,48,4962
2065,Broj,M,49,5168
2065,Broj,M,50,4936
2065,Broj,M,51,5088
2065,Broj,M,52,5445
2065,Broj,M,53,5787
2065,Broj,M,54,5609
2065,Broj,M,55,5959
2065,Broj,M,56,6013
2065,Broj,M,57,6062
2065,Broj,M,58,5907
2065,Broj,M,59,5957
2065,Broj,M,60,6094
2065,Broj,M,61,6065
2065,Broj,M,62,6416
2065,Broj,M,63,6354
2065,Broj,M,64,6634
2065,Broj,M,65,6799
2065,Broj,M,66,7072
2065,Broj,M,67,7744
2065,Broj,M,68,9132
2065,Broj,M,69,9077
2065,Broj,M,70,9159
2065,Broj,M,71,7662
2065,Broj,M,72,7355
2065,Broj,M,73,8353
2065,Broj,M,74,9061
2065,Broj,M,75,8940
2065,Broj,M,76,8725
2065,Broj,M,77,8950
2065,Broj,M,78,8828
2065,Broj,M,79,8523
2065,Broj,M,80,8344
2065,Broj,M,81,8303
2065,Broj,M,82,7721
2065,Broj,M,83,7436
2065,Broj,M,84,7174
2065,Broj,M,85,6589
2065,Broj,M,86,6144
2065,Broj,M,87,5691
2065,Broj,M,88,5211
2065,Broj,M,89,4874
2065,Broj,M,90,4270
2065,Broj,M,91,3745
2065,Broj,M,92,3268
2065,Broj,M,93,2945
2065,Broj,M,94,2469
2065,Broj,M,95,1986
2065,Broj,M,96,1770
2065,Broj,M,97,1430
2065,Broj,M,98,1174
2065,Broj,M,99,931
2065,Broj,M,100,714
2065,Broj,M,101,528
2065,Broj,M,102,386
2065,Broj,M,103,276
2065,Broj,M,104,187
2065,Broj,M,105,119
2065,Broj,M,106,77
2065,Broj,M,107,43
2065,Broj,M,108,24
2065,Broj,M,109,13
2065,Broj,M,110,7
2065,Broj,M,111,3
2065,Broj,M,112,2
2065,Broj,M,113,1
2065,Broj,M,114,0
2065,Broj,M,115,0
2065,Broj,M,116,0
2065,Broj,M,117,0
2065,Broj,M,118,0
2065,Broj,M,119,0
2065,Broj,M,120+,0
2070,Broj,M,T,475030
2070,Broj,M,0,3303
2070,Broj,M,1,3332
2070,Broj,M,2,3368
2070,Broj,M,3,3412
2070,Broj,M,4,3463
2070,Broj,M,5,3520
2070,Broj,M,6,3582
2070,Broj,M,7,3647
2070,Broj,M,8,3714
2070,Broj,M,9,3782
2070,Broj,M,10,3849
2070,Broj,M,11,3915
2070,Broj,M,12,3981
2070,Broj,M,13,4048
2070,Broj,M,14,4113
2070,Broj,M,15,4175
2070,Broj,M,16,4229
2070,Broj,M,17,4265
2070,Broj,M,18,4278
2070,Broj,M,19,4264
2070,Broj,M,20,4224
2070,Broj,M,21,4164
2070,Broj,M,22,4096
2070,Broj,M,23,4031
2070,Broj,M,24,3973
2070,Broj,M,25,3922
2070,Broj,M,26,3879
2070,Broj,M,27,3843
2070,Broj,M,28,3814
2070,Broj,M,29,3795
2070,Broj,M,30,3787
2070,Broj,M,31,3783
2070,Broj,M,32,3790
2070,Broj,M,33,3804
2070,Broj,M,34,3825
2070,Broj,M,35,3851
2070,Broj,M,36,3882
2070,Broj,M,37,3918
2070,Broj,M,38,3961
2070,Broj,M,39,4009
2070,Broj,M,40,4067
2070,Broj,M,41,4118
2070,Broj,M,42,4176
2070,Broj,M,43,4237
2070,Broj,M,44,4300
2070,Broj,M,45,4366
2070,Broj,M,46,4434
2070,Broj,M,47,4502
2070,Broj,M,48,4571
2070,Broj,M,49,4610
2070,Broj,M,50,4846
2070,Broj,M,51,4292
2070,Broj,M,52,4726
2070,Broj,M,53,4821
2070,Broj,M,54,5035
2070,Broj,M,55,4823
2070,Broj,M,56,4981
2070,Broj,M,57,5335
2070,Broj,M,58,5677
2070,Broj,M,59,5516
2070,Broj,M,60,5869
2070,Broj,M,61,5930
2070,Broj,M,62,5986
2070,Broj,M,63,5839
2070,Broj,M,64,5882
2070,Broj,M,65,6000
2070,Broj,M,66,5952
2070,Broj,M,67,6258
2070,Broj,M,68,6162
2070,Broj,M,69,6387
2070,Broj,M,70,6494
2070,Broj,M,71,6695
2070,Broj,M,72,7255
2070,Broj,M,73,8463
2070,Broj,M,74,8326
2070,Broj,M,75,8312
2070,Broj,M,76,6881
2070,Broj,M,77,6531
2070,Broj,M,78,7323
2070,Broj,M,79,7835
2070,Broj,M,80,7620
2070,Broj,M,81,7320
2070,Broj,M,82,7374
2070,Broj,M,83,7131
2070,Broj,M,84,6737
2070,Broj,M,85,6443
2070,Broj,M,86,6252
2070,Broj,M,87,5655
2070,Broj,M,88,5285
2070,Broj,M,89,4931
2070,Broj,M,90,4366
2070,Broj,M,91,3915
2070,Broj,M,92,3471
2070,Broj,M,93,3028
2070,Broj,M,94,2685
2070,Broj,M,95,2220
2070,Broj,M,96,1833
2070,Broj,M,97,1498
2070,Broj,M,98,1258
2070,Broj,M,99,976
2070,Broj,M,100,720
2070,Broj,M,101,582
2070,Broj,M,102,423
2070,Broj,M,103,310
2070,Broj,M,104,218
2070,Broj,M,105,147
2070,Broj,M,106,94
2070,Broj,M,107,58
2070,Broj,M,108,34
2070,Broj,M,109,19
2070,Broj,M,110,10
2070,Broj,M,111,5
2070,Broj,M,112,2
2070,Broj,M,113,1
2070,Broj,M,114,1
2070,Broj,M,115,0
2070,Broj,M,116,0
2070,Broj,M,117,0
2070,Broj,M,118,0
2070,Broj,M,119,0
2070,Broj,M,120+,0
2020,Broj,Ž,T,1107874
2020,Broj,Ž,0,9225
2020,Broj,Ž,1,8271
2020,Broj,Ž,2,8826
2020,Broj,Ž,3,9046
2020,Broj,Ž,4,9320
2020,Broj,Ž,5,9322
2020,Broj,Ž,6,9552
2020,Broj,Ž,7,10457
2020,Broj,Ž,8,10966
2020,Broj,Ž,9,11030
2020,Broj,Ž,10,11424
2020,Broj,Ž,11,11677
2020,Broj,Ž,12,11573
2020,Broj,Ž,13,11033
2020,Broj,Ž,14,11182
2020,Broj,Ž,15,11243
2020,Broj,Ž,16,11168
2020,Broj,Ž,17,11416
2020,Broj,Ž,18,11514
2020,Broj,Ž,19,11947
2020,Broj,Ž,20,12285
2020,Broj,Ž,21,13094
2020,Broj,Ž,22,14320
2020,Broj,Ž,23,16350
2020,Broj,Ž,24,16417
2020,Broj,Ž,25,16023
2020,Broj,Ž,26,12705
2020,Broj,Ž,27,11868
2020,Broj,Ž,28,14268
2020,Broj,Ž,29,15255
2020,Broj,Ž,30,15116
2020,Broj,Ž,31,15205
2020,Broj,Ž,32,15735
2020,Broj,Ž,33,15285
2020,Broj,Ž,34,15511
2020,Broj,Ž,35,15520
2020,Broj,Ž,36,16227
2020,Broj,Ž,37,15590
2020,Broj,Ž,38,15459
2020,Broj,Ž,39,15733
2020,Broj,Ž,40,15511
2020,Broj,Ž,41,15247
2020,Broj,Ž,42,15383
2020,Broj,Ž,43,15410
2020,Broj,Ž,44,15834
2020,Broj,Ž,45,15382
2020,Broj,Ž,46,15377
2020,Broj,Ž,47,15182
2020,Broj,Ž,48,15696
2020,Broj,Ž,49,15297
2020,Broj,Ž,50,14656
2020,Broj,Ž,51,15573
2020,Broj,Ž,52,15895
2020,Broj,Ž,53,16321
2020,Broj,Ž,54,16782
2020,Broj,Ž,55,17003
2020,Broj,Ž,56,16804
2020,Broj,Ž,57,16946
2020,Broj,Ž,58,17641
2020,Broj,Ž,59,17231
2020,Broj,Ž,60,17204
2020,Broj,Ž,61,16824
2020,Broj,Ž,62,16198
2020,Broj,Ž,63,15036
2020,Broj,Ž,64,15184
2020,Broj,Ž,65,15361
2020,Broj,Ž,66,14352
2020,Broj,Ž,67,14394
2020,Broj,Ž,68,13163
2020,Broj,Ž,69,11829
2020,Broj,Ž,70,11811
2020,Broj,Ž,71,11131
2020,Broj,Ž,72,10020
2020,Broj,Ž,73,10221
2020,Broj,Ž,74,7744
2020,Broj,Ž,75,7110
2020,Broj,Ž,76,6366
2020,Broj,Ž,77,6471
2020,Broj,Ž,78,6887
2020,Broj,Ž,79,7049
2020,Broj,Ž,80,7012
2020,Broj,Ž,81,6192
2020,Broj,Ž,82,5777
2020,Broj,Ž,83,4914
2020,Broj,Ž,84,4359
2020,Broj,Ž,85,3801
2020,Broj,Ž,86,3405
2020,Broj,Ž,87,2705
2020,Broj,Ž,88,2091
2020,Broj,Ž,89,1632
2020,Broj,Ž,90,1234
2020,Broj,Ž,91,909
2020,Broj,Ž,92,665
2020,Broj,Ž,93,477
2020,Broj,Ž,94,327
2020,Broj,Ž,95,227
2020,Broj,Ž,96,161
2020,Broj,Ž,97,109
2020,Broj,Ž,98,71
2020,Broj,Ž,99,46
2020,Broj,Ž,100,29
2020,Broj,Ž,101,20
2020,Broj,Ž,102,12
2020,Broj,Ž,103,7
2020,Broj,Ž,104,3
2020,Broj,Ž,105,2
2020,Broj,Ž,106,2
2020,Broj,Ž,107,1
2020,Broj,Ž,108,1
2020,Broj,Ž,109,0
2020,Broj,Ž,110,0
2020,Broj,Ž,111,0
2020,Broj,Ž,112,0
2020,Broj,Ž,113,0
2020,Broj,Ž,114,0
2020,Broj,Ž,115,0
2020,Broj,Ž,116,0
2020,Broj,Ž,117,0
2020,Broj,Ž,118,0
2020,Broj,Ž,119,0
2020,Broj,Ž,120+,0
2025,Broj,Ž,T,1072788
2025,Broj,Ž,0,8276
2025,Broj,Ž,1,8386
2025,Broj,Ž,2,8511
2025,Broj,Ž,3,8643
2025,Broj,Ž,4,8775
2025,Broj,Ž,5,8921
2025,Broj,Ž,6,8075
2025,Broj,Ž,7,8692
2025,Broj,Ž,8,8945
2025,Broj,Ž,9,9243
2025,Broj,Ž,10,9259
2025,Broj,Ž,11,9484
2025,Broj,Ž,12,10363
2025,Broj,Ž,13,10850
2025,Broj,Ž,14,10901
2025,Broj,Ž,15,11279
2025,Broj,Ž,16,11497
2025,Broj,Ž,17,11337
2025,Broj,Ž,18,10705
2025,Broj,Ž,19,10710
2025,Broj,Ž,20,10588
2025,Broj,Ž,21,10325
2025,Broj,Ž,22,10402
2025,Broj,Ž,23,10354
2025,Broj,Ž,24,10663
2025,Broj,Ž,25,10900
2025,Broj,Ž,26,11605
2025,Broj,Ž,27,12690
2025,Broj,Ž,28,14628
2025,Broj,Ž,29,14786
2025,Broj,Ž,30,14692
2025,Broj,Ž,31,11759
2025,Broj,Ž,32,11114
2025,Broj,Ž,33,13489
2025,Broj,Ž,34,14463
2025,Broj,Ž,35,14376
2025,Broj,Ž,36,14517
2025,Broj,Ž,37,15095
2025,Broj,Ž,38,14705
2025,Broj,Ž,39,14979
2025,Broj,Ž,40,15013
2025,Broj,Ž,41,15734
2025,Broj,Ž,42,15129
2025,Broj,Ž,43,15022
2025,Broj,Ž,44,15306
2025,Broj,Ž,45,15106
2025,Broj,Ž,46,14870
2025,Broj,Ž,47,15031
2025,Broj,Ž,48,15081
2025,Broj,Ž,49,15530
2025,Broj,Ž,50,15115
2025,Broj,Ž,51,15143
2025,Broj,Ž,52,14972
2025,Broj,Ž,53,15496
2025,Broj,Ž,54,15121
2025,Broj,Ž,55,14502
2025,Broj,Ž,56,15402
2025,Broj,Ž,57,15708
2025,Broj,Ž,58,16112
2025,Broj,Ž,59,16547
2025,Broj,Ž,60,16744
2025,Broj,Ž,61,16530
2025,Broj,Ž,62,16638
2025,Broj,Ž,63,17272
2025,Broj,Ž,64,16828
2025,Broj,Ž,65,16743
2025,Broj,Ž,66,16299
2025,Broj,Ž,67,15604
2025,Broj,Ž,68,14387
2025,Broj,Ž,69,14394
2025,Broj,Ž,70,14411
2025,Broj,Ž,71,13327
2025,Broj,Ž,72,13216
2025,Broj,Ž,73,11950
2025,Broj,Ž,74,10609
2025,Broj,Ž,75,10439
2025,Broj,Ž,76,9682
2025,Broj,Ž,77,8563
2025,Broj,Ž,78,8555
2025,Broj,Ž,79,6356
2025,Broj,Ž,80,5695
2025,Broj,Ž,81,4958
2025,Broj,Ž,82,4866
2025,Broj,Ž,83,4977
2025,Broj,Ž,84,4878
2025,Broj,Ž,85,4632
2025,Broj,Ž,86,3890
2025,Broj,Ž,87,3436
2025,Broj,Ž,88,2755
2025,Broj,Ž,89,2291
2025,Broj,Ž,90,1862
2025,Broj,Ž,91,1543
2025,Broj,Ž,92,1127
2025,Broj,Ž,93,794
2025,Broj,Ž,94,560
2025,Broj,Ž,95,379
2025,Broj,Ž,96,249
2025,Broj,Ž,97,162
2025,Broj,Ž,98,103
2025,Broj,Ž,99,62
2025,Broj,Ž,100,38
2025,Broj,Ž,101,24
2025,Broj,Ž,102,14
2025,Broj,Ž,103,8
2025,Broj,Ž,104,4
2025,Broj,Ž,105,2
2025,Broj,Ž,106,1
2025,Broj,Ž,107,1
2025,Broj,Ž,108,0
2025,Broj,Ž,109,0
2025,Broj,Ž,110,0
2025,Broj,Ž,111,0
2025,Broj,Ž,112,0
2025,Broj,Ž,113,0
2025,Broj,Ž,114,0
2025,Broj,Ž,115,0
2025,Broj,Ž,116,0
2025,Broj,Ž,117,0
2025,Broj,Ž,118,0
2025,Broj,Ž,119,0
2025,Broj,Ž,120+,0
2030,Broj,Ž,T,1032070
2030,Broj,Ž,0,7266
2030,Broj,Ž,1,7373
2030,Broj,Ž,2,7502
2030,Broj,Ž,3,7651
2030,Broj,Ž,4,7816
2030,Broj,Ž,5,7992
2030,Broj,Ž,6,8174
2030,Broj,Ž,7,8355
2030,Broj,Ž,8,8525
2030,Broj,Ž,9,8681
2030,Broj,Ž,10,8851
2030,Broj,Ž,11,8025
2030,Broj,Ž,12,8639
2030,Broj,Ž,13,8877
2030,Broj,Ž,14,9163
2030,Broj,Ž,15,9169
2030,Broj,Ž,16,9357
2030,Broj,Ž,17,10149
2030,Broj,Ž,18,10511
2030,Broj,Ž,19,10401
2030,Broj,Ž,20,10576
2030,Broj,Ž,21,10591
2030,Broj,Ž,22,10296
2030,Broj,Ž,23,9599
2030,Broj,Ž,24,9560
2030,Broj,Ž,25,9431
2030,Broj,Ž,26,9207
2030,Broj,Ž,27,9337
2030,Broj,Ž,28,9354
2030,Broj,Ž,29,9738
2030,Broj,Ž,30,10046
2030,Broj,Ž,31,10789
2030,Broj,Ž,32,11858
2030,Broj,Ž,33,13772
2030,Broj,Ž,34,13967
2030,Broj,Ž,35,13995
2030,Broj,Ž,36,11244
2030,Broj,Ž,37,10684
2030,Broj,Ž,38,13018
2030,Broj,Ž,39,13965
2030,Broj,Ž,40,13900
2030,Broj,Ž,41,14057
2030,Broj,Ž,42,14640
2030,Broj,Ž,43,14265
2030,Broj,Ž,44,14550
2030,Broj,Ž,45,14588
2030,Broj,Ž,46,15317
2030,Broj,Ž,47,14748
2030,Broj,Ž,48,14679
2030,Broj,Ž,49,14991
2030,Broj,Ž,50,14825
2030,Broj,Ž,51,14624
2030,Broj,Ž,52,14805
2030,Broj,Ž,53,14870
2030,Broj,Ž,54,15325
2030,Broj,Ž,55,14928
2030,Broj,Ž,56,14965
2030,Broj,Ž,57,14796
2030,Broj,Ž,58,15305
2030,Broj,Ž,59,14934
2030,Broj,Ž,60,14321
2030,Broj,Ž,61,15179
2030,Broj,Ž,62,15450
2030,Broj,Ž,63,15808
2030,Broj,Ž,64,16186
2030,Broj,Ž,65,16322
2030,Broj,Ž,66,16042
2030,Broj,Ž,67,16050
2030,Broj,Ž,68,16536
2030,Broj,Ž,69,15983
2030,Broj,Ž,70,15760
2030,Broj,Ž,71,15198
2030,Broj,Ž,72,14407
2030,Broj,Ž,73,13146
2030,Broj,Ž,74,12995
2030,Broj,Ž,75,12837
2030,Broj,Ž,76,11699
2030,Broj,Ž,77,11410
2030,Broj,Ž,78,10130
2030,Broj,Ž,79,8813
2030,Broj,Ž,80,8467
2030,Broj,Ž,81,7650
2030,Broj,Ž,82,6569
2030,Broj,Ž,83,6347
2030,Broj,Ž,84,4550
2030,Broj,Ž,85,3915
2030,Broj,Ž,86,3257
2030,Broj,Ž,87,3039
2030,Broj,Ž,88,2940
2030,Broj,Ž,89,2714
2030,Broj,Ž,90,2414
2030,Broj,Ž,91,1888
2030,Broj,Ž,92,1543
2030,Broj,Ž,93,1136
2030,Broj,Ž,94,860
2030,Broj,Ž,95,630
2030,Broj,Ž,96,471
2030,Broj,Ž,97,309
2030,Broj,Ž,98,195
2030,Broj,Ž,99,122
2030,Broj,Ž,100,73
2030,Broj,Ž,101,42
2030,Broj,Ž,102,24
2030,Broj,Ž,103,13
2030,Broj,Ž,104,7
2030,Broj,Ž,105,4
2030,Broj,Ž,106,2
2030,Broj,Ž,107,1
2030,Broj,Ž,108,0
2030,Broj,Ž,109,0
2030,Broj,Ž,110,0
2030,Broj,Ž,111,0
2030,Broj,Ž,112,0
2030,Broj,Ž,113,0
2030,Broj,Ž,114,0
2030,Broj,Ž,115,0
2030,Broj,Ž,116,0
2030,Broj,Ž,117,0
2030,Broj,Ž,118,0
2030,Broj,Ž,119,0
2030,Broj,Ž,120+,0
2035,Broj,Ž,T,985007
2035,Broj,Ž,0,6362
2035,Broj,Ž,1,6444
2035,Broj,Ž,2,6552
2035,Broj,Ž,3,6686
2035,Broj,Ž,4,6844
2035,Broj,Ž,5,7022
2035,Broj,Ž,6,7193
2035,Broj,Ž,7,7371
2035,Broj,Ž,8,7553
2035,Broj,Ž,9,7737
2035,Broj,Ž,10,7921
2035,Broj,Ž,11,8104
2035,Broj,Ž,12,8280
2035,Broj,Ž,13,8444
2035,Broj,Ž,14,8591
2035,Broj,Ž,15,8761
2035,Broj,Ž,16,7928
2035,Broj,Ž,17,8486
2035,Broj,Ž,18,8622
2035,Broj,Ž,19,8776
2035,Broj,Ž,20,8625
2035,Broj,Ž,21,8628
2035,Broj,Ž,22,9219
2035,Broj,Ž,23,9428
2035,Broj,Ž,24,9238
2035,Broj,Ž,25,9377
2035,Broj,Ž,26,9409
2035,Broj,Ž,27,9209
2035,Broj,Ž,28,8648
2035,Broj,Ž,29,8735
2035,Broj,Ž,30,8725
2035,Broj,Ž,31,8610
2035,Broj,Ž,32,8819
2035,Broj,Ž,33,8888
2035,Broj,Ž,34,9298
2035,Broj,Ž,35,9613
2035,Broj,Ž,36,10346
2035,Broj,Ž,37,11378
2035,Broj,Ž,38,13251
2035,Broj,Ž,39,13450
2035,Broj,Ž,40,13549
2035,Broj,Ž,41,10916
2035,Broj,Ž,42,10395
2035,Broj,Ž,43,12665
2035,Broj,Ž,44,13568
2035,Broj,Ž,45,13508
2035,Broj,Ž,46,13675
2035,Broj,Ž,47,14271
2035,Broj,Ž,48,13927
2035,Broj,Ž,49,14240
2035,Broj,Ž,50,14299
2035,Broj,Ž,51,15043
2035,Broj,Ž,52,14508
2035,Broj,Ž,53,14462
2035,Broj,Ž,54,14784
2035,Broj,Ž,55,14633
2035,Broj,Ž,56,14443
2035,Broj,Ž,57,14624
2035,Broj,Ž,58,14683
2035,Broj,Ž,59,15123
2035,Broj,Ž,60,14726
2035,Broj,Ž,61,14751
2035,Broj,Ž,62,14569
2035,Broj,Ž,63,15039
2035,Broj,Ž,64,14648
2035,Broj,Ž,65,14014
2035,Broj,Ž,66,14778
2035,Broj,Ž,67,14952
2035,Broj,Ž,68,15193
2035,Broj,Ž,69,15434
2035,Broj,Ž,70,15432
2035,Broj,Ž,71,15034
2035,Broj,Ž,72,14899
2035,Broj,Ž,73,15195
2035,Broj,Ž,74,14527
2035,Broj,Ž,75,14152
2035,Broj,Ž,76,13464
2035,Broj,Ž,77,12572
2035,Broj,Ž,78,11279
2035,Broj,Ž,79,10933
2035,Broj,Ž,80,10566
2035,Broj,Ž,81,9398
2035,Broj,Ž,82,8918
2035,Broj,Ž,83,7682
2035,Broj,Ž,84,6460
2035,Broj,Ž,85,5977
2035,Broj,Ž,86,5181
2035,Broj,Ž,87,4251
2035,Broj,Ž,88,3910
2035,Broj,Ž,89,2656
2035,Broj,Ž,90,2155
2035,Broj,Ž,91,1679
2035,Broj,Ž,92,1456
2035,Broj,Ž,93,1301
2035,Broj,Ž,94,1099
2035,Broj,Ž,95,889
2035,Broj,Ž,96,629
2035,Broj,Ž,97,466
2035,Broj,Ž,98,309
2035,Broj,Ž,99,210
2035,Broj,Ž,100,137
2035,Broj,Ž,101,91
2035,Broj,Ž,102,52
2035,Broj,Ž,103,29
2035,Broj,Ž,104,16
2035,Broj,Ž,105,8
2035,Broj,Ž,106,4
2035,Broj,Ž,107,2
2035,Broj,Ž,108,1
2035,Broj,Ž,109,0
2035,Broj,Ž,110,0
2035,Broj,Ž,111,0
2035,Broj,Ž,112,0
2035,Broj,Ž,113,0
2035,Broj,Ž,114,0
2035,Broj,Ž,115,0
2035,Broj,Ž,116,0
2035,Broj,Ž,117,0
2035,Broj,Ž,118,0
2035,Broj,Ž,119,0
2035,Broj,Ž,120+,0
2040,Broj,Ž,T,932380
2040,Broj,Ž,0,5717
2040,Broj,Ž,1,5762
2040,Broj,Ž,2,5830
2040,Broj,Ž,3,5919
2040,Broj,Ž,4,6028
2040,Broj,Ž,5,6154
2040,Broj,Ž,6,6293
2040,Broj,Ž,7,6445
2040,Broj,Ž,8,6608
2040,Broj,Ž,9,6783
2040,Broj,Ž,10,6968
2040,Broj,Ž,11,7138
2040,Broj,Ž,12,7312
2040,Broj,Ž,13,7486
2040,Broj,Ž,14,7660
2040,Broj,Ž,15,7833
2040,Broj,Ž,16,7990
2040,Broj,Ž,17,8112
2040,Broj,Ž,18,8188
2040,Broj,Ž,19,8212
2040,Broj,Ž,20,8253
2040,Broj,Ž,21,7307
2040,Broj,Ž,22,7736
2040,Broj,Ž,23,7751
2040,Broj,Ž,24,7839
2040,Broj,Ž,25,7674
2040,Broj,Ž,26,7673
2040,Broj,Ž,27,8251
2040,Broj,Ž,28,8495
2040,Broj,Ž,29,8398
2040,Broj,Ž,30,8634
2040,Broj,Ž,31,8763
2040,Broj,Ž,32,8668
2040,Broj,Ž,33,8201
2040,Broj,Ž,34,8343
2040,Broj,Ž,35,8371
2040,Broj,Ž,36,8292
2040,Broj,Ž,37,8530
2040,Broj,Ž,38,8620
2040,Broj,Ž,39,9042
2040,Broj,Ž,40,9355
2040,Broj,Ž,41,10064
2040,Broj,Ž,42,11043
2040,Broj,Ž,43,12857
2040,Broj,Ž,44,13039
2040,Broj,Ž,45,13180
2040,Broj,Ž,46,10643
2040,Broj,Ž,47,10162
2040,Broj,Ž,48,12395
2040,Broj,Ž,49,13283
2040,Broj,Ž,50,13244
2040,Broj,Ž,51,13430
2040,Broj,Ž,52,14037
2040,Broj,Ž,53,13715
2040,Broj,Ž,54,14039
2040,Broj,Ž,55,14103
2040,Broj,Ž,56,14841
2040,Broj,Ž,57,14318
2040,Broj,Ž,58,14275
2040,Broj,Ž,59,14586
2040,Broj,Ž,60,14432
2040,Broj,Ž,61,14238
2040,Broj,Ž,62,14401
2040,Broj,Ž,63,14436
2040,Broj,Ž,64,14834
2040,Broj,Ž,65,14409
2040,Broj,Ž,66,14380
2040,Broj,Ž,67,14132
2040,Broj,Ž,68,14496
2040,Broj,Ž,69,14024
2040,Broj,Ž,70,13316
2040,Broj,Ž,71,13922
2040,Broj,Ž,72,13961
2040,Broj,Ž,73,14053
2040,Broj,Ž,74,14130
2040,Broj,Ž,75,13969
2040,Broj,Ž,76,13439
2040,Broj,Ž,77,13130
2040,Broj,Ž,78,13175
2040,Broj,Ž,79,12370
2040,Broj,Ž,80,11811
2040,Broj,Ž,81,10986
2040,Broj,Ž,82,10005
2040,Broj,Ž,83,8727
2040,Broj,Ž,84,8197
2040,Broj,Ž,85,7652
2040,Broj,Ž,86,6549
2040,Broj,Ž,87,5961
2040,Broj,Ž,88,4903
2040,Broj,Ž,89,3921
2040,Broj,Ž,90,3433
2040,Broj,Ž,91,2799
2040,Broj,Ž,92,2147
2040,Broj,Ž,93,1836
2040,Broj,Ž,94,1148
2040,Broj,Ž,95,852
2040,Broj,Ž,96,605
2040,Broj,Ž,97,478
2040,Broj,Ž,98,386
2040,Broj,Ž,99,294
2040,Broj,Ž,100,213
2040,Broj,Ž,101,134
2040,Broj,Ž,102,87
2040,Broj,Ž,103,51
2040,Broj,Ž,104,30
2040,Broj,Ž,105,17
2040,Broj,Ž,106,10
2040,Broj,Ž,107,5
2040,Broj,Ž,108,2
2040,Broj,Ž,109,1
2040,Broj,Ž,110,0
2040,Broj,Ž,111,0
2040,Broj,Ž,112,0
2040,Broj,Ž,113,0
2040,Broj,Ž,114,0
2040,Broj,Ž,115,0
2040,Broj,Ž,116,0
2040,Broj,Ž,117,0
2040,Broj,Ž,118,0
2040,Broj,Ž,119,0
2040,Broj,Ž,120+,0
2045,Broj,Ž,T,875313
2045,Broj,Ž,0,5177
2045,Broj,Ž,1,5220
2045,Broj,Ž,2,5279
2045,Broj,Ž,3,5352
2045,Broj,Ž,4,5436
2045,Broj,Ž,5,5532
2045,Broj,Ž,6,5630
2045,Broj,Ž,7,5738
2045,Broj,Ž,8,5855
2045,Broj,Ž,9,5981
2045,Broj,Ž,10,6114
2045,Broj,Ž,11,6254
2045,Broj,Ž,12,6401
2045,Broj,Ž,13,6558
2045,Broj,Ž,14,6724
2045,Broj,Ž,15,6897
2045,Broj,Ž,16,7044
2045,Broj,Ž,17,7169
2045,Broj,Ž,18,7264
2045,Broj,Ž,19,7326
2045,Broj,Ž,20,7359
2045,Broj,Ž,21,7371
2045,Broj,Ž,22,7367
2045,Broj,Ž,23,7348
2045,Broj,Ž,24,7312
2045,Broj,Ž,25,7366
2045,Broj,Ž,26,6488
2045,Broj,Ž,27,6954
2045,Broj,Ž,28,7004
2045,Broj,Ž,29,7166
2045,Broj,Ž,30,7094
2045,Broj,Ž,31,7162
2045,Broj,Ž,32,7771
2045,Broj,Ž,33,8051
2045,Broj,Ž,34,7994
2045,Broj,Ž,35,8257
2045,Broj,Ž,36,8414
2045,Broj,Ž,37,8363
2045,Broj,Ž,38,7945
2045,Broj,Ž,39,8117
2045,Broj,Ž,40,8164
2045,Broj,Ž,41,8100
2045,Broj,Ž,42,8340
2045,Broj,Ž,43,8428
2045,Broj,Ž,44,8840
2045,Broj,Ž,45,9140
2045,Broj,Ž,46,9830
2045,Broj,Ž,47,10776
2045,Broj,Ž,48,12559
2045,Broj,Ž,49,12747
2045,Broj,Ž,50,12932
2045,Broj,Ž,51,10479
2045,Broj,Ž,52,10033
2045,Broj,Ž,53,12232
2045,Broj,Ž,54,13101
2045,Broj,Ž,55,13069
2045,Broj,Ž,56,13257
2045,Broj,Ž,57,13856
2045,Broj,Ž,58,13539
2045,Broj,Ž,59,13855
2045,Broj,Ž,60,13909
2045,Broj,Ž,61,14621
2045,Broj,Ž,62,14099
2045,Broj,Ž,63,14040
2045,Broj,Ž,64,14319
2045,Broj,Ž,65,14134
2045,Broj,Ž,66,13898
2045,Broj,Ž,67,13990
2045,Broj,Ž,68,13944
2045,Broj,Ž,69,14233
2045,Broj,Ž,70,13730
2045,Broj,Ž,71,13600
2045,Broj,Ž,72,13261
2045,Broj,Ž,73,13486
2045,Broj,Ž,74,12929
2045,Broj,Ž,75,12152
2045,Broj,Ž,76,12557
2045,Broj,Ž,77,12425
2045,Broj,Ž,78,12320
2045,Broj,Ž,79,12180
2045,Broj,Ž,80,11818
2045,Broj,Ž,81,11134
2045,Broj,Ž,82,10624
2045,Broj,Ž,83,10385
2045,Broj,Ž,84,9471
2045,Broj,Ž,85,8758
2045,Broj,Ž,86,7864
2045,Broj,Ž,87,6889
2045,Broj,Ž,88,5756
2045,Broj,Ž,89,5159
2045,Broj,Ž,90,4574
2045,Broj,Ž,91,3695
2045,Broj,Ž,92,3160
2045,Broj,Ž,93,2426
2045,Broj,Ž,94,1796
2045,Broj,Ž,95,1445
2045,Broj,Ž,96,1080
2045,Broj,Ž,97,757
2045,Broj,Ž,98,590
2045,Broj,Ž,99,333
2045,Broj,Ž,100,223
2045,Broj,Ž,101,141
2045,Broj,Ž,102,98
2045,Broj,Ž,103,70
2045,Broj,Ž,104,46
2045,Broj,Ž,105,29
2045,Broj,Ž,106,16
2045,Broj,Ž,107,9
2045,Broj,Ž,108,4
2045,Broj,Ž,109,2
2045,Broj,Ž,110,1
2045,Broj,Ž,111,0
2045,Broj,Ž,112,0
2045,Broj,Ž,113,0
2045,Broj,Ž,114,0
2045,Broj,Ž,115,0
2045,Broj,Ž,116,0
2045,Broj,Ž,117,0
2045,Broj,Ž,118,0
2045,Broj,Ž,119,0
2045,Broj,Ž,120+,0
2050,Broj,Ž,T,815385
2050,Broj,Ž,0,4698
2050,Broj,Ž,1,4734
2050,Broj,Ž,2,4784
2050,Broj,Ž,3,4848
2050,Broj,Ž,4,4923
2050,Broj,Ž,5,5009
2050,Broj,Ž,6,5100
2050,Broj,Ž,7,5196
2050,Broj,Ž,8,5294
2050,Broj,Ž,9,5395
2050,Broj,Ž,10,5497
2050,Broj,Ž,11,5597
2050,Broj,Ž,12,5703
2050,Broj,Ž,13,5816
2050,Broj,Ž,14,5935
2050,Broj,Ž,15,6059
2050,Broj,Ž,16,6178
2050,Broj,Ž,17,6284
2050,Broj,Ž,18,6370
2050,Broj,Ž,19,6437
2050,Broj,Ž,20,6487
2050,Broj,Ž,21,6505
2050,Broj,Ž,22,6516
2050,Broj,Ž,23,6524
2050,Broj,Ž,24,6530
2050,Broj,Ž,25,6540
2050,Broj,Ž,26,6560
2050,Broj,Ž,27,6590
2050,Broj,Ž,28,6627
2050,Broj,Ž,29,6663
2050,Broj,Ž,30,6821
2050,Broj,Ž,31,6052
2050,Broj,Ž,32,6574
2050,Broj,Ž,33,6655
2050,Broj,Ž,34,6848
2050,Broj,Ž,35,6804
2050,Broj,Ž,36,6889
2050,Broj,Ž,37,7502
2050,Broj,Ž,38,7792
2050,Broj,Ž,39,7756
2050,Broj,Ž,40,8030
2050,Broj,Ž,41,8194
2050,Broj,Ž,42,8160
2050,Broj,Ž,43,7760
2050,Broj,Ž,44,7939
2050,Broj,Ž,45,7993
2050,Broj,Ž,46,7938
2050,Broj,Ž,47,8188
2050,Broj,Ž,48,8284
2050,Broj,Ž,49,8703
2050,Broj,Ž,50,9008
2050,Broj,Ž,51,9693
2050,Broj,Ž,52,10620
2050,Broj,Ž,53,12374
2050,Broj,Ž,54,12561
2050,Broj,Ž,55,12766
2050,Broj,Ž,56,10375
2050,Broj,Ž,57,9946
2050,Broj,Ž,58,12098
2050,Broj,Ž,59,12938
2050,Broj,Ž,60,12900
2050,Broj,Ž,61,13076
2050,Broj,Ž,62,13651
2050,Broj,Ž,63,13326
2050,Broj,Ž,64,13613
2050,Broj,Ž,65,13633
2050,Broj,Ž,66,14278
2050,Broj,Ž,67,13714
2050,Broj,Ž,68,13588
2050,Broj,Ž,69,13773
2050,Broj,Ž,70,13508
2050,Broj,Ž,71,13191
2050,Broj,Ž,72,13181
2050,Broj,Ž,73,13035
2050,Broj,Ž,74,13193
2050,Broj,Ž,75,12607
2050,Broj,Ž,76,12356
2050,Broj,Ž,77,11902
2050,Broj,Ž,78,11940
2050,Broj,Ž,79,11272
2050,Broj,Ž,80,10413
2050,Broj,Ž,81,10551
2050,Broj,Ž,82,10213
2050,Broj,Ž,83,9883
2050,Broj,Ž,84,9510
2050,Broj,Ž,85,8956
2050,Broj,Ž,86,8165
2050,Broj,Ž,87,7513
2050,Broj,Ž,88,7057
2050,Broj,Ž,89,6158
2050,Broj,Ž,90,5426
2050,Broj,Ž,91,4617
2050,Broj,Ž,92,3814
2050,Broj,Ž,93,2985
2050,Broj,Ž,94,2489
2050,Broj,Ž,95,2036
2050,Broj,Ž,96,1513
2050,Broj,Ž,97,1191
2050,Broj,Ž,98,834
2050,Broj,Ž,99,561
2050,Broj,Ž,100,408
2050,Broj,Ž,101,273
2050,Broj,Ž,102,169
2050,Broj,Ž,103,116
2050,Broj,Ž,104,57
2050,Broj,Ž,105,33
2050,Broj,Ž,106,18
2050,Broj,Ž,107,11
2050,Broj,Ž,108,6
2050,Broj,Ž,109,3
2050,Broj,Ž,110,2
2050,Broj,Ž,111,1
2050,Broj,Ž,112,0
2050,Broj,Ž,113,0
2050,Broj,Ž,114,0
2050,Broj,Ž,115,0
2050,Broj,Ž,116,0
2050,Broj,Ž,117,0
2050,Broj,Ž,118,0
2050,Broj,Ž,119,0
2050,Broj,Ž,120+,0
2055,Broj,Ž,T,754622
2055,Broj,Ž,0,4265
2055,Broj,Ž,1,4300
2055,Broj,Ž,2,4346
2055,Broj,Ž,3,4403
2055,Broj,Ž,4,4470
2055,Broj,Ž,5,4545
2055,Broj,Ž,6,4625
2055,Broj,Ž,7,4708
2055,Broj,Ž,8,4795
2055,Broj,Ž,9,4885
2055,Broj,Ž,10,4977
2055,Broj,Ž,11,5070
2055,Broj,Ž,12,5164
2055,Broj,Ž,13,5258
2055,Broj,Ž,14,5353
2055,Broj,Ž,15,5449
2055,Broj,Ž,16,5532
2055,Broj,Ž,17,5601
2055,Broj,Ž,18,5653
2055,Broj,Ž,19,5687
2055,Broj,Ž,20,5704
2055,Broj,Ž,21,5712
2055,Broj,Ž,22,5719
2055,Broj,Ž,23,5729
2055,Broj,Ž,24,5745
2055,Broj,Ž,25,5772
2055,Broj,Ž,26,5796
2055,Broj,Ž,27,5835
2055,Broj,Ž,28,5889
2055,Broj,Ž,29,5957
2055,Broj,Ž,30,6037
2055,Broj,Ž,31,6122
2055,Broj,Ž,32,6206
2055,Broj,Ž,33,6287
2055,Broj,Ž,34,6353
2055,Broj,Ž,35,6547
2055,Broj,Ž,36,5822
2055,Broj,Ž,37,6364
2055,Broj,Ž,38,6456
2055,Broj,Ž,39,6665
2055,Broj,Ž,40,6636
2055,Broj,Ž,41,6723
2055,Broj,Ž,42,7322
2055,Broj,Ž,43,7604
2055,Broj,Ž,44,7569
2055,Broj,Ž,45,7844
2055,Broj,Ž,46,8012
2055,Broj,Ž,47,7997
2055,Broj,Ž,48,7623
2055,Broj,Ž,49,7820
2055,Broj,Ž,50,7890
2055,Broj,Ž,51,7851
2055,Broj,Ž,52,8110
2055,Broj,Ž,53,8214
2055,Broj,Ž,54,8633
2055,Broj,Ž,55,8935
2055,Broj,Ž,56,9607
2055,Broj,Ž,57,10509
2055,Broj,Ž,58,12224
2055,Broj,Ž,59,12400
2055,Broj,Ž,60,12607
2055,Broj,Ž,61,10269
2055,Broj,Ž,62,9847
2055,Broj,Ž,63,11933
2055,Broj,Ž,64,12727
2055,Broj,Ž,65,12662
2055,Broj,Ž,66,12793
2055,Broj,Ž,67,13298
2055,Broj,Ž,68,12919
2055,Broj,Ž,69,13124
2055,Broj,Ž,70,13060
2055,Broj,Ž,71,13590
2055,Broj,Ž,72,12965
2055,Broj,Ž,73,12755
2055,Broj,Ž,74,12828
2055,Broj,Ž,75,12472
2055,Broj,Ž,76,12060
2055,Broj,Ž,77,11917
2055,Broj,Ž,78,11634
2055,Broj,Ž,79,11607
2055,Broj,Ž,80,10913
2055,Broj,Ž,81,10505
2055,Broj,Ž,82,9915
2055,Broj,Ž,83,9725
2055,Broj,Ž,84,8954
2055,Broj,Ž,85,8043
2055,Broj,Ž,86,7905
2055,Broj,Ž,87,7395
2055,Broj,Ž,88,6892
2055,Broj,Ž,89,6364
2055,Broj,Ž,90,5727
2055,Broj,Ž,91,4962
2055,Broj,Ž,92,4318
2055,Broj,Ž,93,3815
2055,Broj,Ž,94,3106
2055,Broj,Ž,95,2534
2055,Broj,Ž,96,1993
2055,Broj,Ž,97,1518
2055,Broj,Ž,98,1089
2055,Broj,Ž,99,828
2055,Broj,Ž,100,614
2055,Broj,Ž,101,409
2055,Broj,Ž,102,285
2055,Broj,Ž,103,176
2055,Broj,Ž,104,104
2055,Broj,Ž,105,65
2055,Broj,Ž,106,37
2055,Broj,Ž,107,20
2055,Broj,Ž,108,11
2055,Broj,Ž,109,5
2055,Broj,Ž,110,2
2055,Broj,Ž,111,1
2055,Broj,Ž,112,0
2055,Broj,Ž,113,0
2055,Broj,Ž,114,0
2055,Broj,Ž,115,0
2055,Broj,Ž,116,0
2055,Broj,Ž,117,0
2055,Broj,Ž,118,0
2055,Broj,Ž,119,0
2055,Broj,Ž,120+,0
2060,Broj,Ž,T,694665
2060,Broj,Ž,0,3848
2060,Broj,Ž,1,3885
2060,Broj,Ž,2,3933
2060,Broj,Ž,3,3991
2060,Broj,Ž,4,4055
2060,Broj,Ž,5,4126
2060,Broj,Ž,6,4200
2060,Broj,Ž,7,4276
2060,Broj,Ž,8,4354
2060,Broj,Ž,9,4434
2060,Broj,Ž,10,4515
2060,Broj,Ž,11,4596
2060,Broj,Ž,12,4678
2060,Broj,Ž,13,4762
2060,Broj,Ž,14,4846
2060,Broj,Ž,15,4932
2060,Broj,Ž,16,5010
2060,Broj,Ž,17,5071
2060,Broj,Ž,18,5111
2060,Broj,Ž,19,5130
2060,Broj,Ž,20,5131
2060,Broj,Ž,21,5116
2060,Broj,Ž,22,5101
2060,Broj,Ž,23,5088
2060,Broj,Ž,24,5080
2060,Broj,Ž,25,5081
2060,Broj,Ž,26,5096
2060,Broj,Ž,27,5128
2060,Broj,Ž,28,5178
2060,Broj,Ž,29,5247
2060,Broj,Ž,30,5334
2060,Broj,Ž,31,5414
2060,Broj,Ž,32,5500
2060,Broj,Ž,33,5590
2060,Broj,Ž,34,5684
2060,Broj,Ž,35,5783
2060,Broj,Ž,36,5887
2060,Broj,Ž,37,5991
2060,Broj,Ž,38,6091
2060,Broj,Ž,39,6172
2060,Broj,Ž,40,6386
2060,Broj,Ž,41,5685
2060,Broj,Ž,42,6228
2060,Broj,Ž,43,6313
2060,Broj,Ž,44,6521
2060,Broj,Ž,45,6497
2060,Broj,Ž,46,6586
2060,Broj,Ž,47,7178
2060,Broj,Ž,48,7464
2060,Broj,Ž,49,7443
2060,Broj,Ž,50,7729
2060,Broj,Ž,51,7909
2060,Broj,Ž,52,7910
2060,Broj,Ž,53,7556
2060,Broj,Ž,54,7761
2060,Broj,Ž,55,7838
2060,Broj,Ž,56,7805
2060,Broj,Ž,57,8064
2060,Broj,Ž,58,8166
2060,Broj,Ž,59,8576
2060,Broj,Ž,60,8867
2060,Broj,Ž,61,9519
2060,Broj,Ž,62,10388
2060,Broj,Ž,63,12050
2060,Broj,Ž,64,12200
2060,Broj,Ž,65,12385
2060,Broj,Ž,66,10084
2060,Broj,Ž,67,9637
2060,Broj,Ž,68,11600
2060,Broj,Ž,69,12297
2060,Broj,Ž,70,12163
2060,Broj,Ž,71,12214
2060,Broj,Ž,72,12615
2060,Broj,Ž,73,12174
2060,Broj,Ž,74,12277
2060,Broj,Ž,75,12117
2060,Broj,Ž,76,12493
2060,Broj,Ž,77,11794
2060,Broj,Ž,78,11466
2060,Broj,Ž,79,11378
2060,Broj,Ž,80,10896
2060,Broj,Ž,81,10359
2060,Broj,Ž,82,10044
2060,Broj,Ž,83,9599
2060,Broj,Ž,84,9355
2060,Broj,Ž,85,8570
2060,Broj,Ž,86,8017
2060,Broj,Ž,87,7328
2060,Broj,Ž,88,6940
2060,Broj,Ž,89,6146
2060,Broj,Ž,90,5287
2060,Broj,Ž,91,4954
2060,Broj,Ž,92,4395
2060,Broj,Ž,93,3863
2060,Broj,Ž,94,3339
2060,Broj,Ž,95,2791
2060,Broj,Ž,96,2240
2060,Broj,Ž,97,1804
2060,Broj,Ž,98,1466
2060,Broj,Ž,99,1091
2060,Broj,Ž,100,809
2060,Broj,Ž,101,572
2060,Broj,Ž,102,387
2060,Broj,Ž,103,245
2060,Broj,Ž,104,163
2060,Broj,Ž,105,105
2060,Broj,Ž,106,60
2060,Broj,Ž,107,35
2060,Broj,Ž,108,18
2060,Broj,Ž,109,9
2060,Broj,Ž,110,4
2060,Broj,Ž,111,2
2060,Broj,Ž,112,1
2060,Broj,Ž,113,0
2060,Broj,Ž,114,0
2060,Broj,Ž,115,0
2060,Broj,Ž,116,0
2060,Broj,Ž,117,0
2060,Broj,Ž,118,0
2060,Broj,Ž,119,0
2060,Broj,Ž,120+,0
2065,Broj,Ž,T,636450
2065,Broj,Ž,0,3451
2065,Broj,Ž,1,3486
2065,Broj,Ž,2,3532
2065,Broj,Ž,3,3588
2065,Broj,Ž,4,3652
2065,Broj,Ž,5,3722
2065,Broj,Ž,6,3795
2065,Broj,Ž,7,3870
2065,Broj,Ž,8,3946
2065,Broj,Ž,9,4022
2065,Broj,Ž,10,4098
2065,Broj,Ž,11,4173
2065,Broj,Ž,12,4248
2065,Broj,Ž,13,4323
2065,Broj,Ž,14,4398
2065,Broj,Ž,15,4474
2065,Broj,Ž,16,4541
2065,Broj,Ž,17,4594
2065,Broj,Ž,18,4628
2065,Broj,Ž,19,4644
2065,Broj,Ž,20,4644
2065,Broj,Ž,21,4633
2065,Broj,Ž,22,4618
2065,Broj,Ž,23,4600
2065,Broj,Ž,24,4583
2065,Broj,Ž,25,4572
2065,Broj,Ž,26,4567
2065,Broj,Ž,27,4577
2065,Broj,Ž,28,4603
2065,Broj,Ž,29,4645
2065,Broj,Ž,30,4702
2065,Broj,Ž,31,4767
2065,Broj,Ž,32,4840
2065,Broj,Ž,33,4921
2065,Broj,Ž,34,5012
2065,Broj,Ž,35,5115
2065,Broj,Ž,36,5211
2065,Broj,Ž,37,5313
2065,Broj,Ž,38,5419
2065,Broj,Ž,39,5526
2065,Broj,Ž,40,5634
2065,Broj,Ž,41,5743
2065,Broj,Ž,42,5849
2065,Broj,Ž,43,5950
2065,Broj,Ž,44,6031
2065,Broj,Ž,45,6253
2065,Broj,Ž,46,5571
2065,Broj,Ž,47,6119
2065,Broj,Ž,48,6208
2065,Broj,Ž,49,6427
2065,Broj,Ž,50,6416
2065,Broj,Ž,51,6513
2065,Broj,Ž,52,7105
2065,Broj,Ž,53,7393
2065,Broj,Ž,54,7379
2065,Broj,Ž,55,7667
2065,Broj,Ž,56,7849
2065,Broj,Ž,57,7857
2065,Broj,Ž,58,7512
2065,Broj,Ž,59,7717
2065,Broj,Ž,60,7792
2065,Broj,Ž,61,7758
2065,Broj,Ž,62,8009
2065,Broj,Ž,63,8101
2065,Broj,Ž,64,8492
2065,Broj,Ž,65,8757
2065,Broj,Ž,66,9362
2065,Broj,Ž,67,10164
2065,Broj,Ž,68,11721
2065,Broj,Ž,69,11806
2065,Broj,Ž,70,11925
2065,Broj,Ž,71,9665
2065,Broj,Ž,72,9184
2065,Broj,Ž,73,10978
2065,Broj,Ž,74,11552
2065,Broj,Ž,75,11338
2065,Broj,Ž,76,11287
2065,Broj,Ž,77,11545
2065,Broj,Ž,78,11016
2065,Broj,Ž,79,10971
2065,Broj,Ž,80,10673
2065,Broj,Ž,81,10832
2065,Broj,Ž,82,10045
2065,Broj,Ž,83,9574
2065,Broj,Ž,84,9294
2065,Broj,Ž,85,8686
2065,Broj,Ž,86,8038
2065,Broj,Ž,87,7564
2065,Broj,Ž,88,6991
2065,Broj,Ž,89,6569
2065,Broj,Ž,90,5776
2065,Broj,Ž,91,5163
2065,Broj,Ž,92,4487
2065,Broj,Ž,93,4020
2065,Broj,Ž,94,3341
2065,Broj,Ž,95,2675
2065,Broj,Ž,96,2331
2065,Broj,Ž,97,1918
2065,Broj,Ž,98,1554
2065,Broj,Ž,99,1231
2065,Broj,Ž,100,938
2065,Broj,Ž,101,678
2065,Broj,Ž,102,485
2065,Broj,Ž,103,348
2065,Broj,Ž,104,227
2065,Broj,Ž,105,146
2065,Broj,Ž,106,88
2065,Broj,Ž,107,50
2065,Broj,Ž,108,26
2065,Broj,Ž,109,14
2065,Broj,Ž,110,8
2065,Broj,Ž,111,3
2065,Broj,Ž,112,2
2065,Broj,Ž,113,1
2065,Broj,Ž,114,0
2065,Broj,Ž,115,0
2065,Broj,Ž,116,0
2065,Broj,Ž,117,0
2065,Broj,Ž,118,0
2065,Broj,Ž,119,0
2065,Broj,Ž,120+,0
2070,Broj,Ž,T,580426
2070,Broj,Ž,0,3111
2070,Broj,Ž,1,3138
2070,Broj,Ž,2,3176
2070,Broj,Ž,3,3222
2070,Broj,Ž,4,3278
2070,Broj,Ž,5,3339
2070,Broj,Ž,6,3406
2070,Broj,Ž,7,3476
2070,Broj,Ž,8,3549
2070,Broj,Ž,9,3623
2070,Broj,Ž,10,3698
2070,Broj,Ž,11,3771
2070,Broj,Ž,12,3845
2070,Broj,Ž,13,3918
2070,Broj,Ž,14,3990
2070,Broj,Ž,15,4060
2070,Broj,Ž,16,4123
2070,Broj,Ž,17,4171
2070,Broj,Ž,18,4202
2070,Broj,Ž,19,4215
2070,Broj,Ž,20,4213
2070,Broj,Ž,21,4200
2070,Broj,Ž,22,4183
2070,Broj,Ž,23,4166
2070,Broj,Ž,24,4150
2070,Broj,Ž,25,4139
2070,Broj,Ž,26,4136
2070,Broj,Ž,27,4144
2070,Broj,Ž,28,4162
2070,Broj,Ž,29,4192
2070,Broj,Ž,30,4233
2070,Broj,Ž,31,4274
2070,Broj,Ž,32,4323
2070,Broj,Ž,33,4379
2070,Broj,Ž,34,4442
2070,Broj,Ž,35,4513
2070,Broj,Ž,36,4593
2070,Broj,Ž,37,4681
2070,Broj,Ž,38,4776
2070,Broj,Ž,39,4878
2070,Broj,Ž,40,4989
2070,Broj,Ž,41,5088
2070,Broj,Ž,42,5192
2070,Broj,Ž,43,5297
2070,Broj,Ž,44,5404
2070,Broj,Ž,45,5514
2070,Broj,Ž,46,5626
2070,Broj,Ž,47,5738
2070,Broj,Ž,48,5848
2070,Broj,Ž,49,5939
2070,Broj,Ž,50,6176
2070,Broj,Ž,51,5516
2070,Broj,Ž,52,6069
2070,Broj,Ž,53,6162
2070,Broj,Ž,54,6385
2070,Broj,Ž,55,6380
2070,Broj,Ž,56,6479
2070,Broj,Ž,57,7062
2070,Broj,Ž,58,7346
2070,Broj,Ž,59,7333
2070,Broj,Ž,60,7616
2070,Broj,Ž,61,7793
2070,Broj,Ž,62,7799
2070,Broj,Ž,63,7458
2070,Broj,Ž,64,7651
2070,Broj,Ž,65,7711
2070,Broj,Ž,66,7657
2070,Broj,Ž,67,7871
2070,Broj,Ž,68,7924
2070,Broj,Ž,69,8260
2070,Broj,Ž,70,8468
2070,Broj,Ž,71,8998
2070,Broj,Ž,72,9707
2070,Broj,Ž,73,11123
2070,Broj,Ž,74,11129
2070,Broj,Ž,75,11166
2070,Broj,Ž,76,8982
2070,Broj,Ž,77,8459
2070,Broj,Ž,78,10001
2070,Broj,Ž,79,10396
2070,Broj,Ž,80,10066
2070,Broj,Ž,81,9872
2070,Broj,Ž,82,9930
2070,Broj,Ž,83,9298
2070,Broj,Ž,84,9071
2070,Broj,Ž,85,8623
2070,Broj,Ž,86,8534
2070,Broj,Ž,87,7691
2070,Broj,Ž,88,7104
2070,Broj,Ž,89,6661
2070,Broj,Ž,90,5989
2070,Broj,Ž,91,5306
2070,Broj,Ž,92,4759
2070,Broj,Ž,93,4169
2070,Broj,Ž,94,3687
2070,Broj,Ž,95,3025
2070,Broj,Ž,96,2520
2070,Broj,Ž,97,2036
2070,Broj,Ž,98,1686
2070,Broj,Ž,99,1287
2070,Broj,Ž,100,940
2070,Broj,Ž,101,740
2070,Broj,Ž,102,542
2070,Broj,Ž,103,388
2070,Broj,Ž,104,270
2070,Broj,Ž,105,178
2070,Broj,Ž,106,110
2070,Broj,Ž,107,66
2070,Broj,Ž,108,39
2070,Broj,Ž,109,21
2070,Broj,Ž,110,11
2070,Broj,Ž,111,5
2070,Broj,Ž,112,2
2070,Broj,Ž,113,1
2070,Broj,Ž,114,0
2070,Broj,Ž,115,0
2070,Broj,Ž,116,0
2070,Broj,Ž,117,0
2070,Broj,Ž,118,0
2070,Broj,Ž,119,0
2070,Broj,Ž,120+,0
