Year,UNIT_MEASURE,Spol,Starosna dob,Value
2014,Broj,Oba spola,0-4,
2014,Broj,Oba spola,5-9,
2014,Broj,Oba spola,10-14,
2014,Broj,Oba spola,15-19,
2014,Broj,Oba spola,20-24,
2014,Broj,Oba spola,25-29,
2014,Broj,Oba spola,30-34,
2014,Broj,Oba spola,35-39,
2014,Broj,Oba spola,40-44,
2014,Broj,Oba spola,45-49,
2014,Broj,Oba spola,50-54,
2014,Broj,Oba spola,55-59,
2014,Broj,Oba spola,60-64,
2014,Broj,Oba spola,65-69,
2014,Broj,Oba spola,70-74,
2014,Broj,Oba spola,75-79,
2014,Broj,Oba spola,80-84,
2014,Broj,Oba spola,85-89,
2014,Broj,Oba spola,90-94,
2014,Broj,Oba spola,95-99,
2014,Broj,Oba spola,100-104,
2014,Broj,Oba spola,105-109,
2014,Broj,Oba spola,110-114,
2014,Broj,Oba spola,115-120,
2014,Broj,Oba spola,Unknown,
2014,Broj,Oba spola,Total,
2014,Broj,Oba spola,0-14,
2014,Broj,Oba spola,15-29,
2014,Broj,Oba spola,15-49,
2014,Broj,Oba spola,15-64,
2014,Broj,Oba spola,65+,
2014,Broj,Oba spola,75+,
2014,Broj,Oba spola,85+,
2014,Broj,Oba spola,100+,
2014,Broj,M,0-4,
2014,Broj,M,5-9,
2014,Broj,M,10-14,
2014,Broj,M,15-19,
2014,Broj,M,20-24,
2014,Broj,M,25-29,
2014,Broj,M,30-34,
2014,Broj,M,35-39,
2014,Broj,M,40-44,
2014,Broj,M,45-49,
2014,Broj,M,50-54,
2014,Broj,M,55-59,
2014,Broj,M,60-64,
2014,Broj,M,65-69,
2014,Broj,M,70-74,
2014,Broj,M,75-79,
2014,Broj,M,80-84,
2014,Broj,M,85-89,
2014,Broj,M,90-94,
2014,Broj,M,95-99,
2014,Broj,M,100-104,
2014,Broj,M,105-109,
2014,Broj,M,110-114,
2014,Broj,M,115-120,
2014,Broj,M,Unknown,
2014,Broj,M,Total,
2014,Broj,M,0-14,
2014,Broj,M,15-29,
2014,Broj,M,15-49,
2014,Broj,M,15-64,
2014,Broj,M,65+,
2014,Broj,M,75+,
2014,Broj,M,85+,
2014,Broj,M,100+,
2014,Broj,Ž,0-4,
2014,Broj,Ž,5-9,
2014,Broj,Ž,10-14,
2014,Broj,Ž,15-19,
2014,Broj,Ž,20-24,
2014,Broj,Ž,25-29,
2014,Broj,Ž,30-34,
2014,Broj,Ž,35-39,
2014,Broj,Ž,40-44,
2014,Broj,Ž,45-49,
2014,Broj,Ž,50-54,
2014,Broj,Ž,55-59,
2014,Broj,Ž,60-64,
2014,Broj,Ž,65-69,
2014,Broj,Ž,70-74,
2014,Broj,Ž,75-79,
2014,Broj,Ž,80-84,
2014,Broj,Ž,85-89,
2014,Broj,Ž,90-94,
2014,Broj,Ž,95-99,
2014,Broj,Ž,100-104,
2014,Broj,Ž,105-109,
2014,Broj,Ž,110-114,
2014,Broj,Ž,115-120,
2014,Broj,Ž,Unknown,
2014,Broj,Ž,Total,
2014,Broj,Ž,0-14,
2014,Broj,Ž,15-29,
2014,Broj,Ž,15-49,
2014,Broj,Ž,15-64,
2014,Broj,Ž,65+,
2014,Broj,Ž,75+,
2014,Broj,Ž,85+,
2014,Broj,Ž,100+,
2015,Broj,Oba spola,0-4,
2015,Broj,Oba spola,5-9,
2015,Broj,Oba spola,10-14,
2015,Broj,Oba spola,15-19,
2015,Broj,Oba spola,20-24,
2015,Broj,Oba spola,25-29,
2015,Broj,Oba spola,30-34,
2015,Broj,Oba spola,35-39,
2015,Broj,Oba spola,40-44,
2015,Broj,Oba spola,45-49,
2015,Broj,Oba spola,50-54,
2015,Broj,Oba spola,55-59,
2015,Broj,Oba spola,60-64,
2015,Broj,Oba spola,65-69,
2015,Broj,Oba spola,70-74,
2015,Broj,Oba spola,75-79,
2015,Broj,Oba spola,80-84,
2015,Broj,Oba spola,85-89,
2015,Broj,Oba spola,90-94,
2015,Broj,Oba spola,95-99,
2015,Broj,Oba spola,100-104,
2015,Broj,Oba spola,105-109,
2015,Broj,Oba spola,110-114,
2015,Broj,Oba spola,115-120,
2015,Broj,Oba spola,Unknown,
2015,Broj,Oba spola,Total,
2015,Broj,Oba spola,0-14,
2015,Broj,Oba spola,15-29,
2015,Broj,Oba spola,15-49,
2015,Broj,Oba spola,15-64,
2015,Broj,Oba spola,65+,
2015,Broj,Oba spola,75+,
2015,Broj,Oba spola,85+,
2015,Broj,Oba spola,100+,
2015,Broj,M,0-4,
2015,Broj,M,5-9,
2015,Broj,M,10-14,
2015,Broj,M,15-19,
2015,Broj,M,20-24,
2015,Broj,M,25-29,
2015,Broj,M,30-34,
2015,Broj,M,35-39,
2015,Broj,M,40-44,
2015,Broj,M,45-49,
2015,Broj,M,50-54,
2015,Broj,M,55-59,
2015,Broj,M,60-64,
2015,Broj,M,65-69,
2015,Broj,M,70-74,
2015,Broj,M,75-79,
2015,Broj,M,80-84,
2015,Broj,M,85-89,
2015,Broj,M,90-94,
2015,Broj,M,95-99,
2015,Broj,M,100-104,
2015,Broj,M,105-109,
2015,Broj,M,110-114,
2015,Broj,M,115-120,
2015,Broj,M,Unknown,
2015,Broj,M,Total,
2015,Broj,M,0-14,
2015,Broj,M,15-29,
2015,Broj,M,15-49,
2015,Broj,M,15-64,
2015,Broj,M,65+,
2015,Broj,M,75+,
2015,Broj,M,85+,
2015,Broj,M,100+,
2015,Broj,Ž,0-4,
2015,Broj,Ž,5-9,
2015,Broj,Ž,10-14,
2015,Broj,Ž,15-19,
2015,Broj,Ž,20-24,
2015,Broj,Ž,25-29,
2015,Broj,Ž,30-34,
2015,Broj,Ž,35-39,
2015,Broj,Ž,40-44,
2015,Broj,Ž,45-49,
2015,Broj,Ž,50-54,
2015,Broj,Ž,55-59,
2015,Broj,Ž,60-64,
2015,Broj,Ž,65-69,
2015,Broj,Ž,70-74,
2015,Broj,Ž,75-79,
2015,Broj,Ž,80-84,
2015,Broj,Ž,85-89,
2015,Broj,Ž,90-94,
2015,Broj,Ž,95-99,
2015,Broj,Ž,100-104,
2015,Broj,Ž,105-109,
2015,Broj,Ž,110-114,
2015,Broj,Ž,115-120,
2015,Broj,Ž,Unknown,
2015,Broj,Ž,Total,
2015,Broj,Ž,0-14,
2015,Broj,Ž,15-29,
2015,Broj,Ž,15-49,
2015,Broj,Ž,15-64,
2015,Broj,Ž,65+,
2015,Broj,Ž,75+,
2015,Broj,Ž,85+,
2015,Broj,Ž,100+,
2016,Broj,Oba spola,0-4,
2016,Broj,Oba spola,5-9,
2016,Broj,Oba spola,10-14,
2016,Broj,Oba spola,15-19,
2016,Broj,Oba spola,20-24,
2016,Broj,Oba spola,25-29,
2016,Broj,Oba spola,30-34,
2016,Broj,Oba spola,35-39,
2016,Broj,Oba spola,40-44,
2016,Broj,Oba spola,45-49,
2016,Broj,Oba spola,50-54,
2016,Broj,Oba spola,55-59,
2016,Broj,Oba spola,60-64,
2016,Broj,Oba spola,65-69,
2016,Broj,Oba spola,70-74,
2016,Broj,Oba spola,75-79,
2016,Broj,Oba spola,80-84,
2016,Broj,Oba spola,85-89,
2016,Broj,Oba spola,90-94,
2016,Broj,Oba spola,95-99,
2016,Broj,Oba spola,100-104,
2016,Broj,Oba spola,105-109,
2016,Broj,Oba spola,110-114,
2016,Broj,Oba spola,115-120,
2016,Broj,Oba spola,Unknown,
2016,Broj,Oba spola,Total,
2016,Broj,Oba spola,0-14,
2016,Broj,Oba spola,15-29,
2016,Broj,Oba spola,15-49,
2016,Broj,Oba spola,15-64,
2016,Broj,Oba spola,65+,
2016,Broj,Oba spola,75+,
2016,Broj,Oba spola,85+,
2016,Broj,Oba spola,100+,
2016,Broj,M,0-4,
2016,Broj,M,5-9,
2016,Broj,M,10-14,
2016,Broj,M,15-19,
2016,Broj,M,20-24,
2016,Broj,M,25-29,
2016,Broj,M,30-34,
2016,Broj,M,35-39,
2016,Broj,M,40-44,
2016,Broj,M,45-49,
2016,Broj,M,50-54,
2016,Broj,M,55-59,
2016,Broj,M,60-64,
2016,Broj,M,65-69,
2016,Broj,M,70-74,
2016,Broj,M,75-79,
2016,Broj,M,80-84,
2016,Broj,M,85-89,
2016,Broj,M,90-94,
2016,Broj,M,95-99,
2016,Broj,M,100-104,
2016,Broj,M,105-109,
2016,Broj,M,110-114,
2016,Broj,M,115-120,
2016,Broj,M,Unknown,
2016,Broj,M,Total,
2016,Broj,M,0-14,
2016,Broj,M,15-29,
2016,Broj,M,15-49,
2016,Broj,M,15-64,
2016,Broj,M,65+,
2016,Broj,M,75+,
2016,Broj,M,85+,
2016,Broj,M,100+,
2016,Broj,Ž,0-4,
2016,Broj,Ž,5-9,
2016,Broj,Ž,10-14,
2016,Broj,Ž,15-19,
2016,Broj,Ž,20-24,
2016,Broj,Ž,25-29,
2016,Broj,Ž,30-34,
2016,Broj,Ž,35-39,
2016,Broj,Ž,40-44,
2016,Broj,Ž,45-49,
2016,Broj,Ž,50-54,
2016,Broj,Ž,55-59,
2016,Broj,Ž,60-64,
2016,Broj,Ž,65-69,
2016,Broj,Ž,70-74,
2016,Broj,Ž,75-79,
2016,Broj,Ž,80-84,
2016,Broj,Ž,85-89,
2016,Broj,Ž,90-94,
2016,Broj,Ž,95-99,
2016,Broj,Ž,100-104,
2016,Broj,Ž,105-109,
2016,Broj,Ž,110-114,
2016,Broj,Ž,115-120,
2016,Broj,Ž,Unknown,
2016,Broj,Ž,Total,
2016,Broj,Ž,0-14,
2016,Broj,Ž,15-29,
2016,Broj,Ž,15-49,
2016,Broj,Ž,15-64,
2016,Broj,Ž,65+,
2016,Broj,Ž,75+,
2016,Broj,Ž,85+,
2016,Broj,Ž,100+,
2017,Broj,Oba spola,0-4,
2017,Broj,Oba spola,5-9,
2017,Broj,Oba spola,10-14,
2017,Broj,Oba spola,15-19,
2017,Broj,Oba spola,20-24,
2017,Broj,Oba spola,25-29,
2017,Broj,Oba spola,30-34,
2017,Broj,Oba spola,35-39,
2017,Broj,Oba spola,40-44,
2017,Broj,Oba spola,45-49,
2017,Broj,Oba spola,50-54,
2017,Broj,Oba spola,55-59,
2017,Broj,Oba spola,60-64,
2017,Broj,Oba spola,65-69,
2017,Broj,Oba spola,70-74,
2017,Broj,Oba spola,75-79,
2017,Broj,Oba spola,80-84,
2017,Broj,Oba spola,85-89,
2017,Broj,Oba spola,90-94,
2017,Broj,Oba spola,95-99,
2017,Broj,Oba spola,100-104,
2017,Broj,Oba spola,105-109,
2017,Broj,Oba spola,110-114,
2017,Broj,Oba spola,115-120,
2017,Broj,Oba spola,Unknown,
2017,Broj,Oba spola,Total,
2017,Broj,Oba spola,0-14,
2017,Broj,Oba spola,15-29,
2017,Broj,Oba spola,15-49,
2017,Broj,Oba spola,15-64,
2017,Broj,Oba spola,65+,
2017,Broj,Oba spola,75+,
2017,Broj,Oba spola,85+,
2017,Broj,Oba spola,100+,
2017,Broj,M,0-4,
2017,Broj,M,5-9,
2017,Broj,M,10-14,
2017,Broj,M,15-19,
2017,Broj,M,20-24,
2017,Broj,M,25-29,
2017,Broj,M,30-34,
2017,Broj,M,35-39,
2017,Broj,M,40-44,
2017,Broj,M,45-49,
2017,Broj,M,50-54,
2017,Broj,M,55-59,
2017,Broj,M,60-64,
2017,Broj,M,65-69,
2017,Broj,M,70-74,
2017,Broj,M,75-79,
2017,Broj,M,80-84,
2017,Broj,M,85-89,
2017,Broj,M,90-94,
2017,Broj,M,95-99,
2017,Broj,M,100-104,
2017,Broj,M,105-109,
2017,Broj,M,110-114,
2017,Broj,M,115-120,
2017,Broj,M,Unknown,
2017,Broj,M,Total,
2017,Broj,M,0-14,
2017,Broj,M,15-29,
2017,Broj,M,15-49,
2017,Broj,M,15-64,
2017,Broj,M,65+,
2017,Broj,M,75+,
2017,Broj,M,85+,
2017,Broj,M,100+,
2017,Broj,Ž,0-4,
2017,Broj,Ž,5-9,
2017,Broj,Ž,10-14,
2017,Broj,Ž,15-19,
2017,Broj,Ž,20-24,
2017,Broj,Ž,25-29,
2017,Broj,Ž,30-34,
2017,Broj,Ž,35-39,
2017,Broj,Ž,40-44,
2017,Broj,Ž,45-49,
2017,Broj,Ž,50-54,
2017,Broj,Ž,55-59,
2017,Broj,Ž,60-64,
2017,Broj,Ž,65-69,
2017,Broj,Ž,70-74,
2017,Broj,Ž,75-79,
2017,Broj,Ž,80-84,
2017,Broj,Ž,85-89,
2017,Broj,Ž,90-94,
2017,Broj,Ž,95-99,
2017,Broj,Ž,100-104,
2017,Broj,Ž,105-109,
2017,Broj,Ž,110-114,
2017,Broj,Ž,115-120,
2017,Broj,Ž,Unknown,
2017,Broj,Ž,Total,
2017,Broj,Ž,0-14,
2017,Broj,Ž,15-29,
2017,Broj,Ž,15-49,
2017,Broj,Ž,15-64,
2017,Broj,Ž,65+,
2017,Broj,Ž,75+,
2017,Broj,Ž,85+,
2017,Broj,Ž,100+,
2018,Broj,Oba spola,0-4,
2018,Broj,Oba spola,5-9,
2018,Broj,Oba spola,10-14,
2018,Broj,Oba spola,15-19,
2018,Broj,Oba spola,20-24,
2018,Broj,Oba spola,25-29,
2018,Broj,Oba spola,30-34,
2018,Broj,Oba spola,35-39,
2018,Broj,Oba spola,40-44,
2018,Broj,Oba spola,45-49,
2018,Broj,Oba spola,50-54,
2018,Broj,Oba spola,55-59,
2018,Broj,Oba spola,60-64,
2018,Broj,Oba spola,65-69,
2018,Broj,Oba spola,70-74,
2018,Broj,Oba spola,75-79,
2018,Broj,Oba spola,80-84,
2018,Broj,Oba spola,85-89,
2018,Broj,Oba spola,90-94,
2018,Broj,Oba spola,95-99,
2018,Broj,Oba spola,100-104,
2018,Broj,Oba spola,105-109,
2018,Broj,Oba spola,110-114,
2018,Broj,Oba spola,115-120,
2018,Broj,Oba spola,Unknown,
2018,Broj,Oba spola,Total,
2018,Broj,Oba spola,0-14,
2018,Broj,Oba spola,15-29,
2018,Broj,Oba spola,15-49,
2018,Broj,Oba spola,15-64,
2018,Broj,Oba spola,65+,
2018,Broj,Oba spola,75+,
2018,Broj,Oba spola,85+,
2018,Broj,Oba spola,100+,
2018,Broj,M,0-4,
2018,Broj,M,5-9,
2018,Broj,M,10-14,
2018,Broj,M,15-19,
2018,Broj,M,20-24,
2018,Broj,M,25-29,
2018,Broj,M,30-34,
2018,Broj,M,35-39,
2018,Broj,M,40-44,
2018,Broj,M,45-49,
2018,Broj,M,50-54,
2018,Broj,M,55-59,
2018,Broj,M,60-64,
2018,Broj,M,65-69,
2018,Broj,M,70-74,
2018,Broj,M,75-79,
2018,Broj,M,80-84,
2018,Broj,M,85-89,
2018,Broj,M,90-94,
2018,Broj,M,95-99,
2018,Broj,M,100-104,
2018,Broj,M,105-109,
2018,Broj,M,110-114,
2018,Broj,M,115-120,
2018,Broj,M,Unknown,
2018,Broj,M,Total,
2018,Broj,M,0-14,
2018,Broj,M,15-29,
2018,Broj,M,15-49,
2018,Broj,M,15-64,
2018,Broj,M,65+,
2018,Broj,M,75+,
2018,Broj,M,85+,
2018,Broj,M,100+,
2018,Broj,Ž,0-4,
2018,Broj,Ž,5-9,
2018,Broj,Ž,10-14,
2018,Broj,Ž,15-19,
2018,Broj,Ž,20-24,
2018,Broj,Ž,25-29,
2018,Broj,Ž,30-34,
2018,Broj,Ž,35-39,
2018,Broj,Ž,40-44,
2018,Broj,Ž,45-49,
2018,Broj,Ž,50-54,
2018,Broj,Ž,55-59,
2018,Broj,Ž,60-64,
2018,Broj,Ž,65-69,
2018,Broj,Ž,70-74,
2018,Broj,Ž,75-79,
2018,Broj,Ž,80-84,
2018,Broj,Ž,85-89,
2018,Broj,Ž,90-94,
2018,Broj,Ž,95-99,
2018,Broj,Ž,100-104,
2018,Broj,Ž,105-109,
2018,Broj,Ž,110-114,
2018,Broj,Ž,115-120,
2018,Broj,Ž,Unknown,
2018,Broj,Ž,Total,
2018,Broj,Ž,0-14,
2018,Broj,Ž,15-29,
2018,Broj,Ž,15-49,
2018,Broj,Ž,15-64,
2018,Broj,Ž,65+,
2018,Broj,Ž,75+,
2018,Broj,Ž,85+,
2018,Broj,Ž,100+,
2019,Broj,Oba spola,0-4,
2019,Broj,Oba spola,5-9,
2019,Broj,Oba spola,10-14,
2019,Broj,Oba spola,15-19,
2019,Broj,Oba spola,20-24,
2019,Broj,Oba spola,25-29,
2019,Broj,Oba spola,30-34,
2019,Broj,Oba spola,35-39,
2019,Broj,Oba spola,40-44,
2019,Broj,Oba spola,45-49,
2019,Broj,Oba spola,50-54,
2019,Broj,Oba spola,55-59,
2019,Broj,Oba spola,60-64,
2019,Broj,Oba spola,65-69,
2019,Broj,Oba spola,70-74,
2019,Broj,Oba spola,75-79,
2019,Broj,Oba spola,80-84,
2019,Broj,Oba spola,85-89,
2019,Broj,Oba spola,90-94,
2019,Broj,Oba spola,95-99,
2019,Broj,Oba spola,100-104,
2019,Broj,Oba spola,105-109,
2019,Broj,Oba spola,110-114,
2019,Broj,Oba spola,115-120,
2019,Broj,Oba spola,Unknown,
2019,Broj,Oba spola,Total,
2019,Broj,Oba spola,0-14,
2019,Broj,Oba spola,15-29,
2019,Broj,Oba spola,15-49,
2019,Broj,Oba spola,15-64,
2019,Broj,Oba spola,65+,
2019,Broj,Oba spola,75+,
2019,Broj,Oba spola,85+,
2019,Broj,Oba spola,100+,
2019,Broj,M,0-4,
2019,Broj,M,5-9,
2019,Broj,M,10-14,
2019,Broj,M,15-19,
2019,Broj,M,20-24,
2019,Broj,M,25-29,
2019,Broj,M,30-34,
2019,Broj,M,35-39,
2019,Broj,M,40-44,
2019,Broj,M,45-49,
2019,Broj,M,50-54,
2019,Broj,M,55-59,
2019,Broj,M,60-64,
2019,Broj,M,65-69,
2019,Broj,M,70-74,
2019,Broj,M,75-79,
2019,Broj,M,80-84,
2019,Broj,M,85-89,
2019,Broj,M,90-94,
2019,Broj,M,95-99,
2019,Broj,M,100-104,
2019,Broj,M,105-109,
2019,Broj,M,110-114,
2019,Broj,M,115-120,
2019,Broj,M,Unknown,
2019,Broj,M,Total,
2019,Broj,M,0-14,
2019,Broj,M,15-29,
2019,Broj,M,15-49,
2019,Broj,M,15-64,
2019,Broj,M,65+,
2019,Broj,M,75+,
2019,Broj,M,85+,
2019,Broj,M,100+,
2019,Broj,Ž,0-4,
2019,Broj,Ž,5-9,
2019,Broj,Ž,10-14,
2019,Broj,Ž,15-19,
2019,Broj,Ž,20-24,
2019,Broj,Ž,25-29,
2019,Broj,Ž,30-34,
2019,Broj,Ž,35-39,
2019,Broj,Ž,40-44,
2019,Broj,Ž,45-49,
2019,Broj,Ž,50-54,
2019,Broj,Ž,55-59,
2019,Broj,Ž,60-64,
2019,Broj,Ž,65-69,
2019,Broj,Ž,70-74,
2019,Broj,Ž,75-79,
2019,Broj,Ž,80-84,
2019,Broj,Ž,85-89,
2019,Broj,Ž,90-94,
2019,Broj,Ž,95-99,
2019,Broj,Ž,100-104,
2019,Broj,Ž,105-109,
2019,Broj,Ž,110-114,
2019,Broj,Ž,115-120,
2019,Broj,Ž,Unknown,
2019,Broj,Ž,Total,
2019,Broj,Ž,0-14,
2019,Broj,Ž,15-29,
2019,Broj,Ž,15-49,
2019,Broj,Ž,15-64,
2019,Broj,Ž,65+,
2019,Broj,Ž,75+,
2019,Broj,Ž,85+,
2019,Broj,Ž,100+,
2020,Broj,Oba spola,0-4,
2020,Broj,Oba spola,5-9,
2020,Broj,Oba spola,10-14,
2020,Broj,Oba spola,15-19,
2020,Broj,Oba spola,20-24,
2020,Broj,Oba spola,25-29,
2020,Broj,Oba spola,30-34,
2020,Broj,Oba spola,35-39,
2020,Broj,Oba spola,40-44,
2020,Broj,Oba spola,45-49,
2020,Broj,Oba spola,50-54,
2020,Broj,Oba spola,55-59,
2020,Broj,Oba spola,60-64,
2020,Broj,Oba spola,65-69,
2020,Broj,Oba spola,70-74,
2020,Broj,Oba spola,75-79,
2020,Broj,Oba spola,80-84,
2020,Broj,Oba spola,85-89,
2020,Broj,Oba spola,90-94,
2020,Broj,Oba spola,95-99,
2020,Broj,Oba spola,100-104,
2020,Broj,Oba spola,105-109,
2020,Broj,Oba spola,110-114,
2020,Broj,Oba spola,115-120,
2020,Broj,Oba spola,Unknown,
2020,Broj,Oba spola,Total,
2020,Broj,Oba spola,0-14,
2020,Broj,Oba spola,15-29,
2020,Broj,Oba spola,15-49,
2020,Broj,Oba spola,15-64,
2020,Broj,Oba spola,65+,
2020,Broj,Oba spola,75+,
2020,Broj,Oba spola,85+,
2020,Broj,Oba spola,100+,
2020,Broj,M,0-4,
2020,Broj,M,5-9,
2020,Broj,M,10-14,
2020,Broj,M,15-19,
2020,Broj,M,20-24,
2020,Broj,M,25-29,
2020,Broj,M,30-34,
2020,Broj,M,35-39,
2020,Broj,M,40-44,
2020,Broj,M,45-49,
2020,Broj,M,50-54,
2020,Broj,M,55-59,
2020,Broj,M,60-64,
2020,Broj,M,65-69,
2020,Broj,M,70-74,
2020,Broj,M,75-79,
2020,Broj,M,80-84,
2020,Broj,M,85-89,
2020,Broj,M,90-94,
2020,Broj,M,95-99,
2020,Broj,M,100-104,
2020,Broj,M,105-109,
2020,Broj,M,110-114,
2020,Broj,M,115-120,
2020,Broj,M,Unknown,
2020,Broj,M,Total,
2020,Broj,M,0-14,
2020,Broj,M,15-29,
2020,Broj,M,15-49,
2020,Broj,M,15-64,
2020,Broj,M,65+,
2020,Broj,M,75+,
2020,Broj,M,85+,
2020,Broj,M,100+,
2020,Broj,Ž,0-4,
2020,Broj,Ž,5-9,
2020,Broj,Ž,10-14,
2020,Broj,Ž,15-19,
2020,Broj,Ž,20-24,
2020,Broj,Ž,25-29,
2020,Broj,Ž,30-34,
2020,Broj,Ž,35-39,
2020,Broj,Ž,40-44,
2020,Broj,Ž,45-49,
2020,Broj,Ž,50-54,
2020,Broj,Ž,55-59,
2020,Broj,Ž,60-64,
2020,Broj,Ž,65-69,
2020,Broj,Ž,70-74,
2020,Broj,Ž,75-79,
2020,Broj,Ž,80-84,
2020,Broj,Ž,85-89,
2020,Broj,Ž,90-94,
2020,Broj,Ž,95-99,
2020,Broj,Ž,100-104,
2020,Broj,Ž,105-109,
2020,Broj,Ž,110-114,
2020,Broj,Ž,115-120,
2020,Broj,Ž,Unknown,
2020,Broj,Ž,Total,
2020,Broj,Ž,0-14,
2020,Broj,Ž,15-29,
2020,Broj,Ž,15-49,
2020,Broj,Ž,15-64,
2020,Broj,Ž,65+,
2020,Broj,Ž,75+,
2020,Broj,Ž,85+,
2020,Broj,Ž,100+,
