Year,UNIT_MEASURE,Općina,Broj djece,Value
2013,Broj,Banovići,Ukupno,9632
2013,Broj,Bihać,Ukupno,24809
2013,Broj,Bosanska Krupa,Ukupno,10796
2013,Broj,Bosanski Petrovac,Ukupno,3181
2013,Broj,Bosansko Grahovo,Ukupno,1070
2013,Broj,Breza,Ukupno,6196
2013,Broj,Bugojno,Ukupno,13421
2013,Broj,Busovača,Ukupno,7270
2013,Broj,Bužim,Ukupno,7407
2013,Broj,Cazin,Ukupno,27027
2013,Broj,Sarajevo-Centar,Ukupno,26201
2013,Broj,Čapljina,Ukupno,11151
2013,Broj,Čelić,Ukupno,4372
2013,Broj,Čitluk,Ukupno,7497
2013,Broj,Doboj-Istok,Ukupno,4374
2013,Broj,Doboj-Jug,Ukupno,1695
2013,Broj,Dobretići,Ukupno,664
2013,Broj,Domaljevac-Šamac,Ukupno,2073
2013,Broj,Donji Vakuf,Ukupno,5822
2013,Broj,Drvar,Ukupno,3218
2013,Broj,Foča-FBiH,Ukupno,825
2013,Broj,Fojnica,Ukupno,5229
2013,Broj,Glamoč,Ukupno,1674
2013,Broj,Goražde,Ukupno,9351
2013,Broj,Gornji Vakuf-Uskoplje,Ukupno,8606
2013,Broj,Gračanica,Ukupno,19789
2013,Broj,Gradačac,Ukupno,16870
2013,Broj,Grude,Ukupno,7262
2013,Broj,Sarajevo-Hadžići,Ukupno,10003
2013,Broj,Sarajevo-Ilidža,Ukupno,28903
2013,Broj,Sarajevo-Ilijaš,Ukupno,8573
2013,Broj,Jablanica,Ukupno,4442
2013,Broj,Jajce,Ukupno,11157
2013,Broj,Kakanj,Ukupno,15662
2013,Broj,Kalesija,Ukupno,13637
2013,Broj,Kiseljak,Ukupno,8725
2013,Broj,Kladanj,Ukupno,5325
2013,Broj,Ključ,Ukupno,7150
2013,Broj,Konjic,Ukupno,10945
2013,Broj,Kreševo,Ukupno,2304
2013,Broj,Kupres-FBiH,Ukupno,2176
2013,Broj,Livno,Ukupno,14885
2013,Broj,Lukavac,Ukupno,19824
2013,Broj,Ljubuški,Ukupno,11872
2013,Broj,Maglaj,Ukupno,9962
2013,Broj,Mostar,Ukupno,46912
2013,Broj,Neum,Ukupno,1948
2013,Broj,Sarajevo-Novi Grad,Ukupno,53683
2013,Broj,Novi Travnik,Ukupno,9963
2013,Broj,Sarajevo-Novo Sarajevo,Ukupno,30918
2013,Broj,Odžak,Ukupno,8210
2013,Broj,Olovo,Ukupno,4434
2013,Broj,Orašje,Ukupno,8479
2013,Broj,Pale-FBiH,Ukupno,391
2013,Broj,Posušje,Ukupno,8208
2013,Broj,Prozor,Ukupno,5867
2013,Broj,Ravno,Ukupno,1361
2013,Broj,Sanski Most,Ukupno,17665
2013,Broj,Sapna,Ukupno,4421
2013,Broj,Srebrenik,Ukupno,17037
2013,Broj,Sarajevo-Stari Grad,Ukupno,17059
2013,Broj,Stolac,Ukupno,6096
2013,Broj,Široki Brijeg,Ukupno,12027
2013,Broj,Teočak,Ukupno,3078
2013,Broj,Tešanj,Ukupno,17741
2013,Broj,Tomislavgrad,Ukupno,13018
2013,Broj,Travnik,Ukupno,22532
2013,Broj,Trnovo-FBiH,Ukupno,693
2013,Broj,Tuzla,Ukupno,51072
2013,Broj,Usora,Ukupno,2900
2013,Broj,Vareš,Ukupno,4070
2013,Broj,Velika Kladuša,Ukupno,16483
2013,Broj,Visoko,Ukupno,16864
2013,Broj,Vitez,Ukupno,10776
2013,Broj,Sarajevo-Vogošća,Ukupno,11602
2013,Broj,Zavidovići,Ukupno,15108
2013,Broj,Zenica,Ukupno,47242
2013,Broj,Žepče,Ukupno,12279
2013,Broj,Živinice,Ukupno,24258
2013,Broj,Banovići,Nisu rađale,2202
2013,Broj,Bihać,Nisu rađale,6909
2013,Broj,Bosanska Krupa,Nisu rađale,2740
2013,Broj,Bosanski Petrovac,Nisu rađale,748
2013,Broj,Bosansko Grahovo,Nisu rađale,252
2013,Broj,Breza,Nisu rađale,1512
2013,Broj,Bugojno,Nisu rađale,3990
2013,Broj,Busovača,Nisu rađale,2084
2013,Broj,Bužim,Nisu rađale,2136
2013,Broj,Cazin,Nisu rađale,7439
2013,Broj,Sarajevo-Centar,Nisu rađale,8540
2013,Broj,Čapljina,Nisu rađale,3454
2013,Broj,Čelić,Nisu rađale,1105
2013,Broj,Čitluk,Nisu rađale,2713
2013,Broj,Doboj-Istok,Nisu rađale,1066
2013,Broj,Doboj-Jug,Nisu rađale,389
2013,Broj,Dobretići,Nisu rađale,283
2013,Broj,Domaljevac-Šamac,Nisu rađale,676
2013,Broj,Donji Vakuf,Nisu rađale,1683
2013,Broj,Drvar,Nisu rađale,778
2013,Broj,Foča-FBiH,Nisu rađale,190
2013,Broj,Fojnica,Nisu rađale,1705
2013,Broj,Glamoč,Nisu rađale,447
2013,Broj,Goražde,Nisu rađale,2468
2013,Broj,Gornji Vakuf-Uskoplje,Nisu rađale,2840
2013,Broj,Gračanica,Nisu rađale,4347
2013,Broj,Gradačac,Nisu rađale,3957
2013,Broj,Grude,Nisu rađale,2724
2013,Broj,Sarajevo-Hadžići,Nisu rađale,2634
2013,Broj,Sarajevo-Ilidža,Nisu rađale,8609
2013,Broj,Sarajevo-Ilijaš,Nisu rađale,2229
2013,Broj,Jablanica,Nisu rađale,1330
2013,Broj,Jajce,Nisu rađale,3196
2013,Broj,Kakanj,Nisu rađale,4161
2013,Broj,Kalesija,Nisu rađale,3362
2013,Broj,Kiseljak,Nisu rađale,2390
2013,Broj,Kladanj,Nisu rađale,1327
2013,Broj,Ključ,Nisu rađale,1986
2013,Broj,Konjic,Nisu rađale,3080
2013,Broj,Kreševo,Nisu rađale,699
2013,Broj,Kupres-FBiH,Nisu rađale,858
2013,Broj,Livno,Nisu rađale,4944
2013,Broj,Lukavac,Nisu rađale,4464
2013,Broj,Ljubuški,Nisu rađale,4107
2013,Broj,Maglaj,Nisu rađale,2547
2013,Broj,Mostar,Nisu rađale,15227
2013,Broj,Neum,Nisu rađale,643
2013,Broj,Sarajevo-Novi Grad,Nisu rađale,16129
2013,Broj,Novi Travnik,Nisu rađale,2871
2013,Broj,Sarajevo-Novo Sarajevo,Nisu rađale,10414
2013,Broj,Odžak,Nisu rađale,2465
2013,Broj,Olovo,Nisu rađale,1190
2013,Broj,Orašje,Nisu rađale,2695
2013,Broj,Pale-FBiH,Nisu rađale,97
2013,Broj,Posušje,Nisu rađale,3376
2013,Broj,Prozor,Nisu rađale,2099
2013,Broj,Ravno,Nisu rađale,500
2013,Broj,Sanski Most,Nisu rađale,5169
2013,Broj,Sapna,Nisu rađale,1194
2013,Broj,Srebrenik,Nisu rađale,3923
2013,Broj,Sarajevo-Stari Grad,Nisu rađale,5243
2013,Broj,Stolac,Nisu rađale,2124
2013,Broj,Široki Brijeg,Nisu rađale,4262
2013,Broj,Teočak,Nisu rađale,809
2013,Broj,Tešanj,Nisu rađale,4310
2013,Broj,Tomislavgrad,Nisu rađale,5173
2013,Broj,Travnik,Nisu rađale,6601
2013,Broj,Trnovo-FBiH,Nisu rađale,158
2013,Broj,Tuzla,Nisu rađale,13710
2013,Broj,Usora,Nisu rađale,916
2013,Broj,Vareš,Nisu rađale,997
2013,Broj,Velika Kladuša,Nisu rađale,4112
2013,Broj,Visoko,Nisu rađale,4297
2013,Broj,Vitez,Nisu rađale,3087
2013,Broj,Sarajevo-Vogošća,Nisu rađale,3232
2013,Broj,Zavidovići,Nisu rađale,3646
2013,Broj,Zenica,Nisu rađale,12327
2013,Broj,Žepče,Nisu rađale,3672
2013,Broj,Živinice,Nisu rađale,5806
2013,Broj,Banovići,Jedno dijete,1581
2013,Broj,Bihać,Jedno dijete,3677
2013,Broj,Bosanska Krupa,Jedno dijete,1438
2013,Broj,Bosanski Petrovac,Jedno dijete,434
2013,Broj,Bosansko Grahovo,Jedno dijete,124
2013,Broj,Breza,Jedno dijete,1122
2013,Broj,Bugojno,Jedno dijete,1555
2013,Broj,Busovača,Jedno dijete,809
2013,Broj,Bužim,Jedno dijete,955
2013,Broj,Cazin,Jedno dijete,4067
2013,Broj,Sarajevo-Centar,Jedno dijete,5078
2013,Broj,Čapljina,Jedno dijete,1049
2013,Broj,Čelić,Jedno dijete,454
2013,Broj,Čitluk,Jedno dijete,650
2013,Broj,Doboj-Istok,Jedno dijete,532
2013,Broj,Doboj-Jug,Jedno dijete,239
2013,Broj,Dobretići,Jedno dijete,32
2013,Broj,Domaljevac-Šamac,Jedno dijete,242
2013,Broj,Donji Vakuf,Jedno dijete,644
2013,Broj,Drvar,Jedno dijete,431
2013,Broj,Foča-FBiH,Jedno dijete,73
2013,Broj,Fojnica,Jedno dijete,579
2013,Broj,Glamoč,Jedno dijete,135
2013,Broj,Goražde,Jedno dijete,1198
2013,Broj,Gornji Vakuf-Uskoplje,Jedno dijete,807
2013,Broj,Gračanica,Jedno dijete,2947
2013,Broj,Gradačac,Jedno dijete,2256
2013,Broj,Grude,Jedno dijete,543
2013,Broj,Sarajevo-Hadžići,Jedno dijete,1429
2013,Broj,Sarajevo-Ilidža,Jedno dijete,4309
2013,Broj,Sarajevo-Ilijaš,Jedno dijete,1196
2013,Broj,Jablanica,Jedno dijete,508
2013,Broj,Jajce,Jedno dijete,1109
2013,Broj,Kakanj,Jedno dijete,1964
2013,Broj,Kalesija,Jedno dijete,1684
2013,Broj,Kiseljak,Jedno dijete,1078
2013,Broj,Kladanj,Jedno dijete,665
2013,Broj,Ključ,Jedno dijete,732
2013,Broj,Konjic,Jedno dijete,1285
2013,Broj,Kreševo,Jedno dijete,244
2013,Broj,Kupres-FBiH,Jedno dijete,169
2013,Broj,Livno,Jedno dijete,1226
2013,Broj,Lukavac,Jedno dijete,3691
2013,Broj,Ljubuški,Jedno dijete,1040
2013,Broj,Maglaj,Jedno dijete,1424
2013,Broj,Mostar,Jedno dijete,5896
2013,Broj,Neum,Jedno dijete,168
2013,Broj,Sarajevo-Novi Grad,Jedno dijete,9593
2013,Broj,Novi Travnik,Jedno dijete,1255
2013,Broj,Sarajevo-Novo Sarajevo,Jedno dijete,6222
2013,Broj,Odžak,Jedno dijete,982
2013,Broj,Olovo,Jedno dijete,502
2013,Broj,Orašje,Jedno dijete,1055
2013,Broj,Pale-FBiH,Jedno dijete,31
2013,Broj,Posušje,Jedno dijete,624
2013,Broj,Prozor,Jedno dijete,442
2013,Broj,Ravno,Jedno dijete,142
2013,Broj,Sanski Most,Jedno dijete,2179
2013,Broj,Sapna,Jedno dijete,384
2013,Broj,Srebrenik,Jedno dijete,2307
2013,Broj,Sarajevo-Stari Grad,Jedno dijete,2934
2013,Broj,Stolac,Jedno dijete,530
2013,Broj,Široki Brijeg,Jedno dijete,1014
2013,Broj,Teočak,Jedno dijete,343
2013,Broj,Tešanj,Jedno dijete,2357
2013,Broj,Tomislavgrad,Jedno dijete,958
2013,Broj,Travnik,Jedno dijete,2740
2013,Broj,Trnovo-FBiH,Jedno dijete,46
2013,Broj,Tuzla,Jedno dijete,9432
2013,Broj,Usora,Jedno dijete,262
2013,Broj,Vareš,Jedno dijete,583
2013,Broj,Velika Kladuša,Jedno dijete,2536
2013,Broj,Visoko,Jedno dijete,2463
2013,Broj,Vitez,Jedno dijete,1216
2013,Broj,Sarajevo-Vogošća,Jedno dijete,1875
2013,Broj,Zavidovići,Jedno dijete,1989
2013,Broj,Zenica,Jedno dijete,7711
2013,Broj,Žepče,Jedno dijete,1297
2013,Broj,Živinice,Jedno dijete,3423
2013,Broj,Banovići,Dvoje djece,3796
2013,Broj,Bihać,Dvoje djece,7800
2013,Broj,Bosanska Krupa,Dvoje djece,3162
2013,Broj,Bosanski Petrovac,Dvoje djece,1240
2013,Broj,Bosansko Grahovo,Dvoje djece,393
2013,Broj,Breza,Dvoje djece,2555
2013,Broj,Bugojno,Dvoje djece,3747
2013,Broj,Busovača,Dvoje djece,1928
2013,Broj,Bužim,Dvoje djece,1620
2013,Broj,Cazin,Dvoje djece,7242
2013,Broj,Sarajevo-Centar,Dvoje djece,9471
2013,Broj,Čapljina,Dvoje djece,3066
2013,Broj,Čelić,Dvoje djece,1396
2013,Broj,Čitluk,Dvoje djece,1475
2013,Broj,Doboj-Istok,Dvoje djece,1632
2013,Broj,Doboj-Jug,Dvoje djece,611
2013,Broj,Dobretići,Dvoje djece,83
2013,Broj,Domaljevac-Šamac,Dvoje djece,565
2013,Broj,Donji Vakuf,Dvoje djece,1613
2013,Broj,Drvar,Dvoje djece,1399
2013,Broj,Foča-FBiH,Dvoje djece,262
2013,Broj,Fojnica,Dvoje djece,1407
2013,Broj,Glamoč,Dvoje djece,504
2013,Broj,Goražde,Dvoje djece,3406
2013,Broj,Gornji Vakuf-Uskoplje,Dvoje djece,1882
2013,Broj,Gračanica,Dvoje djece,7975
2013,Broj,Gradačac,Dvoje djece,6590
2013,Broj,Grude,Dvoje djece,1418
2013,Broj,Sarajevo-Hadžići,Dvoje djece,3632
2013,Broj,Sarajevo-Ilidža,Dvoje djece,10263
2013,Broj,Sarajevo-Ilijaš,Dvoje djece,2935
2013,Broj,Jablanica,Dvoje djece,1359
2013,Broj,Jajce,Dvoje djece,2867
2013,Broj,Kakanj,Dvoje djece,4863
2013,Broj,Kalesija,Dvoje djece,4778
2013,Broj,Kiseljak,Dvoje djece,2656
2013,Broj,Kladanj,Dvoje djece,1870
2013,Broj,Ključ,Dvoje djece,2122
2013,Broj,Konjic,Dvoje djece,3411
2013,Broj,Kreševo,Dvoje djece,662
2013,Broj,Kupres-FBiH,Dvoje djece,422
2013,Broj,Livno,Dvoje djece,3551
2013,Broj,Lukavac,Dvoje djece,8198
2013,Broj,Ljubuški,Dvoje djece,2573
2013,Broj,Maglaj,Dvoje djece,3455
2013,Broj,Mostar,Dvoje djece,15128
2013,Broj,Neum,Dvoje djece,420
2013,Broj,Sarajevo-Novi Grad,Dvoje djece,19695
2013,Broj,Novi Travnik,Dvoje djece,2665
2013,Broj,Sarajevo-Novo Sarajevo,Dvoje djece,10864
2013,Broj,Odžak,Dvoje djece,2750
2013,Broj,Olovo,Dvoje djece,1433
2013,Broj,Orašje,Dvoje djece,2252
2013,Broj,Pale-FBiH,Dvoje djece,120
2013,Broj,Posušje,Dvoje djece,1144
2013,Broj,Prozor,Dvoje djece,963
2013,Broj,Ravno,Dvoje djece,380
2013,Broj,Sanski Most,Dvoje djece,5604
2013,Broj,Sapna,Dvoje djece,1252
2013,Broj,Srebrenik,Dvoje djece,6408
2013,Broj,Sarajevo-Stari Grad,Dvoje djece,6147
2013,Broj,Stolac,Dvoje djece,1441
2013,Broj,Široki Brijeg,Dvoje djece,2439
2013,Broj,Teočak,Dvoje djece,962
2013,Broj,Tešanj,Dvoje djece,5994
2013,Broj,Tomislavgrad,Dvoje djece,2226
2013,Broj,Travnik,Dvoje djece,6351
2013,Broj,Trnovo-FBiH,Dvoje djece,272
2013,Broj,Tuzla,Dvoje djece,20193
2013,Broj,Usora,Dvoje djece,802
2013,Broj,Vareš,Dvoje djece,1407
2013,Broj,Velika Kladuša,Dvoje djece,4053
2013,Broj,Visoko,Dvoje djece,6277
2013,Broj,Vitez,Dvoje djece,2923
2013,Broj,Sarajevo-Vogošća,Dvoje djece,4293
2013,Broj,Zavidovići,Dvoje djece,5195
2013,Broj,Zenica,Dvoje djece,16230
2013,Broj,Žepče,Dvoje djece,3010
2013,Broj,Živinice,Dvoje djece,8890
2013,Broj,Banovići,Troje djece,1175
2013,Broj,Bihać,Troje djece,3481
2013,Broj,Bosanska Krupa,Troje djece,1698
2013,Broj,Bosanski Petrovac,Troje djece,506
2013,Broj,Bosansko Grahovo,Troje djece,200
2013,Broj,Breza,Troje djece,674
2013,Broj,Bugojno,Troje djece,2269
2013,Broj,Busovača,Troje djece,1281
2013,Broj,Bužim,Troje djece,1132
2013,Broj,Cazin,Troje djece,3984
2013,Broj,Sarajevo-Centar,Troje djece,2228
2013,Broj,Čapljina,Troje djece,2266
2013,Broj,Čelić,Troje djece,776
2013,Broj,Čitluk,Troje djece,1462
2013,Broj,Doboj-Istok,Troje djece,673
2013,Broj,Doboj-Jug,Troje djece,285
2013,Broj,Dobretići,Troje djece,86
2013,Broj,Domaljevac-Šamac,Troje djece,350
2013,Broj,Donji Vakuf,Troje djece,1024
2013,Broj,Drvar,Troje djece,465
2013,Broj,Foča-FBiH,Troje djece,158
2013,Broj,Fojnica,Troje djece,848
2013,Broj,Glamoč,Troje djece,363
2013,Broj,Goražde,Troje djece,1424
2013,Broj,Gornji Vakuf-Uskoplje,Troje djece,1504
2013,Broj,Gračanica,Troje djece,2763
2013,Broj,Gradačac,Troje djece,2626
2013,Broj,Grude,Troje djece,1375
2013,Broj,Sarajevo-Hadžići,Troje djece,1445
2013,Broj,Sarajevo-Ilidža,Troje djece,3666
2013,Broj,Sarajevo-Ilijaš,Troje djece,1253
2013,Broj,Jablanica,Troje djece,659
2013,Broj,Jajce,Troje djece,1923
2013,Broj,Kakanj,Troje djece,2545
2013,Broj,Kalesija,Troje djece,2177
2013,Broj,Kiseljak,Troje djece,1594
2013,Broj,Kladanj,Troje djece,829
2013,Broj,Ključ,Troje djece,1164
2013,Broj,Konjic,Troje djece,1794
2013,Broj,Kreševo,Troje djece,408
2013,Broj,Kupres-FBiH,Troje djece,365
2013,Broj,Livno,Troje djece,2986
2013,Broj,Lukavac,Troje djece,2140
2013,Broj,Ljubuški,Troje djece,2364
2013,Broj,Maglaj,Troje djece,1449
2013,Broj,Mostar,Troje djece,7025
2013,Broj,Neum,Troje djece,391
2013,Broj,Sarajevo-Novi Grad,Troje djece,5446
2013,Broj,Novi Travnik,Troje djece,1666
2013,Broj,Sarajevo-Novo Sarajevo,Troje djece,2461
2013,Broj,Odžak,Troje djece,1278
2013,Broj,Olovo,Troje djece,701
2013,Broj,Orašje,Troje djece,1289
2013,Broj,Pale-FBiH,Troje djece,81
2013,Broj,Posušje,Troje djece,1381
2013,Broj,Prozor,Troje djece,980
2013,Broj,Ravno,Troje djece,250
2013,Broj,Sanski Most,Troje djece,2676
2013,Broj,Sapna,Troje djece,861
2013,Broj,Srebrenik,Troje djece,2583
2013,Broj,Sarajevo-Stari Grad,Troje djece,1872
2013,Broj,Stolac,Troje djece,1128
2013,Broj,Široki Brijeg,Troje djece,2251
2013,Broj,Teočak,Troje djece,570
2013,Broj,Tešanj,Troje djece,3056
2013,Broj,Tomislavgrad,Troje djece,2425
2013,Broj,Travnik,Troje djece,3736
2013,Broj,Trnovo-FBiH,Troje djece,127
2013,Broj,Tuzla,Troje djece,4790
2013,Broj,Usora,Troje djece,496
2013,Broj,Vareš,Troje djece,667
2013,Broj,Velika Kladuša,Troje djece,2370
2013,Broj,Visoko,Troje djece,2483
2013,Broj,Vitez,Troje djece,2000
2013,Broj,Sarajevo-Vogošća,Troje djece,1423
2013,Broj,Zavidovići,Troje djece,2375
2013,Broj,Zenica,Troje djece,6404
2013,Broj,Žepče,Troje djece,2067
2013,Broj,Živinice,Troje djece,3494
2013,Broj,Banovići,Četvero djece,393
2013,Broj,Bihać,Četvero djece,1419
2013,Broj,Bosanska Krupa,Četvero djece,797
2013,Broj,Bosanski Petrovac,Četvero djece,162
2013,Broj,Bosansko Grahovo,Četvero djece,70
2013,Broj,Breza,Četvero djece,189
2013,Broj,Bugojno,Četvero djece,952
2013,Broj,Busovača,Četvero djece,598
2013,Broj,Bužim,Četvero djece,619
2013,Broj,Cazin,Četvero djece,1811
2013,Broj,Sarajevo-Centar,Četvero djece,549
2013,Broj,Čapljina,Četvero djece,864
2013,Broj,Čelić,Četvero djece,305
2013,Broj,Čitluk,Četvero djece,792
2013,Broj,Doboj-Istok,Četvero djece,239
2013,Broj,Doboj-Jug,Četvero djece,83
2013,Broj,Dobretići,Četvero djece,53
2013,Broj,Domaljevac-Šamac,Četvero djece,130
2013,Broj,Donji Vakuf,Četvero djece,466
2013,Broj,Drvar,Četvero djece,102
2013,Broj,Foča-FBiH,Četvero djece,81
2013,Broj,Fojnica,Četvero djece,377
2013,Broj,Glamoč,Četvero djece,148
2013,Broj,Goražde,Četvero djece,484
2013,Broj,Gornji Vakuf-Uskoplje,Četvero djece,770
2013,Broj,Gračanica,Četvero djece,953
2013,Broj,Gradačac,Četvero djece,805
2013,Broj,Grude,Četvero djece,735
2013,Broj,Sarajevo-Hadžići,Četvero djece,475
2013,Broj,Sarajevo-Ilidža,Četvero djece,1168
2013,Broj,Sarajevo-Ilijaš,Četvero djece,494
2013,Broj,Jablanica,Četvero djece,273
2013,Broj,Jajce,Četvero djece,902
2013,Broj,Kakanj,Četvero djece,1001
2013,Broj,Kalesija,Četvero djece,757
2013,Broj,Kiseljak,Četvero djece,548
2013,Broj,Kladanj,Četvero djece,302
2013,Broj,Ključ,Četvero djece,536
2013,Broj,Konjic,Četvero djece,696
2013,Broj,Kreševo,Četvero djece,174
2013,Broj,Kupres-FBiH,Četvero djece,192
2013,Broj,Livno,Četvero djece,1309
2013,Broj,Lukavac,Četvero djece,717
2013,Broj,Ljubuški,Četvero djece,1105
2013,Broj,Maglaj,Četvero djece,540
2013,Broj,Mostar,Četvero djece,2270
2013,Broj,Neum,Četvero djece,185
2013,Broj,Sarajevo-Novi Grad,Četvero djece,1594
2013,Broj,Novi Travnik,Četvero djece,729
2013,Broj,Sarajevo-Novo Sarajevo,Četvero djece,590
2013,Broj,Odžak,Četvero djece,416
2013,Broj,Olovo,Četvero djece,289
2013,Broj,Orašje,Četvero djece,590
2013,Broj,Pale-FBiH,Četvero djece,29
2013,Broj,Posušje,Četvero djece,888
2013,Broj,Prozor,Četvero djece,607
2013,Broj,Ravno,Četvero djece,71
2013,Broj,Sanski Most,Četvero djece,978
2013,Broj,Sapna,Četvero djece,369
2013,Broj,Srebrenik,Četvero djece,914
2013,Broj,Sarajevo-Stari Grad,Četvero djece,540
2013,Broj,Stolac,Četvero djece,526
2013,Broj,Široki Brijeg,Četvero djece,1198
2013,Broj,Teočak,Četvero djece,214
2013,Broj,Tešanj,Četvero djece,1038
2013,Broj,Tomislavgrad,Četvero djece,1266
2013,Broj,Travnik,Četvero djece,1619
2013,Broj,Trnovo-FBiH,Četvero djece,50
2013,Broj,Tuzla,Četvero djece,1591
2013,Broj,Usora,Četvero djece,217
2013,Broj,Vareš,Četvero djece,200
2013,Broj,Velika Kladuša,Četvero djece,1264
2013,Broj,Visoko,Četvero djece,729
2013,Broj,Vitez,Četvero djece,832
2013,Broj,Sarajevo-Vogošća,Četvero djece,421
2013,Broj,Zavidovići,Četvero djece,915
2013,Broj,Zenica,Četvero djece,2415
2013,Broj,Žepče,Četvero djece,1064
2013,Broj,Živinice,Četvero djece,1303
2013,Broj,Banovići,Pet i više djece,485
2013,Broj,Bihać,Pet i više djece,1523
2013,Broj,Bosanska Krupa,Pet i više djece,961
2013,Broj,Bosanski Petrovac,Pet i više djece,91
2013,Broj,Bosansko Grahovo,Pet i više djece,31
2013,Broj,Breza,Pet i više djece,144
2013,Broj,Bugojno,Pet i više djece,908
2013,Broj,Busovača,Pet i više djece,570
2013,Broj,Bužim,Pet i više djece,945
2013,Broj,Cazin,Pet i više djece,2484
2013,Broj,Sarajevo-Centar,Pet i više djece,335
2013,Broj,Čapljina,Pet i više djece,452
2013,Broj,Čelić,Pet i više djece,336
2013,Broj,Čitluk,Pet i više djece,405
2013,Broj,Doboj-Istok,Pet i više djece,232
2013,Broj,Doboj-Jug,Pet i više djece,88
2013,Broj,Dobretići,Pet i više djece,127
2013,Broj,Domaljevac-Šamac,Pet i više djece,110
2013,Broj,Donji Vakuf,Pet i više djece,392
2013,Broj,Drvar,Pet i više djece,43
2013,Broj,Foča-FBiH,Pet i više djece,61
2013,Broj,Fojnica,Pet i više djece,313
2013,Broj,Glamoč,Pet i više djece,77
2013,Broj,Goražde,Pet i više djece,371
2013,Broj,Gornji Vakuf-Uskoplje,Pet i više djece,803
2013,Broj,Gračanica,Pet i više djece,804
2013,Broj,Gradačac,Pet i više djece,636
2013,Broj,Grude,Pet i više djece,467
2013,Broj,Sarajevo-Hadžići,Pet i više djece,388
2013,Broj,Sarajevo-Ilidža,Pet i više djece,888
2013,Broj,Sarajevo-Ilijaš,Pet i više djece,466
2013,Broj,Jablanica,Pet i više djece,313
2013,Broj,Jajce,Pet i više djece,1160
2013,Broj,Kakanj,Pet i više djece,1128
2013,Broj,Kalesija,Pet i više djece,879
2013,Broj,Kiseljak,Pet i više djece,459
2013,Broj,Kladanj,Pet i više djece,332
2013,Broj,Ključ,Pet i više djece,610
2013,Broj,Konjic,Pet i više djece,679
2013,Broj,Kreševo,Pet i više djece,117
2013,Broj,Kupres-FBiH,Pet i više djece,170
2013,Broj,Livno,Pet i više djece,869
2013,Broj,Lukavac,Pet i više djece,614
2013,Broj,Ljubuški,Pet i više djece,683
2013,Broj,Maglaj,Pet i više djece,547
2013,Broj,Mostar,Pet i više djece,1366
2013,Broj,Neum,Pet i više djece,141
2013,Broj,Sarajevo-Novi Grad,Pet i više djece,1226
2013,Broj,Novi Travnik,Pet i više djece,777
2013,Broj,Sarajevo-Novo Sarajevo,Pet i više djece,367
2013,Broj,Odžak,Pet i više djece,319
2013,Broj,Olovo,Pet i više djece,319
2013,Broj,Orašje,Pet i više djece,598
2013,Broj,Pale-FBiH,Pet i više djece,33
2013,Broj,Posušje,Pet i više djece,795
2013,Broj,Prozor,Pet i više djece,776
2013,Broj,Ravno,Pet i više djece,18
2013,Broj,Sanski Most,Pet i više djece,1059
2013,Broj,Sapna,Pet i više djece,361
2013,Broj,Srebrenik,Pet i više djece,902
2013,Broj,Sarajevo-Stari Grad,Pet i više djece,323
2013,Broj,Stolac,Pet i više djece,347
2013,Broj,Široki Brijeg,Pet i više djece,863
2013,Broj,Teočak,Pet i više djece,180
2013,Broj,Tešanj,Pet i više djece,986
2013,Broj,Tomislavgrad,Pet i više djece,970
2013,Broj,Travnik,Pet i više djece,1485
2013,Broj,Trnovo-FBiH,Pet i više djece,40
2013,Broj,Tuzla,Pet i više djece,1356
2013,Broj,Usora,Pet i više djece,207
2013,Broj,Vareš,Pet i više djece,216
2013,Broj,Velika Kladuša,Pet i više djece,2148
2013,Broj,Visoko,Pet i više djece,615
2013,Broj,Vitez,Pet i više djece,718
2013,Broj,Sarajevo-Vogošća,Pet i više djece,358
2013,Broj,Zavidovići,Pet i više djece,988
2013,Broj,Zenica,Pet i više djece,2155
2013,Broj,Žepče,Pet i više djece,1169
2013,Broj,Živinice,Pet i više djece,1342
