Year,UNIT_MEASURE,Administrativna oblast,HH_agri,Value
2013,Broj,Banovići,Oba spola,7636
2013,Broj,Bihać,Oba spola,18294
2013,Broj,Bosanska Krupa,Oba spola,7675
2013,Broj,Bosanski Petrovac,Oba spola,2798
2013,Broj,Bosansko Grahovo,Oba spola,1046
2013,Broj,Breza,Oba spola,5058
2013,Broj,Bugojno,Oba spola,9429
2013,Broj,Busovača,Oba spola,5621
2013,Broj,Bužim,Oba spola,4326
2013,Broj,Cazin,Oba spola,16686
2013,Broj,centar_sarajevo,Oba spola,21484
2013,Broj,Čapljina,Oba spola,7916
2013,Broj,Čelić,Oba spola,3203
2013,Broj,Čitluk,Oba spola,4667
2013,Broj,doboj-istok,Oba spola,3167
2013,Broj,doboj-jug,Oba spola,1307
2013,Broj,Dobretići,Oba spola,473
2013,Broj,domaljevac-samac,Oba spola,1312
2013,Broj,Donji Vakuf,Oba spola,4183
2013,Broj,Drvar,Oba spola,3033
2013,Broj,foca-fbih,Oba spola,747
2013,Broj,Fojnica,Oba spola,3908
2013,Broj,Glamoč,Oba spola,1437
2013,Broj,Goražde,Oba spola,7573
2013,Broj,gornji_vakuf-uskoplje,Oba spola,5686
2013,Broj,Gračanica,Oba spola,15083
2013,Broj,Gradačac,Oba spola,11881
2013,Broj,Grude,Oba spola,4502
2013,Broj,hadzici,Oba spola,7530
2013,Broj,ilidza,Oba spola,22296
2013,Broj,ilijas,Oba spola,6386
2013,Broj,Jablanica,Oba spola,3168
2013,Broj,Jajce,Oba spola,8041
2013,Broj,Kakanj,Oba spola,12240
2013,Broj,Kalesija,Oba spola,9781
2013,Broj,Kiseljak,Oba spola,6801
2013,Broj,Kladanj,Oba spola,3847
2013,Broj,Ključ,Oba spola,4990
2013,Broj,Konjic,Oba spola,8381
2013,Broj,Kreševo,Oba spola,1845
2013,Broj,kupres-fbih,Oba spola,1489
2013,Broj,Livno,Oba spola,9028
2013,Broj,Lukavac,Oba spola,16656
2013,Broj,Ljubuški,Oba spola,7444
2013,Broj,Maglaj,Oba spola,7687
2013,Broj,Mostar,Oba spola,34129
2013,Broj,Neum,Oba spola,1394
2013,Broj,novi_grad_sarajevo,Oba spola,42274
2013,Broj,Novi Travnik,Oba spola,7267
2013,Broj,novo_sarajevo,Oba spola,25690
2013,Broj,Odžak,Oba spola,5809
2013,Broj,Olovo,Oba spola,3493
2013,Broj,Orašje,Oba spola,6192
2013,Broj,pale-fbih,Oba spola,350
2013,Broj,Posušje,Oba spola,5153
2013,Broj,Prozor,Oba spola,3653
2013,Broj,Ravno,Oba spola,929
2013,Broj,Sanski Most,Oba spola,11847
2013,Broj,Sapna,Oba spola,3085
2013,Broj,Srebrenik,Oba spola,13187
2013,Broj,stari_grad_sarajevo,Oba spola,13753
2013,Broj,Stolac,Oba spola,3884
2013,Broj,Široki Brijeg,Oba spola,7982
2013,Broj,Teočak,Oba spola,2020
2013,Broj,Tešanj,Oba spola,13426
2013,Broj,Tomislavgrad,Oba spola,7731
2013,Broj,Travnik,Oba spola,16445
2013,Broj,trnovo-fbih,Oba spola,647
2013,Broj,Tuzla,Oba spola,42630
2013,Broj,Usora,Oba spola,1936
2013,Broj,Vareš,Oba spola,3582
2013,Broj,Velika Kladuša,Oba spola,11651
2013,Broj,Visoko,Oba spola,12900
2013,Broj,Vitez,Oba spola,8190
2013,Broj,vogosca,Oba spola,8811
2013,Broj,Zavidovići,Oba spola,12088
2013,Broj,Zenica,Oba spola,38609
2013,Broj,Žepče,Oba spola,8830
2013,Broj,Živinice,Oba spola,18431
2013,Broj,Banovići,agri_activity,3952
2013,Broj,Bihać,agri_activity,4598
2013,Broj,Bosanska Krupa,agri_activity,2488
2013,Broj,Bosanski Petrovac,agri_activity,1171
2013,Broj,Bosansko Grahovo,agri_activity,422
2013,Broj,Breza,agri_activity,2335
2013,Broj,Bugojno,agri_activity,3258
2013,Broj,Busovača,agri_activity,2668
2013,Broj,Bužim,agri_activity,2553
2013,Broj,Cazin,agri_activity,5345
2013,Broj,centar_sarajevo,agri_activity,932
2013,Broj,Čapljina,agri_activity,2326
2013,Broj,Čelić,agri_activity,1537
2013,Broj,Čitluk,agri_activity,1465
2013,Broj,doboj-istok,agri_activity,1846
2013,Broj,doboj-jug,agri_activity,717
2013,Broj,Dobretići,agri_activity,173
2013,Broj,domaljevac-samac,agri_activity,413
2013,Broj,Donji Vakuf,agri_activity,2104
2013,Broj,Drvar,agri_activity,643
2013,Broj,foca-fbih,agri_activity,296
2013,Broj,Fojnica,agri_activity,1500
2013,Broj,Glamoč,agri_activity,550
2013,Broj,Goražde,agri_activity,2903
2013,Broj,gornji_vakuf-uskoplje,agri_activity,2438
2013,Broj,Gračanica,agri_activity,7084
2013,Broj,Gradačac,agri_activity,4784
2013,Broj,Grude,agri_activity,1982
2013,Broj,hadzici,agri_activity,3254
2013,Broj,ilidza,agri_activity,2931
2013,Broj,ilijas,agri_activity,2273
2013,Broj,Jablanica,agri_activity,1680
2013,Broj,Jajce,agri_activity,3317
2013,Broj,Kakanj,agri_activity,5490
2013,Broj,Kalesija,agri_activity,5217
2013,Broj,Kiseljak,agri_activity,3256
2013,Broj,Kladanj,agri_activity,2244
2013,Broj,Ključ,agri_activity,1343
2013,Broj,Konjic,agri_activity,2426
2013,Broj,Kreševo,agri_activity,667
2013,Broj,kupres-fbih,agri_activity,406
2013,Broj,Livno,agri_activity,3065
2013,Broj,Lukavac,agri_activity,6475
2013,Broj,Ljubuški,agri_activity,2302
2013,Broj,Maglaj,agri_activity,3243
2013,Broj,Mostar,agri_activity,6039
2013,Broj,Neum,agri_activity,350
2013,Broj,novi_grad_sarajevo,agri_activity,3007
2013,Broj,Novi Travnik,agri_activity,3077
2013,Broj,novo_sarajevo,agri_activity,855
2013,Broj,Odžak,agri_activity,1342
2013,Broj,Olovo,agri_activity,1929
2013,Broj,Orašje,agri_activity,2205
2013,Broj,pale-fbih,agri_activity,174
2013,Broj,Posušje,agri_activity,1783
2013,Broj,Prozor,agri_activity,1588
2013,Broj,Ravno,agri_activity,261
2013,Broj,Sanski Most,agri_activity,1912
2013,Broj,Sapna,agri_activity,1524
2013,Broj,Srebrenik,agri_activity,5602
2013,Broj,stari_grad_sarajevo,agri_activity,917
2013,Broj,Stolac,agri_activity,1561
2013,Broj,Široki Brijeg,agri_activity,3525
2013,Broj,Teočak,agri_activity,1036
2013,Broj,Tešanj,agri_activity,6098
2013,Broj,Tomislavgrad,agri_activity,2153
2013,Broj,Travnik,agri_activity,5648
2013,Broj,trnovo-fbih,agri_activity,435
2013,Broj,Tuzla,agri_activity,6752
2013,Broj,Usora,agri_activity,927
2013,Broj,Vareš,agri_activity,1167
2013,Broj,Velika Kladuša,agri_activity,4535
2013,Broj,Visoko,agri_activity,5810
2013,Broj,Vitez,agri_activity,3383
2013,Broj,vogosca,agri_activity,1508
2013,Broj,Zavidovići,agri_activity,6224
2013,Broj,Zenica,agri_activity,8853
2013,Broj,Žepče,agri_activity,4829
2013,Broj,Živinice,agri_activity,7980
2013,Broj,Banovići,agri_activity_sale,246
2013,Broj,Bihać,agri_activity_sale,444
2013,Broj,Bosanska Krupa,agri_activity_sale,484
2013,Broj,Bosanski Petrovac,agri_activity_sale,229
2013,Broj,Bosansko Grahovo,agri_activity_sale,61
2013,Broj,Breza,agri_activity_sale,247
2013,Broj,Bugojno,agri_activity_sale,649
2013,Broj,Busovača,agri_activity_sale,253
2013,Broj,Bužim,agri_activity_sale,582
2013,Broj,Cazin,agri_activity_sale,1105
2013,Broj,centar_sarajevo,agri_activity_sale,73
2013,Broj,Čapljina,agri_activity_sale,1457
2013,Broj,Čelić,agri_activity_sale,557
2013,Broj,Čitluk,agri_activity_sale,144
2013,Broj,doboj-istok,agri_activity_sale,261
2013,Broj,doboj-jug,agri_activity_sale,30
2013,Broj,Dobretići,agri_activity_sale,10
2013,Broj,domaljevac-samac,agri_activity_sale,94
2013,Broj,Donji Vakuf,agri_activity_sale,381
2013,Broj,Drvar,agri_activity_sale,75
2013,Broj,foca-fbih,agri_activity_sale,82
2013,Broj,Fojnica,agri_activity_sale,268
2013,Broj,Glamoč,agri_activity_sale,339
2013,Broj,Goražde,agri_activity_sale,357
2013,Broj,gornji_vakuf-uskoplje,agri_activity_sale,534
2013,Broj,Gračanica,agri_activity_sale,829
2013,Broj,Gradačac,agri_activity_sale,1404
2013,Broj,Grude,agri_activity_sale,143
2013,Broj,hadzici,agri_activity_sale,253
2013,Broj,ilidza,agri_activity_sale,202
2013,Broj,ilijas,agri_activity_sale,204
2013,Broj,Jablanica,agri_activity_sale,117
2013,Broj,Jajce,agri_activity_sale,351
2013,Broj,Kakanj,agri_activity_sale,486
2013,Broj,Kalesija,agri_activity_sale,584
2013,Broj,Kiseljak,agri_activity_sale,314
2013,Broj,Kladanj,agri_activity_sale,143
2013,Broj,Ključ,agri_activity_sale,281
2013,Broj,Konjic,agri_activity_sale,572
2013,Broj,Kreševo,agri_activity_sale,65
2013,Broj,kupres-fbih,agri_activity_sale,123
2013,Broj,Livno,agri_activity_sale,466
2013,Broj,Lukavac,agri_activity_sale,331
2013,Broj,Ljubuški,agri_activity_sale,766
2013,Broj,Maglaj,agri_activity_sale,216
2013,Broj,Mostar,agri_activity_sale,635
2013,Broj,Neum,agri_activity_sale,15
2013,Broj,novi_grad_sarajevo,agri_activity_sale,164
2013,Broj,Novi Travnik,agri_activity_sale,679
2013,Broj,novo_sarajevo,agri_activity_sale,58
2013,Broj,Odžak,agri_activity_sale,238
2013,Broj,Olovo,agri_activity_sale,98
2013,Broj,Orašje,agri_activity_sale,502
2013,Broj,pale-fbih,agri_activity_sale,23
2013,Broj,Posušje,agri_activity_sale,106
2013,Broj,Prozor,agri_activity_sale,208
2013,Broj,Ravno,agri_activity_sale,74
2013,Broj,Sanski Most,agri_activity_sale,481
2013,Broj,Sapna,agri_activity_sale,177
2013,Broj,Srebrenik,agri_activity_sale,496
2013,Broj,stari_grad_sarajevo,agri_activity_sale,51
2013,Broj,Stolac,agri_activity_sale,586
2013,Broj,Široki Brijeg,agri_activity_sale,146
2013,Broj,Teočak,agri_activity_sale,54
2013,Broj,Tešanj,agri_activity_sale,874
2013,Broj,Tomislavgrad,agri_activity_sale,356
2013,Broj,Travnik,agri_activity_sale,1204
2013,Broj,trnovo-fbih,agri_activity_sale,80
2013,Broj,Tuzla,agri_activity_sale,393
2013,Broj,Usora,agri_activity_sale,46
2013,Broj,Vareš,agri_activity_sale,146
2013,Broj,Velika Kladuša,agri_activity_sale,941
2013,Broj,Visoko,agri_activity_sale,928
2013,Broj,Vitez,agri_activity_sale,281
2013,Broj,vogosca,agri_activity_sale,156
2013,Broj,Zavidovići,agri_activity_sale,296
2013,Broj,Zenica,agri_activity_sale,1231
2013,Broj,Žepče,agri_activity_sale,787
2013,Broj,Živinice,agri_activity_sale,767
