Year,UNIT_MEASURE,Administrativna oblast,Literacy,Spol,Value
2013,Broj,Banovići,literate,M,10008
2013,Broj,Bihać,literate,M,23902
2013,Broj,Bosanska Krupa,literate,M,10827
2013,Broj,Bosanski Petrovac,literate,M,3310
2013,Broj,Bosansko Grahovo,literate,M,1205
2013,Broj,Breza,literate,M,6215
2013,Broj,Bugojno,literate,M,13689
2013,Broj,Busovača,literate,M,7922
2013,Broj,Bužim,literate,M,8307
2013,Broj,Cazin,literate,M,28347
2013,Broj,centar_sarajevo,literate,M,22675
2013,Broj,Čapljina,literate,M,11440
2013,Broj,Čelić,literate,M,4628
2013,Broj,Čitluk,literate,M,7768
2013,Broj,doboj-istok,literate,M,4352
2013,Broj,doboj-jug,literate,M,1775
2013,Broj,Dobretići,literate,M,827
2013,Broj,domaljevac-samac,literate,M,2125
2013,Broj,Donji Vakuf,literate,M,6037
2013,Broj,Drvar,literate,M,3200
2013,Broj,foca-fbih,literate,M,901
2013,Broj,Fojnica,literate,M,5384
2013,Broj,Glamoč,literate,M,1746
2013,Broj,Goražde,literate,M,9077
2013,Broj,gornji_vakuf-uskoplje,literate,M,9125
2013,Broj,Gračanica,literate,M,18769
2013,Broj,Gradačac,literate,M,16725
2013,Broj,Grude,literate,M,7599
2013,Broj,hadzici,literate,M,10287
2013,Broj,ilidza,literate,M,28235
2013,Broj,ilijas,literate,M,8171
2013,Broj,Jablanica,literate,M,4526
2013,Broj,Jajce,literate,M,12185
2013,Broj,Kakanj,literate,M,16181
2013,Broj,Kalesija,literate,M,14425
2013,Broj,Kiseljak,literate,M,8979
2013,Broj,Kladanj,literate,M,5388
2013,Broj,Ključ,literate,M,7484
2013,Broj,Konjic,literate,M,11032
2013,Broj,Kreševo,literate,M,2276
2013,Broj,kupres-fbih,literate,M,2308
2013,Broj,Livno,literate,M,15330
2013,Broj,Lukavac,literate,M,19474
2013,Broj,Ljubuški,literate,M,12328
2013,Broj,Maglaj,literate,M,10042
2013,Broj,Mostar,literate,M,45482
2013,Broj,Neum,literate,M,2089
2013,Broj,novi_grad_sarajevo,literate,M,48841
2013,Broj,Novi Travnik,literate,M,10277
2013,Broj,novo_sarajevo,literate,M,26401
2013,Broj,Odžak,literate,M,8411
2013,Broj,Olovo,literate,M,4568
2013,Broj,Orašje,literate,M,9033
2013,Broj,pale-fbih,literate,M,401
2013,Broj,Posušje,literate,M,8798
2013,Broj,Prozor,literate,M,6273
2013,Broj,Ravno,literate,M,1508
2013,Broj,Sanski Most,literate,M,18623
2013,Broj,Sapna,literate,M,4910
2013,Broj,Srebrenik,literate,M,16723
2013,Broj,stari_grad_sarajevo,literate,M,15740
2013,Broj,Stolac,literate,M,6483
2013,Broj,Široki Brijeg,literate,M,12458
2013,Broj,Teočak,literate,M,3296
2013,Broj,Tešanj,literate,M,18374
2013,Broj,Tomislavgrad,literate,M,14131
2013,Broj,Travnik,literate,M,23009
2013,Broj,trnovo-fbih,literate,M,692
2013,Broj,Tuzla,literate,M,47151
2013,Broj,Usora,literate,M,2968
2013,Broj,Vareš,literate,M,4022
2013,Broj,Velika Kladuša,literate,M,16588
2013,Broj,Visoko,literate,M,17119
2013,Broj,Vitez,literate,M,11068
2013,Broj,vogosca,literate,M,10944
2013,Broj,Zavidovići,literate,M,15597
2013,Broj,Zenica,literate,M,48308
2013,Broj,Žepče,literate,M,13364
2013,Broj,Živinice,literate,M,24945
2013,Broj,Banovići,literate,Ž,9449
2013,Broj,Bihać,literate,Ž,25191
2013,Broj,Bosanska Krupa,literate,Ž,10591
2013,Broj,Bosanski Petrovac,literate,Ž,3120
2013,Broj,Bosansko Grahovo,literate,Ž,1011
2013,Broj,Breza,literate,Ž,6159
2013,Broj,Bugojno,literate,Ž,13439
2013,Broj,Busovača,literate,Ž,7250
2013,Broj,Bužim,literate,Ž,7529
2013,Broj,Cazin,literate,Ž,26903
2013,Broj,centar_sarajevo,literate,Ž,26859
2013,Broj,Čapljina,literate,Ž,11407
2013,Broj,Čelić,literate,Ž,4354
2013,Broj,Čitluk,literate,Ž,7793
2013,Broj,doboj-istok,literate,Ž,4211
2013,Broj,doboj-jug,literate,Ž,1718
2013,Broj,Dobretići,literate,Ž,571
2013,Broj,domaljevac-samac,literate,Ž,2070
2013,Broj,Donji Vakuf,literate,Ž,5837
2013,Broj,Drvar,literate,Ž,3186
2013,Broj,foca-fbih,literate,Ž,777
2013,Broj,Fojnica,literate,Ž,5050
2013,Broj,Glamoč,literate,Ž,1620
2013,Broj,Goražde,literate,Ž,9190
2013,Broj,gornji_vakuf-uskoplje,literate,Ž,8461
2013,Broj,Gračanica,literate,Ž,19536
2013,Broj,Gradačac,literate,Ž,16905
2013,Broj,Grude,literate,Ž,7467
2013,Broj,hadzici,literate,Ž,9893
2013,Broj,ilidza,literate,Ž,29428
2013,Broj,ilijas,literate,Ž,8409
2013,Broj,Jablanica,literate,Ž,4353
2013,Broj,Jajce,literate,Ž,10881
2013,Broj,Kakanj,literate,Ž,15590
2013,Broj,Kalesija,literate,Ž,13271
2013,Broj,Kiseljak,literate,Ž,8691
2013,Broj,Kladanj,literate,Ž,5368
2013,Broj,Ključ,literate,Ž,7018
2013,Broj,Konjic,literate,Ž,10641
2013,Broj,Kreševo,literate,Ž,2278
2013,Broj,kupres-fbih,literate,Ž,2202
2013,Broj,Livno,literate,Ž,15001
2013,Broj,Lukavac,literate,Ž,19292
2013,Broj,Ljubuški,literate,Ž,12242
2013,Broj,Maglaj,literate,Ž,9966
2013,Broj,Mostar,literate,Ž,48016
2013,Broj,Neum,literate,Ž,1960
2013,Broj,novi_grad_sarajevo,literate,Ž,54682
2013,Broj,Novi Travnik,literate,Ž,10000
2013,Broj,novo_sarajevo,literate,Ž,31659
2013,Broj,Odžak,literate,Ž,8175
2013,Broj,Olovo,literate,Ž,4277
2013,Broj,Orašje,literate,Ž,8543
2013,Broj,pale-fbih,literate,Ž,361
2013,Broj,Posušje,literate,Ž,8492
2013,Broj,Prozor,literate,Ž,5788
2013,Broj,Ravno,literate,Ž,1385
2013,Broj,Sanski Most,literate,Ž,17587
2013,Broj,Sapna,literate,Ž,4220
2013,Broj,Srebrenik,literate,Ž,16438
2013,Broj,stari_grad_sarajevo,literate,Ž,17397
2013,Broj,Stolac,literate,Ž,6214
2013,Broj,Široki Brijeg,literate,Ž,12343
2013,Broj,Teočak,literate,Ž,3034
2013,Broj,Tešanj,literate,Ž,17845
2013,Broj,Tomislavgrad,literate,Ž,13164
2013,Broj,Travnik,literate,Ž,22430
2013,Broj,trnovo-fbih,literate,Ž,575
2013,Broj,Tuzla,literate,Ž,51056
2013,Broj,Usora,literate,Ž,2885
2013,Broj,Vareš,literate,Ž,4016
2013,Broj,Velika Kladuša,literate,Ž,16281
2013,Broj,Visoko,literate,Ž,16939
2013,Broj,Vitez,literate,Ž,11025
2013,Broj,vogosca,literate,Ž,11682
2013,Broj,Zavidovići,literate,Ž,14998
2013,Broj,Zenica,literate,Ž,48203
2013,Broj,Žepče,literate,Ž,12489
2013,Broj,Živinice,literate,Ž,23846
2013,Broj,Banovići,illiterate,M,62
2013,Broj,Bihać,illiterate,M,200
2013,Broj,Bosanska Krupa,illiterate,M,125
2013,Broj,Bosanski Petrovac,illiterate,M,34
2013,Broj,Bosansko Grahovo,illiterate,M,7
2013,Broj,Breza,illiterate,M,32
2013,Broj,Bugojno,illiterate,M,97
2013,Broj,Busovača,illiterate,M,60
2013,Broj,Bužim,illiterate,M,95
2013,Broj,Cazin,illiterate,M,277
2013,Broj,centar_sarajevo,illiterate,M,60
2013,Broj,Čapljina,illiterate,M,46
2013,Broj,Čelić,illiterate,M,64
2013,Broj,Čitluk,illiterate,M,22
2013,Broj,doboj-istok,illiterate,M,103
2013,Broj,doboj-jug,illiterate,M,2
2013,Broj,Dobretići,illiterate,M,22
2013,Broj,domaljevac-samac,illiterate,M,23
2013,Broj,Donji Vakuf,illiterate,M,55
2013,Broj,Drvar,illiterate,M,21
2013,Broj,foca-fbih,illiterate,M,7
2013,Broj,Fojnica,illiterate,M,57
2013,Broj,Glamoč,illiterate,M,17
2013,Broj,Goražde,illiterate,M,70
2013,Broj,gornji_vakuf-uskoplje,illiterate,M,85
2013,Broj,Gračanica,illiterate,M,168
2013,Broj,Gradačac,illiterate,M,165
2013,Broj,Grude,illiterate,M,42
2013,Broj,hadzici,illiterate,M,198
2013,Broj,ilidza,illiterate,M,107
2013,Broj,ilijas,illiterate,M,60
2013,Broj,Jablanica,illiterate,M,37
2013,Broj,Jajce,illiterate,M,110
2013,Broj,Kakanj,illiterate,M,171
2013,Broj,Kalesija,illiterate,M,119
2013,Broj,Kiseljak,illiterate,M,93
2013,Broj,Kladanj,illiterate,M,36
2013,Broj,Ključ,illiterate,M,53
2013,Broj,Konjic,illiterate,M,86
2013,Broj,Kreševo,illiterate,M,16
2013,Broj,kupres-fbih,illiterate,M,14
2013,Broj,Livno,illiterate,M,77
2013,Broj,Lukavac,illiterate,M,185
2013,Broj,Ljubuški,illiterate,M,49
2013,Broj,Maglaj,illiterate,M,64
2013,Broj,Mostar,illiterate,M,137
2013,Broj,Neum,illiterate,M,11
2013,Broj,novi_grad_sarajevo,illiterate,M,159
2013,Broj,Novi Travnik,illiterate,M,58
2013,Broj,novo_sarajevo,illiterate,M,58
2013,Broj,Odžak,illiterate,M,64
2013,Broj,Olovo,illiterate,M,32
2013,Broj,Orašje,illiterate,M,81
2013,Broj,pale-fbih,illiterate,M,12
2013,Broj,Posušje,illiterate,M,52
2013,Broj,Prozor,illiterate,M,55
2013,Broj,Ravno,illiterate,M,5
2013,Broj,Sanski Most,illiterate,M,150
2013,Broj,Sapna,illiterate,M,72
2013,Broj,Srebrenik,illiterate,M,213
2013,Broj,stari_grad_sarajevo,illiterate,M,44
2013,Broj,Stolac,illiterate,M,67
2013,Broj,Široki Brijeg,illiterate,M,53
2013,Broj,Teočak,illiterate,M,40
2013,Broj,Tešanj,illiterate,M,152
2013,Broj,Tomislavgrad,illiterate,M,104
2013,Broj,Travnik,illiterate,M,212
2013,Broj,trnovo-fbih,illiterate,M,12
2013,Broj,Tuzla,illiterate,M,277
2013,Broj,Usora,illiterate,M,18
2013,Broj,Vareš,illiterate,M,29
2013,Broj,Velika Kladuša,illiterate,M,267
2013,Broj,Visoko,illiterate,M,120
2013,Broj,Vitez,illiterate,M,51
2013,Broj,vogosca,illiterate,M,50
2013,Broj,Zavidovići,illiterate,M,150
2013,Broj,Zenica,illiterate,M,214
2013,Broj,Žepče,illiterate,M,93
2013,Broj,Živinice,illiterate,M,218
2013,Broj,Banovići,illiterate,Ž,603
2013,Broj,Bihać,illiterate,Ž,1031
2013,Broj,Bosanska Krupa,illiterate,Ž,793
2013,Broj,Bosanski Petrovac,illiterate,Ž,166
2013,Broj,Bosansko Grahovo,illiterate,Ž,82
2013,Broj,Breza,illiterate,Ž,355
2013,Broj,Bugojno,illiterate,Ž,612
2013,Broj,Busovača,illiterate,Ž,409
2013,Broj,Bužim,illiterate,Ž,480
2013,Broj,Cazin,illiterate,Ž,1794
2013,Broj,centar_sarajevo,illiterate,Ž,354
2013,Broj,Čapljina,illiterate,Ž,294
2013,Broj,Čelić,illiterate,Ž,293
2013,Broj,Čitluk,illiterate,Ž,164
2013,Broj,doboj-istok,illiterate,Ž,400
2013,Broj,doboj-jug,illiterate,Ž,74
2013,Broj,Dobretići,illiterate,Ž,107
2013,Broj,domaljevac-samac,illiterate,Ž,94
2013,Broj,Donji Vakuf,illiterate,Ž,344
2013,Broj,Drvar,illiterate,Ž,118
2013,Broj,foca-fbih,illiterate,Ž,84
2013,Broj,Fojnica,illiterate,Ž,341
2013,Broj,Glamoč,illiterate,Ž,102
2013,Broj,Goražde,illiterate,Ž,587
2013,Broj,gornji_vakuf-uskoplje,illiterate,Ž,548
2013,Broj,Gračanica,illiterate,Ž,1207
2013,Broj,Gradačac,illiterate,Ž,900
2013,Broj,Grude,illiterate,Ž,219
2013,Broj,hadzici,illiterate,Ž,621
2013,Broj,ilidza,illiterate,Ž,1004
2013,Broj,ilijas,illiterate,Ž,643
2013,Broj,Jablanica,illiterate,Ž,282
2013,Broj,Jajce,illiterate,Ž,782
2013,Broj,Kakanj,illiterate,Ž,961
2013,Broj,Kalesija,illiterate,Ž,1075
2013,Broj,Kiseljak,illiterate,Ž,509
2013,Broj,Kladanj,illiterate,Ž,249
2013,Broj,Ključ,illiterate,Ž,512
2013,Broj,Konjic,illiterate,Ž,765
2013,Broj,Kreševo,illiterate,Ž,127
2013,Broj,kupres-fbih,illiterate,Ž,100
2013,Broj,Livno,illiterate,Ž,554
2013,Broj,Lukavac,illiterate,Ž,1359
2013,Broj,Ljubuški,illiterate,Ž,312
2013,Broj,Maglaj,illiterate,Ž,444
2013,Broj,Mostar,illiterate,Ž,1006
2013,Broj,Neum,illiterate,Ž,105
2013,Broj,novi_grad_sarajevo,illiterate,Ž,1470
2013,Broj,Novi Travnik,illiterate,Ž,459
2013,Broj,novo_sarajevo,illiterate,Ž,450
2013,Broj,Odžak,illiterate,Ž,370
2013,Broj,Olovo,illiterate,Ž,307
2013,Broj,Orašje,illiterate,Ž,297
2013,Broj,pale-fbih,illiterate,Ž,50
2013,Broj,Posušje,illiterate,Ž,314
2013,Broj,Prozor,illiterate,Ž,357
2013,Broj,Ravno,illiterate,Ž,33
2013,Broj,Sanski Most,illiterate,Ž,959
2013,Broj,Sapna,illiterate,Ž,484
2013,Broj,Srebrenik,illiterate,Ž,1388
2013,Broj,stari_grad_sarajevo,illiterate,Ž,392
2013,Broj,Stolac,illiterate,Ž,232
2013,Broj,Široki Brijeg,illiterate,Ž,385
2013,Broj,Teočak,illiterate,Ž,241
2013,Broj,Tešanj,illiterate,Ž,1053
2013,Broj,Tomislavgrad,illiterate,Ž,579
2013,Broj,Travnik,illiterate,Ž,1191
2013,Broj,trnovo-fbih,illiterate,Ž,135
2013,Broj,Tuzla,illiterate,Ž,1992
2013,Broj,Usora,illiterate,Ž,151
2013,Broj,Vareš,illiterate,Ž,175
2013,Broj,Velika Kladuša,illiterate,Ž,1348
2013,Broj,Visoko,illiterate,Ž,865
2013,Broj,Vitez,illiterate,Ž,402
2013,Broj,vogosca,illiterate,Ž,489
2013,Broj,Zavidovići,illiterate,Ž,885
2013,Broj,Zenica,illiterate,Ž,1597
2013,Broj,Žepče,illiterate,Ž,591
2013,Broj,Živinice,illiterate,Ž,1798
2013,Broj,Banovići,Nepoznato,M,85
2013,Broj,Bihać,Nepoznato,M,162
2013,Broj,Bosanska Krupa,Nepoznato,M,113
2013,Broj,Bosanski Petrovac,Nepoznato,M,50
2013,Broj,Bosansko Grahovo,Nepoznato,M,7
2013,Broj,Breza,Nepoznato,M,14
2013,Broj,Bugojno,Nepoznato,M,170
2013,Broj,Busovača,Nepoznato,M,85
2013,Broj,Bužim,Nepoznato,M,76
2013,Broj,Cazin,Nepoznato,M,251
2013,Broj,centar_sarajevo,Nepoznato,M,55
2013,Broj,Čapljina,Nepoznato,M,130
2013,Broj,Čelić,Nepoznato,M,48
2013,Broj,Čitluk,Nepoznato,M,117
2013,Broj,doboj-istok,Nepoznato,M,23
2013,Broj,doboj-jug,Nepoznato,M,13
2013,Broj,Dobretići,Nepoznato,M,8
2013,Broj,domaljevac-samac,Nepoznato,M,27
2013,Broj,Donji Vakuf,Nepoznato,M,66
2013,Broj,Drvar,Nepoznato,M,16
2013,Broj,foca-fbih,Nepoznato,M,3
2013,Broj,Fojnica,Nepoznato,M,131
2013,Broj,Glamoč,Nepoznato,M,22
2013,Broj,Goražde,Nepoznato,M,45
2013,Broj,gornji_vakuf-uskoplje,Nepoznato,M,144
2013,Broj,Gračanica,Nepoznato,M,141
2013,Broj,Gradačac,Nepoznato,M,96
2013,Broj,Grude,Nepoznato,M,89
2013,Broj,hadzici,Nepoznato,M,43
2013,Broj,ilidza,Nepoznato,M,108
2013,Broj,ilijas,Nepoznato,M,30
2013,Broj,Jablanica,Nepoznato,M,15
2013,Broj,Jajce,Nepoznato,M,157
2013,Broj,Kakanj,Nepoznato,M,92
2013,Broj,Kalesija,Nepoznato,M,136
2013,Broj,Kiseljak,Nepoznato,M,86
2013,Broj,Kladanj,Nepoznato,M,33
2013,Broj,Ključ,Nepoznato,M,67
2013,Broj,Konjic,Nepoznato,M,119
2013,Broj,Kreševo,Nepoznato,M,31
2013,Broj,kupres-fbih,Nepoznato,M,19
2013,Broj,Livno,Nepoznato,M,157
2013,Broj,Lukavac,Nepoznato,M,125
2013,Broj,Ljubuški,Nepoznato,M,131
2013,Broj,Maglaj,Nepoznato,M,70
2013,Broj,Mostar,Nepoznato,M,338
2013,Broj,Neum,Nepoznato,M,18
2013,Broj,novi_grad_sarajevo,Nepoznato,M,176
2013,Broj,Novi Travnik,Nepoznato,M,153
2013,Broj,novo_sarajevo,Nepoznato,M,62
2013,Broj,Odžak,Nepoznato,M,114
2013,Broj,Olovo,Nepoznato,M,27
2013,Broj,Orašje,Nepoznato,M,101
2013,Broj,pale-fbih,Nepoznato,M,0
2013,Broj,Posušje,Nepoznato,M,110
2013,Broj,Prozor,Nepoznato,M,105
2013,Broj,Ravno,Nepoznato,M,10
2013,Broj,Sanski Most,Nepoznato,M,179
2013,Broj,Sapna,Nepoznato,M,45
2013,Broj,Srebrenik,Nepoznato,M,172
2013,Broj,stari_grad_sarajevo,Nepoznato,M,63
2013,Broj,Stolac,Nepoznato,M,80
2013,Broj,Široki Brijeg,Nepoznato,M,144
2013,Broj,Teočak,Nepoznato,M,23
2013,Broj,Tešanj,Nepoznato,M,120
2013,Broj,Tomislavgrad,Nepoznato,M,183
2013,Broj,Travnik,Nepoznato,M,330
2013,Broj,trnovo-fbih,Nepoznato,M,3
2013,Broj,Tuzla,Nepoznato,M,257
2013,Broj,Usora,Nepoznato,M,23
2013,Broj,Vareš,Nepoznato,M,31
2013,Broj,Velika Kladuša,Nepoznato,M,126
2013,Broj,Visoko,Nepoznato,M,100
2013,Broj,Vitez,Nepoznato,M,129
2013,Broj,vogosca,Nepoznato,M,31
2013,Broj,Zavidovići,Nepoznato,M,119
2013,Broj,Zenica,Nepoznato,M,190
2013,Broj,Žepče,Nepoznato,M,96
2013,Broj,Živinice,Nepoznato,M,125
2013,Broj,Banovići,Nepoznato,Ž,148
2013,Broj,Bihać,Nepoznato,Ž,317
2013,Broj,Bosanska Krupa,Nepoznato,Ž,178
2013,Broj,Bosanski Petrovac,Nepoznato,Ž,75
2013,Broj,Bosansko Grahovo,Nepoznato,Ž,19
2013,Broj,Breza,Nepoznato,Ž,34
2013,Broj,Bugojno,Nepoznato,Ž,298
2013,Broj,Busovača,Nepoznato,Ž,144
2013,Broj,Bužim,Nepoznato,Ž,103
2013,Broj,Cazin,Nepoznato,Ž,445
2013,Broj,centar_sarajevo,Nepoznato,Ž,158
2013,Broj,Čapljina,Nepoznato,Ž,248
2013,Broj,Čelić,Nepoznato,Ž,67
2013,Broj,Čitluk,Nepoznato,Ž,184
2013,Broj,doboj-istok,Nepoznato,Ž,48
2013,Broj,doboj-jug,Nepoznato,Ž,32
2013,Broj,Dobretići,Nepoznato,Ž,10
2013,Broj,domaljevac-samac,Nepoznato,Ž,32
2013,Broj,Donji Vakuf,Nepoznato,Ž,105
2013,Broj,Drvar,Nepoznato,Ž,35
2013,Broj,foca-fbih,Nepoznato,Ž,5
2013,Broj,Fojnica,Nepoznato,Ž,201
2013,Broj,Glamoč,Nepoznato,Ž,27
2013,Broj,Goražde,Nepoznato,Ž,105
2013,Broj,gornji_vakuf-uskoplje,Nepoznato,Ž,267
2013,Broj,Gračanica,Nepoznato,Ž,281
2013,Broj,Gradačac,Nepoznato,Ž,206
2013,Broj,Grude,Nepoznato,Ž,135
2013,Broj,hadzici,Nepoznato,Ž,130
2013,Broj,ilidza,Nepoznato,Ž,269
2013,Broj,ilijas,Nepoznato,Ž,77
2013,Broj,Jablanica,Nepoznato,Ž,37
2013,Broj,Jajce,Nepoznato,Ž,298
2013,Broj,Kakanj,Nepoznato,Ž,210
2013,Broj,Kalesija,Nepoznato,Ž,286
2013,Broj,Kiseljak,Nepoznato,Ž,135
2013,Broj,Kladanj,Nepoznato,Ž,66
2013,Broj,Ključ,Nepoznato,Ž,102
2013,Broj,Konjic,Nepoznato,Ž,222
2013,Broj,Kreševo,Nepoznato,Ž,35
2013,Broj,kupres-fbih,Nepoznato,Ž,34
2013,Broj,Livno,Nepoznato,Ž,215
2013,Broj,Lukavac,Nepoznato,Ž,225
2013,Broj,Ljubuški,Nepoznato,Ž,197
2013,Broj,Maglaj,Nepoznato,Ž,167
2013,Broj,Mostar,Nepoznato,Ž,594
2013,Broj,Neum,Nepoznato,Ž,27
2013,Broj,novi_grad_sarajevo,Nepoznato,Ž,425
2013,Broj,Novi Travnik,Nepoznato,Ž,222
2013,Broj,novo_sarajevo,Nepoznato,Ž,153
2013,Broj,Odžak,Nepoznato,Ž,171
2013,Broj,Olovo,Nepoznato,Ž,101
2013,Broj,Orašje,Nepoznato,Ž,153
2013,Broj,pale-fbih,Nepoznato,Ž,3
2013,Broj,Posušje,Nepoznato,Ž,142
2013,Broj,Prozor,Nepoznato,Ž,194
2013,Broj,Ravno,Nepoznato,Ž,24
2013,Broj,Sanski Most,Nepoznato,Ž,321
2013,Broj,Sapna,Nepoznato,Ž,67
2013,Broj,Srebrenik,Nepoznato,Ž,329
2013,Broj,stari_grad_sarajevo,Nepoznato,Ž,124
2013,Broj,Stolac,Nepoznato,Ž,100
2013,Broj,Široki Brijeg,Nepoznato,Ž,261
2013,Broj,Teočak,Nepoznato,Ž,36
2013,Broj,Tešanj,Nepoznato,Ž,220
2013,Broj,Tomislavgrad,Nepoznato,Ž,222
2013,Broj,Travnik,Nepoznato,Ž,538
2013,Broj,trnovo-fbih,Nepoznato,Ž,4
2013,Broj,Tuzla,Nepoznato,Ž,432
2013,Broj,Usora,Nepoznato,Ž,36
2013,Broj,Vareš,Nepoznato,Ž,53
2013,Broj,Velika Kladuša,Nepoznato,Ž,222
2013,Broj,Visoko,Nepoznato,Ž,155
2013,Broj,Vitez,Nepoznato,Ž,235
2013,Broj,vogosca,Nepoznato,Ž,92
2013,Broj,Zavidovići,Nepoznato,Ž,237
2013,Broj,Zenica,Nepoznato,Ž,438
2013,Broj,Žepče,Nepoznato,Ž,186
2013,Broj,Živinice,Nepoznato,Ž,266
