Year,UNIT_MEASURE,Administrativna oblast,Spol,Value
1998,Broj,Federacija Bosne i Hercegovine,Oba spola,483426.0
1998,Broj,Županija Unsko-sanska,Oba spola,19062.0
1998,Broj,Županija Posavska,Oba spola,400.0
1998,Broj,Županija Tuzlanska,Oba spola,52338.0
1998,Broj,Županija Zeničko-dobojska,Oba spola,166900.0
1998,Broj,Županija Bosansko-podrinjska,Oba spola,
1998,Broj,Županija Srednjobosanska,Oba spola,19686.0
1998,Broj,Županija Hercegovačko-neretvanska,Oba spola,18032.0
1998,Broj,Županija Zapadno-hercegovačka,Oba spola,
1998,Broj,Sarajevska županija,Oba spola,205599.0
1998,Broj,Županija 10,Oba spola,1409.0
1998,Broj,Federacija Bosne i Hercegovine,M,256508.0
1998,Broj,Županija Unsko-sanska,M,8518.0
1998,Broj,Županija Posavska,M,167.0
1998,Broj,Županija Tuzlanska,M,25383.0
1998,Broj,Županija Zeničko-dobojska,M,93367.0
1998,Broj,Županija Bosansko-podrinjska,M,
1998,Broj,Županija Srednjobosanska,M,8634.0
1998,Broj,Županija Hercegovačko-neretvanska,M,7469.0
1998,Broj,Županija Zapadno-hercegovačka,M,
1998,Broj,Sarajevska županija,M,112504.0
1998,Broj,Županija 10,M,466.0
1998,Broj,Federacija Bosne i Hercegovine,Ž,226918.0
1998,Broj,Županija Unsko-sanska,Ž,10544.0
1998,Broj,Županija Posavska,Ž,233.0
1998,Broj,Županija Tuzlanska,Ž,26955.0
1998,Broj,Županija Zeničko-dobojska,Ž,73533.0
1998,Broj,Županija Bosansko-podrinjska,Ž,
1998,Broj,Županija Srednjobosanska,Ž,11052.0
1998,Broj,Županija Hercegovačko-neretvanska,Ž,10563.0
1998,Broj,Županija Zapadno-hercegovačka,Ž,
1998,Broj,Sarajevska županija,Ž,93095.0
1998,Broj,Županija 10,Ž,943.0
1999,Broj,Federacija Bosne i Hercegovine,Oba spola,316644.0
1999,Broj,Županija Unsko-sanska,Oba spola,8787.0
1999,Broj,Županija Posavska,Oba spola,911.0
1999,Broj,Županija Tuzlanska,Oba spola,49938.0
1999,Broj,Županija Zeničko-dobojska,Oba spola,122126.0
1999,Broj,Županija Bosansko-podrinjska,Oba spola,
1999,Broj,Županija Srednjobosanska,Oba spola,25288.0
1999,Broj,Županija Hercegovačko-neretvanska,Oba spola,33768.0
1999,Broj,Županija Zapadno-hercegovačka,Oba spola,1198.0
1999,Broj,Sarajevska županija,Oba spola,71624.0
1999,Broj,Županija 10,Oba spola,3004.0
1999,Broj,Federacija Bosne i Hercegovine,M,158297.0
1999,Broj,Županija Unsko-sanska,M,4056.0
1999,Broj,Županija Posavska,M,459.0
1999,Broj,Županija Tuzlanska,M,24031.0
1999,Broj,Županija Zeničko-dobojska,M,52694.0
1999,Broj,Županija Bosansko-podrinjska,M,
1999,Broj,Županija Srednjobosanska,M,11153.0
1999,Broj,Županija Hercegovačko-neretvanska,M,18834.0
1999,Broj,Županija Zapadno-hercegovačka,M,830.0
1999,Broj,Sarajevska županija,M,45340.0
1999,Broj,Županija 10,M,901.0
1999,Broj,Federacija Bosne i Hercegovine,Ž,158347.0
1999,Broj,Županija Unsko-sanska,Ž,4731.0
1999,Broj,Županija Posavska,Ž,452.0
1999,Broj,Županija Tuzlanska,Ž,25907.0
1999,Broj,Županija Zeničko-dobojska,Ž,69432.0
1999,Broj,Županija Bosansko-podrinjska,Ž,
1999,Broj,Županija Srednjobosanska,Ž,14135.0
1999,Broj,Županija Hercegovačko-neretvanska,Ž,14934.0
1999,Broj,Županija Zapadno-hercegovačka,Ž,368.0
1999,Broj,Sarajevska županija,Ž,26284.0
1999,Broj,Županija 10,Ž,2103.0
2000,Broj,Federacija Bosne i Hercegovine,Oba spola,283785.0
2000,Broj,Županija Unsko-sanska,Oba spola,11514.0
2000,Broj,Županija Posavska,Oba spola,1759.0
2000,Broj,Županija Tuzlanska,Oba spola,51918.0
2000,Broj,Županija Zeničko-dobojska,Oba spola,84090.0
2000,Broj,Županija Bosansko-podrinjska,Oba spola,
2000,Broj,Županija Srednjobosanska,Oba spola,28632.0
2000,Broj,Županija Hercegovačko-neretvanska,Oba spola,25754.0
2000,Broj,Županija Zapadno-hercegovačka,Oba spola,1198.0
2000,Broj,Sarajevska županija,Oba spola,76363.0
2000,Broj,Županija 10,Oba spola,2557.0
2000,Broj,Federacija Bosne i Hercegovine,M,150741.0
2000,Broj,Županija Unsko-sanska,M,3628.0
2000,Broj,Županija Posavska,M,900.0
2000,Broj,Županija Tuzlanska,M,25809.0
2000,Broj,Županija Zeničko-dobojska,M,45290.0
2000,Broj,Županija Bosansko-podrinjska,M,
2000,Broj,Županija Srednjobosanska,M,11909.0
2000,Broj,Županija Hercegovačko-neretvanska,M,10760.0
2000,Broj,Županija Zapadno-hercegovačka,M,830.0
2000,Broj,Sarajevska županija,M,50388.0
2000,Broj,Županija 10,M,1227.0
2000,Broj,Federacija Bosne i Hercegovine,Ž,133044.0
2000,Broj,Županija Unsko-sanska,Ž,7886.0
2000,Broj,Županija Posavska,Ž,859.0
2000,Broj,Županija Tuzlanska,Ž,26109.0
2000,Broj,Županija Zeničko-dobojska,Ž,38800.0
2000,Broj,Županija Bosansko-podrinjska,Ž,
2000,Broj,Županija Srednjobosanska,Ž,16723.0
2000,Broj,Županija Hercegovačko-neretvanska,Ž,14994.0
2000,Broj,Županija Zapadno-hercegovačka,Ž,368.0
2000,Broj,Sarajevska županija,Ž,25975.0
2000,Broj,Županija 10,Ž,1330.0
2001,Broj,Federacija Bosne i Hercegovine,Oba spola,290612.0
2001,Broj,Županija Unsko-sanska,Oba spola,11912.0
2001,Broj,Županija Posavska,Oba spola,1156.0
2001,Broj,Županija Tuzlanska,Oba spola,28365.0
2001,Broj,Županija Zeničko-dobojska,Oba spola,94505.0
2001,Broj,Županija Bosansko-podrinjska,Oba spola,
2001,Broj,Županija Srednjobosanska,Oba spola,21221.0
2001,Broj,Županija Hercegovačko-neretvanska,Oba spola,27091.0
2001,Broj,Županija Zapadno-hercegovačka,Oba spola,627.0
2001,Broj,Sarajevska županija,Oba spola,103226.0
2001,Broj,Županija 10,Oba spola,2509.0
2001,Broj,Federacija Bosne i Hercegovine,M,174528.0
2001,Broj,Županija Unsko-sanska,M,6205.0
2001,Broj,Županija Posavska,M,481.0
2001,Broj,Županija Tuzlanska,M,11941.0
2001,Broj,Županija Zeničko-dobojska,M,51720.0
2001,Broj,Županija Bosansko-podrinjska,M,
2001,Broj,Županija Srednjobosanska,M,9183.0
2001,Broj,Županija Hercegovačko-neretvanska,M,12154.0
2001,Broj,Županija Zapadno-hercegovačka,M,304.0
2001,Broj,Sarajevska županija,M,81369.0
2001,Broj,Županija 10,M,1171.0
2001,Broj,Federacija Bosne i Hercegovine,Ž,116084.0
2001,Broj,Županija Unsko-sanska,Ž,5707.0
2001,Broj,Županija Posavska,Ž,675.0
2001,Broj,Županija Tuzlanska,Ž,16424.0
2001,Broj,Županija Zeničko-dobojska,Ž,42785.0
2001,Broj,Županija Bosansko-podrinjska,Ž,
2001,Broj,Županija Srednjobosanska,Ž,12038.0
2001,Broj,Županija Hercegovačko-neretvanska,Ž,14937.0
2001,Broj,Županija Zapadno-hercegovačka,Ž,323.0
2001,Broj,Sarajevska županija,Ž,21857.0
2001,Broj,Županija 10,Ž,1338.0
2002,Broj,Federacija Bosne i Hercegovine,Oba spola,278769.0
2002,Broj,Županija Unsko-sanska,Oba spola,13413.0
2002,Broj,Županija Posavska,Oba spola,445.0
2002,Broj,Županija Tuzlanska,Oba spola,27426.0
2002,Broj,Županija Zeničko-dobojska,Oba spola,90861.0
2002,Broj,Županija Bosansko-podrinjska,Oba spola,
2002,Broj,Županija Srednjobosanska,Oba spola,25509.0
2002,Broj,Županija Hercegovačko-neretvanska,Oba spola,33238.0
2002,Broj,Županija Zapadno-hercegovačka,Oba spola,1435.0
2002,Broj,Sarajevska županija,Oba spola,84101.0
2002,Broj,Županija 10,Oba spola,2341.0
2002,Broj,Federacija Bosne i Hercegovine,M,149039.0
2002,Broj,Županija Unsko-sanska,M,6158.0
2002,Broj,Županija Posavska,M,209.0
2002,Broj,Županija Tuzlanska,M,11177.0
2002,Broj,Županija Zeničko-dobojska,M,47241.0
2002,Broj,Županija Bosansko-podrinjska,M,
2002,Broj,Županija Srednjobosanska,M,12470.0
2002,Broj,Županija Hercegovačko-neretvanska,M,14442.0
2002,Broj,Županija Zapadno-hercegovačka,M,799.0
2002,Broj,Sarajevska županija,M,55462.0
2002,Broj,Županija 10,M,1081.0
2002,Broj,Federacija Bosne i Hercegovine,Ž,129730.0
2002,Broj,Županija Unsko-sanska,Ž,7255.0
2002,Broj,Županija Posavska,Ž,236.0
2002,Broj,Županija Tuzlanska,Ž,16249.0
2002,Broj,Županija Zeničko-dobojska,Ž,43620.0
2002,Broj,Županija Bosansko-podrinjska,Ž,
2002,Broj,Županija Srednjobosanska,Ž,13039.0
2002,Broj,Županija Hercegovačko-neretvanska,Ž,18796.0
2002,Broj,Županija Zapadno-hercegovačka,Ž,636.0
2002,Broj,Sarajevska županija,Ž,28639.0
2002,Broj,Županija 10,Ž,1260.0
2003,Broj,Federacija Bosne i Hercegovine,Oba spola,289167.0
2003,Broj,Županija Unsko-sanska,Oba spola,31374.0
2003,Broj,Županija Posavska,Oba spola,63.0
2003,Broj,Županija Tuzlanska,Oba spola,28411.0
2003,Broj,Županija Zeničko-dobojska,Oba spola,94539.0
2003,Broj,Županija Bosansko-podrinjska,Oba spola,
2003,Broj,Županija Srednjobosanska,Oba spola,17320.0
2003,Broj,Županija Hercegovačko-neretvanska,Oba spola,31978.0
2003,Broj,Županija Zapadno-hercegovačka,Oba spola,1733.0
2003,Broj,Sarajevska županija,Oba spola,81448.0
2003,Broj,Županija 10,Oba spola,2301.0
2003,Broj,Federacija Bosne i Hercegovine,M,156012.0
2003,Broj,Županija Unsko-sanska,M,21833.0
2003,Broj,Županija Posavska,M,26.0
2003,Broj,Županija Tuzlanska,M,11375.0
2003,Broj,Županija Zeničko-dobojska,M,49827.0
2003,Broj,Županija Bosansko-podrinjska,M,
2003,Broj,Županija Srednjobosanska,M,8597.0
2003,Broj,Županija Hercegovačko-neretvanska,M,14707.0
2003,Broj,Županija Zapadno-hercegovačka,M,1020.0
2003,Broj,Sarajevska županija,M,47683.0
2003,Broj,Županija 10,M,944.0
2003,Broj,Federacija Bosne i Hercegovine,Ž,133155.0
2003,Broj,Županija Unsko-sanska,Ž,9541.0
2003,Broj,Županija Posavska,Ž,37.0
2003,Broj,Županija Tuzlanska,Ž,17036.0
2003,Broj,Županija Zeničko-dobojska,Ž,44712.0
2003,Broj,Županija Bosansko-podrinjska,Ž,
2003,Broj,Županija Srednjobosanska,Ž,8723.0
2003,Broj,Županija Hercegovačko-neretvanska,Ž,17271.0
2003,Broj,Županija Zapadno-hercegovačka,Ž,713.0
2003,Broj,Sarajevska županija,Ž,33765.0
2003,Broj,Županija 10,Ž,1357.0
2004,Broj,Federacija Bosne i Hercegovine,Oba spola,270507.0
2004,Broj,Županija Unsko-sanska,Oba spola,15996.0
2004,Broj,Županija Posavska,Oba spola,94.0
2004,Broj,Županija Tuzlanska,Oba spola,29152.0
2004,Broj,Županija Zeničko-dobojska,Oba spola,86461.0
2004,Broj,Županija Bosansko-podrinjska,Oba spola,
2004,Broj,Županija Srednjobosanska,Oba spola,15487.0
2004,Broj,Županija Hercegovačko-neretvanska,Oba spola,26784.0
2004,Broj,Županija Zapadno-hercegovačka,Oba spola,1826.0
2004,Broj,Sarajevska županija,Oba spola,92390.0
2004,Broj,Županija 10,Oba spola,2317.0
2004,Broj,Federacija Bosne i Hercegovine,M,140214.0
2004,Broj,Županija Unsko-sanska,M,4970.0
2004,Broj,Županija Posavska,M,35.0
2004,Broj,Županija Tuzlanska,M,13090.0
2004,Broj,Županija Zeničko-dobojska,M,43327.0
2004,Broj,Županija Bosansko-podrinjska,M,
2004,Broj,Županija Srednjobosanska,M,7645.0
2004,Broj,Županija Hercegovačko-neretvanska,M,13121.0
2004,Broj,Županija Zapadno-hercegovačka,M,1053.0
2004,Broj,Sarajevska županija,M,56016.0
2004,Broj,Županija 10,M,957.0
2004,Broj,Federacija Bosne i Hercegovine,Ž,130293.0
2004,Broj,Županija Unsko-sanska,Ž,11026.0
2004,Broj,Županija Posavska,Ž,59.0
2004,Broj,Županija Tuzlanska,Ž,16062.0
2004,Broj,Županija Zeničko-dobojska,Ž,43134.0
2004,Broj,Županija Bosansko-podrinjska,Ž,
2004,Broj,Županija Srednjobosanska,Ž,7842.0
2004,Broj,Županija Hercegovačko-neretvanska,Ž,13663.0
2004,Broj,Županija Zapadno-hercegovačka,Ž,773.0
2004,Broj,Sarajevska županija,Ž,36374.0
2004,Broj,Županija 10,Ž,1360.0
2005,Broj,Federacija Bosne i Hercegovine,Oba spola,249848.0
2005,Broj,Županija Unsko-sanska,Oba spola,17657.0
2005,Broj,Županija Posavska,Oba spola,120.0
2005,Broj,Županija Tuzlanska,Oba spola,31339.0
2005,Broj,Županija Zeničko-dobojska,Oba spola,71895.0
2005,Broj,Županija Bosansko-podrinjska,Oba spola,
2005,Broj,Županija Srednjobosanska,Oba spola,16422.0
2005,Broj,Županija Hercegovačko-neretvanska,Oba spola,19460.0
2005,Broj,Županija Zapadno-hercegovačka,Oba spola,1894.0
2005,Broj,Sarajevska županija,Oba spola,88769.0
2005,Broj,Županija 10,Oba spola,2292.0
2005,Broj,Federacija Bosne i Hercegovine,M,126173.0
2005,Broj,Županija Unsko-sanska,M,5530.0
2005,Broj,Županija Posavska,M,51.0
2005,Broj,Županija Tuzlanska,M,13199.0
2005,Broj,Županija Zeničko-dobojska,M,36270.0
2005,Broj,Županija Bosansko-podrinjska,M,
2005,Broj,Županija Srednjobosanska,M,7964.0
2005,Broj,Županija Hercegovačko-neretvanska,M,8200.0
2005,Broj,Županija Zapadno-hercegovačka,M,1097.0
2005,Broj,Sarajevska županija,M,52885.0
2005,Broj,Županija 10,M,977.0
2005,Broj,Federacija Bosne i Hercegovine,Ž,123675.0
2005,Broj,Županija Unsko-sanska,Ž,12127.0
2005,Broj,Županija Posavska,Ž,69.0
2005,Broj,Županija Tuzlanska,Ž,18140.0
2005,Broj,Županija Zeničko-dobojska,Ž,35625.0
2005,Broj,Županija Bosansko-podrinjska,Ž,
2005,Broj,Županija Srednjobosanska,Ž,8458.0
2005,Broj,Županija Hercegovačko-neretvanska,Ž,11260.0
2005,Broj,Županija Zapadno-hercegovačka,Ž,797.0
2005,Broj,Sarajevska županija,Ž,35884.0
2005,Broj,Županija 10,Ž,1315.0
2006,Broj,Federacija Bosne i Hercegovine,Oba spola,333918.0
2006,Broj,Županija Unsko-sanska,Oba spola,21373.0
2006,Broj,Županija Posavska,Oba spola,136.0
2006,Broj,Županija Tuzlanska,Oba spola,48970.0
2006,Broj,Županija Zeničko-dobojska,Oba spola,100693.0
2006,Broj,Županija Bosansko-podrinjska,Oba spola,
2006,Broj,Županija Srednjobosanska,Oba spola,18658.0
2006,Broj,Županija Hercegovačko-neretvanska,Oba spola,21145.0
2006,Broj,Županija Zapadno-hercegovačka,Oba spola,2345.0
2006,Broj,Sarajevska županija,Oba spola,117743.0
2006,Broj,Županija 10,Oba spola,2855.0
2006,Broj,Federacija Bosne i Hercegovine,M,188431.0
2006,Broj,Županija Unsko-sanska,M,8672.0
2006,Broj,Županija Posavska,M,136.0
2006,Broj,Županija Tuzlanska,M,26081.0
2006,Broj,Županija Zeničko-dobojska,M,57897.0
2006,Broj,Županija Bosansko-podrinjska,M,
2006,Broj,Županija Srednjobosanska,M,8419.0
2006,Broj,Županija Hercegovačko-neretvanska,M,10559.0
2006,Broj,Županija Zapadno-hercegovačka,M,1460.0
2006,Broj,Sarajevska županija,M,73991.0
2006,Broj,Županija 10,M,1219.0
2006,Broj,Federacija Bosne i Hercegovine,Ž,145487.0
2006,Broj,Županija Unsko-sanska,Ž,12701.0
2006,Broj,Županija Posavska,Ž,0.0
2006,Broj,Županija Tuzlanska,Ž,22889.0
2006,Broj,Županija Zeničko-dobojska,Ž,42796.0
2006,Broj,Županija Bosansko-podrinjska,Ž,
2006,Broj,Županija Srednjobosanska,Ž,10239.0
2006,Broj,Županija Hercegovačko-neretvanska,Ž,10586.0
2006,Broj,Županija Zapadno-hercegovačka,Ž,885.0
2006,Broj,Sarajevska županija,Ž,43752.0
2006,Broj,Županija 10,Ž,1636.0
2007,Broj,Federacija Bosne i Hercegovine,Oba spola,334660.0
2007,Broj,Županija Unsko-sanska,Oba spola,17226.0
2007,Broj,Županija Posavska,Oba spola,1287.0
2007,Broj,Županija Tuzlanska,Oba spola,46851.0
2007,Broj,Županija Zeničko-dobojska,Oba spola,77762.0
2007,Broj,Županija Bosansko-podrinjska,Oba spola,
2007,Broj,Županija Srednjobosanska,Oba spola,19464.0
2007,Broj,Županija Hercegovačko-neretvanska,Oba spola,21708.0
2007,Broj,Županija Zapadno-hercegovačka,Oba spola,2560.0
2007,Broj,Sarajevska županija,Oba spola,144940.0
2007,Broj,Županija 10,Oba spola,2862.0
2007,Broj,Federacija Bosne i Hercegovine,M,183592.0
2007,Broj,Županija Unsko-sanska,M,7586.0
2007,Broj,Županija Posavska,M,481.0
2007,Broj,Županija Tuzlanska,M,21048.0
2007,Broj,Županija Zeničko-dobojska,M,39940.0
2007,Broj,Županija Bosansko-podrinjska,M,
2007,Broj,Županija Srednjobosanska,M,8681.0
2007,Broj,Županija Hercegovačko-neretvanska,M,9489.0
2007,Broj,Županija Zapadno-hercegovačka,M,1579.0
2007,Broj,Sarajevska županija,M,93705.0
2007,Broj,Županija 10,M,1083.0
2007,Broj,Federacija Bosne i Hercegovine,Ž,151068.0
2007,Broj,Županija Unsko-sanska,Ž,9640.0
2007,Broj,Županija Posavska,Ž,806.0
2007,Broj,Županija Tuzlanska,Ž,25803.0
2007,Broj,Županija Zeničko-dobojska,Ž,37822.0
2007,Broj,Županija Bosansko-podrinjska,Ž,
2007,Broj,Županija Srednjobosanska,Ž,10783.0
2007,Broj,Županija Hercegovačko-neretvanska,Ž,12219.0
2007,Broj,Županija Zapadno-hercegovačka,Ž,981.0
2007,Broj,Sarajevska županija,Ž,51235.0
2007,Broj,Županija 10,Ž,1779.0
2008,Broj,Federacija Bosne i Hercegovine,Oba spola,340152.0
2008,Broj,Županija Unsko-sanska,Oba spola,17453.0
2008,Broj,Županija Posavska,Oba spola,892.0
2008,Broj,Županija Tuzlanska,Oba spola,55890.0
2008,Broj,Županija Zeničko-dobojska,Oba spola,70513.0
2008,Broj,Županija Bosansko-podrinjska,Oba spola,
2008,Broj,Županija Srednjobosanska,Oba spola,22556.0
2008,Broj,Županija Hercegovačko-neretvanska,Oba spola,15078.0
2008,Broj,Županija Zapadno-hercegovačka,Oba spola,2765.0
2008,Broj,Sarajevska županija,Oba spola,152336.0
2008,Broj,Županija 10,Oba spola,2669.0
2008,Broj,Federacija Bosne i Hercegovine,M,182103.0
2008,Broj,Županija Unsko-sanska,M,8106.0
2008,Broj,Županija Posavska,M,371.0
2008,Broj,Županija Tuzlanska,M,23290.0
2008,Broj,Županija Zeničko-dobojska,M,35712.0
2008,Broj,Županija Bosansko-podrinjska,M,
2008,Broj,Županija Srednjobosanska,M,9089.0
2008,Broj,Županija Hercegovačko-neretvanska,M,6274.0
2008,Broj,Županija Zapadno-hercegovačka,M,1620.0
2008,Broj,Sarajevska županija,M,96671.0
2008,Broj,Županija 10,M,970.0
2008,Broj,Federacija Bosne i Hercegovine,Ž,158049.0
2008,Broj,Županija Unsko-sanska,Ž,9347.0
2008,Broj,Županija Posavska,Ž,521.0
2008,Broj,Županija Tuzlanska,Ž,32600.0
2008,Broj,Županija Zeničko-dobojska,Ž,34801.0
2008,Broj,Županija Bosansko-podrinjska,Ž,
2008,Broj,Županija Srednjobosanska,Ž,13467.0
2008,Broj,Županija Hercegovačko-neretvanska,Ž,8804.0
2008,Broj,Županija Zapadno-hercegovačka,Ž,1145.0
2008,Broj,Sarajevska županija,Ž,55665.0
2008,Broj,Županija 10,Ž,1699.0
2009,Broj,Federacija Bosne i Hercegovine,Oba spola,403628.0
2009,Broj,Županija Unsko-sanska,Oba spola,20080.0
2009,Broj,Županija Posavska,Oba spola,538.0
2009,Broj,Županija Tuzlanska,Oba spola,68873.0
2009,Broj,Županija Zeničko-dobojska,Oba spola,83298.0
2009,Broj,Županija Bosansko-podrinjska,Oba spola,
2009,Broj,Županija Srednjobosanska,Oba spola,22343.0
2009,Broj,Županija Hercegovačko-neretvanska,Oba spola,14039.0
2009,Broj,Županija Zapadno-hercegovačka,Oba spola,2897.0
2009,Broj,Sarajevska županija,Oba spola,188504.0
2009,Broj,Županija 10,Oba spola,3056.0
2009,Broj,Federacija Bosne i Hercegovine,M,198035.0
2009,Broj,Županija Unsko-sanska,M,7518.0
2009,Broj,Županija Posavska,M,210.0
2009,Broj,Županija Tuzlanska,M,32281.0
2009,Broj,Županija Zeničko-dobojska,M,41961.0
2009,Broj,Županija Bosansko-podrinjska,M,
2009,Broj,Županija Srednjobosanska,M,9826.0
2009,Broj,Županija Hercegovačko-neretvanska,M,5819.0
2009,Broj,Županija Zapadno-hercegovačka,M,1511.0
2009,Broj,Sarajevska županija,M,97779.0
2009,Broj,Županija 10,M,1130.0
2009,Broj,Federacija Bosne i Hercegovine,Ž,205593.0
2009,Broj,Županija Unsko-sanska,Ž,12562.0
2009,Broj,Županija Posavska,Ž,328.0
2009,Broj,Županija Tuzlanska,Ž,36592.0
2009,Broj,Županija Zeničko-dobojska,Ž,41337.0
2009,Broj,Županija Bosansko-podrinjska,Ž,
2009,Broj,Županija Srednjobosanska,Ž,12517.0
2009,Broj,Županija Hercegovačko-neretvanska,Ž,8220.0
2009,Broj,Županija Zapadno-hercegovačka,Ž,1386.0
2009,Broj,Sarajevska županija,Ž,90725.0
2009,Broj,Županija 10,Ž,1926.0
2010,Broj,Federacija Bosne i Hercegovine,Oba spola,368808.0
2010,Broj,Županija Unsko-sanska,Oba spola,19595.0
2010,Broj,Županija Posavska,Oba spola,830.0
2010,Broj,Županija Tuzlanska,Oba spola,68396.0
2010,Broj,Županija Zeničko-dobojska,Oba spola,76610.0
2010,Broj,Županija Bosansko-podrinjska,Oba spola,
2010,Broj,Županija Srednjobosanska,Oba spola,17177.0
2010,Broj,Županija Hercegovačko-neretvanska,Oba spola,14923.0
2010,Broj,Županija Zapadno-hercegovačka,Oba spola,3684.0
2010,Broj,Sarajevska županija,Oba spola,164918.0
2010,Broj,Županija 10,Oba spola,2675.0
2010,Broj,Federacija Bosne i Hercegovine,M,174999.0
2010,Broj,Županija Unsko-sanska,M,7579.0
2010,Broj,Županija Posavska,M,295.0
2010,Broj,Županija Tuzlanska,M,29285.0
2010,Broj,Županija Zeničko-dobojska,M,35188.0
2010,Broj,Županija Bosansko-podrinjska,M,
2010,Broj,Županija Srednjobosanska,M,7780.0
2010,Broj,Županija Hercegovačko-neretvanska,M,3427.0
2010,Broj,Županija Zapadno-hercegovačka,M,2148.0
2010,Broj,Sarajevska županija,M,88379.0
2010,Broj,Županija 10,M,918.0
2010,Broj,Federacija Bosne i Hercegovine,Ž,193809.0
2010,Broj,Županija Unsko-sanska,Ž,12016.0
2010,Broj,Županija Posavska,Ž,535.0
2010,Broj,Županija Tuzlanska,Ž,39111.0
2010,Broj,Županija Zeničko-dobojska,Ž,41422.0
2010,Broj,Županija Bosansko-podrinjska,Ž,
2010,Broj,Županija Srednjobosanska,Ž,9397.0
2010,Broj,Županija Hercegovačko-neretvanska,Ž,11496.0
2010,Broj,Županija Zapadno-hercegovačka,Ž,1536.0
2010,Broj,Sarajevska županija,Ž,76539.0
2010,Broj,Županija 10,Ž,1757.0
2011,Broj,Federacija Bosne i Hercegovine,Oba spola,344976.0
2011,Broj,Županija Unsko-sanska,Oba spola,21212.0
2011,Broj,Županija Posavska,Oba spola,228.0
2011,Broj,Županija Tuzlanska,Oba spola,79042.0
2011,Broj,Županija Zeničko-dobojska,Oba spola,73550.0
2011,Broj,Županija Bosansko-podrinjska,Oba spola,
2011,Broj,Županija Srednjobosanska,Oba spola,11560.0
2011,Broj,Županija Hercegovačko-neretvanska,Oba spola,15304.0
2011,Broj,Županija Zapadno-hercegovačka,Oba spola,3174.0
2011,Broj,Sarajevska županija,Oba spola,137012.0
2011,Broj,Županija 10,Oba spola,3894.0
2011,Broj,Federacija Bosne i Hercegovine,M,162768.0
2011,Broj,Županija Unsko-sanska,M,8760.0
2011,Broj,Županija Posavska,M,93.0
2011,Broj,Županija Tuzlanska,M,31106.0
2011,Broj,Županija Zeničko-dobojska,M,35157.0
2011,Broj,Županija Bosansko-podrinjska,M,
2011,Broj,Županija Srednjobosanska,M,5787.0
2011,Broj,Županija Hercegovačko-neretvanska,M,6800.0
2011,Broj,Županija Zapadno-hercegovačka,M,1583.0
2011,Broj,Sarajevska županija,M,71509.0
2011,Broj,Županija 10,M,1973.0
2011,Broj,Federacija Bosne i Hercegovine,Ž,182208.0
2011,Broj,Županija Unsko-sanska,Ž,12452.0
2011,Broj,Županija Posavska,Ž,135.0
2011,Broj,Županija Tuzlanska,Ž,47936.0
2011,Broj,Županija Zeničko-dobojska,Ž,38393.0
2011,Broj,Županija Bosansko-podrinjska,Ž,
2011,Broj,Županija Srednjobosanska,Ž,5773.0
2011,Broj,Županija Hercegovačko-neretvanska,Ž,8504.0
2011,Broj,Županija Zapadno-hercegovačka,Ž,1591.0
2011,Broj,Sarajevska županija,Ž,65503.0
2011,Broj,Županija 10,Ž,1921.0
2012,Broj,Federacija Bosne i Hercegovine,Oba spola,364552.0
2012,Broj,Županija Unsko-sanska,Oba spola,18348.0
2012,Broj,Županija Posavska,Oba spola,350.0
2012,Broj,Županija Tuzlanska,Oba spola,87038.0
2012,Broj,Županija Zeničko-dobojska,Oba spola,61780.0
2012,Broj,Županija Bosansko-podrinjska,Oba spola,
2012,Broj,Županija Srednjobosanska,Oba spola,20320.0
2012,Broj,Županija Hercegovačko-neretvanska,Oba spola,13180.0
2012,Broj,Županija Zapadno-hercegovačka,Oba spola,3944.0
2012,Broj,Sarajevska županija,Oba spola,155065.0
2012,Broj,Županija 10,Oba spola,4527.0
2012,Broj,Federacija Bosne i Hercegovine,M,184723.0
2012,Broj,Županija Unsko-sanska,M,7074.0
2012,Broj,Županija Posavska,M,170.0
2012,Broj,Županija Tuzlanska,M,40077.0
2012,Broj,Županija Zeničko-dobojska,M,28689.0
2012,Broj,Županija Bosansko-podrinjska,M,
2012,Broj,Županija Srednjobosanska,M,9341.0
2012,Broj,Županija Hercegovačko-neretvanska,M,4865.0
2012,Broj,Županija Zapadno-hercegovačka,M,2260.0
2012,Broj,Sarajevska županija,M,89973.0
2012,Broj,Županija 10,M,2274.0
2012,Broj,Federacija Bosne i Hercegovine,Ž,179829.0
2012,Broj,Županija Unsko-sanska,Ž,11274.0
2012,Broj,Županija Posavska,Ž,180.0
2012,Broj,Županija Tuzlanska,Ž,46961.0
2012,Broj,Županija Zeničko-dobojska,Ž,33091.0
2012,Broj,Županija Bosansko-podrinjska,Ž,
2012,Broj,Županija Srednjobosanska,Ž,10979.0
2012,Broj,Županija Hercegovačko-neretvanska,Ž,8315.0
2012,Broj,Županija Zapadno-hercegovačka,Ž,1684.0
2012,Broj,Sarajevska županija,Ž,65092.0
2012,Broj,Županija 10,Ž,2253.0
2013,Broj,Federacija Bosne i Hercegovine,Oba spola,312990.0
2013,Broj,Županija Unsko-sanska,Oba spola,20984.0
2013,Broj,Županija Posavska,Oba spola,423.0
2013,Broj,Županija Tuzlanska,Oba spola,73700.0
2013,Broj,Županija Zeničko-dobojska,Oba spola,64654.0
2013,Broj,Županija Bosansko-podrinjska,Oba spola,
2013,Broj,Županija Srednjobosanska,Oba spola,18573.0
2013,Broj,Županija Hercegovačko-neretvanska,Oba spola,16085.0
2013,Broj,Županija Zapadno-hercegovačka,Oba spola,4371.0
2013,Broj,Sarajevska županija,Oba spola,108806.0
2013,Broj,Županija 10,Oba spola,5394.0
2013,Broj,Federacija Bosne i Hercegovine,M,150170.0
2013,Broj,Županija Unsko-sanska,M,8082.0
2013,Broj,Županija Posavska,M,173.0
2013,Broj,Županija Tuzlanska,M,28461.0
2013,Broj,Županija Zeničko-dobojska,M,29657.0
2013,Broj,Županija Bosansko-podrinjska,M,
2013,Broj,Županija Srednjobosanska,M,8949.0
2013,Broj,Županija Hercegovačko-neretvanska,M,7054.0
2013,Broj,Županija Zapadno-hercegovačka,M,2151.0
2013,Broj,Sarajevska županija,M,63206.0
2013,Broj,Županija 10,M,2437.0
2013,Broj,Federacija Bosne i Hercegovine,Ž,162820.0
2013,Broj,Županija Unsko-sanska,Ž,12902.0
2013,Broj,Županija Posavska,Ž,250.0
2013,Broj,Županija Tuzlanska,Ž,45239.0
2013,Broj,Županija Zeničko-dobojska,Ž,34997.0
2013,Broj,Županija Bosansko-podrinjska,Ž,
2013,Broj,Županija Srednjobosanska,Ž,9624.0
2013,Broj,Županija Hercegovačko-neretvanska,Ž,9031.0
2013,Broj,Županija Zapadno-hercegovačka,Ž,2220.0
2013,Broj,Sarajevska županija,Ž,45600.0
2013,Broj,Županija 10,Ž,2957.0
2014,Broj,Federacija Bosne i Hercegovine,Oba spola,300743.0
2014,Broj,Županija Unsko-sanska,Oba spola,21524.0
2014,Broj,Županija Posavska,Oba spola,975.0
2014,Broj,Županija Tuzlanska,Oba spola,63748.0
2014,Broj,Županija Zeničko-dobojska,Oba spola,59350.0
2014,Broj,Županija Bosansko-podrinjska,Oba spola,10433.0
2014,Broj,Županija Srednjobosanska,Oba spola,19890.0
2014,Broj,Županija Hercegovačko-neretvanska,Oba spola,17882.0
2014,Broj,Županija Zapadno-hercegovačka,Oba spola,3530.0
2014,Broj,Sarajevska županija,Oba spola,97948.0
2014,Broj,Županija 10,Oba spola,5463.0
2014,Broj,Federacija Bosne i Hercegovine,M,143250.0
2014,Broj,Županija Unsko-sanska,M,9405.0
2014,Broj,Županija Posavska,M,445.0
2014,Broj,Županija Tuzlanska,M,29484.0
2014,Broj,Županija Zeničko-dobojska,M,26577.0
2014,Broj,Županija Bosansko-podrinjska,M,3283.0
2014,Broj,Županija Srednjobosanska,M,9722.0
2014,Broj,Županija Hercegovačko-neretvanska,M,7567.0
2014,Broj,Županija Zapadno-hercegovačka,M,1564.0
2014,Broj,Sarajevska županija,M,52841.0
2014,Broj,Županija 10,M,2362.0
2014,Broj,Federacija Bosne i Hercegovine,Ž,157493.0
2014,Broj,Županija Unsko-sanska,Ž,12119.0
2014,Broj,Županija Posavska,Ž,530.0
2014,Broj,Županija Tuzlanska,Ž,34264.0
2014,Broj,Županija Zeničko-dobojska,Ž,32773.0
2014,Broj,Županija Bosansko-podrinjska,Ž,7150.0
2014,Broj,Županija Srednjobosanska,Ž,10168.0
2014,Broj,Županija Hercegovačko-neretvanska,Ž,10315.0
2014,Broj,Županija Zapadno-hercegovačka,Ž,1966.0
2014,Broj,Sarajevska županija,Ž,45107.0
2014,Broj,Županija 10,Ž,3101.0
2015,Broj,Federacija Bosne i Hercegovine,Oba spola,283575.0
2015,Broj,Županija Unsko-sanska,Oba spola,21810.0
2015,Broj,Županija Posavska,Oba spola,1041.0
2015,Broj,Županija Tuzlanska,Oba spola,63009.0
2015,Broj,Županija Zeničko-dobojska,Oba spola,55022.0
2015,Broj,Županija Bosansko-podrinjska,Oba spola,11535.0
2015,Broj,Županija Srednjobosanska,Oba spola,17407.0
2015,Broj,Županija Hercegovačko-neretvanska,Oba spola,17673.0
2015,Broj,Županija Zapadno-hercegovačka,Oba spola,3614.0
2015,Broj,Sarajevska županija,Oba spola,86478.0
2015,Broj,Županija 10,Oba spola,5986.0
2015,Broj,Federacija Bosne i Hercegovine,M,139273.0
2015,Broj,Županija Unsko-sanska,M,10336.0
2015,Broj,Županija Posavska,M,425.0
2015,Broj,Županija Tuzlanska,M,27833.0
2015,Broj,Županija Zeničko-dobojska,M,25681.0
2015,Broj,Županija Bosansko-podrinjska,M,4981.0
2015,Broj,Županija Srednjobosanska,M,8230.0
2015,Broj,Županija Hercegovačko-neretvanska,M,7348.0
2015,Broj,Županija Zapadno-hercegovačka,M,1671.0
2015,Broj,Sarajevska županija,M,50212.0
2015,Broj,Županija 10,M,2556.0
2015,Broj,Federacija Bosne i Hercegovine,Ž,144302.0
2015,Broj,Županija Unsko-sanska,Ž,11474.0
2015,Broj,Županija Posavska,Ž,616.0
2015,Broj,Županija Tuzlanska,Ž,35176.0
2015,Broj,Županija Zeničko-dobojska,Ž,29341.0
2015,Broj,Županija Bosansko-podrinjska,Ž,6554.0
2015,Broj,Županija Srednjobosanska,Ž,9177.0
2015,Broj,Županija Hercegovačko-neretvanska,Ž,10325.0
2015,Broj,Županija Zapadno-hercegovačka,Ž,1943.0
2015,Broj,Sarajevska županija,Ž,36266.0
2015,Broj,Županija 10,Ž,3430.0
2016,Broj,Federacija Bosne i Hercegovine,Oba spola,295304.0
2016,Broj,Županija Unsko-sanska,Oba spola,21855.0
2016,Broj,Županija Posavska,Oba spola,1060.0
2016,Broj,Županija Tuzlanska,Oba spola,68369.0
2016,Broj,Županija Zeničko-dobojska,Oba spola,48270.0
2016,Broj,Županija Bosansko-podrinjska,Oba spola,11194.0
2016,Broj,Županija Srednjobosanska,Oba spola,18371.0
2016,Broj,Županija Hercegovačko-neretvanska,Oba spola,17707.0
2016,Broj,Županija Zapadno-hercegovačka,Oba spola,2187.0
2016,Broj,Sarajevska županija,Oba spola,101740.0
2016,Broj,Županija 10,Oba spola,4551.0
2016,Broj,Federacija Bosne i Hercegovine,M,135801.0
2016,Broj,Županija Unsko-sanska,M,10051.0
2016,Broj,Županija Posavska,M,499.0
2016,Broj,Županija Tuzlanska,M,29440.0
2016,Broj,Županija Zeničko-dobojska,M,23551.0
2016,Broj,Županija Bosansko-podrinjska,M,5162.0
2016,Broj,Županija Srednjobosanska,M,8627.0
2016,Broj,Županija Hercegovačko-neretvanska,M,7663.0
2016,Broj,Županija Zapadno-hercegovačka,M,979.0
2016,Broj,Sarajevska županija,M,47713.0
2016,Broj,Županija 10,M,2116.0
2016,Broj,Federacija Bosne i Hercegovine,Ž,159503.0
2016,Broj,Županija Unsko-sanska,Ž,11804.0
2016,Broj,Županija Posavska,Ž,561.0
2016,Broj,Županija Tuzlanska,Ž,38929.0
2016,Broj,Županija Zeničko-dobojska,Ž,24719.0
2016,Broj,Županija Bosansko-podrinjska,Ž,6032.0
2016,Broj,Županija Srednjobosanska,Ž,9744.0
2016,Broj,Županija Hercegovačko-neretvanska,Ž,10044.0
2016,Broj,Županija Zapadno-hercegovačka,Ž,1208.0
2016,Broj,Sarajevska županija,Ž,54027.0
2016,Broj,Županija 10,Ž,2435.0
2017,Broj,Federacija Bosne i Hercegovine,Oba spola,272769.0
2017,Broj,Županija Unsko-sanska,Oba spola,21163.0
2017,Broj,Županija Posavska,Oba spola,1309.0
2017,Broj,Županija Tuzlanska,Oba spola,56420.0
2017,Broj,Županija Zeničko-dobojska,Oba spola,48168.0
2017,Broj,Županija Bosansko-podrinjska,Oba spola,10088.0
2017,Broj,Županija Srednjobosanska,Oba spola,18006.0
2017,Broj,Županija Hercegovačko-neretvanska,Oba spola,15978.0
2017,Broj,Županija Zapadno-hercegovačka,Oba spola,2445.0
2017,Broj,Sarajevska županija,Oba spola,95028.0
2017,Broj,Županija 10,Oba spola,4164.0
2017,Broj,Federacija Bosne i Hercegovine,M,124731.0
2017,Broj,Županija Unsko-sanska,M,10694.0
2017,Broj,Županija Posavska,M,615.0
2017,Broj,Županija Tuzlanska,M,24534.0
2017,Broj,Županija Zeničko-dobojska,M,22598.0
2017,Broj,Županija Bosansko-podrinjska,M,4588.0
2017,Broj,Županija Srednjobosanska,M,8052.0
2017,Broj,Županija Hercegovačko-neretvanska,M,5238.0
2017,Broj,Županija Zapadno-hercegovačka,M,1062.0
2017,Broj,Sarajevska županija,M,45327.0
2017,Broj,Županija 10,M,2023.0
2017,Broj,Federacija Bosne i Hercegovine,Ž,148038.0
2017,Broj,Županija Unsko-sanska,Ž,10469.0
2017,Broj,Županija Posavska,Ž,694.0
2017,Broj,Županija Tuzlanska,Ž,31886.0
2017,Broj,Županija Zeničko-dobojska,Ž,25570.0
2017,Broj,Županija Bosansko-podrinjska,Ž,5500.0
2017,Broj,Županija Srednjobosanska,Ž,9954.0
2017,Broj,Županija Hercegovačko-neretvanska,Ž,10740.0
2017,Broj,Županija Zapadno-hercegovačka,Ž,1383.0
2017,Broj,Sarajevska županija,Ž,49701.0
2017,Broj,Županija 10,Ž,2141.0
2018,Broj,Federacija Bosne i Hercegovine,Oba spola,495614.0
2018,Broj,Županija Unsko-sanska,Oba spola,26314.0
2018,Broj,Županija Posavska,Oba spola,2532.0
2018,Broj,Županija Tuzlanska,Oba spola,92459.0
2018,Broj,Županija Zeničko-dobojska,Oba spola,81918.0
2018,Broj,Županija Bosansko-podrinjska,Oba spola,14195.0
2018,Broj,Županija Srednjobosanska,Oba spola,27811.0
2018,Broj,Županija Hercegovačko-neretvanska,Oba spola,29813.0
2018,Broj,Županija Zapadno-hercegovačka,Oba spola,4328.0
2018,Broj,Sarajevska županija,Oba spola,208374.0
2018,Broj,Županija 10,Oba spola,7870.0
2018,Broj,Federacija Bosne i Hercegovine,M,324387.0
2018,Broj,Županija Unsko-sanska,M,17081.0
2018,Broj,Županija Posavska,M,1648.0
2018,Broj,Županija Tuzlanska,M,61012.0
2018,Broj,Županija Zeničko-dobojska,M,53492.0
2018,Broj,Županija Bosansko-podrinjska,M,9490.0
2018,Broj,Županija Srednjobosanska,M,17738.0
2018,Broj,Županija Hercegovačko-neretvanska,M,20533.0
2018,Broj,Županija Zapadno-hercegovačka,M,2962.0
2018,Broj,Sarajevska županija,M,134532.0
2018,Broj,Županija 10,M,5599.0
2018,Broj,Federacija Bosne i Hercegovine,Ž,171227.0
2018,Broj,Županija Unsko-sanska,Ž,9233.0
2018,Broj,Županija Posavska,Ž,884.0
2018,Broj,Županija Tuzlanska,Ž,31447.0
2018,Broj,Županija Zeničko-dobojska,Ž,28426.0
2018,Broj,Županija Bosansko-podrinjska,Ž,4705.0
2018,Broj,Županija Srednjobosanska,Ž,10073.0
2018,Broj,Županija Hercegovačko-neretvanska,Ž,9280.0
2018,Broj,Županija Zapadno-hercegovačka,Ž,1366.0
2018,Broj,Sarajevska županija,Ž,73842.0
2018,Broj,Županija 10,Ž,1971.0
