Year,UNIT_MEASURE,Administrativna jedinica,Spol,Value
2016,Broj,Federacija Bosne i Hercegovine,Oba spola,24033
2016,Broj,Federacija Bosne i Hercegovine,M,12326
2016,Broj,Federacija Bosne i Hercegovine,Ž,11707
2017,Broj,Federacija Bosne i Hercegovine,Oba spola,20093
2017,Broj,Federacija Bosne i Hercegovine,M,10315
2017,Broj,Federacija Bosne i Hercegovine,Ž,9778
2018,Broj,Federacija Bosne i Hercegovine,Oba spola,21631
2018,Broj,Federacija Bosne i Hercegovine,M,10804
2018,Broj,Federacija Bosne i Hercegovine,Ž,10827
2019,Broj,Federacija Bosne i Hercegovine,Oba spola,21304
2019,Broj,Federacija Bosne i Hercegovine,M,10750
2019,Broj,Federacija Bosne i Hercegovine,Ž,10554
2020,Broj,Federacija Bosne i Hercegovine,Oba spola,20556
2020,Broj,Federacija Bosne i Hercegovine,M,10533
2020,Broj,Federacija Bosne i Hercegovine,Ž,10023
2021,Broj,Federacija Bosne i Hercegovine,Oba spola,18898
2021,Broj,Federacija Bosne i Hercegovine,M,9638
2021,Broj,Federacija Bosne i Hercegovine,Ž,9260
2022,Broj,Federacija Bosne i Hercegovine,Oba spola,16711
2022,Broj,Federacija Bosne i Hercegovine,M,8674
2022,Broj,Federacija Bosne i Hercegovine,Ž,8037
2023,Broj,Federacija Bosne i Hercegovine,Oba spola,18808
2023,Broj,Federacija Bosne i Hercegovine,M,9658
2023,Broj,Federacija Bosne i Hercegovine,Ž,9150
2016,Broj,Unsko-sanska županija,Oba spola,2933
2016,Broj,Unsko-sanska županija,M,1492
2016,Broj,Unsko-sanska županija,Ž,1441
2017,Broj,Unsko-sanska županija,Oba spola,2328
2017,Broj,Unsko-sanska županija,M,1192
2017,Broj,Unsko-sanska županija,Ž,1136
2018,Broj,Unsko-sanska županija,Oba spola,3031
2018,Broj,Unsko-sanska županija,M,1509
2018,Broj,Unsko-sanska županija,Ž,1522
2019,Broj,Unsko-sanska županija,Oba spola,2386
2019,Broj,Unsko-sanska županija,M,1173
2019,Broj,Unsko-sanska županija,Ž,1213
2020,Broj,Unsko-sanska županija,Oba spola,2235
2020,Broj,Unsko-sanska županija,M,1145
2020,Broj,Unsko-sanska županija,Ž,1090
2021,Broj,Unsko-sanska županija,Oba spola,2128
2021,Broj,Unsko-sanska županija,M,1129
2021,Broj,Unsko-sanska županija,Ž,999
2022,Broj,Unsko-sanska županija,Oba spola,1919
2022,Broj,Unsko-sanska županija,M,987
2022,Broj,Unsko-sanska županija,Ž,932
2023,Broj,Unsko-sanska županija,Oba spola,1877
2023,Broj,Unsko-sanska županija,M,963
2023,Broj,Unsko-sanska županija,Ž,914
2016,Broj,Posavska županija,Oba spola,412
2016,Broj,Posavska županija,M,200
2016,Broj,Posavska županija,Ž,212
2017,Broj,Posavska županija,Oba spola,373
2017,Broj,Posavska županija,M,174
2017,Broj,Posavska županija,Ž,199
2018,Broj,Posavska županija,Oba spola,354
2018,Broj,Posavska županija,M,168
2018,Broj,Posavska županija,Ž,186
2019,Broj,Posavska županija,Oba spola,262
2019,Broj,Posavska županija,M,144
2019,Broj,Posavska županija,Ž,118
2020,Broj,Posavska županija,Oba spola,295
2020,Broj,Posavska županija,M,161
2020,Broj,Posavska županija,Ž,134
2021,Broj,Posavska županija,Oba spola,238
2021,Broj,Posavska županija,M,110
2021,Broj,Posavska županija,Ž,128
2022,Broj,Posavska županija,Oba spola,240
2022,Broj,Posavska županija,M,123
2022,Broj,Posavska županija,Ž,117
2016,Broj,Tuzlanska županija,Oba spola,4524
2016,Broj,Tuzlanska županija,M,2389
2016,Broj,Tuzlanska županija,Ž,2135
2017,Broj,Tuzlanska županija,Oba spola,3939
2017,Broj,Tuzlanska županija,M,2073
2017,Broj,Tuzlanska županija,Ž,1866
2018,Broj,Tuzlanska županija,Oba spola,3898
2018,Broj,Tuzlanska županija,M,2003
2018,Broj,Tuzlanska županija,Ž,1895
2019,Broj,Tuzlanska županija,Oba spola,4493
2019,Broj,Tuzlanska županija,M,2321
2019,Broj,Tuzlanska županija,Ž,2172
2020,Broj,Tuzlanska županija,Oba spola,3991
2020,Broj,Tuzlanska županija,M,2020
2020,Broj,Tuzlanska županija,Ž,1971
2021,Broj,Tuzlanska županija,Oba spola,3945
2021,Broj,Tuzlanska županija,M,2069
2021,Broj,Tuzlanska županija,Ž,1876
2022,Broj,Tuzlanska županija,Oba spola,3887
2022,Broj,Tuzlanska županija,M,2018
2022,Broj,Tuzlanska županija,Ž,1869
2023,Broj,Posavska županija,Oba spola,221
2023,Broj,Posavska županija,M,118
2023,Broj,Posavska županija,Ž,103
2016,Broj,Zeničko-dobojska županija,Oba spola,3805
2016,Broj,Zeničko-dobojska županija,M,2022
2016,Broj,Zeničko-dobojska županija,Ž,1783
2017,Broj,Zeničko-dobojska županija,Oba spola,3269
2017,Broj,Zeničko-dobojska županija,M,1753
2017,Broj,Zeničko-dobojska županija,Ž,1516
2018,Broj,Zeničko-dobojska županija,Oba spola,3605
2018,Broj,Zeničko-dobojska županija,M,1838
2018,Broj,Zeničko-dobojska županija,Ž,1767
2019,Broj,Zeničko-dobojska županija,Oba spola,3604
2019,Broj,Zeničko-dobojska županija,M,1883
2019,Broj,Zeničko-dobojska županija,Ž,1721
2020,Broj,Zeničko-dobojska županija,Oba spola,3880
2020,Broj,Zeničko-dobojska županija,M,2011
2020,Broj,Zeničko-dobojska županija,Ž,1869
2021,Broj,Zeničko-dobojska županija,Oba spola,3236
2021,Broj,Zeničko-dobojska županija,M,1693
2021,Broj,Zeničko-dobojska županija,Ž,1543
2022,Broj,Zeničko-dobojska županija,Oba spola,2823
2022,Broj,Zeničko-dobojska županija,M,1528
2022,Broj,Zeničko-dobojska županija,Ž,1295
2023,Broj,Tuzlanska županija,Oba spola,3866
2023,Broj,Tuzlanska županija,M,1991
2023,Broj,Tuzlanska županija,Ž,1875
2016,Broj,Bosansko-podrinjska županija,Oba spola,334
2016,Broj,Bosansko-podrinjska županija,M,176
2016,Broj,Bosansko-podrinjska županija,Ž,158
2017,Broj,Bosansko-podrinjska županija,Oba spola,179
2017,Broj,Bosansko-podrinjska županija,M,102
2017,Broj,Bosansko-podrinjska županija,Ž,77
2018,Broj,Bosansko-podrinjska županija,Oba spola,283
2018,Broj,Bosansko-podrinjska županija,M,147
2018,Broj,Bosansko-podrinjska županija,Ž,136
2019,Broj,Bosansko-podrinjska županija,Oba spola,263
2019,Broj,Bosansko-podrinjska županija,M,122
2019,Broj,Bosansko-podrinjska županija,Ž,141
2020,Broj,Bosansko-podrinjska županija,Oba spola,244
2020,Broj,Bosansko-podrinjska županija,M,135
2020,Broj,Bosansko-podrinjska županija,Ž,109
2021,Broj,Bosansko-podrinjska županija,Oba spola,250
2021,Broj,Bosansko-podrinjska županija,M,141
2021,Broj,Bosansko-podrinjska županija,Ž,109
2022,Broj,Bosansko-podrinjska županija,Oba spola,191
2022,Broj,Bosansko-podrinjska županija,M,103
2022,Broj,Bosansko-podrinjska županija,Ž,88
2023,Broj,Zeničko-dobojska županija,Oba spola,3110
2023,Broj,Zeničko-dobojska županija,M,1599
2023,Broj,Zeničko-dobojska županija,Ž,1511
2016,Broj,Srednjobosanska županija,Oba spola,3081
2016,Broj,Srednjobosanska županija,M,1581
2016,Broj,Srednjobosanska županija,Ž,1500
2017,Broj,Srednjobosanska županija,Oba spola,2902
2017,Broj,Srednjobosanska županija,M,1428
2017,Broj,Srednjobosanska županija,Ž,1474
2018,Broj,Srednjobosanska županija,Oba spola,2667
2018,Broj,Srednjobosanska županija,M,1308
2018,Broj,Srednjobosanska županija,Ž,1359
2019,Broj,Srednjobosanska županija,Oba spola,2688
2019,Broj,Srednjobosanska županija,M,1314
2019,Broj,Srednjobosanska županija,Ž,1374
2020,Broj,Srednjobosanska županija,Oba spola,2494
2020,Broj,Srednjobosanska županija,M,1314
2020,Broj,Srednjobosanska županija,Ž,1180
2021,Broj,Srednjobosanska županija,Oba spola,1930
2021,Broj,Srednjobosanska županija,M,874
2021,Broj,Srednjobosanska županija,Ž,1056
2022,Broj,Srednjobosanska županija,Oba spola,1306
2022,Broj,Srednjobosanska županija,M,753
2022,Broj,Srednjobosanska županija,Ž,553
2023,Broj,Bosansko-podrinjska županija,Oba spola,199
2023,Broj,Bosansko-podrinjska županija,M,106
2023,Broj,Bosansko-podrinjska županija,Ž,93
2016,Broj,Hercegovačko-neretvanska županija,Oba spola,2701
2016,Broj,Hercegovačko-neretvanska županija,M,1349
2016,Broj,Hercegovačko-neretvanska županija,Ž,1352
2017,Broj,Hercegovačko-neretvanska županija,Oba spola,2307
2017,Broj,Hercegovačko-neretvanska županija,M,1136
2017,Broj,Hercegovačko-neretvanska županija,Ž,1171
2018,Broj,Hercegovačko-neretvanska županija,Oba spola,2040
2018,Broj,Hercegovačko-neretvanska županija,M,983
2018,Broj,Hercegovačko-neretvanska županija,Ž,1057
2019,Broj,Hercegovačko-neretvanska županija,Oba spola,2203
2019,Broj,Hercegovačko-neretvanska županija,M,1110
2019,Broj,Hercegovačko-neretvanska županija,Ž,1093
2020,Broj,Hercegovačko-neretvanska županija,Oba spola,2109
2020,Broj,Hercegovačko-neretvanska županija,M,1047
2020,Broj,Hercegovačko-neretvanska županija,Ž,1062
2021,Broj,Hercegovačko-neretvanska županija,Oba spola,1795
2021,Broj,Hercegovačko-neretvanska županija,M,884
2021,Broj,Hercegovačko-neretvanska županija,Ž,911
2022,Broj,Hercegovačko-neretvanska županija,Oba spola,1483
2022,Broj,Hercegovačko-neretvanska županija,M,706
2022,Broj,Hercegovačko-neretvanska županija,Ž,777
2016,Broj,Zapadno-hercegovačka županija,Oba spola,1208
2016,Broj,Zapadno-hercegovačka županija,M,609
2016,Broj,Zapadno-hercegovačka županija,Ž,599
2017,Broj,Zapadno-hercegovačka županija,Oba spola,1164
2017,Broj,Zapadno-hercegovačka županija,M,567
2017,Broj,Zapadno-hercegovačka županija,Ž,597
2018,Broj,Zapadno-hercegovačka županija,Oba spola,1049
2018,Broj,Zapadno-hercegovačka županija,M,491
2018,Broj,Zapadno-hercegovačka županija,Ž,558
2019,Broj,Zapadno-hercegovačka županija,Oba spola,914
2019,Broj,Zapadno-hercegovačka županija,M,465
2019,Broj,Zapadno-hercegovačka županija,Ž,449
2020,Broj,Zapadno-hercegovačka županija,Oba spola,949
2020,Broj,Zapadno-hercegovačka županija,M,481
2020,Broj,Zapadno-hercegovačka županija,Ž,468
2021,Broj,Zapadno-hercegovačka županija,Oba spola,858
2021,Broj,Zapadno-hercegovačka županija,M,447
2021,Broj,Zapadno-hercegovačka županija,Ž,411
2022,Broj,Zapadno-hercegovačka županija,Oba spola,644
2022,Broj,Zapadno-hercegovačka županija,M,357
2022,Broj,Zapadno-hercegovačka županija,Ž,287
2023,Broj,Srednjobosanska županija,Oba spola,2467
2023,Broj,Srednjobosanska županija,M,1245
2023,Broj,Srednjobosanska županija,Ž,1222
2016,Broj,Sarajevska županija,Oba spola,4295
2016,Broj,Sarajevska županija,M,2160
2016,Broj,Sarajevska županija,Ž,2135
2017,Broj,Sarajevska županija,Oba spola,2992
2017,Broj,Sarajevska županija,M,1562
2017,Broj,Sarajevska županija,Ž,1430
2018,Broj,Sarajevska županija,Oba spola,4145
2018,Broj,Sarajevska županija,M,2097
2018,Broj,Sarajevska županija,Ž,2048
2019,Broj,Sarajevska županija,Oba spola,4117
2019,Broj,Sarajevska županija,M,2025
2019,Broj,Sarajevska županija,Ž,2092
2020,Broj,Sarajevska županija,Oba spola,3850
2020,Broj,Sarajevska županija,M,1968
2020,Broj,Sarajevska županija,Ž,1882
2021,Broj,Sarajevska županija,Oba spola,3979
2021,Broj,Sarajevska županija,M,2013
2021,Broj,Sarajevska županija,Ž,1966
2022,Broj,Sarajevska županija,Oba spola,3700
2022,Broj,Sarajevska županija,M,1839
2022,Broj,Sarajevska županija,Ž,1861
2023,Broj,Hercegovačko-neretvanska županija,Oba spola,1923
2023,Broj,Hercegovačko-neretvanska županija,M,987
2023,Broj,Hercegovačko-neretvanska županija,Ž,936
2016,Broj,Županija 10,Oba spola,740
2016,Broj,Županija 10,M,348
2016,Broj,Županija 10,Ž,392
2017,Broj,Županija 10,Oba spola,640
2017,Broj,Županija 10,M,328
2017,Broj,Županija 10,Ž,312
2018,Broj,Županija 10,Oba spola,559
2018,Broj,Županija 10,M,260
2018,Broj,Županija 10,Ž,299
2019,Broj,Županija 10,Oba spola,374
2019,Broj,Županija 10,M,193
2019,Broj,Županija 10,Ž,181
2020,Broj,Županija 10,Oba spola,509
2020,Broj,Županija 10,M,251
2020,Broj,Županija 10,Ž,258
2021,Broj,Županija 10,Oba spola,539
2021,Broj,Županija 10,M,278
2021,Broj,Županija 10,Ž,261
2022,Broj,Županija 10,Oba spola,518
2022,Broj,Županija 10,M,260
2022,Broj,Županija 10,Ž,258
2023,Broj,Hercegovačko-neretvanska županija,Oba spola,1923
2023,Broj,Hercegovačko-neretvanska županija,M,987
2023,Broj,Hercegovačko-neretvanska županija,Ž,936
