Year,UNIT_MEASURE,Administrativna jedinica,Vrsta škole,Spol,Value
2016,Broj,Federacija Bosne i Hercegovine,Umjetničke škole,Oba spola,218
2017,Broj,Federacija Bosne i Hercegovine,Umjetničke škole,Oba spola,136
2018,Broj,Federacija Bosne i Hercegovine,Umjetničke škole,Oba spola,232
2019,Broj,Federacija Bosne i Hercegovine,Umjetničke škole,Oba spola,217
2020,Broj,Federacija Bosne i Hercegovine,Umjetničke škole,Oba spola,181
2021,Broj,Federacija Bosne i Hercegovine,Umjetničke škole,Oba spola,169
2022,Broj,Federacija Bosne i Hercegovine,Umjetničke škole,Oba spola,162
2016,Broj,Unsko-sanska županija,Umjetničke škole,Oba spola,28
2017,Broj,Unsko-sanska županija,Umjetničke škole,Oba spola,23
2018,Broj,Unsko-sanska županija,Umjetničke škole,Oba spola,18
2019,Broj,Unsko-sanska županija,Umjetničke škole,Oba spola,16
2020,Broj,Unsko-sanska županija,Umjetničke škole,Oba spola,8
2021,Broj,Unsko-sanska županija,Umjetničke škole,Oba spola,11
2022,Broj,Unsko-sanska županija,Umjetničke škole,Oba spola,14
2016,Broj,Tuzlanska županija,Umjetničke škole,Oba spola,26
2017,Broj,Tuzlanska županija,Umjetničke škole,Oba spola,15
2018,Broj,Tuzlanska županija,Umjetničke škole,Oba spola,38
2019,Broj,Tuzlanska županija,Umjetničke škole,Oba spola,43
2020,Broj,Tuzlanska županija,Umjetničke škole,Oba spola,47
2021,Broj,Tuzlanska županija,Umjetničke škole,Oba spola,33
2022,Broj,Tuzlanska županija,Umjetničke škole,Oba spola,38
2016,Broj,Zeničko-dobojska županija,Umjetničke škole,Oba spola,24
2017,Broj,Zeničko-dobojska županija,Umjetničke škole,Oba spola,16
2018,Broj,Zeničko-dobojska županija,Umjetničke škole,Oba spola,29
2019,Broj,Zeničko-dobojska županija,Umjetničke škole,Oba spola,6
2020,Broj,Zeničko-dobojska županija,Umjetničke škole,Oba spola,18
2021,Broj,Zeničko-dobojska županija,Umjetničke škole,Oba spola,8
2022,Broj,Zeničko-dobojska županija,Umjetničke škole,Oba spola,8
2016,Broj,Srednjobosanska županija,Umjetničke škole,Oba spola,27
2017,Broj,Srednjobosanska županija,Umjetničke škole,Oba spola,19
2018,Broj,Srednjobosanska županija,Umjetničke škole,Oba spola,29
2019,Broj,Srednjobosanska županija,Umjetničke škole,Oba spola,23
2020,Broj,Srednjobosanska županija,Umjetničke škole,Oba spola,17
2021,Broj,Srednjobosanska županija,Umjetničke škole,Oba spola,8
2022,Broj,Srednjobosanska županija,Umjetničke škole,Oba spola,18
2016,Broj,Hercegovačko-neretvanska županija,Umjetničke škole,Oba spola,37
2017,Broj,Hercegovačko-neretvanska županija,Umjetničke škole,Oba spola,16
2018,Broj,Hercegovačko-neretvanska županija,Umjetničke škole,Oba spola,38
2019,Broj,Hercegovačko-neretvanska županija,Umjetničke škole,Oba spola,42
2020,Broj,Hercegovačko-neretvanska županija,Umjetničke škole,Oba spola,29
2021,Broj,Hercegovačko-neretvanska županija,Umjetničke škole,Oba spola,16
2022,Broj,Hercegovačko-neretvanska županija,Umjetničke škole,Oba spola,14
2016,Broj,Zapadno-hercegovačka županija,Umjetničke škole,Oba spola,8
2017,Broj,Zapadno-hercegovačka županija,Umjetničke škole,Oba spola,5
2018,Broj,Zapadno-hercegovačka županija,Umjetničke škole,Oba spola,2
2019,Broj,Zapadno-hercegovačka županija,Umjetničke škole,Oba spola,5
2021,Broj,Zapadno-hercegovačka županija,Umjetničke škole,Oba spola,12
2022,Broj,Zapadno-hercegovačka županija,Umjetničke škole,Oba spola,1
2016,Broj,Sarajevska županija,Umjetničke škole,Oba spola,68
2017,Broj,Sarajevska županija,Umjetničke škole,Oba spola,42
2018,Broj,Sarajevska županija,Umjetničke škole,Oba spola,78
2019,Broj,Sarajevska županija,Umjetničke škole,Oba spola,82
2020,Broj,Sarajevska županija,Umjetničke škole,Oba spola,62
2021,Broj,Sarajevska županija,Umjetničke škole,Oba spola,81
2022,Broj,Sarajevska županija,Umjetničke škole,Oba spola,69
2016,Broj,Federacija Bosne i Hercegovine,Umjetničke škole,M,79
2017,Broj,Federacija Bosne i Hercegovine,Umjetničke škole,M,48
2018,Broj,Federacija Bosne i Hercegovine,Umjetničke škole,M,87
2019,Broj,Federacija Bosne i Hercegovine,Umjetničke škole,M,85
2020,Broj,Federacija Bosne i Hercegovine,Umjetničke škole,M,54
2021,Broj,Federacija Bosne i Hercegovine,Umjetničke škole,M,58
2022,Broj,Federacija Bosne i Hercegovine,Umjetničke škole,M,66
2016,Broj,Unsko-sanska županija,Umjetničke škole,M,13
2017,Broj,Unsko-sanska županija,Umjetničke škole,M,10
2018,Broj,Unsko-sanska županija,Umjetničke škole,M,4
2019,Broj,Unsko-sanska županija,Umjetničke škole,M,6
2020,Broj,Unsko-sanska županija,Umjetničke škole,M,2
2021,Broj,Unsko-sanska županija,Umjetničke škole,M,6
2022,Broj,Unsko-sanska županija,Umjetničke škole,M,5
2016,Broj,Tuzlanska županija,Umjetničke škole,M,9
2017,Broj,Tuzlanska županija,Umjetničke škole,M,5
2018,Broj,Tuzlanska županija,Umjetničke škole,M,15
2019,Broj,Tuzlanska županija,Umjetničke škole,M,22
2020,Broj,Tuzlanska županija,Umjetničke škole,M,14
2021,Broj,Tuzlanska županija,Umjetničke škole,M,10
2022,Broj,Tuzlanska županija,Umjetničke škole,M,17
2016,Broj,Zeničko-dobojska županija,Umjetničke škole,M,12
2017,Broj,Zeničko-dobojska županija,Umjetničke škole,M,9
2018,Broj,Zeničko-dobojska županija,Umjetničke škole,M,16
2019,Broj,Zeničko-dobojska županija,Umjetničke škole,M,3
2020,Broj,Zeničko-dobojska županija,Umjetničke škole,M,5
2021,Broj,Zeničko-dobojska županija,Umjetničke škole,M,1
2022,Broj,Zeničko-dobojska županija,Umjetničke škole,M,1
2016,Broj,Srednjobosanska županija,Umjetničke škole,M,5
2017,Broj,Srednjobosanska županija,Umjetničke škole,M,6
2018,Broj,Srednjobosanska županija,Umjetničke škole,M,9
2019,Broj,Srednjobosanska županija,Umjetničke škole,M,9
2020,Broj,Srednjobosanska županija,Umjetničke škole,M,7
2021,Broj,Srednjobosanska županija,Umjetničke škole,M,5
2022,Broj,Srednjobosanska županija,Umjetničke škole,M,4
2016,Broj,Hercegovačko-neretvanska županija,Umjetničke škole,M,8
2017,Broj,Hercegovačko-neretvanska županija,Umjetničke škole,M,6
2018,Broj,Hercegovačko-neretvanska županija,Umjetničke škole,M,15
2019,Broj,Hercegovačko-neretvanska županija,Umjetničke škole,M,13
2020,Broj,Hercegovačko-neretvanska županija,Umjetničke škole,M,9
2021,Broj,Hercegovačko-neretvanska županija,Umjetničke škole,M,3
2022,Broj,Hercegovačko-neretvanska županija,Umjetničke škole,M,6
2016,Broj,Zapadno-hercegovačka županija,Umjetničke škole,M,2
2017,Broj,Zapadno-hercegovačka županija,Umjetničke škole,M,1
2018,Broj,Zapadno-hercegovačka županija,Umjetničke škole,M,0
2019,Broj,Zapadno-hercegovačka županija,Umjetničke škole,M,4
2021,Broj,Zapadno-hercegovačka županija,Umjetničke škole,M,4
2022,Broj,Zapadno-hercegovačka županija,Umjetničke škole,M,1
2016,Broj,Sarajevska županija,Umjetničke škole,M,30
2017,Broj,Sarajevska županija,Umjetničke škole,M,11
2018,Broj,Sarajevska županija,Umjetničke škole,M,28
2019,Broj,Sarajevska županija,Umjetničke škole,M,28
2020,Broj,Sarajevska županija,Umjetničke škole,M,17
2021,Broj,Sarajevska županija,Umjetničke škole,M,29
2022,Broj,Sarajevska županija,Umjetničke škole,M,32
2016,Broj,Federacija Bosne i Hercegovine,Umjetničke škole,Ž,139
2017,Broj,Federacija Bosne i Hercegovine,Umjetničke škole,Ž,88
2018,Broj,Federacija Bosne i Hercegovine,Umjetničke škole,Ž,145
2019,Broj,Federacija Bosne i Hercegovine,Umjetničke škole,Ž,132
2020,Broj,Federacija Bosne i Hercegovine,Umjetničke škole,Ž,127
2021,Broj,Federacija Bosne i Hercegovine,Umjetničke škole,Ž,111
2022,Broj,Federacija Bosne i Hercegovine,Umjetničke škole,Ž,96
2016,Broj,Unsko-sanska županija,Umjetničke škole,Ž,15
2017,Broj,Unsko-sanska županija,Umjetničke škole,Ž,13
2018,Broj,Unsko-sanska županija,Umjetničke škole,Ž,14
2019,Broj,Unsko-sanska županija,Umjetničke škole,Ž,10
2020,Broj,Unsko-sanska županija,Umjetničke škole,Ž,6
2021,Broj,Unsko-sanska županija,Umjetničke škole,Ž,5
2022,Broj,Unsko-sanska županija,Umjetničke škole,Ž,9
2016,Broj,Tuzlanska županija,Umjetničke škole,Ž,17
2017,Broj,Tuzlanska županija,Umjetničke škole,Ž,10
2018,Broj,Tuzlanska županija,Umjetničke škole,Ž,23
2019,Broj,Tuzlanska županija,Umjetničke škole,Ž,21
2020,Broj,Tuzlanska županija,Umjetničke škole,Ž,33
2021,Broj,Tuzlanska županija,Umjetničke škole,Ž,23
2022,Broj,Tuzlanska županija,Umjetničke škole,Ž,21
2016,Broj,Zeničko-dobojska županija,Umjetničke škole,Ž,12
2017,Broj,Zeničko-dobojska županija,Umjetničke škole,Ž,7
2018,Broj,Zeničko-dobojska županija,Umjetničke škole,Ž,13
2019,Broj,Zeničko-dobojska županija,Umjetničke škole,Ž,3
2020,Broj,Zeničko-dobojska županija,Umjetničke škole,Ž,13
2021,Broj,Zeničko-dobojska županija,Umjetničke škole,Ž,7
2022,Broj,Zeničko-dobojska županija,Umjetničke škole,Ž,7
2016,Broj,Srednjobosanska županija,Umjetničke škole,Ž,22
2017,Broj,Srednjobosanska županija,Umjetničke škole,Ž,13
2018,Broj,Srednjobosanska županija,Umjetničke škole,Ž,20
2019,Broj,Srednjobosanska županija,Umjetničke škole,Ž,14
2020,Broj,Srednjobosanska županija,Umjetničke škole,Ž,10
2021,Broj,Srednjobosanska županija,Umjetničke škole,Ž,3
2022,Broj,Srednjobosanska županija,Umjetničke škole,Ž,14
2016,Broj,Hercegovačko-neretvanska županija,Umjetničke škole,Ž,29
2017,Broj,Hercegovačko-neretvanska županija,Umjetničke škole,Ž,10
2018,Broj,Hercegovačko-neretvanska županija,Umjetničke škole,Ž,23
2019,Broj,Hercegovačko-neretvanska županija,Umjetničke škole,Ž,29
2020,Broj,Hercegovačko-neretvanska županija,Umjetničke škole,Ž,20
2021,Broj,Hercegovačko-neretvanska županija,Umjetničke škole,Ž,13
2022,Broj,Hercegovačko-neretvanska županija,Umjetničke škole,Ž,8
2016,Broj,Zapadno-hercegovačka županija,Umjetničke škole,Ž,6
2017,Broj,Zapadno-hercegovačka županija,Umjetničke škole,Ž,4
2018,Broj,Zapadno-hercegovačka županija,Umjetničke škole,Ž,2
2019,Broj,Zapadno-hercegovačka županija,Umjetničke škole,Ž,1
2021,Broj,Zapadno-hercegovačka županija,Umjetničke škole,Ž,8
2022,Broj,Zapadno-hercegovačka županija,Umjetničke škole,Ž,0
2016,Broj,Sarajevska županija,Umjetničke škole,Ž,38
2017,Broj,Sarajevska županija,Umjetničke škole,Ž,31
2018,Broj,Sarajevska županija,Umjetničke škole,Ž,50
2019,Broj,Sarajevska županija,Umjetničke škole,Ž,54
2020,Broj,Sarajevska županija,Umjetničke škole,Ž,45
2021,Broj,Sarajevska županija,Umjetničke škole,Ž,52
2022,Broj,Sarajevska županija,Umjetničke škole,Ž,37
2016,Broj,Federacija Bosne i Hercegovine,Gimnazija,Oba spola,6584
2017,Broj,Federacija Bosne i Hercegovine,Gimnazija,Oba spola,5298
2018,Broj,Federacija Bosne i Hercegovine,Gimnazija,Oba spola,5401
2019,Broj,Federacija Bosne i Hercegovine,Gimnazija,Oba spola,5049
2020,Broj,Federacija Bosne i Hercegovine,Gimnazija,Oba spola,4792
2021,Broj,Federacija Bosne i Hercegovine,Gimnazija,Oba spola,4356
2022,Broj,Federacija Bosne i Hercegovine,Gimnazija,Oba spola,3416
2016,Broj,Unsko-sanska županija,Gimnazija,Oba spola,764
2017,Broj,Unsko-sanska županija,Gimnazija,Oba spola,422
2018,Broj,Unsko-sanska županija,Gimnazija,Oba spola,570
2019,Broj,Unsko-sanska županija,Gimnazija,Oba spola,421
2020,Broj,Unsko-sanska županija,Gimnazija,Oba spola,432
2021,Broj,Unsko-sanska županija,Gimnazija,Oba spola,379
2022,Broj,Unsko-sanska županija,Gimnazija,Oba spola,319
2016,Broj,Posavska županija,Gimnazija,Oba spola,77
2017,Broj,Posavska županija,Gimnazija,Oba spola,56
2018,Broj,Posavska županija,Gimnazija,Oba spola,44
2019,Broj,Posavska županija,Gimnazija,Oba spola,58
2020,Broj,Posavska županija,Gimnazija,Oba spola,56
2021,Broj,Posavska županija,Gimnazija,Oba spola,55
2022,Broj,Posavska županija,Gimnazija,Oba spola,44
2016,Broj,Tuzlanska županija,Gimnazija,Oba spola,913
2017,Broj,Tuzlanska županija,Gimnazija,Oba spola,765
2018,Broj,Tuzlanska županija,Gimnazija,Oba spola,529
2019,Broj,Tuzlanska županija,Gimnazija,Oba spola,622
2020,Broj,Tuzlanska županija,Gimnazija,Oba spola,536
2021,Broj,Tuzlanska županija,Gimnazija,Oba spola,596
2022,Broj,Tuzlanska županija,Gimnazija,Oba spola,546
2016,Broj,Zeničko-dobojska županija,Gimnazija,Oba spola,921
2017,Broj,Zeničko-dobojska županija,Gimnazija,Oba spola,846
2018,Broj,Zeničko-dobojska županija,Gimnazija,Oba spola,986
2019,Broj,Zeničko-dobojska županija,Gimnazija,Oba spola,854
2020,Broj,Zeničko-dobojska županija,Gimnazija,Oba spola,861
2021,Broj,Zeničko-dobojska županija,Gimnazija,Oba spola,704
2022,Broj,Zeničko-dobojska županija,Gimnazija,Oba spola,477
2016,Broj,Bosansko-podrinjska županija,Gimnazija,Oba spola,46
2017,Broj,Bosansko-podrinjska županija,Gimnazija,Oba spola,31
2018,Broj,Bosansko-podrinjska županija,Gimnazija,Oba spola,50
2019,Broj,Bosansko-podrinjska županija,Gimnazija,Oba spola,50
2020,Broj,Bosansko-podrinjska županija,Gimnazija,Oba spola,38
2021,Broj,Bosansko-podrinjska županija,Gimnazija,Oba spola,43
2022,Broj,Bosansko-podrinjska županija,Gimnazija,Oba spola,27
2016,Broj,Srednjobosanska županija,Gimnazija,Oba spola,747
2017,Broj,Srednjobosanska županija,Gimnazija,Oba spola,724
2018,Broj,Srednjobosanska županija,Gimnazija,Oba spola,516
2019,Broj,Srednjobosanska županija,Gimnazija,Oba spola,499
2020,Broj,Srednjobosanska županija,Gimnazija,Oba spola,504
2021,Broj,Srednjobosanska županija,Gimnazija,Oba spola,366
2022,Broj,Srednjobosanska županija,Gimnazija,Oba spola,181
2016,Broj,Hercegovačko-neretvanska županija,Gimnazija,Oba spola,841
2017,Broj,Hercegovačko-neretvanska županija,Gimnazija,Oba spola,770
2018,Broj,Hercegovačko-neretvanska županija,Gimnazija,Oba spola,672
2019,Broj,Hercegovačko-neretvanska županija,Gimnazija,Oba spola,687
2020,Broj,Hercegovačko-neretvanska županija,Gimnazija,Oba spola,598
2021,Broj,Hercegovačko-neretvanska županija,Gimnazija,Oba spola,561
2022,Broj,Hercegovačko-neretvanska županija,Gimnazija,Oba spola,497
2016,Broj,Zapadno-hercegovačka županija,Gimnazija,Oba spola,466
2017,Broj,Zapadno-hercegovačka županija,Gimnazija,Oba spola,456
2018,Broj,Zapadno-hercegovačka županija,Gimnazija,Oba spola,430
2019,Broj,Zapadno-hercegovačka županija,Gimnazija,Oba spola,352
2020,Broj,Zapadno-hercegovačka županija,Gimnazija,Oba spola,353
2021,Broj,Zapadno-hercegovačka županija,Gimnazija,Oba spola,323
2022,Broj,Zapadno-hercegovačka županija,Gimnazija,Oba spola,211
2016,Broj,Sarajevska županija,Gimnazija,Oba spola,1565
2017,Broj,Sarajevska županija,Gimnazija,Oba spola,1012
2018,Broj,Sarajevska županija,Gimnazija,Oba spola,1417
2019,Broj,Sarajevska županija,Gimnazija,Oba spola,1386
2020,Broj,Sarajevska županija,Gimnazija,Oba spola,1254
2021,Broj,Sarajevska županija,Gimnazija,Oba spola,1150
2022,Broj,Sarajevska županija,Gimnazija,Oba spola,950
2016,Broj,Županija 10,Gimnazija,Oba spola,244
2017,Broj,Županija 10,Gimnazija,Oba spola,216
2018,Broj,Županija 10,Gimnazija,Oba spola,187
2019,Broj,Županija 10,Gimnazija,Oba spola,120
2020,Broj,Županija 10,Gimnazija,Oba spola,160
2021,Broj,Županija 10,Gimnazija,Oba spola,179
2022,Broj,Županija 10,Gimnazija,Oba spola,164
2016,Broj,Federacija Bosne i Hercegovine,Gimnazija,M,2446
2017,Broj,Federacija Bosne i Hercegovine,Gimnazija,M,1933
2018,Broj,Federacija Bosne i Hercegovine,Gimnazija,M,1976
2019,Broj,Federacija Bosne i Hercegovine,Gimnazija,M,1915
2020,Broj,Federacija Bosne i Hercegovine,Gimnazija,M,1688
2021,Broj,Federacija Bosne i Hercegovine,Gimnazija,M,1543
2022,Broj,Federacija Bosne i Hercegovine,Gimnazija,M,1210
2016,Broj,Unsko-sanska županija,Gimnazija,M,268
2017,Broj,Unsko-sanska županija,Gimnazija,M,143
2018,Broj,Unsko-sanska županija,Gimnazija,M,196
2019,Broj,Unsko-sanska županija,Gimnazija,M,143
2020,Broj,Unsko-sanska županija,Gimnazija,M,131
2021,Broj,Unsko-sanska županija,Gimnazija,M,126
2022,Broj,Unsko-sanska županija,Gimnazija,M,94
2016,Broj,Posavska županija,Gimnazija,M,21
2017,Broj,Posavska županija,Gimnazija,M,15
2018,Broj,Posavska županija,Gimnazija,M,16
2019,Broj,Posavska županija,Gimnazija,M,24
2020,Broj,Posavska županija,Gimnazija,M,19
2021,Broj,Posavska županija,Gimnazija,M,19
2022,Broj,Posavska županija,Gimnazija,M,11
2016,Broj,Tuzlanska županija,Gimnazija,M,320
2017,Broj,Tuzlanska županija,Gimnazija,M,280
2018,Broj,Tuzlanska županija,Gimnazija,M,169
2019,Broj,Tuzlanska županija,Gimnazija,M,213
2020,Broj,Tuzlanska županija,Gimnazija,M,173
2021,Broj,Tuzlanska županija,Gimnazija,M,179
2022,Broj,Tuzlanska županija,Gimnazija,M,179
2016,Broj,Zeničko-dobojska županija,Gimnazija,M,343
2017,Broj,Zeničko-dobojska županija,Gimnazija,M,316
2018,Broj,Zeničko-dobojska županija,Gimnazija,M,363
2019,Broj,Zeničko-dobojska županija,Gimnazija,M,324
2020,Broj,Zeničko-dobojska županija,Gimnazija,M,277
2021,Broj,Zeničko-dobojska županija,Gimnazija,M,219
2022,Broj,Zeničko-dobojska županija,Gimnazija,M,157
2016,Broj,Bosansko-podrinjska županija,Gimnazija,M,10
2017,Broj,Bosansko-podrinjska županija,Gimnazija,M,10
2018,Broj,Bosansko-podrinjska županija,Gimnazija,M,10
2019,Broj,Bosansko-podrinjska županija,Gimnazija,M,15
2020,Broj,Bosansko-podrinjska županija,Gimnazija,M,17
2021,Broj,Bosansko-podrinjska županija,Gimnazija,M,13
2022,Broj,Bosansko-podrinjska županija,Gimnazija,M,6
2016,Broj,Srednjobosanska županija,Gimnazija,M,255
2017,Broj,Srednjobosanska županija,Gimnazija,M,258
2018,Broj,Srednjobosanska županija,Gimnazija,M,178
2019,Broj,Srednjobosanska županija,Gimnazija,M,177
2020,Broj,Srednjobosanska županija,Gimnazija,M,174
2021,Broj,Srednjobosanska županija,Gimnazija,M,109
2022,Broj,Srednjobosanska županija,Gimnazija,M,55
2016,Broj,Hercegovačko-neretvanska županija,Gimnazija,M,310
2017,Broj,Hercegovačko-neretvanska županija,Gimnazija,M,244
2018,Broj,Hercegovačko-neretvanska županija,Gimnazija,M,253
2019,Broj,Hercegovačko-neretvanska županija,Gimnazija,M,265
2020,Broj,Hercegovačko-neretvanska županija,Gimnazija,M,203
2021,Broj,Hercegovačko-neretvanska županija,Gimnazija,M,184
2022,Broj,Hercegovačko-neretvanska županija,Gimnazija,M,169
2016,Broj,Zapadno-hercegovačka županija,Gimnazija,M,188
2017,Broj,Zapadno-hercegovačka županija,Gimnazija,M,163
2018,Broj,Zapadno-hercegovačka županija,Gimnazija,M,153
2019,Broj,Zapadno-hercegovačka županija,Gimnazija,M,132
2020,Broj,Zapadno-hercegovačka županija,Gimnazija,M,131
2021,Broj,Zapadno-hercegovačka županija,Gimnazija,M,122
2022,Broj,Zapadno-hercegovačka županija,Gimnazija,M,86
2016,Broj,Sarajevska županija,Gimnazija,M,648
2017,Broj,Sarajevska županija,Gimnazija,M,416
2018,Broj,Sarajevska županija,Gimnazija,M,561
2019,Broj,Sarajevska županija,Gimnazija,M,577
2020,Broj,Sarajevska županija,Gimnazija,M,510
2021,Broj,Sarajevska županija,Gimnazija,M,503
2022,Broj,Sarajevska županija,Gimnazija,M,403
2016,Broj,Županija 10,Gimnazija,M,83
2017,Broj,Županija 10,Gimnazija,M,88
2018,Broj,Županija 10,Gimnazija,M,77
2019,Broj,Županija 10,Gimnazija,M,45
2020,Broj,Županija 10,Gimnazija,M,53
2021,Broj,Županija 10,Gimnazija,M,69
2022,Broj,Županija 10,Gimnazija,M,50
2016,Broj,Federacija Bosne i Hercegovine,Gimnazija,Ž,4138
2017,Broj,Federacija Bosne i Hercegovine,Gimnazija,Ž,3365
2018,Broj,Federacija Bosne i Hercegovine,Gimnazija,Ž,3425
2019,Broj,Federacija Bosne i Hercegovine,Gimnazija,Ž,3134
2020,Broj,Federacija Bosne i Hercegovine,Gimnazija,Ž,3104
2021,Broj,Federacija Bosne i Hercegovine,Gimnazija,Ž,2813
2022,Broj,Federacija Bosne i Hercegovine,Gimnazija,Ž,2206
2016,Broj,Unsko-sanska županija,Gimnazija,Ž,496
2017,Broj,Unsko-sanska županija,Gimnazija,Ž,279
2018,Broj,Unsko-sanska županija,Gimnazija,Ž,374
2019,Broj,Unsko-sanska županija,Gimnazija,Ž,278
2020,Broj,Unsko-sanska županija,Gimnazija,Ž,301
2021,Broj,Unsko-sanska županija,Gimnazija,Ž,253
2022,Broj,Unsko-sanska županija,Gimnazija,Ž,225
2016,Broj,Posavska županija,Gimnazija,Ž,56
2017,Broj,Posavska županija,Gimnazija,Ž,41
2018,Broj,Posavska županija,Gimnazija,Ž,28
2019,Broj,Posavska županija,Gimnazija,Ž,34
2020,Broj,Posavska županija,Gimnazija,Ž,37
2021,Broj,Posavska županija,Gimnazija,Ž,36
2022,Broj,Posavska županija,Gimnazija,Ž,33
2016,Broj,Tuzlanska županija,Gimnazija,Ž,593
2017,Broj,Tuzlanska županija,Gimnazija,Ž,485
2018,Broj,Tuzlanska županija,Gimnazija,Ž,360
2019,Broj,Tuzlanska županija,Gimnazija,Ž,409
2020,Broj,Tuzlanska županija,Gimnazija,Ž,363
2021,Broj,Tuzlanska županija,Gimnazija,Ž,417
2022,Broj,Tuzlanska županija,Gimnazija,Ž,367
2016,Broj,Zeničko-dobojska županija,Gimnazija,Ž,578
2017,Broj,Zeničko-dobojska županija,Gimnazija,Ž,530
2018,Broj,Zeničko-dobojska županija,Gimnazija,Ž,623
2019,Broj,Zeničko-dobojska županija,Gimnazija,Ž,530
2020,Broj,Zeničko-dobojska županija,Gimnazija,Ž,584
2021,Broj,Zeničko-dobojska županija,Gimnazija,Ž,485
2022,Broj,Zeničko-dobojska županija,Gimnazija,Ž,320
2016,Broj,Bosansko-podrinjska županija,Gimnazija,Ž,36
2017,Broj,Bosansko-podrinjska županija,Gimnazija,Ž,21
2018,Broj,Bosansko-podrinjska županija,Gimnazija,Ž,40
2019,Broj,Bosansko-podrinjska županija,Gimnazija,Ž,35
2020,Broj,Bosansko-podrinjska županija,Gimnazija,Ž,21
2021,Broj,Bosansko-podrinjska županija,Gimnazija,Ž,30
2022,Broj,Bosansko-podrinjska županija,Gimnazija,Ž,21
2016,Broj,Srednjobosanska županija,Gimnazija,Ž,492
2017,Broj,Srednjobosanska županija,Gimnazija,Ž,466
2018,Broj,Srednjobosanska županija,Gimnazija,Ž,338
2019,Broj,Srednjobosanska županija,Gimnazija,Ž,322
2020,Broj,Srednjobosanska županija,Gimnazija,Ž,330
2021,Broj,Srednjobosanska županija,Gimnazija,Ž,257
2022,Broj,Srednjobosanska županija,Gimnazija,Ž,126
2016,Broj,Hercegovačko-neretvanska županija,Gimnazija,Ž,531
2017,Broj,Hercegovačko-neretvanska županija,Gimnazija,Ž,526
2018,Broj,Hercegovačko-neretvanska županija,Gimnazija,Ž,419
2019,Broj,Hercegovačko-neretvanska županija,Gimnazija,Ž,422
2020,Broj,Hercegovačko-neretvanska županija,Gimnazija,Ž,395
2021,Broj,Hercegovačko-neretvanska županija,Gimnazija,Ž,377
2022,Broj,Hercegovačko-neretvanska županija,Gimnazija,Ž,328
2016,Broj,Zapadno-hercegovačka županija,Gimnazija,Ž,278
2017,Broj,Zapadno-hercegovačka županija,Gimnazija,Ž,293
2018,Broj,Zapadno-hercegovačka županija,Gimnazija,Ž,277
2019,Broj,Zapadno-hercegovačka županija,Gimnazija,Ž,220
2020,Broj,Zapadno-hercegovačka županija,Gimnazija,Ž,222
2021,Broj,Zapadno-hercegovačka županija,Gimnazija,Ž,201
2022,Broj,Zapadno-hercegovačka županija,Gimnazija,Ž,125
2016,Broj,Sarajevska županija,Gimnazija,Ž,917
2017,Broj,Sarajevska županija,Gimnazija,Ž,596
2018,Broj,Sarajevska županija,Gimnazija,Ž,856
2019,Broj,Sarajevska županija,Gimnazija,Ž,809
2020,Broj,Sarajevska županija,Gimnazija,Ž,744
2021,Broj,Sarajevska županija,Gimnazija,Ž,647
2022,Broj,Sarajevska županija,Gimnazija,Ž,547
2016,Broj,Županija 10,Gimnazija,Ž,161
2017,Broj,Županija 10,Gimnazija,Ž,128
2018,Broj,Županija 10,Gimnazija,Ž,110
2019,Broj,Županija 10,Gimnazija,Ž,75
2020,Broj,Županija 10,Gimnazija,Ž,107
2021,Broj,Županija 10,Gimnazija,Ž,110
2022,Broj,Županija 10,Gimnazija,Ž,114
2016,Broj,Federacija Bosne i Hercegovine,Srednje škole za djecu s poteškoćama u razvitku,Oba spola,92
2017,Broj,Federacija Bosne i Hercegovine,Srednje škole za djecu s poteškoćama u razvitku,Oba spola,75
2018,Broj,Federacija Bosne i Hercegovine,Srednje škole za djecu s poteškoćama u razvitku,Oba spola,74
2019,Broj,Federacija Bosne i Hercegovine,Srednje škole za djecu s poteškoćama u razvitku,Oba spola,72
2020,Broj,Federacija Bosne i Hercegovine,Srednje škole za djecu s poteškoćama u razvitku,Oba spola,78
2021,Broj,Federacija Bosne i Hercegovine,Srednje škole za djecu s poteškoćama u razvitku,Oba spola,75
2022,Broj,Federacija Bosne i Hercegovine,Srednje škole za djecu s poteškoćama u razvitku,Oba spola,63
2016,Broj,Tuzlanska županija,Srednje škole za djecu s poteškoćama u razvitku,Oba spola,11
2017,Broj,Tuzlanska županija,Srednje škole za djecu s poteškoćama u razvitku,Oba spola,11
2018,Broj,Tuzlanska županija,Srednje škole za djecu s poteškoćama u razvitku,Oba spola,11
2019,Broj,Tuzlanska županija,Srednje škole za djecu s poteškoćama u razvitku,Oba spola,8
2020,Broj,Tuzlanska županija,Srednje škole za djecu s poteškoćama u razvitku,Oba spola,8
2016,Broj,Zeničko-dobojska županija,Srednje škole za djecu s poteškoćama u razvitku,Oba spola,21
2017,Broj,Zeničko-dobojska županija,Srednje škole za djecu s poteškoćama u razvitku,Oba spola,16
2018,Broj,Zeničko-dobojska županija,Srednje škole za djecu s poteškoćama u razvitku,Oba spola,19
2019,Broj,Zeničko-dobojska županija,Srednje škole za djecu s poteškoćama u razvitku,Oba spola,8
2020,Broj,Zeničko-dobojska županija,Srednje škole za djecu s poteškoćama u razvitku,Oba spola,18
2021,Broj,Zeničko-dobojska županija,Srednje škole za djecu s poteškoćama u razvitku,Oba spola,32
2022,Broj,Zeničko-dobojska županija,Srednje škole za djecu s poteškoćama u razvitku,Oba spola,10
2016,Broj,Hercegovačko-neretvanska županija,Srednje škole za djecu s poteškoćama u razvitku,Oba spola,7
2017,Broj,Hercegovačko-neretvanska županija,Srednje škole za djecu s poteškoćama u razvitku,Oba spola,17
2018,Broj,Hercegovačko-neretvanska županija,Srednje škole za djecu s poteškoćama u razvitku,Oba spola,12
2019,Broj,Hercegovačko-neretvanska županija,Srednje škole za djecu s poteškoćama u razvitku,Oba spola,11
2020,Broj,Hercegovačko-neretvanska županija,Srednje škole za djecu s poteškoćama u razvitku,Oba spola,10
2021,Broj,Hercegovačko-neretvanska županija,Srednje škole za djecu s poteškoćama u razvitku,Oba spola,8
2022,Broj,Hercegovačko-neretvanska županija,Srednje škole za djecu s poteškoćama u razvitku,Oba spola,1
2016,Broj,Zapadno-hercegovačka županija,Srednje škole za djecu s poteškoćama u razvitku,Oba spola,2
2017,Broj,Zapadno-hercegovačka županija,Srednje škole za djecu s poteškoćama u razvitku,Oba spola,0
2018,Broj,Zapadno-hercegovačka županija,Srednje škole za djecu s poteškoćama u razvitku,Oba spola,2
2019,Broj,Zapadno-hercegovačka županija,Srednje škole za djecu s poteškoćama u razvitku,Oba spola,1
2020,Broj,Zapadno-hercegovačka županija,Srednje škole za djecu s poteškoćama u razvitku,Oba spola,5
2021,Broj,Zapadno-hercegovačka županija,Srednje škole za djecu s poteškoćama u razvitku,Oba spola,1
2022,Broj,Zapadno-hercegovačka županija,Srednje škole za djecu s poteškoćama u razvitku,Oba spola,2
2016,Broj,Sarajevska županija,Srednje škole za djecu s poteškoćama u razvitku,Oba spola,49
2017,Broj,Sarajevska županija,Srednje škole za djecu s poteškoćama u razvitku,Oba spola,28
2018,Broj,Sarajevska županija,Srednje škole za djecu s poteškoćama u razvitku,Oba spola,29
2019,Broj,Sarajevska županija,Srednje škole za djecu s poteškoćama u razvitku,Oba spola,43
2020,Broj,Sarajevska županija,Srednje škole za djecu s poteškoćama u razvitku,Oba spola,34
2021,Broj,Sarajevska županija,Srednje škole za djecu s poteškoćama u razvitku,Oba spola,31
2022,Broj,Sarajevska županija,Srednje škole za djecu s poteškoćama u razvitku,Oba spola,50
2016,Broj,Županija 10,Srednje škole za djecu s poteškoćama u razvitku,Oba spola,2
2017,Broj,Županija 10,Srednje škole za djecu s poteškoćama u razvitku,Oba spola,3
2018,Broj,Županija 10,Srednje škole za djecu s poteškoćama u razvitku,Oba spola,1
2019,Broj,Županija 10,Srednje škole za djecu s poteškoćama u razvitku,Oba spola,1
2020,Broj,Županija 10,Srednje škole za djecu s poteškoćama u razvitku,Oba spola,3
2021,Broj,Županija 10,Srednje škole za djecu s poteškoćama u razvitku,Oba spola,3
2022,Broj,Županija 10,Srednje škole za djecu s poteškoćama u razvitku,Oba spola,0
2016,Broj,Federacija Bosne i Hercegovine,Srednje škole za djecu s poteškoćama u razvitku,M,61
2017,Broj,Federacija Bosne i Hercegovine,Srednje škole za djecu s poteškoćama u razvitku,M,49
2018,Broj,Federacija Bosne i Hercegovine,Srednje škole za djecu s poteškoćama u razvitku,M,53
2019,Broj,Federacija Bosne i Hercegovine,Srednje škole za djecu s poteškoćama u razvitku,M,52
2020,Broj,Federacija Bosne i Hercegovine,Srednje škole za djecu s poteškoćama u razvitku,M,54
2021,Broj,Federacija Bosne i Hercegovine,Srednje škole za djecu s poteškoćama u razvitku,M,54
2022,Broj,Federacija Bosne i Hercegovine,Srednje škole za djecu s poteškoćama u razvitku,M,37
2016,Broj,Tuzlanska županija,Srednje škole za djecu s poteškoćama u razvitku,M,10
2017,Broj,Tuzlanska županija,Srednje škole za djecu s poteškoćama u razvitku,M,10
2018,Broj,Tuzlanska županija,Srednje škole za djecu s poteškoćama u razvitku,M,10
2019,Broj,Tuzlanska županija,Srednje škole za djecu s poteškoćama u razvitku,M,6
2020,Broj,Tuzlanska županija,Srednje škole za djecu s poteškoćama u razvitku,M,5
2016,Broj,Zeničko-dobojska županija,Srednje škole za djecu s poteškoćama u razvitku,M,15
2017,Broj,Zeničko-dobojska županija,Srednje škole za djecu s poteškoćama u razvitku,M,10
2018,Broj,Zeničko-dobojska županija,Srednje škole za djecu s poteškoćama u razvitku,M,13
2019,Broj,Zeničko-dobojska županija,Srednje škole za djecu s poteškoćama u razvitku,M,8
2020,Broj,Zeničko-dobojska županija,Srednje škole za djecu s poteškoćama u razvitku,M,10
2021,Broj,Zeničko-dobojska županija,Srednje škole za djecu s poteškoćama u razvitku,M,20
2022,Broj,Zeničko-dobojska županija,Srednje škole za djecu s poteškoćama u razvitku,M,5
2016,Broj,Hercegovačko-neretvanska županija,Srednje škole za djecu s poteškoćama u razvitku,M,5
2017,Broj,Hercegovačko-neretvanska županija,Srednje škole za djecu s poteškoćama u razvitku,M,8
2018,Broj,Hercegovačko-neretvanska županija,Srednje škole za djecu s poteškoćama u razvitku,M,7
2019,Broj,Hercegovačko-neretvanska županija,Srednje škole za djecu s poteškoćama u razvitku,M,7
2020,Broj,Hercegovačko-neretvanska županija,Srednje škole za djecu s poteškoćama u razvitku,M,6
2021,Broj,Hercegovačko-neretvanska županija,Srednje škole za djecu s poteškoćama u razvitku,M,8
2022,Broj,Hercegovačko-neretvanska županija,Srednje škole za djecu s poteškoćama u razvitku,M,0
2016,Broj,Zapadno-hercegovačka županija,Srednje škole za djecu s poteškoćama u razvitku,M,0
2017,Broj,Zapadno-hercegovačka županija,Srednje škole za djecu s poteškoćama u razvitku,M,0
2018,Broj,Zapadno-hercegovačka županija,Srednje škole za djecu s poteškoćama u razvitku,M,0
2019,Broj,Zapadno-hercegovačka županija,Srednje škole za djecu s poteškoćama u razvitku,M,1
2020,Broj,Zapadno-hercegovačka županija,Srednje škole za djecu s poteškoćama u razvitku,M,4
2021,Broj,Zapadno-hercegovačka županija,Srednje škole za djecu s poteškoćama u razvitku,M,1
2022,Broj,Zapadno-hercegovačka županija,Srednje škole za djecu s poteškoćama u razvitku,M,1
2016,Broj,Sarajevska županija,Srednje škole za djecu s poteškoćama u razvitku,M,29
2017,Broj,Sarajevska županija,Srednje škole za djecu s poteškoćama u razvitku,M,18
2018,Broj,Sarajevska županija,Srednje škole za djecu s poteškoćama u razvitku,M,22
2019,Broj,Sarajevska županija,Srednje škole za djecu s poteškoćama u razvitku,M,29
2020,Broj,Sarajevska županija,Srednje škole za djecu s poteškoćama u razvitku,M,29
2021,Broj,Sarajevska županija,Srednje škole za djecu s poteškoćama u razvitku,M,23
2022,Broj,Sarajevska županija,Srednje škole za djecu s poteškoćama u razvitku,M,31
2016,Broj,Županija 10,Srednje škole za djecu s poteškoćama u razvitku,M,2
2017,Broj,Županija 10,Srednje škole za djecu s poteškoćama u razvitku,M,3
2018,Broj,Županija 10,Srednje škole za djecu s poteškoćama u razvitku,M,1
2019,Broj,Županija 10,Srednje škole za djecu s poteškoćama u razvitku,M,1
2020,Broj,Županija 10,Srednje škole za djecu s poteškoćama u razvitku,M,0
2021,Broj,Županija 10,Srednje škole za djecu s poteškoćama u razvitku,M,2
2022,Broj,Županija 10,Srednje škole za djecu s poteškoćama u razvitku,M,0
2016,Broj,Federacija Bosne i Hercegovine,Srednje škole za djecu s poteškoćama u razvitku,Ž,31
2017,Broj,Federacija Bosne i Hercegovine,Srednje škole za djecu s poteškoćama u razvitku,Ž,26
2018,Broj,Federacija Bosne i Hercegovine,Srednje škole za djecu s poteškoćama u razvitku,Ž,21
2019,Broj,Federacija Bosne i Hercegovine,Srednje škole za djecu s poteškoćama u razvitku,Ž,20
2020,Broj,Federacija Bosne i Hercegovine,Srednje škole za djecu s poteškoćama u razvitku,Ž,24
2021,Broj,Federacija Bosne i Hercegovine,Srednje škole za djecu s poteškoćama u razvitku,Ž,21
2022,Broj,Federacija Bosne i Hercegovine,Srednje škole za djecu s poteškoćama u razvitku,Ž,26
2016,Broj,Tuzlanska županija,Srednje škole za djecu s poteškoćama u razvitku,Ž,1
2017,Broj,Tuzlanska županija,Srednje škole za djecu s poteškoćama u razvitku,Ž,1
2018,Broj,Tuzlanska županija,Srednje škole za djecu s poteškoćama u razvitku,Ž,1
2019,Broj,Tuzlanska županija,Srednje škole za djecu s poteškoćama u razvitku,Ž,2
2020,Broj,Tuzlanska županija,Srednje škole za djecu s poteškoćama u razvitku,Ž,3
2016,Broj,Zeničko-dobojska županija,Srednje škole za djecu s poteškoćama u razvitku,Ž,6
2017,Broj,Zeničko-dobojska županija,Srednje škole za djecu s poteškoćama u razvitku,Ž,6
2018,Broj,Zeničko-dobojska županija,Srednje škole za djecu s poteškoćama u razvitku,Ž,6
2019,Broj,Zeničko-dobojska županija,Srednje škole za djecu s poteškoćama u razvitku,Ž,0
2020,Broj,Zeničko-dobojska županija,Srednje škole za djecu s poteškoćama u razvitku,Ž,8
2021,Broj,Zeničko-dobojska županija,Srednje škole za djecu s poteškoćama u razvitku,Ž,12
2022,Broj,Zeničko-dobojska županija,Srednje škole za djecu s poteškoćama u razvitku,Ž,5
2016,Broj,Hercegovačko-neretvanska županija,Srednje škole za djecu s poteškoćama u razvitku,Ž,2
2017,Broj,Hercegovačko-neretvanska županija,Srednje škole za djecu s poteškoćama u razvitku,Ž,9
2018,Broj,Hercegovačko-neretvanska županija,Srednje škole za djecu s poteškoćama u razvitku,Ž,5
2019,Broj,Hercegovačko-neretvanska županija,Srednje škole za djecu s poteškoćama u razvitku,Ž,4
2020,Broj,Hercegovačko-neretvanska županija,Srednje škole za djecu s poteškoćama u razvitku,Ž,4
2021,Broj,Hercegovačko-neretvanska županija,Srednje škole za djecu s poteškoćama u razvitku,Ž,0
2022,Broj,Hercegovačko-neretvanska županija,Srednje škole za djecu s poteškoćama u razvitku,Ž,1
2016,Broj,Zapadno-hercegovačka županija,Srednje škole za djecu s poteškoćama u razvitku,Ž,2
2017,Broj,Zapadno-hercegovačka županija,Srednje škole za djecu s poteškoćama u razvitku,Ž,0
2018,Broj,Zapadno-hercegovačka županija,Srednje škole za djecu s poteškoćama u razvitku,Ž,2
2019,Broj,Zapadno-hercegovačka županija,Srednje škole za djecu s poteškoćama u razvitku,Ž,0
2020,Broj,Zapadno-hercegovačka županija,Srednje škole za djecu s poteškoćama u razvitku,Ž,1
2021,Broj,Zapadno-hercegovačka županija,Srednje škole za djecu s poteškoćama u razvitku,Ž,0
2022,Broj,Zapadno-hercegovačka županija,Srednje škole za djecu s poteškoćama u razvitku,Ž,1
2016,Broj,Sarajevska županija,Srednje škole za djecu s poteškoćama u razvitku,Ž,20
2017,Broj,Sarajevska županija,Srednje škole za djecu s poteškoćama u razvitku,Ž,10
2018,Broj,Sarajevska županija,Srednje škole za djecu s poteškoćama u razvitku,Ž,7
2019,Broj,Sarajevska županija,Srednje škole za djecu s poteškoćama u razvitku,Ž,14
2020,Broj,Sarajevska županija,Srednje škole za djecu s poteškoćama u razvitku,Ž,5
2021,Broj,Sarajevska županija,Srednje škole za djecu s poteškoćama u razvitku,Ž,8
2022,Broj,Sarajevska županija,Srednje škole za djecu s poteškoćama u razvitku,Ž,19
2016,Broj,Županija 10,Srednje škole za djecu s poteškoćama u razvitku,Ž,0
2017,Broj,Županija 10,Srednje škole za djecu s poteškoćama u razvitku,Ž,0
2018,Broj,Županija 10,Srednje škole za djecu s poteškoćama u razvitku,Ž,0
2019,Broj,Županija 10,Srednje škole za djecu s poteškoćama u razvitku,Ž,0
2020,Broj,Županija 10,Srednje škole za djecu s poteškoćama u razvitku,Ž,3
2021,Broj,Županija 10,Srednje škole za djecu s poteškoćama u razvitku,Ž,1
2022,Broj,Županija 10,Srednje škole za djecu s poteškoćama u razvitku,Ž,0
2016,Broj,Federacija Bosne i Hercegovine,Vjerske škole,Oba spola,491
2017,Broj,Federacija Bosne i Hercegovine,Vjerske škole,Oba spola,459
2018,Broj,Federacija Bosne i Hercegovine,Vjerske škole,Oba spola,504
2019,Broj,Federacija Bosne i Hercegovine,Vjerske škole,Oba spola,540
2020,Broj,Federacija Bosne i Hercegovine,Vjerske škole,Oba spola,507
2021,Broj,Federacija Bosne i Hercegovine,Vjerske škole,Oba spola,545
2022,Broj,Federacija Bosne i Hercegovine,Vjerske škole,Oba spola,482
2016,Broj,Unsko-sanska županija,Vjerske škole,Oba spola,63
2017,Broj,Unsko-sanska županija,Vjerske škole,Oba spola,49
2018,Broj,Unsko-sanska županija,Vjerske škole,Oba spola,63
2019,Broj,Unsko-sanska županija,Vjerske škole,Oba spola,70
2020,Broj,Unsko-sanska županija,Vjerske škole,Oba spola,55
2021,Broj,Unsko-sanska županija,Vjerske škole,Oba spola,55
2022,Broj,Unsko-sanska županija,Vjerske škole,Oba spola,52
2016,Broj,Tuzlanska županija,Vjerske škole,Oba spola,115
2017,Broj,Tuzlanska županija,Vjerske škole,Oba spola,114
2018,Broj,Tuzlanska županija,Vjerske škole,Oba spola,120
2019,Broj,Tuzlanska županija,Vjerske škole,Oba spola,125
2020,Broj,Tuzlanska županija,Vjerske škole,Oba spola,125
2021,Broj,Tuzlanska županija,Vjerske škole,Oba spola,125
2022,Broj,Tuzlanska županija,Vjerske škole,Oba spola,121
2016,Broj,Zeničko-dobojska županija,Vjerske škole,Oba spola,56
2017,Broj,Zeničko-dobojska županija,Vjerske škole,Oba spola,43
2018,Broj,Zeničko-dobojska županija,Vjerske škole,Oba spola,56
2019,Broj,Zeničko-dobojska županija,Vjerske škole,Oba spola,55
2020,Broj,Zeničko-dobojska županija,Vjerske škole,Oba spola,46
2021,Broj,Zeničko-dobojska županija,Vjerske škole,Oba spola,52
2022,Broj,Zeničko-dobojska županija,Vjerske škole,Oba spola,45
2016,Broj,Srednjobosanska županija,Vjerske škole,Oba spola,87
2017,Broj,Srednjobosanska županija,Vjerske škole,Oba spola,81
2018,Broj,Srednjobosanska županija,Vjerske škole,Oba spola,87
2019,Broj,Srednjobosanska županija,Vjerske škole,Oba spola,99
2020,Broj,Srednjobosanska županija,Vjerske škole,Oba spola,101
2021,Broj,Srednjobosanska županija,Vjerske škole,Oba spola,125
2022,Broj,Srednjobosanska županija,Vjerske škole,Oba spola,92
2016,Broj,Hercegovačko-neretvanska županija,Vjerske škole,Oba spola,72
2017,Broj,Hercegovačko-neretvanska županija,Vjerske škole,Oba spola,61
2018,Broj,Hercegovačko-neretvanska županija,Vjerske škole,Oba spola,54
2019,Broj,Hercegovačko-neretvanska županija,Vjerske škole,Oba spola,72
2020,Broj,Hercegovačko-neretvanska županija,Vjerske škole,Oba spola,67
2021,Broj,Hercegovačko-neretvanska županija,Vjerske škole,Oba spola,61
2022,Broj,Hercegovačko-neretvanska županija,Vjerske škole,Oba spola,54
2016,Broj,Sarajevska županija,Vjerske škole,Oba spola,98
2017,Broj,Sarajevska županija,Vjerske škole,Oba spola,111
2018,Broj,Sarajevska županija,Vjerske škole,Oba spola,124
2019,Broj,Sarajevska županija,Vjerske škole,Oba spola,119
2020,Broj,Sarajevska županija,Vjerske škole,Oba spola,113
2021,Broj,Sarajevska županija,Vjerske škole,Oba spola,127
2022,Broj,Sarajevska županija,Vjerske škole,Oba spola,118
2016,Broj,Federacija Bosne i Hercegovine,Vjerske škole,M,230
2017,Broj,Federacija Bosne i Hercegovine,Vjerske škole,M,224
2018,Broj,Federacija Bosne i Hercegovine,Vjerske škole,M,227
2019,Broj,Federacija Bosne i Hercegovine,Vjerske škole,M,238
2020,Broj,Federacija Bosne i Hercegovine,Vjerske škole,M,248
2021,Broj,Federacija Bosne i Hercegovine,Vjerske škole,M,249
2022,Broj,Federacija Bosne i Hercegovine,Vjerske škole,M,220
2016,Broj,Unsko-sanska županija,Vjerske škole,M,30
2017,Broj,Unsko-sanska županija,Vjerske škole,M,22
2018,Broj,Unsko-sanska županija,Vjerske škole,M,27
2019,Broj,Unsko-sanska županija,Vjerske škole,M,27
2020,Broj,Unsko-sanska županija,Vjerske škole,M,23
2021,Broj,Unsko-sanska županija,Vjerske škole,M,24
2022,Broj,Unsko-sanska županija,Vjerske škole,M,19
2016,Broj,Tuzlanska županija,Vjerske škole,M,64
2017,Broj,Tuzlanska županija,Vjerske škole,M,58
2018,Broj,Tuzlanska županija,Vjerske škole,M,60
2019,Broj,Tuzlanska županija,Vjerske škole,M,61
2020,Broj,Tuzlanska županija,Vjerske škole,M,61
2021,Broj,Tuzlanska županija,Vjerske škole,M,61
2022,Broj,Tuzlanska županija,Vjerske škole,M,60
2016,Broj,Zeničko-dobojska županija,Vjerske škole,M,27
2017,Broj,Zeničko-dobojska županija,Vjerske škole,M,21
2018,Broj,Zeničko-dobojska županija,Vjerske škole,M,25
2019,Broj,Zeničko-dobojska županija,Vjerske škole,M,28
2020,Broj,Zeničko-dobojska županija,Vjerske škole,M,26
2021,Broj,Zeničko-dobojska županija,Vjerske škole,M,26
2022,Broj,Zeničko-dobojska županija,Vjerske škole,M,19
2016,Broj,Srednjobosanska županija,Vjerske škole,M,30
2017,Broj,Srednjobosanska županija,Vjerske škole,M,35
2018,Broj,Srednjobosanska županija,Vjerske škole,M,32
2019,Broj,Srednjobosanska županija,Vjerske škole,M,44
2020,Broj,Srednjobosanska županija,Vjerske škole,M,47
2021,Broj,Srednjobosanska županija,Vjerske škole,M,50
2022,Broj,Srednjobosanska županija,Vjerske škole,M,47
2016,Broj,Hercegovačko-neretvanska županija,Vjerske škole,M,40
2017,Broj,Hercegovačko-neretvanska županija,Vjerske škole,M,34
2018,Broj,Hercegovačko-neretvanska županija,Vjerske škole,M,26
2019,Broj,Hercegovačko-neretvanska županija,Vjerske škole,M,33
2020,Broj,Hercegovačko-neretvanska županija,Vjerske škole,M,40
2021,Broj,Hercegovačko-neretvanska županija,Vjerske škole,M,35
2022,Broj,Hercegovačko-neretvanska županija,Vjerske škole,M,31
2016,Broj,Sarajevska županija,Vjerske škole,M,39
2017,Broj,Sarajevska županija,Vjerske škole,M,54
2018,Broj,Sarajevska županija,Vjerske škole,M,57
2019,Broj,Sarajevska županija,Vjerske škole,M,45
2020,Broj,Sarajevska županija,Vjerske škole,M,51
2021,Broj,Sarajevska županija,Vjerske škole,M,53
2022,Broj,Sarajevska županija,Vjerske škole,M,44
2016,Broj,Federacija Bosne i Hercegovine,Vjerske škole,Ž,261
2017,Broj,Federacija Bosne i Hercegovine,Vjerske škole,Ž,235
2018,Broj,Federacija Bosne i Hercegovine,Vjerske škole,Ž,277
2019,Broj,Federacija Bosne i Hercegovine,Vjerske škole,Ž,302
2020,Broj,Federacija Bosne i Hercegovine,Vjerske škole,Ž,259
2021,Broj,Federacija Bosne i Hercegovine,Vjerske škole,Ž,296
2022,Broj,Federacija Bosne i Hercegovine,Vjerske škole,Ž,262
2016,Broj,Unsko-sanska županija,Vjerske škole,Ž,33
2017,Broj,Unsko-sanska županija,Vjerske škole,Ž,27
2018,Broj,Unsko-sanska županija,Vjerske škole,Ž,36
2019,Broj,Unsko-sanska županija,Vjerske škole,Ž,43
2020,Broj,Unsko-sanska županija,Vjerske škole,Ž,32
2021,Broj,Unsko-sanska županija,Vjerske škole,Ž,31
2022,Broj,Unsko-sanska županija,Vjerske škole,Ž,33
2016,Broj,Tuzlanska županija,Vjerske škole,Ž,51
2017,Broj,Tuzlanska županija,Vjerske škole,Ž,56
2018,Broj,Tuzlanska županija,Vjerske škole,Ž,60
2019,Broj,Tuzlanska županija,Vjerske škole,Ž,64
2020,Broj,Tuzlanska županija,Vjerske škole,Ž,64
2021,Broj,Tuzlanska županija,Vjerske škole,Ž,64
2022,Broj,Tuzlanska županija,Vjerske škole,Ž,61
2016,Broj,Zeničko-dobojska županija,Vjerske škole,Ž,29
2017,Broj,Zeničko-dobojska županija,Vjerske škole,Ž,22
2018,Broj,Zeničko-dobojska županija,Vjerske škole,Ž,31
2019,Broj,Zeničko-dobojska županija,Vjerske škole,Ž,27
2020,Broj,Zeničko-dobojska županija,Vjerske škole,Ž,20
2021,Broj,Zeničko-dobojska županija,Vjerske škole,Ž,26
2022,Broj,Zeničko-dobojska županija,Vjerske škole,Ž,26
2016,Broj,Srednjobosanska županija,Vjerske škole,Ž,57
2017,Broj,Srednjobosanska županija,Vjerske škole,Ž,46
2018,Broj,Srednjobosanska županija,Vjerske škole,Ž,55
2019,Broj,Srednjobosanska županija,Vjerske škole,Ž,55
2020,Broj,Srednjobosanska županija,Vjerske škole,Ž,54
2021,Broj,Srednjobosanska županija,Vjerske škole,Ž,75
2022,Broj,Srednjobosanska županija,Vjerske škole,Ž,45
2016,Broj,Hercegovačko-neretvanska županija,Vjerske škole,Ž,32
2017,Broj,Hercegovačko-neretvanska županija,Vjerske škole,Ž,27
2018,Broj,Hercegovačko-neretvanska županija,Vjerske škole,Ž,28
2019,Broj,Hercegovačko-neretvanska županija,Vjerske škole,Ž,39
2020,Broj,Hercegovačko-neretvanska županija,Vjerske škole,Ž,27
2021,Broj,Hercegovačko-neretvanska županija,Vjerske škole,Ž,26
2022,Broj,Hercegovačko-neretvanska županija,Vjerske škole,Ž,23
2016,Broj,Sarajevska županija,Vjerske škole,Ž,59
2017,Broj,Sarajevska županija,Vjerske škole,Ž,57
2018,Broj,Sarajevska županija,Vjerske škole,Ž,67
2019,Broj,Sarajevska županija,Vjerske škole,Ž,74
2020,Broj,Sarajevska županija,Vjerske škole,Ž,62
2021,Broj,Sarajevska županija,Vjerske škole,Ž,74
2022,Broj,Sarajevska županija,Vjerske škole,Ž,74
2016,Broj,Federacija Bosne i Hercegovine,Tehničke škole,Oba spola,11723
2017,Broj,Federacija Bosne i Hercegovine,Tehničke škole,Oba spola,8944
2018,Broj,Federacija Bosne i Hercegovine,Tehničke škole,Oba spola,10266
2019,Broj,Federacija Bosne i Hercegovine,Tehničke škole,Oba spola,10551
2020,Broj,Federacija Bosne i Hercegovine,Tehničke škole,Oba spola,9859
2021,Broj,Federacija Bosne i Hercegovine,Tehničke škole,Oba spola,9303
2022,Broj,Federacija Bosne i Hercegovine,Tehničke škole,Oba spola,7858
2016,Broj,Unsko-sanska županija,Tehničke škole,Oba spola,1295
2017,Broj,Unsko-sanska županija,Tehničke škole,Oba spola,880
2018,Broj,Unsko-sanska županija,Tehničke škole,Oba spola,1421
2019,Broj,Unsko-sanska županija,Tehničke škole,Oba spola,1091
2020,Broj,Unsko-sanska županija,Tehničke škole,Oba spola,919
2021,Broj,Unsko-sanska županija,Tehničke škole,Oba spola,926
2022,Broj,Unsko-sanska županija,Tehničke škole,Oba spola,895
2016,Broj,Posavska županija,Tehničke škole,Oba spola,244
2017,Broj,Posavska županija,Tehničke škole,Oba spola,223
2018,Broj,Posavska županija,Tehničke škole,Oba spola,237
2019,Broj,Posavska županija,Tehničke škole,Oba spola,145
2020,Broj,Posavska županija,Tehničke škole,Oba spola,173
2021,Broj,Posavska županija,Tehničke škole,Oba spola,126
2022,Broj,Posavska županija,Tehničke škole,Oba spola,138
2016,Broj,Tuzlanska županija,Tehničke škole,Oba spola,2460
2017,Broj,Tuzlanska županija,Tehničke škole,Oba spola,1954
2018,Broj,Tuzlanska županija,Tehničke škole,Oba spola,1997
2019,Broj,Tuzlanska županija,Tehničke škole,Oba spola,2370
2020,Broj,Tuzlanska županija,Tehničke škole,Oba spola,2097
2021,Broj,Tuzlanska županija,Tehničke škole,Oba spola,1903
2022,Broj,Tuzlanska županija,Tehničke škole,Oba spola,1879
2016,Broj,Zeničko-dobojska županija,Tehničke škole,Oba spola,1864
2017,Broj,Zeničko-dobojska županija,Tehničke škole,Oba spola,1341
2018,Broj,Zeničko-dobojska županija,Tehničke škole,Oba spola,1558
2019,Broj,Zeničko-dobojska županija,Tehničke škole,Oba spola,1678
2020,Broj,Zeničko-dobojska županija,Tehničke škole,Oba spola,1749
2021,Broj,Zeničko-dobojska županija,Tehničke škole,Oba spola,1526
2022,Broj,Zeničko-dobojska županija,Tehničke škole,Oba spola,1231
2016,Broj,Bosansko-podrinjska županija,Tehničke škole,Oba spola,205
2017,Broj,Bosansko-podrinjska županija,Tehničke škole,Oba spola,91
2018,Broj,Bosansko-podrinjska županija,Tehničke škole,Oba spola,150
2019,Broj,Bosansko-podrinjska županija,Tehničke škole,Oba spola,213
2020,Broj,Bosansko-podrinjska županija,Tehničke škole,Oba spola,145
2021,Broj,Bosansko-podrinjska županija,Tehničke škole,Oba spola,123
2022,Broj,Bosansko-podrinjska županija,Tehničke škole,Oba spola,132
2016,Broj,Srednjobosanska županija,Tehničke škole,Oba spola,1448
2017,Broj,Srednjobosanska županija,Tehničke škole,Oba spola,1359
2018,Broj,Srednjobosanska županija,Tehničke škole,Oba spola,1344
2019,Broj,Srednjobosanska županija,Tehničke škole,Oba spola,1515
2020,Broj,Srednjobosanska županija,Tehničke škole,Oba spola,1232
2021,Broj,Srednjobosanska županija,Tehničke škole,Oba spola,1251
2022,Broj,Srednjobosanska županija,Tehničke škole,Oba spola,490
2016,Broj,Hercegovačko-neretvanska županija,Tehničke škole,Oba spola,1278
2017,Broj,Hercegovačko-neretvanska županija,Tehničke škole,Oba spola,1142
2018,Broj,Hercegovačko-neretvanska županija,Tehničke škole,Oba spola,897
2019,Broj,Hercegovačko-neretvanska županija,Tehničke škole,Oba spola,1000
2020,Broj,Hercegovačko-neretvanska županija,Tehničke škole,Oba spola,1035
2021,Broj,Hercegovačko-neretvanska županija,Tehničke škole,Oba spola,870
2022,Broj,Hercegovačko-neretvanska županija,Tehničke škole,Oba spola,643
2016,Broj,Zapadno-hercegovačka županija,Tehničke škole,Oba spola,474
2017,Broj,Zapadno-hercegovačka županija,Tehničke škole,Oba spola,496
2018,Broj,Zapadno-hercegovačka županija,Tehničke škole,Oba spola,442
2019,Broj,Zapadno-hercegovačka županija,Tehničke škole,Oba spola,420
2020,Broj,Zapadno-hercegovačka županija,Tehničke škole,Oba spola,482
2021,Broj,Zapadno-hercegovačka županija,Tehničke škole,Oba spola,419
2022,Broj,Zapadno-hercegovačka županija,Tehničke škole,Oba spola,319
2016,Broj,Sarajevska županija,Tehničke škole,Oba spola,2132
2017,Broj,Sarajevska županija,Tehničke škole,Oba spola,1188
2018,Broj,Sarajevska županija,Tehničke škole,Oba spola,1937
2019,Broj,Sarajevska županija,Tehničke škole,Oba spola,1966
2020,Broj,Sarajevska županija,Tehničke škole,Oba spola,1791
2021,Broj,Sarajevska županija,Tehničke škole,Oba spola,1905
2022,Broj,Sarajevska županija,Tehničke škole,Oba spola,1872
2016,Broj,Županija 10,Tehničke škole,Oba spola,323
2017,Broj,Županija 10,Tehničke škole,Oba spola,270
2018,Broj,Županija 10,Tehničke škole,Oba spola,283
2019,Broj,Županija 10,Tehničke škole,Oba spola,153
2020,Broj,Županija 10,Tehničke škole,Oba spola,236
2021,Broj,Županija 10,Tehničke škole,Oba spola,254
2022,Broj,Županija 10,Tehničke škole,Oba spola,259
2016,Broj,Federacija Bosne i Hercegovine,Tehničke škole,M,6130
2017,Broj,Federacija Bosne i Hercegovine,Tehničke škole,M,4523
2018,Broj,Federacija Bosne i Hercegovine,Tehničke škole,M,4997
2019,Broj,Federacija Bosne i Hercegovine,Tehničke škole,M,5188
2020,Broj,Federacija Bosne i Hercegovine,Tehničke škole,M,4862
2021,Broj,Federacija Bosne i Hercegovine,Tehničke škole,M,4559
2022,Broj,Federacija Bosne i Hercegovine,Tehničke škole,M,3759
2016,Broj,Unsko-sanska županija,Tehničke škole,M,625
2017,Broj,Unsko-sanska županija,Tehničke škole,M,403
2018,Broj,Unsko-sanska županija,Tehničke škole,M,674
2019,Broj,Unsko-sanska županija,Tehničke škole,M,498
2020,Broj,Unsko-sanska županija,Tehničke škole,M,445
2021,Broj,Unsko-sanska županija,Tehničke škole,M,439
2022,Broj,Unsko-sanska županija,Tehničke škole,M,386
2016,Broj,Posavska županija,Tehničke škole,M,110
2017,Broj,Posavska županija,Tehničke škole,M,93
2018,Broj,Posavska županija,Tehničke škole,M,112
2019,Broj,Posavska županija,Tehničke škole,M,81
2020,Broj,Posavska županija,Tehničke škole,M,86
2021,Broj,Posavska županija,Tehničke škole,M,51
2022,Broj,Posavska županija,Tehničke škole,M,76
2016,Broj,Tuzlanska županija,Tehničke škole,M,1297
2017,Broj,Tuzlanska županija,Tehničke škole,M,965
2018,Broj,Tuzlanska županija,Tehničke škole,M,913
2019,Broj,Tuzlanska županija,Tehničke škole,M,1111
2020,Broj,Tuzlanska županija,Tehničke škole,M,957
2021,Broj,Tuzlanska županija,Tehničke škole,M,908
2022,Broj,Tuzlanska županija,Tehničke škole,M,859
2016,Broj,Zeničko-dobojska županija,Tehničke škole,M,982
2017,Broj,Zeničko-dobojska županija,Tehničke škole,M,702
2018,Broj,Zeničko-dobojska županija,Tehničke škole,M,789
2019,Broj,Zeničko-dobojska županija,Tehničke škole,M,845
2020,Broj,Zeničko-dobojska županija,Tehničke škole,M,833
2021,Broj,Zeničko-dobojska županija,Tehničke škole,M,735
2022,Broj,Zeničko-dobojska županija,Tehničke škole,M,587
2016,Broj,Bosansko-podrinjska županija,Tehničke škole,M,121
2017,Broj,Bosansko-podrinjska županija,Tehničke škole,M,47
2018,Broj,Bosansko-podrinjska županija,Tehničke škole,M,73
2019,Broj,Bosansko-podrinjska županija,Tehničke škole,M,107
2020,Broj,Bosansko-podrinjska županija,Tehničke škole,M,64
2021,Broj,Bosansko-podrinjska županija,Tehničke škole,M,64
2022,Broj,Bosansko-podrinjska županija,Tehničke škole,M,67
2016,Broj,Srednjobosanska županija,Tehničke škole,M,751
2017,Broj,Srednjobosanska županija,Tehničke škole,M,641
2018,Broj,Srednjobosanska županija,Tehničke škole,M,629
2019,Broj,Srednjobosanska županija,Tehničke škole,M,704
2020,Broj,Srednjobosanska županija,Tehničke škole,M,637
2021,Broj,Srednjobosanska županija,Tehničke škole,M,588
2022,Broj,Srednjobosanska županija,Tehničke škole,M,252
2016,Broj,Hercegovačko-neretvanska županija,Tehničke škole,M,693
2017,Broj,Hercegovačko-neretvanska županija,Tehničke škole,M,636
2018,Broj,Hercegovačko-neretvanska županija,Tehničke škole,M,445
2019,Broj,Hercegovačko-neretvanska županija,Tehničke škole,M,546
2020,Broj,Hercegovačko-neretvanska županija,Tehničke škole,M,534
2021,Broj,Hercegovačko-neretvanska županija,Tehničke škole,M,464
2022,Broj,Hercegovačko-neretvanska županija,Tehničke škole,M,330
2016,Broj,Zapadno-hercegovačka županija,Tehničke škole,M,239
2017,Broj,Zapadno-hercegovačka županija,Tehničke škole,M,263
2018,Broj,Zapadno-hercegovačka županija,Tehničke škole,M,223
2019,Broj,Zapadno-hercegovačka županija,Tehničke škole,M,231
2020,Broj,Zapadno-hercegovačka županija,Tehničke škole,M,259
2021,Broj,Zapadno-hercegovačka županija,Tehničke škole,M,244
2022,Broj,Zapadno-hercegovačka županija,Tehničke škole,M,174
2016,Broj,Sarajevska županija,Tehničke škole,M,1164
2017,Broj,Sarajevska županija,Tehničke škole,M,634
2018,Broj,Sarajevska županija,Tehničke škole,M,1020
2019,Broj,Sarajevska županija,Tehničke škole,M,993
2020,Broj,Sarajevska županija,Tehničke škole,M,928
2021,Broj,Sarajevska županija,Tehničke škole,M,935
2022,Broj,Sarajevska županija,Tehničke škole,M,885
2016,Broj,Županija 10,Tehničke škole,M,148
2017,Broj,Županija 10,Tehničke škole,M,139
2018,Broj,Županija 10,Tehničke škole,M,119
2019,Broj,Županija 10,Tehničke škole,M,72
2020,Broj,Županija 10,Tehničke škole,M,119
2021,Broj,Županija 10,Tehničke škole,M,131
2022,Broj,Županija 10,Tehničke škole,M,143
2016,Broj,Federacija Bosne i Hercegovine,Tehničke škole,Ž,5593
2017,Broj,Federacija Bosne i Hercegovine,Tehničke škole,Ž,4421
2018,Broj,Federacija Bosne i Hercegovine,Tehničke škole,Ž,5269
2019,Broj,Federacija Bosne i Hercegovine,Tehničke škole,Ž,5363
2020,Broj,Federacija Bosne i Hercegovine,Tehničke škole,Ž,4997
2021,Broj,Federacija Bosne i Hercegovine,Tehničke škole,Ž,4744
2022,Broj,Federacija Bosne i Hercegovine,Tehničke škole,Ž,4099
2016,Broj,Unsko-sanska županija,Tehničke škole,Ž,670
2017,Broj,Unsko-sanska županija,Tehničke škole,Ž,477
2018,Broj,Unsko-sanska županija,Tehničke škole,Ž,747
2019,Broj,Unsko-sanska županija,Tehničke škole,Ž,593
2020,Broj,Unsko-sanska županija,Tehničke škole,Ž,474
2021,Broj,Unsko-sanska županija,Tehničke škole,Ž,487
2022,Broj,Unsko-sanska županija,Tehničke škole,Ž,509
2016,Broj,Posavska županija,Tehničke škole,Ž,134
2017,Broj,Posavska županija,Tehničke škole,Ž,130
2018,Broj,Posavska županija,Tehničke škole,Ž,125
2019,Broj,Posavska županija,Tehničke škole,Ž,64
2020,Broj,Posavska županija,Tehničke škole,Ž,87
2021,Broj,Posavska županija,Tehničke škole,Ž,75
2022,Broj,Posavska županija,Tehničke škole,Ž,62
2016,Broj,Tuzlanska županija,Tehničke škole,Ž,1163
2017,Broj,Tuzlanska županija,Tehničke škole,Ž,989
2018,Broj,Tuzlanska županija,Tehničke škole,Ž,1084
2019,Broj,Tuzlanska županija,Tehničke škole,Ž,1259
2020,Broj,Tuzlanska županija,Tehničke škole,Ž,1140
2021,Broj,Tuzlanska županija,Tehničke škole,Ž,995
2022,Broj,Tuzlanska županija,Tehničke škole,Ž,1020
2016,Broj,Zeničko-dobojska županija,Tehničke škole,Ž,882
2017,Broj,Zeničko-dobojska županija,Tehničke škole,Ž,639
2018,Broj,Zeničko-dobojska županija,Tehničke škole,Ž,769
2019,Broj,Zeničko-dobojska županija,Tehničke škole,Ž,833
2020,Broj,Zeničko-dobojska županija,Tehničke škole,Ž,916
2021,Broj,Zeničko-dobojska županija,Tehničke škole,Ž,791
2022,Broj,Zeničko-dobojska županija,Tehničke škole,Ž,644
2016,Broj,Bosansko-podrinjska županija,Tehničke škole,Ž,84
2017,Broj,Bosansko-podrinjska županija,Tehničke škole,Ž,44
2018,Broj,Bosansko-podrinjska županija,Tehničke škole,Ž,77
2019,Broj,Bosansko-podrinjska županija,Tehničke škole,Ž,106
2020,Broj,Bosansko-podrinjska županija,Tehničke škole,Ž,81
2021,Broj,Bosansko-podrinjska županija,Tehničke škole,Ž,59
2022,Broj,Bosansko-podrinjska županija,Tehničke škole,Ž,65
2016,Broj,Srednjobosanska županija,Tehničke škole,Ž,697
2017,Broj,Srednjobosanska županija,Tehničke škole,Ž,718
2018,Broj,Srednjobosanska županija,Tehničke škole,Ž,715
2019,Broj,Srednjobosanska županija,Tehničke škole,Ž,811
2020,Broj,Srednjobosanska županija,Tehničke škole,Ž,595
2021,Broj,Srednjobosanska županija,Tehničke škole,Ž,663
2022,Broj,Srednjobosanska županija,Tehničke škole,Ž,238
2016,Broj,Hercegovačko-neretvanska županija,Tehničke škole,Ž,585
2017,Broj,Hercegovačko-neretvanska županija,Tehničke škole,Ž,506
2018,Broj,Hercegovačko-neretvanska županija,Tehničke škole,Ž,452
2019,Broj,Hercegovačko-neretvanska županija,Tehničke škole,Ž,454
2020,Broj,Hercegovačko-neretvanska županija,Tehničke škole,Ž,501
2021,Broj,Hercegovačko-neretvanska županija,Tehničke škole,Ž,406
2022,Broj,Hercegovačko-neretvanska županija,Tehničke škole,Ž,313
2016,Broj,Zapadno-hercegovačka županija,Tehničke škole,Ž,235
2017,Broj,Zapadno-hercegovačka županija,Tehničke škole,Ž,233
2018,Broj,Zapadno-hercegovačka županija,Tehničke škole,Ž,219
2019,Broj,Zapadno-hercegovačka županija,Tehničke škole,Ž,189
2020,Broj,Zapadno-hercegovačka županija,Tehničke škole,Ž,223
2021,Broj,Zapadno-hercegovačka županija,Tehničke škole,Ž,175
2022,Broj,Zapadno-hercegovačka županija,Tehničke škole,Ž,145
2016,Broj,Sarajevska županija,Tehničke škole,Ž,968
2017,Broj,Sarajevska županija,Tehničke škole,Ž,554
2018,Broj,Sarajevska županija,Tehničke škole,Ž,917
2019,Broj,Sarajevska županija,Tehničke škole,Ž,973
2020,Broj,Sarajevska županija,Tehničke škole,Ž,863
2021,Broj,Sarajevska županija,Tehničke škole,Ž,970
2022,Broj,Sarajevska županija,Tehničke škole,Ž,987
2016,Broj,Županija 10,Tehničke škole,Ž,175
2017,Broj,Županija 10,Tehničke škole,Ž,131
2018,Broj,Županija 10,Tehničke škole,Ž,164
2019,Broj,Županija 10,Tehničke škole,Ž,81
2020,Broj,Županija 10,Tehničke škole,Ž,117
2021,Broj,Županija 10,Tehničke škole,Ž,123
2022,Broj,Županija 10,Tehničke škole,Ž,116
2016,Broj,Federacija Bosne i Hercegovine,Stručne škole,Oba spola,4925
2017,Broj,Federacija Bosne i Hercegovine,Stručne škole,Oba spola,5181
2018,Broj,Federacija Bosne i Hercegovine,Stručne škole,Oba spola,5154
2019,Broj,Federacija Bosne i Hercegovine,Stručne škole,Oba spola,4875
2020,Broj,Federacija Bosne i Hercegovine,Stručne škole,Oba spola,5139
2021,Broj,Federacija Bosne i Hercegovine,Stručne škole,Oba spola,4450
2022,Broj,Federacija Bosne i Hercegovine,Stručne škole,Oba spola,4730
2016,Broj,Unsko-sanska županija,Stručne škole,Oba spola,783
2017,Broj,Unsko-sanska županija,Stručne škole,Oba spola,954
2018,Broj,Unsko-sanska županija,Stručne škole,Oba spola,959
2019,Broj,Unsko-sanska županija,Stručne škole,Oba spola,788
2020,Broj,Unsko-sanska županija,Stručne škole,Oba spola,821
2021,Broj,Unsko-sanska županija,Stručne škole,Oba spola,757
2022,Broj,Unsko-sanska županija,Stručne škole,Oba spola,639
2016,Broj,Posavska županija,Stručne škole,Oba spola,91
2017,Broj,Posavska županija,Stručne škole,Oba spola,94
2018,Broj,Posavska županija,Stručne škole,Oba spola,73
2019,Broj,Posavska županija,Stručne škole,Oba spola,59
2020,Broj,Posavska županija,Stručne škole,Oba spola,66
2021,Broj,Posavska županija,Stručne škole,Oba spola,57
2022,Broj,Posavska županija,Stručne škole,Oba spola,58
2016,Broj,Tuzlanska županija,Stručne škole,Oba spola,999
2017,Broj,Tuzlanska županija,Stručne škole,Oba spola,1080
2018,Broj,Tuzlanska županija,Stručne škole,Oba spola,1203
2019,Broj,Tuzlanska županija,Stručne škole,Oba spola,1325
2020,Broj,Tuzlanska županija,Stručne škole,Oba spola,1178
2021,Broj,Tuzlanska županija,Stručne škole,Oba spola,1288
2022,Broj,Tuzlanska županija,Stručne škole,Oba spola,1303
2016,Broj,Zeničko-dobojska županija,Stručne škole,Oba spola,919
2017,Broj,Zeničko-dobojska županija,Stručne škole,Oba spola,1007
2018,Broj,Zeničko-dobojska županija,Stručne škole,Oba spola,957
2019,Broj,Zeničko-dobojska županija,Stručne škole,Oba spola,1003
2020,Broj,Zeničko-dobojska županija,Stručne škole,Oba spola,1188
2021,Broj,Zeničko-dobojska županija,Stručne škole,Oba spola,914
2022,Broj,Zeničko-dobojska županija,Stručne škole,Oba spola,1052
2016,Broj,Bosansko-podrinjska županija,Stručne škole,Oba spola,83
2017,Broj,Bosansko-podrinjska županija,Stručne škole,Oba spola,57
2018,Broj,Bosansko-podrinjska županija,Stručne škole,Oba spola,83
2020,Broj,Bosansko-podrinjska županija,Stručne škole,Oba spola,61
2021,Broj,Bosansko-podrinjska županija,Stručne škole,Oba spola,84
2022,Broj,Bosansko-podrinjska županija,Stručne škole,Oba spola,32
2016,Broj,Srednjobosanska županija,Stručne škole,Oba spola,772
2017,Broj,Srednjobosanska županija,Stručne škole,Oba spola,719
2018,Broj,Srednjobosanska županija,Stručne škole,Oba spola,691
2019,Broj,Srednjobosanska županija,Stručne škole,Oba spola,552
2020,Broj,Srednjobosanska županija,Stručne škole,Oba spola,640
2021,Broj,Srednjobosanska županija,Stručne škole,Oba spola,180
2022,Broj,Srednjobosanska županija,Stručne škole,Oba spola,525
2016,Broj,Hercegovačko-neretvanska županija,Stručne škole,Oba spola,466
2017,Broj,Hercegovačko-neretvanska županija,Stručne škole,Oba spola,301
2018,Broj,Hercegovačko-neretvanska županija,Stručne škole,Oba spola,367
2019,Broj,Hercegovačko-neretvanska županija,Stručne škole,Oba spola,391
2020,Broj,Hercegovačko-neretvanska županija,Stručne škole,Oba spola,370
2021,Broj,Hercegovačko-neretvanska županija,Stručne škole,Oba spola,279
2022,Broj,Hercegovačko-neretvanska županija,Stručne škole,Oba spola,274
2016,Broj,Zapadno-hercegovačka županija,Stručne škole,Oba spola,258
2017,Broj,Zapadno-hercegovačka županija,Stručne škole,Oba spola,207
2018,Broj,Zapadno-hercegovačka županija,Stručne škole,Oba spola,173
2019,Broj,Zapadno-hercegovačka županija,Stručne škole,Oba spola,136
2020,Broj,Zapadno-hercegovačka županija,Stručne škole,Oba spola,109
2021,Broj,Zapadno-hercegovačka županija,Stručne škole,Oba spola,103
2022,Broj,Zapadno-hercegovačka županija,Stručne škole,Oba spola,111
2016,Broj,Sarajevska županija,Stručne škole,Oba spola,383
2017,Broj,Sarajevska županija,Stručne škole,Oba spola,611
2018,Broj,Sarajevska županija,Stručne škole,Oba spola,560
2019,Broj,Sarajevska županija,Stručne škole,Oba spola,521
2020,Broj,Sarajevska županija,Stručne škole,Oba spola,596
2021,Broj,Sarajevska županija,Stručne škole,Oba spola,685
2022,Broj,Sarajevska županija,Stručne škole,Oba spola,641
2016,Broj,Županija 10,Stručne škole,Oba spola,171
2017,Broj,Županija 10,Stručne škole,Oba spola,151
2018,Broj,Županija 10,Stručne škole,Oba spola,88
2019,Broj,Županija 10,Stručne škole,Oba spola,100
2020,Broj,Županija 10,Stručne škole,Oba spola,110
2021,Broj,Županija 10,Stručne škole,Oba spola,103
2022,Broj,Županija 10,Stručne škole,Oba spola,95
2016,Broj,Federacija Bosne i Hercegovine,Stručne škole,M,3380
2017,Broj,Federacija Bosne i Hercegovine,Stručne škole,M,3538
2018,Broj,Federacija Bosne i Hercegovine,Stručne škole,M,3464
2019,Broj,Federacija Bosne i Hercegovine,Stručne škole,M,3272
2020,Broj,Federacija Bosne i Hercegovine,Stručne škole,M,3627
2021,Broj,Federacija Bosne i Hercegovine,Stručne škole,M,3175
2022,Broj,Federacija Bosne i Hercegovine,Stručne škole,M,3382
2016,Broj,Unsko-sanska županija,Stručne škole,M,556
2017,Broj,Unsko-sanska županija,Stručne škole,M,614
2018,Broj,Unsko-sanska županija,Stručne škole,M,608
2019,Broj,Unsko-sanska županija,Stručne škole,M,499
2020,Broj,Unsko-sanska županija,Stručne škole,M,544
2021,Broj,Unsko-sanska županija,Stručne škole,M,534
2022,Broj,Unsko-sanska županija,Stručne škole,M,483
2016,Broj,Posavska županija,Stručne škole,M,69
2017,Broj,Posavska županija,Stručne škole,M,66
2018,Broj,Posavska županija,Stručne škole,M,40
2019,Broj,Posavska županija,Stručne škole,M,39
2020,Broj,Posavska županija,Stručne škole,M,56
2021,Broj,Posavska županija,Stručne škole,M,40
2022,Broj,Posavska županija,Stručne škole,M,36
2016,Broj,Tuzlanska županija,Stručne škole,M,689
2017,Broj,Tuzlanska županija,Stručne škole,M,755
2018,Broj,Tuzlanska županija,Stručne škole,M,836
2019,Broj,Tuzlanska županija,Stručne škole,M,908
2020,Broj,Tuzlanska županija,Stručne škole,M,810
2021,Broj,Tuzlanska županija,Stručne škole,M,911
2022,Broj,Tuzlanska županija,Stručne škole,M,903
2016,Broj,Zeničko-dobojska županija,Stručne škole,M,643
2017,Broj,Zeničko-dobojska županija,Stručne škole,M,695
2018,Broj,Zeničko-dobojska županija,Stručne škole,M,632
2019,Broj,Zeničko-dobojska županija,Stručne škole,M,675
2020,Broj,Zeničko-dobojska županija,Stručne škole,M,860
2021,Broj,Zeničko-dobojska županija,Stručne škole,M,692
2022,Broj,Zeničko-dobojska županija,Stručne škole,M,759
2016,Broj,Bosansko-podrinjska županija,Stručne škole,M,45
2017,Broj,Bosansko-podrinjska županija,Stručne škole,M,45
2018,Broj,Bosansko-podrinjska županija,Stručne škole,M,64
2020,Broj,Bosansko-podrinjska županija,Stručne škole,M,54
2021,Broj,Bosansko-podrinjska županija,Stručne škole,M,64
2022,Broj,Bosansko-podrinjska županija,Stručne škole,M,30
2016,Broj,Srednjobosanska županija,Stručne škole,M,540
2017,Broj,Srednjobosanska županija,Stručne škole,M,488
2018,Broj,Srednjobosanska županija,Stručne škole,M,460
2019,Broj,Srednjobosanska županija,Stručne škole,M,380
2020,Broj,Srednjobosanska županija,Stručne škole,M,449
2021,Broj,Srednjobosanska županija,Stručne škole,M,122
2022,Broj,Srednjobosanska županija,Stručne škole,M,395
2016,Broj,Hercegovačko-neretvanska županija,Stručne škole,M,293
2017,Broj,Hercegovačko-neretvanska županija,Stručne škole,M,208
2018,Broj,Hercegovačko-neretvanska županija,Stručne škole,M,237
2019,Broj,Hercegovačko-neretvanska županija,Stručne škole,M,246
2020,Broj,Hercegovačko-neretvanska županija,Stručne škole,M,255
2021,Broj,Hercegovačko-neretvanska županija,Stručne škole,M,190
2022,Broj,Hercegovačko-neretvanska županija,Stručne škole,M,170
2016,Broj,Zapadno-hercegovačka županija,Stručne škole,M,180
2017,Broj,Zapadno-hercegovačka županija,Stručne škole,M,140
2018,Broj,Zapadno-hercegovačka županija,Stručne škole,M,115
2019,Broj,Zapadno-hercegovačka županija,Stručne škole,M,97
2020,Broj,Zapadno-hercegovačka županija,Stručne škole,M,87
2021,Broj,Zapadno-hercegovačka županija,Stručne škole,M,76
2022,Broj,Zapadno-hercegovačka županija,Stručne škole,M,95
2016,Broj,Sarajevska županija,Stručne škole,M,250
2017,Broj,Sarajevska županija,Stručne škole,M,429
2018,Broj,Sarajevska županija,Stručne škole,M,409
2019,Broj,Sarajevska županija,Stručne škole,M,353
2020,Broj,Sarajevska županija,Stručne škole,M,433
2021,Broj,Sarajevska županija,Stručne škole,M,470
2022,Broj,Sarajevska županija,Stručne škole,M,444
2016,Broj,Županija 10,Stručne škole,M,115
2017,Broj,Županija 10,Stručne škole,M,98
2018,Broj,Županija 10,Stručne škole,M,63
2019,Broj,Županija 10,Stručne škole,M,75
2020,Broj,Županija 10,Stručne škole,M,79
2021,Broj,Županija 10,Stručne škole,M,76
2022,Broj,Županija 10,Stručne škole,M,67
2016,Broj,Federacija Bosne i Hercegovine,Stručne škole,Ž,1545
2017,Broj,Federacija Bosne i Hercegovine,Stručne škole,Ž,1643
2018,Broj,Federacija Bosne i Hercegovine,Stručne škole,Ž,1690
2019,Broj,Federacija Bosne i Hercegovine,Stručne škole,Ž,1603
2020,Broj,Federacija Bosne i Hercegovine,Stručne škole,Ž,1512
2021,Broj,Federacija Bosne i Hercegovine,Stručne škole,Ž,1275
2022,Broj,Federacija Bosne i Hercegovine,Stručne škole,Ž,1348
2016,Broj,Unsko-sanska županija,Stručne škole,Ž,227
2017,Broj,Unsko-sanska županija,Stručne škole,Ž,340
2018,Broj,Unsko-sanska županija,Stručne škole,Ž,351
2019,Broj,Unsko-sanska županija,Stručne škole,Ž,289
2020,Broj,Unsko-sanska županija,Stručne škole,Ž,277
2021,Broj,Unsko-sanska županija,Stručne škole,Ž,223
2022,Broj,Unsko-sanska županija,Stručne škole,Ž,156
2016,Broj,Posavska županija,Stručne škole,Ž,22
2017,Broj,Posavska županija,Stručne škole,Ž,28
2018,Broj,Posavska županija,Stručne škole,Ž,33
2019,Broj,Posavska županija,Stručne škole,Ž,20
2020,Broj,Posavska županija,Stručne škole,Ž,10
2021,Broj,Posavska županija,Stručne škole,Ž,17
2022,Broj,Posavska županija,Stručne škole,Ž,22
2016,Broj,Tuzlanska županija,Stručne škole,Ž,310
2017,Broj,Tuzlanska županija,Stručne škole,Ž,325
2018,Broj,Tuzlanska županija,Stručne škole,Ž,367
2019,Broj,Tuzlanska županija,Stručne škole,Ž,417
2020,Broj,Tuzlanska županija,Stručne škole,Ž,368
2021,Broj,Tuzlanska županija,Stručne škole,Ž,377
2022,Broj,Tuzlanska županija,Stručne škole,Ž,400
2016,Broj,Zeničko-dobojska županija,Stručne škole,Ž,276
2017,Broj,Zeničko-dobojska županija,Stručne škole,Ž,312
2018,Broj,Zeničko-dobojska županija,Stručne škole,Ž,325
2019,Broj,Zeničko-dobojska županija,Stručne škole,Ž,328
2020,Broj,Zeničko-dobojska županija,Stručne škole,Ž,328
2021,Broj,Zeničko-dobojska županija,Stručne škole,Ž,222
2022,Broj,Zeničko-dobojska županija,Stručne škole,Ž,293
2016,Broj,Bosansko-podrinjska županija,Stručne škole,Ž,38
2017,Broj,Bosansko-podrinjska županija,Stručne škole,Ž,12
2018,Broj,Bosansko-podrinjska županija,Stručne škole,Ž,19
2020,Broj,Bosansko-podrinjska županija,Stručne škole,Ž,7
2021,Broj,Bosansko-podrinjska županija,Stručne škole,Ž,20
2022,Broj,Bosansko-podrinjska županija,Stručne škole,Ž,2
2016,Broj,Srednjobosanska županija,Stručne škole,Ž,232
2017,Broj,Srednjobosanska županija,Stručne škole,Ž,231
2018,Broj,Srednjobosanska županija,Stručne škole,Ž,231
2019,Broj,Srednjobosanska županija,Stručne škole,Ž,172
2020,Broj,Srednjobosanska županija,Stručne škole,Ž,191
2021,Broj,Srednjobosanska županija,Stručne škole,Ž,58
2022,Broj,Srednjobosanska županija,Stručne škole,Ž,130
2016,Broj,Hercegovačko-neretvanska županija,Stručne škole,Ž,173
2017,Broj,Hercegovačko-neretvanska županija,Stručne škole,Ž,93
2018,Broj,Hercegovačko-neretvanska županija,Stručne škole,Ž,130
2019,Broj,Hercegovačko-neretvanska županija,Stručne škole,Ž,145
2020,Broj,Hercegovačko-neretvanska županija,Stručne škole,Ž,115
2021,Broj,Hercegovačko-neretvanska županija,Stručne škole,Ž,89
2022,Broj,Hercegovačko-neretvanska županija,Stručne škole,Ž,104
2016,Broj,Zapadno-hercegovačka županija,Stručne škole,Ž,78
2017,Broj,Zapadno-hercegovačka županija,Stručne škole,Ž,67
2018,Broj,Zapadno-hercegovačka županija,Stručne škole,Ž,58
2019,Broj,Zapadno-hercegovačka županija,Stručne škole,Ž,39
2020,Broj,Zapadno-hercegovačka županija,Stručne škole,Ž,22
2021,Broj,Zapadno-hercegovačka županija,Stručne škole,Ž,27
2022,Broj,Zapadno-hercegovačka županija,Stručne škole,Ž,16
2016,Broj,Sarajevska županija,Stručne škole,Ž,133
2017,Broj,Sarajevska županija,Stručne škole,Ž,182
2018,Broj,Sarajevska županija,Stručne škole,Ž,151
2019,Broj,Sarajevska županija,Stručne škole,Ž,168
2020,Broj,Sarajevska županija,Stručne škole,Ž,163
2021,Broj,Sarajevska županija,Stručne škole,Ž,215
2022,Broj,Sarajevska županija,Stručne škole,Ž,197
2016,Broj,Županija 10,Stručne škole,Ž,56
2017,Broj,Županija 10,Stručne škole,Ž,53
2018,Broj,Županija 10,Stručne škole,Ž,25
2019,Broj,Županija 10,Stručne škole,Ž,25
2020,Broj,Županija 10,Stručne škole,Ž,31
2021,Broj,Županija 10,Stručne škole,Ž,27
2022,Broj,Županija 10,Stručne škole,Ž,28
