Year,UNIT_MEASURE,Administrativna jedinica,Spol,Value
2009,Broj,Federacija Bosne i Hercegovine,Oba spola,71610
2010,Broj,Federacija Bosne i Hercegovine,Oba spola,74594
2011,Broj,Federacija Bosne i Hercegovine,Oba spola,74565
2012,Broj,Federacija Bosne i Hercegovine,Oba spola,72460
2013,Broj,Federacija Bosne i Hercegovine,Oba spola,72601
2014,Broj,Federacija Bosne i Hercegovine,Oba spola,71873
2015,Broj,Federacija Bosne i Hercegovine,Oba spola,72112
2016,Broj,Federacija Bosne i Hercegovine,Oba spola,69969
2017,Broj,Federacija Bosne i Hercegovine,Oba spola,66027
2018,Broj,Federacija Bosne i Hercegovine,Oba spola,62285
2009,Broj,Federacija Bosne i Hercegovine,M,31404
2010,Broj,Federacija Bosne i Hercegovine,M,32651
2011,Broj,Federacija Bosne i Hercegovine,M,32767
2012,Broj,Federacija Bosne i Hercegovine,M,31970
2013,Broj,Federacija Bosne i Hercegovine,M,31732
2014,Broj,Federacija Bosne i Hercegovine,M,31305
2015,Broj,Federacija Bosne i Hercegovine,M,31317
2016,Broj,Federacija Bosne i Hercegovine,M,30064
2017,Broj,Federacija Bosne i Hercegovine,M,28095
2018,Broj,Federacija Bosne i Hercegovine,M,25544
2009,Broj,Federacija Bosne i Hercegovine,Ž,40206
2010,Broj,Federacija Bosne i Hercegovine,Ž,41943
2011,Broj,Federacija Bosne i Hercegovine,Ž,41798
2012,Broj,Federacija Bosne i Hercegovine,Ž,40490
2013,Broj,Federacija Bosne i Hercegovine,Ž,40869
2014,Broj,Federacija Bosne i Hercegovine,Ž,40568
2015,Broj,Federacija Bosne i Hercegovine,Ž,40795
2016,Broj,Federacija Bosne i Hercegovine,Ž,39905
2017,Broj,Federacija Bosne i Hercegovine,Ž,37932
2018,Broj,Federacija Bosne i Hercegovine,Ž,36741
2009,Broj,Unsko-sanska županija,Oba spola,5008
2010,Broj,Unsko-sanska županija,Oba spola,4732
2011,Broj,Unsko-sanska županija,Oba spola,4588
2012,Broj,Unsko-sanska županija,Oba spola,3896
2013,Broj,Unsko-sanska županija,Oba spola,3355
2014,Broj,Unsko-sanska županija,Oba spola,3038
2015,Broj,Unsko-sanska županija,Oba spola,3011
2016,Broj,Unsko-sanska županija,Oba spola,2894
2017,Broj,Unsko-sanska županija,Oba spola,2547
2018,Broj,Unsko-sanska županija,Oba spola,2322
2009,Broj,Unsko-sanska županija,M,2019
2010,Broj,Unsko-sanska županija,M,1946
2011,Broj,Unsko-sanska županija,M,1919
2012,Broj,Unsko-sanska županija,M,1647
2013,Broj,Unsko-sanska županija,M,1422
2014,Broj,Unsko-sanska županija,M,1307
2015,Broj,Unsko-sanska županija,M,1268
2016,Broj,Unsko-sanska županija,M,1216
2017,Broj,Unsko-sanska županija,M,1016
2018,Broj,Unsko-sanska županija,M,893
2009,Broj,Unsko-sanska županija,Ž,2989
2010,Broj,Unsko-sanska županija,Ž,2786
2011,Broj,Unsko-sanska županija,Ž,2669
2012,Broj,Unsko-sanska županija,Ž,2249
2013,Broj,Unsko-sanska županija,Ž,1933
2014,Broj,Unsko-sanska županija,Ž,1731
2015,Broj,Unsko-sanska županija,Ž,1743
2016,Broj,Unsko-sanska županija,Ž,1678
2017,Broj,Unsko-sanska županija,Ž,1531
2018,Broj,Unsko-sanska županija,Ž,1429
2009,Broj,Tuzlanska županija,Oba spola,13896
2010,Broj,Tuzlanska županija,Oba spola,14557
2011,Broj,Tuzlanska županija,Oba spola,13535
2012,Broj,Tuzlanska županija,Oba spola,12147
2013,Broj,Tuzlanska županija,Oba spola,11686
2014,Broj,Tuzlanska županija,Oba spola,11074
2015,Broj,Tuzlanska županija,Oba spola,11231
2016,Broj,Tuzlanska županija,Oba spola,11338
2017,Broj,Tuzlanska županija,Oba spola,10920
2018,Broj,Tuzlanska županija,Oba spola,9956
2009,Broj,Tuzlanska županija,M,6038
2010,Broj,Tuzlanska županija,M,6284
2011,Broj,Tuzlanska županija,M,5710
2012,Broj,Tuzlanska županija,M,5103
2013,Broj,Tuzlanska županija,M,4770
2014,Broj,Tuzlanska županija,M,4499
2015,Broj,Tuzlanska županija,M,4626
2016,Broj,Tuzlanska županija,M,4746
2017,Broj,Tuzlanska županija,M,4540
2018,Broj,Tuzlanska županija,M,4073
2009,Broj,Tuzlanska županija,Ž,7858
2010,Broj,Tuzlanska županija,Ž,8273
2011,Broj,Tuzlanska županija,Ž,7825
2012,Broj,Tuzlanska županija,Ž,7044
2013,Broj,Tuzlanska županija,Ž,6916
2014,Broj,Tuzlanska županija,Ž,6575
2015,Broj,Tuzlanska županija,Ž,6605
2016,Broj,Tuzlanska županija,Ž,6592
2017,Broj,Tuzlanska županija,Ž,6380
2018,Broj,Tuzlanska županija,Ž,5883
2009,Broj,Zeničko-dobojska županija,Oba spola,4463
2010,Broj,Zeničko-dobojska županija,Oba spola,4655
2011,Broj,Zeničko-dobojska županija,Oba spola,4278
2012,Broj,Zeničko-dobojska županija,Oba spola,4151
2013,Broj,Zeničko-dobojska županija,Oba spola,3917
2014,Broj,Zeničko-dobojska županija,Oba spola,3927
2015,Broj,Zeničko-dobojska županija,Oba spola,3687
2016,Broj,Zeničko-dobojska županija,Oba spola,3495
2017,Broj,Zeničko-dobojska županija,Oba spola,3124
2018,Broj,Zeničko-dobojska županija,Oba spola,3173
2009,Broj,Zeničko-dobojska županija,M,1748
2010,Broj,Zeničko-dobojska županija,M,1797
2011,Broj,Zeničko-dobojska županija,M,1668
2012,Broj,Zeničko-dobojska županija,M,1637
2013,Broj,Zeničko-dobojska županija,M,1524
2014,Broj,Zeničko-dobojska županija,M,1542
2015,Broj,Zeničko-dobojska županija,M,1434
2016,Broj,Zeničko-dobojska županija,M,1297
2017,Broj,Zeničko-dobojska županija,M,1115
2018,Broj,Zeničko-dobojska županija,M,1098
2009,Broj,Zeničko-dobojska županija,Ž,2715
2010,Broj,Zeničko-dobojska županija,Ž,2858
2011,Broj,Zeničko-dobojska županija,Ž,2610
2012,Broj,Zeničko-dobojska županija,Ž,2514
2013,Broj,Zeničko-dobojska županija,Ž,2393
2014,Broj,Zeničko-dobojska županija,Ž,2385
2015,Broj,Zeničko-dobojska županija,Ž,2253
2016,Broj,Zeničko-dobojska županija,Ž,2198
2017,Broj,Zeničko-dobojska županija,Ž,2009
2018,Broj,Zeničko-dobojska županija,Ž,2075
2009,Broj,Bosansko-podrinjska županija,Oba spola,0
2010,Broj,Bosansko-podrinjska županija,Oba spola,0
2011,Broj,Bosansko-podrinjska županija,Oba spola,0
2012,Broj,Bosansko-podrinjska županija,Oba spola,0
2013,Broj,Bosansko-podrinjska županija,Oba spola,0
2014,Broj,Bosansko-podrinjska županija,Oba spola,31
2015,Broj,Bosansko-podrinjska županija,Oba spola,112
2016,Broj,Bosansko-podrinjska županija,Oba spola,144
2017,Broj,Bosansko-podrinjska županija,Oba spola,126
2018,Broj,Bosansko-podrinjska županija,Oba spola,77
2009,Broj,Bosansko-podrinjska županija,M,0
2010,Broj,Bosansko-podrinjska županija,M,0
2011,Broj,Bosansko-podrinjska županija,M,0
2012,Broj,Bosansko-podrinjska županija,M,0
2013,Broj,Bosansko-podrinjska županija,M,0
2014,Broj,Bosansko-podrinjska županija,M,9
2015,Broj,Bosansko-podrinjska županija,M,42
2016,Broj,Bosansko-podrinjska županija,M,54
2017,Broj,Bosansko-podrinjska županija,M,50
2018,Broj,Bosansko-podrinjska županija,M,31
2009,Broj,Bosansko-podrinjska županija,Ž,0
2010,Broj,Bosansko-podrinjska županija,Ž,0
2011,Broj,Bosansko-podrinjska županija,Ž,0
2012,Broj,Bosansko-podrinjska županija,Ž,0
2013,Broj,Bosansko-podrinjska županija,Ž,0
2014,Broj,Bosansko-podrinjska županija,Ž,22
2015,Broj,Bosansko-podrinjska županija,Ž,70
2016,Broj,Bosansko-podrinjska županija,Ž,90
2017,Broj,Bosansko-podrinjska županija,Ž,76
2018,Broj,Bosansko-podrinjska županija,Ž,46
2009,Broj,Srednjobosanska županija,Oba spola,2991
2010,Broj,Srednjobosanska županija,Oba spola,3665
2011,Broj,Srednjobosanska županija,Oba spola,4188
2012,Broj,Srednjobosanska županija,Oba spola,4500
2013,Broj,Srednjobosanska županija,Oba spola,4544
2014,Broj,Srednjobosanska županija,Oba spola,4688
2015,Broj,Srednjobosanska županija,Oba spola,4913
2016,Broj,Srednjobosanska županija,Oba spola,5184
2017,Broj,Srednjobosanska županija,Oba spola,5487
2018,Broj,Srednjobosanska županija,Oba spola,4489
2009,Broj,Srednjobosanska županija,M,1791
2010,Broj,Srednjobosanska županija,M,2184
2011,Broj,Srednjobosanska županija,M,2545
2012,Broj,Srednjobosanska županija,M,2814
2013,Broj,Srednjobosanska županija,M,2825
2014,Broj,Srednjobosanska županija,M,2964
2015,Broj,Srednjobosanska županija,M,3068
2016,Broj,Srednjobosanska županija,M,3200
2017,Broj,Srednjobosanska županija,M,3354
2018,Broj,Srednjobosanska županija,M,2603
2009,Broj,Srednjobosanska županija,Ž,1200
2010,Broj,Srednjobosanska županija,Ž,1481
2011,Broj,Srednjobosanska županija,Ž,1643
2012,Broj,Srednjobosanska županija,Ž,1686
2013,Broj,Srednjobosanska županija,Ž,1719
2014,Broj,Srednjobosanska županija,Ž,1724
2015,Broj,Srednjobosanska županija,Ž,1845
2016,Broj,Srednjobosanska županija,Ž,1984
2017,Broj,Srednjobosanska županija,Ž,2133
2018,Broj,Srednjobosanska županija,Ž,1886
2009,Broj,Hercegovačko-neretvanska županija,Oba spola,12909
2010,Broj,Hercegovačko-neretvanska županija,Oba spola,14187
2011,Broj,Hercegovačko-neretvanska županija,Oba spola,14541
2012,Broj,Hercegovačko-neretvanska županija,Oba spola,13856
2013,Broj,Hercegovačko-neretvanska županija,Oba spola,15150
2014,Broj,Hercegovačko-neretvanska županija,Oba spola,15046
2015,Broj,Hercegovačko-neretvanska županija,Oba spola,14485
2016,Broj,Hercegovačko-neretvanska županija,Oba spola,14315
2017,Broj,Hercegovačko-neretvanska županija,Oba spola,14120
2018,Broj,Hercegovačko-neretvanska županija,Oba spola,13426
2009,Broj,Hercegovačko-neretvanska županija,M,5490
2010,Broj,Hercegovačko-neretvanska županija,M,5937
2011,Broj,Hercegovačko-neretvanska županija,M,6018
2012,Broj,Hercegovačko-neretvanska županija,M,5698
2013,Broj,Hercegovačko-neretvanska županija,M,6252
2014,Broj,Hercegovačko-neretvanska županija,M,6339
2015,Broj,Hercegovačko-neretvanska županija,M,6194
2016,Broj,Hercegovačko-neretvanska županija,M,6063
2017,Broj,Hercegovačko-neretvanska županija,M,5916
2018,Broj,Hercegovačko-neretvanska županija,M,5395
2009,Broj,Hercegovačko-neretvanska županija,Ž,7419
2010,Broj,Hercegovačko-neretvanska županija,Ž,8250
2011,Broj,Hercegovačko-neretvanska županija,Ž,8523
2012,Broj,Hercegovačko-neretvanska županija,Ž,8158
2013,Broj,Hercegovačko-neretvanska županija,Ž,8898
2014,Broj,Hercegovačko-neretvanska županija,Ž,8707
2015,Broj,Hercegovačko-neretvanska županija,Ž,8291
2016,Broj,Hercegovačko-neretvanska županija,Ž,8252
2017,Broj,Hercegovačko-neretvanska županija,Ž,8204
2018,Broj,Hercegovačko-neretvanska županija,Ž,8031
2009,Broj,Sarajevska županija,Oba spola,32343
2010,Broj,Sarajevska županija,Oba spola,32798
2011,Broj,Sarajevska županija,Oba spola,33435
2012,Broj,Sarajevska županija,Oba spola,33910
2013,Broj,Sarajevska županija,Oba spola,33949
2014,Broj,Sarajevska županija,Oba spola,34069
2015,Broj,Sarajevska županija,Oba spola,34673
2016,Broj,Sarajevska županija,Oba spola,32599
2017,Broj,Sarajevska županija,Oba spola,29703
2018,Broj,Sarajevska županija,Oba spola,28842
2009,Broj,Sarajevska županija,M,13342
2010,Broj,Sarajevska županija,M,14503
2011,Broj,Sarajevska županija,M,14907
2012,Broj,Sarajevska županija,M,15071
2013,Broj,Sarajevska županija,M,14849
2014,Broj,Sarajevska županija,M,14645
2015,Broj,Sarajevska županija,M,14685
2016,Broj,Sarajevska županija,M,13488
2017,Broj,Sarajevska županija,M,12104
2018,Broj,Sarajevska županija,M,11451
2009,Broj,Sarajevska županija,Ž,19001
2010,Broj,Sarajevska županija,Ž,18295
2011,Broj,Sarajevska županija,Ž,18528
2012,Broj,Sarajevska županija,Ž,18839
2013,Broj,Sarajevska županija,Ž,19100
2014,Broj,Sarajevska županija,Ž,19424
2015,Broj,Sarajevska županija,Ž,19988
2016,Broj,Sarajevska županija,Ž,19111
2017,Broj,Sarajevska županija,Ž,17599
2018,Broj,Sarajevska županija,Ž,17391
