Year,UNIT_MEASURE,Vrsta obrazovanja,Spol,Value
2017,Broj,TOTAL,Oba spola,54
2017,Broj,Obrazovanje,Oba spola,4
2017,Broj,humanities_and_arts,Oba spola,6
2017,Broj,"social_sciences,_journalism_and_information",Oba spola,4
2017,Broj,"business,_administration_and_law",Oba spola,1
2017,Broj,"natural_sciences,_mathematics_and_statistics",Oba spola,2
2017,Broj,information_and_communication_technologie,Oba spola,14
2017,Broj,"engineering,_production_and_construction",Oba spola,16
2017,Broj,"agriculture,_forestry,_fisheries_and_veterinary_medicine: ",Oba spola,0
2017,Broj,Zdravstvo i socijalna skrb,Oba spola,7
2017,Broj,Usluge,Oba spola,0
2017,Broj,TOTAL,M,37
2017,Broj,Obrazovanje,M,2
2017,Broj,humanities_and_arts,M,3
2017,Broj,"social_sciences,_journalism_and_information",M,3
2017,Broj,"business,_administration_and_law",M,1
2017,Broj,"natural_sciences,_mathematics_and_statistics",M,2
2017,Broj,information_and_communication_technologie,M,10
2017,Broj,"engineering,_production_and_construction",M,13
2017,Broj,"agriculture,_forestry,_fisheries_and_veterinary_medicine: ",M,0
2017,Broj,Zdravstvo i socijalna skrb,M,3
2017,Broj,Usluge,M,0
2017,Broj,TOTAL,Ž,17
2017,Broj,Obrazovanje,Ž,2
2017,Broj,humanities_and_arts,Ž,3
2017,Broj,"social_sciences,_journalism_and_information",Ž,1
2017,Broj,"business,_administration_and_law",Ž,0
2017,Broj,"natural_sciences,_mathematics_and_statistics",Ž,0
2017,Broj,information_and_communication_technologie,Ž,4
2017,Broj,"engineering,_production_and_construction",Ž,3
2017,Broj,"agriculture,_forestry,_fisheries_and_veterinary_medicine: ",Ž,0
2017,Broj,Zdravstvo i socijalna skrb,Ž,4
2017,Broj,Usluge,Ž,0
2018,Broj,TOTAL,Oba spola,43
2018,Broj,Obrazovanje,Oba spola,1
2018,Broj,humanities_and_arts,Oba spola,3
2018,Broj,"social_sciences,_journalism_and_information",Oba spola,3
2018,Broj,"business,_administration_and_law",Oba spola,0
2018,Broj,"natural_sciences,_mathematics_and_statistics",Oba spola,4
2018,Broj,information_and_communication_technologie,Oba spola,14
2018,Broj,"engineering,_production_and_construction",Oba spola,12
2018,Broj,"agriculture,_forestry,_fisheries_and_veterinary_medicine: ",Oba spola,1
2018,Broj,Zdravstvo i socijalna skrb,Oba spola,5
2018,Broj,Usluge,Oba spola,0
2018,Broj,TOTAL,M,28
2018,Broj,Obrazovanje,M,1
2018,Broj,humanities_and_arts,M,1
2018,Broj,"social_sciences,_journalism_and_information",M,3
2018,Broj,"business,_administration_and_law",M,0
2018,Broj,"natural_sciences,_mathematics_and_statistics",M,1
2018,Broj,information_and_communication_technologie,M,9
2018,Broj,"engineering,_production_and_construction",M,10
2018,Broj,"agriculture,_forestry,_fisheries_and_veterinary_medicine: ",M,1
2018,Broj,Zdravstvo i socijalna skrb,M,2
2018,Broj,Usluge,M,0
2018,Broj,TOTAL,Ž,15
2018,Broj,Obrazovanje,Ž,0
2018,Broj,humanities_and_arts,Ž,2
2018,Broj,"social_sciences,_journalism_and_information",Ž,0
2018,Broj,"business,_administration_and_law",Ž,0
2018,Broj,"natural_sciences,_mathematics_and_statistics",Ž,3
2018,Broj,information_and_communication_technologie,Ž,5
2018,Broj,"engineering,_production_and_construction",Ž,2
2018,Broj,"agriculture,_forestry,_fisheries_and_veterinary_medicine: ",Ž,0
2018,Broj,Zdravstvo i socijalna skrb,Ž,3
2018,Broj,Usluge,Ž,0
2019,Broj,TOTAL,Oba spola,42
2019,Broj,Obrazovanje,Oba spola,2
2019,Broj,humanities_and_arts,Oba spola,1
2019,Broj,"social_sciences,_journalism_and_information",Oba spola,25
2019,Broj,"business,_administration_and_law",Oba spola,2
2019,Broj,"natural_sciences,_mathematics_and_statistics",Oba spola,3
2019,Broj,information_and_communication_technologie,Oba spola,1
2019,Broj,"engineering,_production_and_construction",Oba spola,3
2019,Broj,"agriculture,_forestry,_fisheries_and_veterinary_medicine: ",Oba spola,3
2019,Broj,Zdravstvo i socijalna skrb,Oba spola,2
2019,Broj,Usluge,Oba spola,0
2019,Broj,TOTAL,M,26
2019,Broj,Obrazovanje,M,2
2019,Broj,humanities_and_arts,M,0
2019,Broj,"social_sciences,_journalism_and_information",M,19
2019,Broj,"business,_administration_and_law",M,2
2019,Broj,"natural_sciences,_mathematics_and_statistics",M,0
2019,Broj,information_and_communication_technologie,M,0
2019,Broj,"engineering,_production_and_construction",M,2
2019,Broj,"agriculture,_forestry,_fisheries_and_veterinary_medicine: ",M,1
2019,Broj,Zdravstvo i socijalna skrb,M,0
2019,Broj,Usluge,M,0
2019,Broj,TOTAL,Ž,16
2019,Broj,Obrazovanje,Ž,0
2019,Broj,humanities_and_arts,Ž,1
2019,Broj,"social_sciences,_journalism_and_information",Ž,6
2019,Broj,"business,_administration_and_law",Ž,0
2019,Broj,"natural_sciences,_mathematics_and_statistics",Ž,3
2019,Broj,information_and_communication_technologie,Ž,1
2019,Broj,"engineering,_production_and_construction",Ž,1
2019,Broj,"agriculture,_forestry,_fisheries_and_veterinary_medicine: ",Ž,2
2019,Broj,Zdravstvo i socijalna skrb,Ž,2
2019,Broj,Usluge,Ž,0
2020,Broj,TOTAL,Oba spola,64
2020,Broj,Obrazovanje,Oba spola,0
2020,Broj,humanities_and_arts,Oba spola,3
2020,Broj,"social_sciences,_journalism_and_information",Oba spola,30
2020,Broj,"business,_administration_and_law",Oba spola,5
2020,Broj,"natural_sciences,_mathematics_and_statistics",Oba spola,2
2020,Broj,information_and_communication_technologie,Oba spola,5
2020,Broj,"engineering,_production_and_construction",Oba spola,8
2020,Broj,"agriculture,_forestry,_fisheries_and_veterinary_medicine: ",Oba spola,2
2020,Broj,Zdravstvo i socijalna skrb,Oba spola,9
2020,Broj,Usluge,Oba spola,0
2020,Broj,TOTAL,M,34
2020,Broj,Obrazovanje,M,0
2020,Broj,humanities_and_arts,M,0
2020,Broj,"social_sciences,_journalism_and_information",M,21
2020,Broj,"business,_administration_and_law",M,4
2020,Broj,"natural_sciences,_mathematics_and_statistics",M,1
2020,Broj,information_and_communication_technologie,M,3
2020,Broj,"engineering,_production_and_construction",M,3
2020,Broj,"agriculture,_forestry,_fisheries_and_veterinary_medicine: ",M,0
2020,Broj,Zdravstvo i socijalna skrb,M,2
2020,Broj,Usluge,M,0
2020,Broj,TOTAL,Ž,30
2020,Broj,Obrazovanje,Ž,0
2020,Broj,humanities_and_arts,Ž,3
2020,Broj,"social_sciences,_journalism_and_information",Ž,9
2020,Broj,"business,_administration_and_law",Ž,1
2020,Broj,"natural_sciences,_mathematics_and_statistics",Ž,1
2020,Broj,information_and_communication_technologie,Ž,2
2020,Broj,"engineering,_production_and_construction",Ž,5
2020,Broj,"agriculture,_forestry,_fisheries_and_veterinary_medicine: ",Ž,2
2020,Broj,Zdravstvo i socijalna skrb,Ž,7
2020,Broj,Usluge,Ž,0
