Year,UNIT_MEASURE,Пол,Value
2013,Број,M,73.9
2014,Број,M,74.4
2015,Број,M,74.0
2016,Број,M,74.6
2017,Број,M,74.5
2018,Број,M,75.1
2019,Број,M,74.9
2020,Број,M,73.1
2021,Број,M,72.4
2022,Број,M,75.2
2023,Број,M,77.0
2013,Број,Ж,78.5
2014,Број,Ж,78.9
2015,Број,Ж,78.3
2016,Број,Ж,78.8
2017,Број,Ж,78.9
2018,Број,Ж,79.3
2019,Број,Ж,79.2
2020,Број,Ж,78.3
2021,Број,Ж,77.2
2022,Број,Ж,79.6
2023,Број,Ж,81.2
