Year,UNIT_MEASURE,Административна јединица,Value
1996,Број,Федерација Босне и Херцеговине,14019
1996,Број,Унско-сански кантон,2499
1996,Број,Посавски кантон,138
1996,Број,Тузлански кантон,2245
1996,Број,Зеничко-добојски кантон,2907
1996,Број,Босанско-подрињски кантон,263
1996,Број,Средњобосански кантон,1919
1996,Број,Херцеговачко-неретвански кантон,1097
1996,Број,Западнохерцеговчки кантон,413
1996,Број,Кантон Сарајево,2238
1996,Број,Кантон 10,300
1997,Број,Федерација Босне и Херцеговине,15352
1997,Број,Унско-сански кантон,2890
1997,Број,Посавски кантон,143
1997,Број,Тузлански кантон,2310
1997,Број,Зеничко-добојски кантон,3000
1997,Број,Босанско-подрињски кантон,228
1997,Број,Средњобосански кантон,2038
1997,Број,Херцеговачко-неретвански кантон,1243
1997,Број,Западнохерцеговчки кантон,476
1997,Број,Кантон Сарајево,2631
1997,Број,Кантон 10,393
1998,Број,Федерација Босне и Херцеговине,14218
1998,Број,Унско-сански кантон,2394
1998,Број,Посавски кантон,107
1998,Број,Тузлански кантон,2237
1998,Број,Зеничко-добојски кантон,2918
1998,Број,Босанско-подрињски кантон,216
1998,Број,Средњобосански кантон,1860
1998,Број,Херцеговачко-неретвански кантон,1174
1998,Број,Западнохерцеговчки кантон,424
1998,Број,Кантон Сарајево,2506
1998,Број,Кантон 10,382
1999,Број,Федерација Босне и Херцеговине,13804
1999,Број,Унско-сански кантон,2257
1999,Број,Посавски кантон,269
1999,Број,Тузлански кантон,2261
1999,Број,Зеничко-добојски кантон,3080
1999,Број,Босанско-подрињски кантон,223
1999,Број,Средњобосански кантон,1841
1999,Број,Херцеговачко-неретвански кантон,724
1999,Број,Западнохерцеговчки кантон,255
1999,Број,Кантон Сарајево,2503
1999,Број,Кантон 10,391
2000,Број,Федерација Босне и Херцеговине,13752
2000,Број,Унско-сански кантон,1982
2000,Број,Посавски кантон,285
2000,Број,Тузлански кантон,2644
2000,Број,Зеничко-добојски кантон,2676
2000,Број,Босанско-подрињски кантон,180
2000,Број,Средњобосански кантон,1688
2000,Број,Херцеговачко-неретвански кантон,1088
2000,Број,Западнохерцеговчки кантон,261
2000,Број,Кантон Сарајево,2596
2000,Број,Кантон 10,352
2001,Број,Федерација Босне и Херцеговине,12619
2001,Број,Унско-сански кантон,1913
2001,Број,Посавски кантон,268
2001,Број,Тузлански кантон,2365
2001,Број,Зеничко-добојски кантон,2488
2001,Број,Босанско-подрињски кантон,160
2001,Број,Средњобосански кантон,1557
2001,Број,Херцеговачко-неретвански кантон,1010
2001,Број,Западнохерцеговчки кантон,265
2001,Број,Кантон Сарајево,2278
2001,Број,Кантон 10,315
2002,Број,Федерација Босне и Херцеговине,12731
2002,Број,Унско-сански кантон,1952
2002,Број,Посавски кантон,246
2002,Број,Тузлански кантон,2619
2002,Број,Зеничко-добојски кантон,2406
2002,Број,Босанско-подрињски кантон,153
2002,Број,Средњобосански кантон,1526
2002,Број,Херцеговачко-неретвански кантон,1018
2002,Број,Западнохерцеговчки кантон,237
2002,Број,Кантон Сарајево,2266
2002,Број,Кантон 10,308
2003,Број,Федерација Босне и Херцеговине,12917
2003,Број,Унско-сански кантон,1994
2003,Број,Посавски кантон,220
2003,Број,Тузлански кантон,2650
2003,Број,Зеничко-добојски кантон,2405
2003,Број,Босанско-подрињски кантон,138
2003,Број,Средњобосански кантон,1468
2003,Број,Херцеговачко-неретвански кантон,992
2003,Број,Западнохерцеговчки кантон,405
2003,Број,Кантон Сарајево,2312
2003,Број,Кантон 10,333
2004,Број,Федерација Босне и Херцеговине,13573
2004,Број,Унско-сански кантон,2179
2004,Број,Посавски кантон,261
2004,Број,Тузлански кантон,2598
2004,Број,Зеничко-добојски кантон,2561
2004,Број,Босанско-подрињски кантон,157
2004,Број,Средњобосански кантон,1504
2004,Број,Херцеговачко-неретвански кантон,1133
2004,Број,Западнохерцеговчки кантон,369
2004,Број,Кантон Сарајево,2513
2004,Број,Кантон 10,298
2005,Број,Федерација Босне и Херцеговине,13526
2005,Број,Унско-сански кантон,2009
2005,Број,Посавски кантон,217
2005,Број,Тузлански кантон,2590
2005,Број,Зеничко-добојски кантон,2524
2005,Број,Босанско-подрињски кантон,141
2005,Број,Средњобосански кантон,1544
2005,Број,Херцеговачко-неретвански кантон,1161
2005,Број,Западнохерцеговчки кантон,415
2005,Број,Кантон Сарајево,2617
2005,Број,Кантон 10,308
2006,Број,Федерација Босне и Херцеговине,12924
2006,Број,Унско-сански кантон,2035
2006,Број,Посавски кантон,199
2006,Број,Тузлански кантон,2467
2006,Број,Зеничко-добојски кантон,2493
2006,Број,Босанско-подрињски кантон,148
2006,Број,Средњобосански кантон,1358
2006,Број,Херцеговачко-неретвански кантон,1076
2006,Број,Западнохерцеговчки кантон,380
2006,Број,Кантон Сарајево,2492
2006,Број,Кантон 10,276
2007,Број,Федерација Босне и Херцеговине,14704
2007,Број,Унско-сански кантон,2159
2007,Број,Посавски кантон,225
2007,Број,Тузлански кантон,2981
2007,Број,Зеничко-добојски кантон,2836
2007,Број,Босанско-подрињски кантон,163
2007,Број,Средњобосански кантон,1552
2007,Број,Херцеговачко-неретвански кантон,1171
2007,Број,Западнохерцеговчки кантон,400
2007,Број,Кантон Сарајево,2938
2007,Број,Кантон 10,279
2008,Број,Федерација Босне и Херцеговине,14829
2008,Број,Унско-сански кантон,2159
2008,Број,Посавски кантон,183
2008,Број,Тузлански кантон,3118
2008,Број,Зеничко-добојски кантон,2867
2008,Број,Босанско-подрињски кантон,147
2008,Број,Средњобосански кантон,1598
2008,Број,Херцеговачко-неретвански кантон,1171
2008,Број,Западнохерцеговчки кантон,323
2008,Број,Кантон Сарајево,2993
2008,Број,Кантон 10,270
2009,Број,Федерација Босне и Херцеговине,13577
2009,Број,Унско-сански кантон,1834
2009,Број,Посавски кантон,165
2009,Број,Тузлански кантон,2845
2009,Број,Зеничко-добојски кантон,2545
2009,Број,Босанско-подрињски кантон,134
2009,Број,Средњобосански кантон,1468
2009,Број,Херцеговачко-неретвански кантон,1131
2009,Број,Западнохерцеговчки кантон,402
2009,Број,Кантон Сарајево,2804
2009,Број,Кантон 10,249
2010,Број,Федерација Босне и Херцеговине,12906
2010,Број,Унско-сански кантон,1766
2010,Број,Посавски кантон,172
2010,Број,Тузлански кантон,2542
2010,Број,Зеничко-добојски кантон,2381
2010,Број,Босанско-подрињски кантон,118
2010,Број,Средњобосански кантон,1412
2010,Број,Херцеговачко-неретвански кантон,1098
2010,Број,Западнохерцеговчки кантон,358
2010,Број,Кантон Сарајево,2782
2010,Број,Кантон 10,277
2011,Број,Федерација Босне и Херцеговине,12511
2011,Број,Унско-сански кантон,1661
2011,Број,Посавски кантон,144
2011,Број,Тузлански кантон,2611
2011,Број,Зеничко-добојски кантон,2279
2011,Број,Босанско-подрињски кантон,164
2011,Број,Средњобосански кантон,1272
2011,Број,Херцеговачко-неретвански кантон,1103
2011,Број,Западнохерцеговчки кантон,368
2011,Број,Кантон Сарајево,2655
2011,Број,Кантон 10,254
2012,Број,Федерација Босне и Херцеговине,11936
2012,Број,Унско-сански кантон,1504
2012,Број,Посавски кантон,154
2012,Број,Тузлански кантон,2576
2012,Број,Зеничко-добојски кантон,2248
2012,Број,Босанско-подрињски кантон,135
2012,Број,Средњобосански кантон,1201
2012,Број,Херцеговачко-неретвански кантон,1014
2012,Број,Западнохерцеговчки кантон,374
2012,Број,Кантон Сарајево,2497
2012,Број,Кантон 10,233
2013,Број,Федерација Босне и Херцеговине,11313
2013,Број,Унско-сански кантон,1441
2013,Број,Посавски кантон,152
2013,Број,Тузлански кантон,2458
2013,Број,Зеничко-добојски кантон,1997
2013,Број,Босанско-подрињски кантон,137
2013,Број,Средњобосански кантон,1078
2013,Број,Херцеговачко-неретвански кантон,1027
2013,Број,Западнохерцеговчки кантон,344
2013,Број,Кантон Сарајево,2453
2013,Број,Кантон 10,226
2014,Број,Федерација Босне и Херцеговине,11891
2014,Број,Унско-сански кантон,1468
2014,Број,Посавски кантон,140
2014,Број,Тузлански кантон,2461
2014,Број,Зеничко-добојски кантон,2250
2014,Број,Босанско-подрињски кантон,155
2014,Број,Средњобосански кантон,1216
2014,Број,Херцеговачко-неретвански кантон,1048
2014,Број,Западнохерцеговчки кантон,333
2014,Број,Кантон Сарајево,2600
2014,Број,Кантон 10,220
2015,Број,Федерација Босне и Херцеговине,12888
2015,Број,Унско-сански кантон,1629
2015,Број,Посавски кантон,151
2015,Број,Тузлански кантон,2859
2015,Број,Зеничко-добојски кантон,2458
2015,Број,Босанско-подрињски кантон,155
2015,Број,Средњобосански кантон,1318
2015,Број,Херцеговачко-неретвански кантон,1023
2015,Број,Западнохерцеговчки кантон,362
2015,Број,Кантон Сарајево,2664
2015,Број,Кантон 10,269
2016,Број,Федерација Босне и Херцеговине,12790
2016,Број,Унско-сански кантон,1746
2016,Број,Посавски кантон,122
2016,Број,Тузлански кантон,2821
2016,Број,Зеничко-добојски кантон,2301
2016,Број,Босанско-подрињски кантон,169
2016,Број,Средњобосански кантон,1298
2016,Број,Херцеговачко-неретвански кантон,1067
2016,Број,Западнохерцеговчки кантон,392
2016,Број,Кантон Сарајево,2615
2016,Број,Кантон 10,259
2017,Број,Федерација Босне и Херцеговине,12994
2017,Број,Унско-сански кантон,1750
2017,Број,Посавски кантон,143
2017,Број,Тузлански кантон,2886
2017,Број,Зеничко-добојски кантон,2397
2017,Број,Босанско-подрињски кантон,137
2017,Број,Средњобосански кантон,1428
2017,Број,Херцеговачко-неретвански кантон,1028
2017,Број,Западнохерцеговчки кантон,402
2017,Број,Кантон Сарајево,2561
2017,Број,Кантон 10,262
2018,Број,Федерација Босне и Херцеговине,13061
2018,Број,Унско-сански кантон,1842
2018,Број,Посавски кантон,117
2018,Број,Тузлански кантон,2879
2018,Број,Зеничко-добојски кантон,2456
2018,Број,Босанско-подрињски кантон,120
2018,Број,Средњобосански кантон,1406
2018,Број,Херцеговачко-неретвански кантон,1071
2018,Број,Западнохерцеговчки кантон,405
2018,Број,Кантон Сарајево,2523
2018,Број,Кантон 10,242
2019,Број,Федерација Босне и Херцеговине,12266
2019,Број,Унско-сански кантон,1865
2019,Број,Посавски кантон,112
2019,Број,Тузлански кантон,2642
2019,Број,Зеничко-добојски кантон,2207
2019,Број,Босанско-подрињски кантон,125
2019,Број,Средњобосански кантон,1325
2019,Број,Херцеговачко-неретвански кантон,1001
2019,Број,Западнохерцеговчки кантон,376
2019,Број,Кантон Сарајево,2382
2019,Број,Кантон 10,231
2020,Број,Федерација Босне и Херцеговине,10224
2020,Број,Унско-сански кантон,1391
2020,Број,Посавски кантон,78
2020,Број,Тузлански кантон,2120
2020,Број,Зеничко-добојски кантон,1979
2020,Број,Босанско-подрињски кантон,125
2020,Број,Средњобосански кантон,1077
2020,Број,Херцеговачко-неретвански кантон,864
2020,Број,Западнохерцеговчки кантон,354
2020,Број,Кантон Сарајево,2029
2020,Број,Кантон 10,207
2021,Број,Федерација Босне и Херцеговине,11503
2021,Број,Унско-сански кантон,1771
2021,Број,Посавски кантон,118
2021,Број,Тузлански кантон,2307
2021,Број,Зеничко-добојски кантон,2162
2021,Број,Босанско-подрињски кантон,106
2021,Број,Средњобосански кантон,1215
2021,Број,Херцеговачко-неретвански кантон,939
2021,Број,Западнохерцеговчки кантон,411
2021,Број,Кантон Сарајево,2229
2021,Број,Кантон 10,245
2022,Број,Федерација Босне и Херцеговине,11038
2022,Број,Унско-сански кантон,1526
2022,Број,Посавски кантон,93
2022,Број,Тузлански кантон,2221
2022,Број,Зеничко-добојски кантон,2051
2022,Број,Босанско-подрињски кантон,157
2022,Број,Средњобосански кантон,1145
2022,Број,Херцеговачко-неретвански кантон,912
2022,Број,Западнохерцеговчки кантон,430
2022,Број,Кантон Сарајево,2282
2022,Број,Кантон 10,221
2023,Број,Федерација Босне и Херцеговине,10740
2023,Број,Унско-сански кантон,1445
2023,Број,Посавски кантон,99
2023,Број,Тузлански кантон,2045
2023,Број,Зеничко-добојски кантон,2012
2023,Број,Босанско-подрињски кантон,122
2023,Број,Средњобосански кантон,1215
2023,Број,Херцеговачко-неретвански кантон,960
2023,Број,Западнохерцеговчки кантон,411
2023,Број,Кантон Сарајево,2221
2023,Број,Кантон 10,210
