Year,UNIT_MEASURE,Пол,Старосна доб,Value
2014,Број,Оба пола,0-4,
2014,Број,Оба пола,5-9,
2014,Број,Оба пола,10-14,
2014,Број,Оба пола,15-19,
2014,Број,Оба пола,20-24,
2014,Број,Оба пола,25-29,
2014,Број,Оба пола,30-34,
2014,Број,Оба пола,35-39,
2014,Број,Оба пола,40-44,
2014,Број,Оба пола,45-49,
2014,Број,Оба пола,50-54,
2014,Број,Оба пола,55-59,
2014,Број,Оба пола,60-64,
2014,Број,Оба пола,65-69,
2014,Број,Оба пола,70-74,
2014,Број,Оба пола,75-79,
2014,Број,Оба пола,80-84,
2014,Број,Оба пола,85-89,
2014,Број,Оба пола,90-94,
2014,Број,Оба пола,95-99,
2014,Број,Оба пола,100-104,
2014,Број,Оба пола,105-109,
2014,Број,Оба пола,110-114,
2014,Број,Оба пола,115-120,
2014,Број,Оба пола,Unknown,
2014,Број,Оба пола,Total,
2014,Број,Оба пола,0-14,
2014,Број,Оба пола,15-29,
2014,Број,Оба пола,15-49,
2014,Број,Оба пола,15-64,
2014,Број,Оба пола,65+,
2014,Број,Оба пола,75+,
2014,Број,Оба пола,85+,
2014,Број,Оба пола,100+,
2014,Број,M,0-4,
2014,Број,M,5-9,
2014,Број,M,10-14,
2014,Број,M,15-19,
2014,Број,M,20-24,
2014,Број,M,25-29,
2014,Број,M,30-34,
2014,Број,M,35-39,
2014,Број,M,40-44,
2014,Број,M,45-49,
2014,Број,M,50-54,
2014,Број,M,55-59,
2014,Број,M,60-64,
2014,Број,M,65-69,
2014,Број,M,70-74,
2014,Број,M,75-79,
2014,Број,M,80-84,
2014,Број,M,85-89,
2014,Број,M,90-94,
2014,Број,M,95-99,
2014,Број,M,100-104,
2014,Број,M,105-109,
2014,Број,M,110-114,
2014,Број,M,115-120,
2014,Број,M,Unknown,
2014,Број,M,Total,
2014,Број,M,0-14,
2014,Број,M,15-29,
2014,Број,M,15-49,
2014,Број,M,15-64,
2014,Број,M,65+,
2014,Број,M,75+,
2014,Број,M,85+,
2014,Број,M,100+,
2014,Број,Ж,0-4,
2014,Број,Ж,5-9,
2014,Број,Ж,10-14,
2014,Број,Ж,15-19,
2014,Број,Ж,20-24,
2014,Број,Ж,25-29,
2014,Број,Ж,30-34,
2014,Број,Ж,35-39,
2014,Број,Ж,40-44,
2014,Број,Ж,45-49,
2014,Број,Ж,50-54,
2014,Број,Ж,55-59,
2014,Број,Ж,60-64,
2014,Број,Ж,65-69,
2014,Број,Ж,70-74,
2014,Број,Ж,75-79,
2014,Број,Ж,80-84,
2014,Број,Ж,85-89,
2014,Број,Ж,90-94,
2014,Број,Ж,95-99,
2014,Број,Ж,100-104,
2014,Број,Ж,105-109,
2014,Број,Ж,110-114,
2014,Број,Ж,115-120,
2014,Број,Ж,Unknown,
2014,Број,Ж,Total,
2014,Број,Ж,0-14,
2014,Број,Ж,15-29,
2014,Број,Ж,15-49,
2014,Број,Ж,15-64,
2014,Број,Ж,65+,
2014,Број,Ж,75+,
2014,Број,Ж,85+,
2014,Број,Ж,100+,
2015,Број,Оба пола,0-4,
2015,Број,Оба пола,5-9,
2015,Број,Оба пола,10-14,
2015,Број,Оба пола,15-19,
2015,Број,Оба пола,20-24,
2015,Број,Оба пола,25-29,
2015,Број,Оба пола,30-34,
2015,Број,Оба пола,35-39,
2015,Број,Оба пола,40-44,
2015,Број,Оба пола,45-49,
2015,Број,Оба пола,50-54,
2015,Број,Оба пола,55-59,
2015,Број,Оба пола,60-64,
2015,Број,Оба пола,65-69,
2015,Број,Оба пола,70-74,
2015,Број,Оба пола,75-79,
2015,Број,Оба пола,80-84,
2015,Број,Оба пола,85-89,
2015,Број,Оба пола,90-94,
2015,Број,Оба пола,95-99,
2015,Број,Оба пола,100-104,
2015,Број,Оба пола,105-109,
2015,Број,Оба пола,110-114,
2015,Број,Оба пола,115-120,
2015,Број,Оба пола,Unknown,
2015,Број,Оба пола,Total,
2015,Број,Оба пола,0-14,
2015,Број,Оба пола,15-29,
2015,Број,Оба пола,15-49,
2015,Број,Оба пола,15-64,
2015,Број,Оба пола,65+,
2015,Број,Оба пола,75+,
2015,Број,Оба пола,85+,
2015,Број,Оба пола,100+,
2015,Број,M,0-4,
2015,Број,M,5-9,
2015,Број,M,10-14,
2015,Број,M,15-19,
2015,Број,M,20-24,
2015,Број,M,25-29,
2015,Број,M,30-34,
2015,Број,M,35-39,
2015,Број,M,40-44,
2015,Број,M,45-49,
2015,Број,M,50-54,
2015,Број,M,55-59,
2015,Број,M,60-64,
2015,Број,M,65-69,
2015,Број,M,70-74,
2015,Број,M,75-79,
2015,Број,M,80-84,
2015,Број,M,85-89,
2015,Број,M,90-94,
2015,Број,M,95-99,
2015,Број,M,100-104,
2015,Број,M,105-109,
2015,Број,M,110-114,
2015,Број,M,115-120,
2015,Број,M,Unknown,
2015,Број,M,Total,
2015,Број,M,0-14,
2015,Број,M,15-29,
2015,Број,M,15-49,
2015,Број,M,15-64,
2015,Број,M,65+,
2015,Број,M,75+,
2015,Број,M,85+,
2015,Број,M,100+,
2015,Број,Ж,0-4,
2015,Број,Ж,5-9,
2015,Број,Ж,10-14,
2015,Број,Ж,15-19,
2015,Број,Ж,20-24,
2015,Број,Ж,25-29,
2015,Број,Ж,30-34,
2015,Број,Ж,35-39,
2015,Број,Ж,40-44,
2015,Број,Ж,45-49,
2015,Број,Ж,50-54,
2015,Број,Ж,55-59,
2015,Број,Ж,60-64,
2015,Број,Ж,65-69,
2015,Број,Ж,70-74,
2015,Број,Ж,75-79,
2015,Број,Ж,80-84,
2015,Број,Ж,85-89,
2015,Број,Ж,90-94,
2015,Број,Ж,95-99,
2015,Број,Ж,100-104,
2015,Број,Ж,105-109,
2015,Број,Ж,110-114,
2015,Број,Ж,115-120,
2015,Број,Ж,Unknown,
2015,Број,Ж,Total,
2015,Број,Ж,0-14,
2015,Број,Ж,15-29,
2015,Број,Ж,15-49,
2015,Број,Ж,15-64,
2015,Број,Ж,65+,
2015,Број,Ж,75+,
2015,Број,Ж,85+,
2015,Број,Ж,100+,
2016,Број,Оба пола,0-4,
2016,Број,Оба пола,5-9,
2016,Број,Оба пола,10-14,
2016,Број,Оба пола,15-19,
2016,Број,Оба пола,20-24,
2016,Број,Оба пола,25-29,
2016,Број,Оба пола,30-34,
2016,Број,Оба пола,35-39,
2016,Број,Оба пола,40-44,
2016,Број,Оба пола,45-49,
2016,Број,Оба пола,50-54,
2016,Број,Оба пола,55-59,
2016,Број,Оба пола,60-64,
2016,Број,Оба пола,65-69,
2016,Број,Оба пола,70-74,
2016,Број,Оба пола,75-79,
2016,Број,Оба пола,80-84,
2016,Број,Оба пола,85-89,
2016,Број,Оба пола,90-94,
2016,Број,Оба пола,95-99,
2016,Број,Оба пола,100-104,
2016,Број,Оба пола,105-109,
2016,Број,Оба пола,110-114,
2016,Број,Оба пола,115-120,
2016,Број,Оба пола,Unknown,
2016,Број,Оба пола,Total,
2016,Број,Оба пола,0-14,
2016,Број,Оба пола,15-29,
2016,Број,Оба пола,15-49,
2016,Број,Оба пола,15-64,
2016,Број,Оба пола,65+,
2016,Број,Оба пола,75+,
2016,Број,Оба пола,85+,
2016,Број,Оба пола,100+,
2016,Број,M,0-4,
2016,Број,M,5-9,
2016,Број,M,10-14,
2016,Број,M,15-19,
2016,Број,M,20-24,
2016,Број,M,25-29,
2016,Број,M,30-34,
2016,Број,M,35-39,
2016,Број,M,40-44,
2016,Број,M,45-49,
2016,Број,M,50-54,
2016,Број,M,55-59,
2016,Број,M,60-64,
2016,Број,M,65-69,
2016,Број,M,70-74,
2016,Број,M,75-79,
2016,Број,M,80-84,
2016,Број,M,85-89,
2016,Број,M,90-94,
2016,Број,M,95-99,
2016,Број,M,100-104,
2016,Број,M,105-109,
2016,Број,M,110-114,
2016,Број,M,115-120,
2016,Број,M,Unknown,
2016,Број,M,Total,
2016,Број,M,0-14,
2016,Број,M,15-29,
2016,Број,M,15-49,
2016,Број,M,15-64,
2016,Број,M,65+,
2016,Број,M,75+,
2016,Број,M,85+,
2016,Број,M,100+,
2016,Број,Ж,0-4,
2016,Број,Ж,5-9,
2016,Број,Ж,10-14,
2016,Број,Ж,15-19,
2016,Број,Ж,20-24,
2016,Број,Ж,25-29,
2016,Број,Ж,30-34,
2016,Број,Ж,35-39,
2016,Број,Ж,40-44,
2016,Број,Ж,45-49,
2016,Број,Ж,50-54,
2016,Број,Ж,55-59,
2016,Број,Ж,60-64,
2016,Број,Ж,65-69,
2016,Број,Ж,70-74,
2016,Број,Ж,75-79,
2016,Број,Ж,80-84,
2016,Број,Ж,85-89,
2016,Број,Ж,90-94,
2016,Број,Ж,95-99,
2016,Број,Ж,100-104,
2016,Број,Ж,105-109,
2016,Број,Ж,110-114,
2016,Број,Ж,115-120,
2016,Број,Ж,Unknown,
2016,Број,Ж,Total,
2016,Број,Ж,0-14,
2016,Број,Ж,15-29,
2016,Број,Ж,15-49,
2016,Број,Ж,15-64,
2016,Број,Ж,65+,
2016,Број,Ж,75+,
2016,Број,Ж,85+,
2016,Број,Ж,100+,
2017,Број,Оба пола,0-4,
2017,Број,Оба пола,5-9,
2017,Број,Оба пола,10-14,
2017,Број,Оба пола,15-19,
2017,Број,Оба пола,20-24,
2017,Број,Оба пола,25-29,
2017,Број,Оба пола,30-34,
2017,Број,Оба пола,35-39,
2017,Број,Оба пола,40-44,
2017,Број,Оба пола,45-49,
2017,Број,Оба пола,50-54,
2017,Број,Оба пола,55-59,
2017,Број,Оба пола,60-64,
2017,Број,Оба пола,65-69,
2017,Број,Оба пола,70-74,
2017,Број,Оба пола,75-79,
2017,Број,Оба пола,80-84,
2017,Број,Оба пола,85-89,
2017,Број,Оба пола,90-94,
2017,Број,Оба пола,95-99,
2017,Број,Оба пола,100-104,
2017,Број,Оба пола,105-109,
2017,Број,Оба пола,110-114,
2017,Број,Оба пола,115-120,
2017,Број,Оба пола,Unknown,
2017,Број,Оба пола,Total,
2017,Број,Оба пола,0-14,
2017,Број,Оба пола,15-29,
2017,Број,Оба пола,15-49,
2017,Број,Оба пола,15-64,
2017,Број,Оба пола,65+,
2017,Број,Оба пола,75+,
2017,Број,Оба пола,85+,
2017,Број,Оба пола,100+,
2017,Број,M,0-4,
2017,Број,M,5-9,
2017,Број,M,10-14,
2017,Број,M,15-19,
2017,Број,M,20-24,
2017,Број,M,25-29,
2017,Број,M,30-34,
2017,Број,M,35-39,
2017,Број,M,40-44,
2017,Број,M,45-49,
2017,Број,M,50-54,
2017,Број,M,55-59,
2017,Број,M,60-64,
2017,Број,M,65-69,
2017,Број,M,70-74,
2017,Број,M,75-79,
2017,Број,M,80-84,
2017,Број,M,85-89,
2017,Број,M,90-94,
2017,Број,M,95-99,
2017,Број,M,100-104,
2017,Број,M,105-109,
2017,Број,M,110-114,
2017,Број,M,115-120,
2017,Број,M,Unknown,
2017,Број,M,Total,
2017,Број,M,0-14,
2017,Број,M,15-29,
2017,Број,M,15-49,
2017,Број,M,15-64,
2017,Број,M,65+,
2017,Број,M,75+,
2017,Број,M,85+,
2017,Број,M,100+,
2017,Број,Ж,0-4,
2017,Број,Ж,5-9,
2017,Број,Ж,10-14,
2017,Број,Ж,15-19,
2017,Број,Ж,20-24,
2017,Број,Ж,25-29,
2017,Број,Ж,30-34,
2017,Број,Ж,35-39,
2017,Број,Ж,40-44,
2017,Број,Ж,45-49,
2017,Број,Ж,50-54,
2017,Број,Ж,55-59,
2017,Број,Ж,60-64,
2017,Број,Ж,65-69,
2017,Број,Ж,70-74,
2017,Број,Ж,75-79,
2017,Број,Ж,80-84,
2017,Број,Ж,85-89,
2017,Број,Ж,90-94,
2017,Број,Ж,95-99,
2017,Број,Ж,100-104,
2017,Број,Ж,105-109,
2017,Број,Ж,110-114,
2017,Број,Ж,115-120,
2017,Број,Ж,Unknown,
2017,Број,Ж,Total,
2017,Број,Ж,0-14,
2017,Број,Ж,15-29,
2017,Број,Ж,15-49,
2017,Број,Ж,15-64,
2017,Број,Ж,65+,
2017,Број,Ж,75+,
2017,Број,Ж,85+,
2017,Број,Ж,100+,
2018,Број,Оба пола,0-4,
2018,Број,Оба пола,5-9,
2018,Број,Оба пола,10-14,
2018,Број,Оба пола,15-19,
2018,Број,Оба пола,20-24,
2018,Број,Оба пола,25-29,
2018,Број,Оба пола,30-34,
2018,Број,Оба пола,35-39,
2018,Број,Оба пола,40-44,
2018,Број,Оба пола,45-49,
2018,Број,Оба пола,50-54,
2018,Број,Оба пола,55-59,
2018,Број,Оба пола,60-64,
2018,Број,Оба пола,65-69,
2018,Број,Оба пола,70-74,
2018,Број,Оба пола,75-79,
2018,Број,Оба пола,80-84,
2018,Број,Оба пола,85-89,
2018,Број,Оба пола,90-94,
2018,Број,Оба пола,95-99,
2018,Број,Оба пола,100-104,
2018,Број,Оба пола,105-109,
2018,Број,Оба пола,110-114,
2018,Број,Оба пола,115-120,
2018,Број,Оба пола,Unknown,
2018,Број,Оба пола,Total,
2018,Број,Оба пола,0-14,
2018,Број,Оба пола,15-29,
2018,Број,Оба пола,15-49,
2018,Број,Оба пола,15-64,
2018,Број,Оба пола,65+,
2018,Број,Оба пола,75+,
2018,Број,Оба пола,85+,
2018,Број,Оба пола,100+,
2018,Број,M,0-4,
2018,Број,M,5-9,
2018,Број,M,10-14,
2018,Број,M,15-19,
2018,Број,M,20-24,
2018,Број,M,25-29,
2018,Број,M,30-34,
2018,Број,M,35-39,
2018,Број,M,40-44,
2018,Број,M,45-49,
2018,Број,M,50-54,
2018,Број,M,55-59,
2018,Број,M,60-64,
2018,Број,M,65-69,
2018,Број,M,70-74,
2018,Број,M,75-79,
2018,Број,M,80-84,
2018,Број,M,85-89,
2018,Број,M,90-94,
2018,Број,M,95-99,
2018,Број,M,100-104,
2018,Број,M,105-109,
2018,Број,M,110-114,
2018,Број,M,115-120,
2018,Број,M,Unknown,
2018,Број,M,Total,
2018,Број,M,0-14,
2018,Број,M,15-29,
2018,Број,M,15-49,
2018,Број,M,15-64,
2018,Број,M,65+,
2018,Број,M,75+,
2018,Број,M,85+,
2018,Број,M,100+,
2018,Број,Ж,0-4,
2018,Број,Ж,5-9,
2018,Број,Ж,10-14,
2018,Број,Ж,15-19,
2018,Број,Ж,20-24,
2018,Број,Ж,25-29,
2018,Број,Ж,30-34,
2018,Број,Ж,35-39,
2018,Број,Ж,40-44,
2018,Број,Ж,45-49,
2018,Број,Ж,50-54,
2018,Број,Ж,55-59,
2018,Број,Ж,60-64,
2018,Број,Ж,65-69,
2018,Број,Ж,70-74,
2018,Број,Ж,75-79,
2018,Број,Ж,80-84,
2018,Број,Ж,85-89,
2018,Број,Ж,90-94,
2018,Број,Ж,95-99,
2018,Број,Ж,100-104,
2018,Број,Ж,105-109,
2018,Број,Ж,110-114,
2018,Број,Ж,115-120,
2018,Број,Ж,Unknown,
2018,Број,Ж,Total,
2018,Број,Ж,0-14,
2018,Број,Ж,15-29,
2018,Број,Ж,15-49,
2018,Број,Ж,15-64,
2018,Број,Ж,65+,
2018,Број,Ж,75+,
2018,Број,Ж,85+,
2018,Број,Ж,100+,
2019,Број,Оба пола,0-4,
2019,Број,Оба пола,5-9,
2019,Број,Оба пола,10-14,
2019,Број,Оба пола,15-19,
2019,Број,Оба пола,20-24,
2019,Број,Оба пола,25-29,
2019,Број,Оба пола,30-34,
2019,Број,Оба пола,35-39,
2019,Број,Оба пола,40-44,
2019,Број,Оба пола,45-49,
2019,Број,Оба пола,50-54,
2019,Број,Оба пола,55-59,
2019,Број,Оба пола,60-64,
2019,Број,Оба пола,65-69,
2019,Број,Оба пола,70-74,
2019,Број,Оба пола,75-79,
2019,Број,Оба пола,80-84,
2019,Број,Оба пола,85-89,
2019,Број,Оба пола,90-94,
2019,Број,Оба пола,95-99,
2019,Број,Оба пола,100-104,
2019,Број,Оба пола,105-109,
2019,Број,Оба пола,110-114,
2019,Број,Оба пола,115-120,
2019,Број,Оба пола,Unknown,
2019,Број,Оба пола,Total,
2019,Број,Оба пола,0-14,
2019,Број,Оба пола,15-29,
2019,Број,Оба пола,15-49,
2019,Број,Оба пола,15-64,
2019,Број,Оба пола,65+,
2019,Број,Оба пола,75+,
2019,Број,Оба пола,85+,
2019,Број,Оба пола,100+,
2019,Број,M,0-4,
2019,Број,M,5-9,
2019,Број,M,10-14,
2019,Број,M,15-19,
2019,Број,M,20-24,
2019,Број,M,25-29,
2019,Број,M,30-34,
2019,Број,M,35-39,
2019,Број,M,40-44,
2019,Број,M,45-49,
2019,Број,M,50-54,
2019,Број,M,55-59,
2019,Број,M,60-64,
2019,Број,M,65-69,
2019,Број,M,70-74,
2019,Број,M,75-79,
2019,Број,M,80-84,
2019,Број,M,85-89,
2019,Број,M,90-94,
2019,Број,M,95-99,
2019,Број,M,100-104,
2019,Број,M,105-109,
2019,Број,M,110-114,
2019,Број,M,115-120,
2019,Број,M,Unknown,
2019,Број,M,Total,
2019,Број,M,0-14,
2019,Број,M,15-29,
2019,Број,M,15-49,
2019,Број,M,15-64,
2019,Број,M,65+,
2019,Број,M,75+,
2019,Број,M,85+,
2019,Број,M,100+,
2019,Број,Ж,0-4,
2019,Број,Ж,5-9,
2019,Број,Ж,10-14,
2019,Број,Ж,15-19,
2019,Број,Ж,20-24,
2019,Број,Ж,25-29,
2019,Број,Ж,30-34,
2019,Број,Ж,35-39,
2019,Број,Ж,40-44,
2019,Број,Ж,45-49,
2019,Број,Ж,50-54,
2019,Број,Ж,55-59,
2019,Број,Ж,60-64,
2019,Број,Ж,65-69,
2019,Број,Ж,70-74,
2019,Број,Ж,75-79,
2019,Број,Ж,80-84,
2019,Број,Ж,85-89,
2019,Број,Ж,90-94,
2019,Број,Ж,95-99,
2019,Број,Ж,100-104,
2019,Број,Ж,105-109,
2019,Број,Ж,110-114,
2019,Број,Ж,115-120,
2019,Број,Ж,Unknown,
2019,Број,Ж,Total,
2019,Број,Ж,0-14,
2019,Број,Ж,15-29,
2019,Број,Ж,15-49,
2019,Број,Ж,15-64,
2019,Број,Ж,65+,
2019,Број,Ж,75+,
2019,Број,Ж,85+,
2019,Број,Ж,100+,
2020,Број,Оба пола,0-4,
2020,Број,Оба пола,5-9,
2020,Број,Оба пола,10-14,
2020,Број,Оба пола,15-19,
2020,Број,Оба пола,20-24,
2020,Број,Оба пола,25-29,
2020,Број,Оба пола,30-34,
2020,Број,Оба пола,35-39,
2020,Број,Оба пола,40-44,
2020,Број,Оба пола,45-49,
2020,Број,Оба пола,50-54,
2020,Број,Оба пола,55-59,
2020,Број,Оба пола,60-64,
2020,Број,Оба пола,65-69,
2020,Број,Оба пола,70-74,
2020,Број,Оба пола,75-79,
2020,Број,Оба пола,80-84,
2020,Број,Оба пола,85-89,
2020,Број,Оба пола,90-94,
2020,Број,Оба пола,95-99,
2020,Број,Оба пола,100-104,
2020,Број,Оба пола,105-109,
2020,Број,Оба пола,110-114,
2020,Број,Оба пола,115-120,
2020,Број,Оба пола,Unknown,
2020,Број,Оба пола,Total,
2020,Број,Оба пола,0-14,
2020,Број,Оба пола,15-29,
2020,Број,Оба пола,15-49,
2020,Број,Оба пола,15-64,
2020,Број,Оба пола,65+,
2020,Број,Оба пола,75+,
2020,Број,Оба пола,85+,
2020,Број,Оба пола,100+,
2020,Број,M,0-4,
2020,Број,M,5-9,
2020,Број,M,10-14,
2020,Број,M,15-19,
2020,Број,M,20-24,
2020,Број,M,25-29,
2020,Број,M,30-34,
2020,Број,M,35-39,
2020,Број,M,40-44,
2020,Број,M,45-49,
2020,Број,M,50-54,
2020,Број,M,55-59,
2020,Број,M,60-64,
2020,Број,M,65-69,
2020,Број,M,70-74,
2020,Број,M,75-79,
2020,Број,M,80-84,
2020,Број,M,85-89,
2020,Број,M,90-94,
2020,Број,M,95-99,
2020,Број,M,100-104,
2020,Број,M,105-109,
2020,Број,M,110-114,
2020,Број,M,115-120,
2020,Број,M,Unknown,
2020,Број,M,Total,
2020,Број,M,0-14,
2020,Број,M,15-29,
2020,Број,M,15-49,
2020,Број,M,15-64,
2020,Број,M,65+,
2020,Број,M,75+,
2020,Број,M,85+,
2020,Број,M,100+,
2020,Број,Ж,0-4,
2020,Број,Ж,5-9,
2020,Број,Ж,10-14,
2020,Број,Ж,15-19,
2020,Број,Ж,20-24,
2020,Број,Ж,25-29,
2020,Број,Ж,30-34,
2020,Број,Ж,35-39,
2020,Број,Ж,40-44,
2020,Број,Ж,45-49,
2020,Број,Ж,50-54,
2020,Број,Ж,55-59,
2020,Број,Ж,60-64,
2020,Број,Ж,65-69,
2020,Број,Ж,70-74,
2020,Број,Ж,75-79,
2020,Број,Ж,80-84,
2020,Број,Ж,85-89,
2020,Број,Ж,90-94,
2020,Број,Ж,95-99,
2020,Број,Ж,100-104,
2020,Број,Ж,105-109,
2020,Број,Ж,110-114,
2020,Број,Ж,115-120,
2020,Број,Ж,Unknown,
2020,Број,Ж,Total,
2020,Број,Ж,0-14,
2020,Број,Ж,15-29,
2020,Број,Ж,15-49,
2020,Број,Ж,15-64,
2020,Број,Ж,65+,
2020,Број,Ж,75+,
2020,Број,Ж,85+,
2020,Број,Ж,100+,
