Year,UNIT_MEASURE,Старосна доб,Пол,Value
2013,Број,Ukupno,Оба пола,1171179
2013,Број,0,Оба пола,10035
2013,Број,1,Оба пола,10460
2013,Број,2,Оба пола,10707
2013,Број,3,Оба пола,11154
2013,Број,4,Оба пола,11207
2013,Број,5,Оба пола,10904
2013,Број,6,Оба пола,10712
2013,Број,7,Оба пола,10729
2013,Број,8,Оба пола,10825
2013,Број,9,Оба пола,10872
2013,Број,10,Оба пола,10950
2013,Број,11,Оба пола,11305
2013,Број,12,Оба пола,11677
2013,Број,13,Оба пола,11767
2013,Број,14,Оба пола,12325
2013,Број,15,Оба пола,13695
2013,Број,16,Оба пола,14433
2013,Број,17,Оба пола,14549
2013,Број,18,Оба пола,14443
2013,Број,19,Оба пола,12849
2013,Број,20,Оба пола,11748
2013,Број,21,Оба пола,12894
2013,Број,22,Оба пола,13784
2013,Број,23,Оба пола,13816
2013,Број,24,Оба пола,14399
2013,Број,25,Оба пола,14874
2013,Број,26,Оба пола,15022
2013,Број,27,Оба пола,15316
2013,Број,28,Оба пола,15736
2013,Број,29,Оба пола,16122
2013,Број,30,Оба пола,16245
2013,Број,31,Оба пола,16150
2013,Број,32,Оба пола,16154
2013,Број,33,Оба пола,16059
2013,Број,34,Оба пола,15952
2013,Број,35,Оба пола,16067
2013,Број,36,Оба пола,16490
2013,Број,37,Оба пола,16505
2013,Број,38,Оба пола,15883
2013,Број,39,Оба пола,15576
2013,Број,40,Оба пола,15687
2013,Број,41,Оба пола,15580
2013,Број,42,Оба пола,14799
2013,Број,43,Оба пола,14656
2013,Број,44,Оба пола,15244
2013,Број,45,Оба пола,15787
2013,Број,46,Оба пола,16438
2013,Број,47,Оба пола,17122
2013,Број,48,Оба пола,17121
2013,Број,49,Оба пола,17051
2013,Број,50,Оба пола,17800
2013,Број,51,Оба пола,18263
2013,Број,52,Оба пола,18454
2013,Број,53,Оба пола,18646
2013,Број,54,Оба пола,18845
2013,Број,55,Оба пола,18214
2013,Број,56,Оба пола,18247
2013,Број,57,Оба пола,18979
2013,Број,58,Оба пола,19517
2013,Број,59,Оба пола,19455
2013,Број,60,Оба пола,19218
2013,Број,61,Оба пола,17671
2013,Број,62,Оба пола,16334
2013,Број,63,Оба пола,16819
2013,Број,64,Оба пола,15731
2013,Број,65,Оба пола,14644
2013,Број,66,Оба пола,13862
2013,Број,67,Оба пола,11451
2013,Број,68,Оба пола,9678
2013,Број,69,Оба пола,9674
2013,Број,70,Оба пола,9865
2013,Број,71,Оба пола,10664
2013,Број,72,Оба пола,11907
2013,Број,73,Оба пола,12099
2013,Број,74,Оба пола,11550
2013,Број,75,Оба пола,11114
2013,Број,76,Оба пола,10488
2013,Број,77,Оба пола,9532
2013,Број,78,Оба пола,8577
2013,Број,79,Оба пола,7666
2013,Број,80,Оба пола,6723
2013,Број,81,Оба пола,5590
2013,Број,82,Оба пола,4991
2013,Број,83,Оба пола,4376
2013,Број,84,Оба пола,3690
2013,Број,85,Оба пола,2964
2013,Број,86,Оба пола,2133
2013,Број,87,Оба пола,1651
2013,Број,88,Оба пола,1215
2013,Број,89,Оба пола,906
2013,Број,90 +,Оба пола,2101
2013,Број,Ukupno,M,572298
2013,Број,0,M,5127
2013,Број,1,M,5347
2013,Број,2,M,5471
2013,Број,3,M,5746
2013,Број,4,M,5808
2013,Број,5,M,5578
2013,Број,6,M,5440
2013,Број,7,M,5475
2013,Број,8,M,5591
2013,Број,9,M,5597
2013,Број,10,M,5627
2013,Број,11,M,5859
2013,Број,12,M,6005
2013,Број,13,M,6009
2013,Број,14,M,6326
2013,Број,15,M,7059
2013,Број,16,M,7432
2013,Број,17,M,7426
2013,Број,18,M,7432
2013,Број,19,M,6732
2013,Број,20,M,6197
2013,Број,21,M,6738
2013,Број,22,M,7149
2013,Број,23,M,7113
2013,Број,24,M,7396
2013,Број,25,M,7599
2013,Број,26,M,7570
2013,Број,27,M,7778
2013,Број,28,M,8092
2013,Број,29,M,8259
2013,Број,30,M,8261
2013,Број,31,M,8173
2013,Број,32,M,8182
2013,Број,33,M,8126
2013,Број,34,M,8135
2013,Број,35,M,8211
2013,Број,36,M,8425
2013,Број,37,M,8451
2013,Број,38,M,8156
2013,Број,39,M,8010
2013,Број,40,M,8064
2013,Број,41,M,7992
2013,Број,42,M,7520
2013,Број,43,M,7500
2013,Број,44,M,7739
2013,Број,45,M,7938
2013,Број,46,M,8276
2013,Број,47,M,8582
2013,Број,48,M,8536
2013,Број,49,M,8423
2013,Број,50,M,8766
2013,Број,51,M,9009
2013,Број,52,M,9096
2013,Број,53,M,9138
2013,Број,54,M,9152
2013,Број,55,M,8816
2013,Број,56,M,8825
2013,Број,57,M,9211
2013,Број,58,M,9477
2013,Број,59,M,9421
2013,Број,60,M,9222
2013,Број,61,M,8446
2013,Број,62,M,7770
2013,Број,63,M,7930
2013,Број,64,M,7355
2013,Број,65,M,6723
2013,Број,66,M,6360
2013,Број,67,M,5187
2013,Број,68,M,4335
2013,Број,69,M,4235
2013,Број,70,M,4261
2013,Број,71,M,4639
2013,Број,72,M,5129
2013,Број,73,M,5138
2013,Број,74,M,4872
2013,Број,75,M,4611
2013,Број,76,M,4275
2013,Број,77,M,3783
2013,Број,78,M,3338
2013,Број,79,M,2933
2013,Број,80,M,2553
2013,Број,81,M,2110
2013,Број,82,M,1868
2013,Број,83,M,1633
2013,Број,84,M,1409
2013,Број,85,M,1096
2013,Број,86,M,694
2013,Број,87,M,527
2013,Број,88,M,383
2013,Број,89,M,277
2013,Број,90 +,M,617
2013,Број,Ukupno,Ж,598881
2013,Број,0,Ж,4908
2013,Број,1,Ж,5113
2013,Број,2,Ж,5236
2013,Број,3,Ж,5408
2013,Број,4,Ж,5399
2013,Број,5,Ж,5326
2013,Број,6,Ж,5272
2013,Број,7,Ж,5254
2013,Број,8,Ж,5234
2013,Број,9,Ж,5275
2013,Број,10,Ж,5323
2013,Број,11,Ж,5446
2013,Број,12,Ж,5672
2013,Број,13,Ж,5758
2013,Број,14,Ж,5999
2013,Број,15,Ж,6636
2013,Број,16,Ж,7001
2013,Број,17,Ж,7123
2013,Број,18,Ж,7011
2013,Број,19,Ж,6117
2013,Број,20,Ж,5551
2013,Број,21,Ж,6156
2013,Број,22,Ж,6635
2013,Број,23,Ж,6703
2013,Број,24,Ж,7003
2013,Број,25,Ж,7275
2013,Број,26,Ж,7452
2013,Број,27,Ж,7538
2013,Број,28,Ж,7644
2013,Број,29,Ж,7863
2013,Број,30,Ж,7984
2013,Број,31,Ж,7977
2013,Број,32,Ж,7972
2013,Број,33,Ж,7933
2013,Број,34,Ж,7817
2013,Број,35,Ж,7856
2013,Број,36,Ж,8065
2013,Број,37,Ж,8054
2013,Број,38,Ж,7727
2013,Број,39,Ж,7566
2013,Број,40,Ж,7623
2013,Број,41,Ж,7588
2013,Број,42,Ж,7279
2013,Број,43,Ж,7156
2013,Број,44,Ж,7505
2013,Број,45,Ж,7849
2013,Број,46,Ж,8162
2013,Број,47,Ж,8540
2013,Број,48,Ж,8585
2013,Број,49,Ж,8628
2013,Број,50,Ж,9034
2013,Број,51,Ж,9254
2013,Број,52,Ж,9358
2013,Број,53,Ж,9508
2013,Број,54,Ж,9693
2013,Број,55,Ж,9398
2013,Број,56,Ж,9422
2013,Број,57,Ж,9768
2013,Број,58,Ж,10040
2013,Број,59,Ж,10034
2013,Број,60,Ж,9996
2013,Број,61,Ж,9225
2013,Број,62,Ж,8564
2013,Број,63,Ж,8889
2013,Број,64,Ж,8376
2013,Број,65,Ж,7921
2013,Број,66,Ж,7502
2013,Број,67,Ж,6264
2013,Број,68,Ж,5343
2013,Број,69,Ж,5439
2013,Број,70,Ж,5604
2013,Број,71,Ж,6025
2013,Број,72,Ж,6778
2013,Број,73,Ж,6961
2013,Број,74,Ж,6678
2013,Број,75,Ж,6503
2013,Број,76,Ж,6213
2013,Број,77,Ж,5749
2013,Број,78,Ж,5239
2013,Број,79,Ж,4733
2013,Број,80,Ж,4170
2013,Број,81,Ж,3480
2013,Број,82,Ж,3123
2013,Број,83,Ж,2743
2013,Број,84,Ж,2281
2013,Број,85,Ж,1868
2013,Број,86,Ж,1439
2013,Број,87,Ж,1124
2013,Број,88,Ж,832
2013,Број,89,Ж,629
2013,Број,90 +,Ж,1484
2014,Број,Ukupno,Оба пола,1167082
2014,Број,0,Оба пола,9475
2014,Број,1,Оба пола,10043
2014,Број,2,Оба пола,10468
2014,Број,3,Оба пола,10700
2014,Број,4,Оба пола,11160
2014,Број,5,Оба пола,11209
2014,Број,6,Оба пола,10928
2014,Број,7,Оба пола,10722
2014,Број,8,Оба пола,10734
2014,Број,9,Оба пола,10824
2014,Број,10,Оба пола,10881
2014,Број,11,Оба пола,10955
2014,Број,12,Оба пола,11307
2014,Број,13,Оба пола,11679
2014,Број,14,Оба пола,11779
2014,Број,15,Оба пола,12325
2014,Број,16,Оба пола,13691
2014,Број,17,Оба пола,14443
2014,Број,18,Оба пола,14535
2014,Број,19,Оба пола,14438
2014,Број,20,Оба пола,12851
2014,Број,21,Оба пола,11738
2014,Број,22,Оба пола,12885
2014,Број,23,Оба пола,13776
2014,Број,24,Оба пола,13788
2014,Број,25,Оба пола,14388
2014,Број,26,Оба пола,14859
2014,Број,27,Оба пола,15012
2014,Број,28,Оба пола,15307
2014,Број,29,Оба пола,15730
2014,Број,30,Оба пола,16122
2014,Број,31,Оба пола,16231
2014,Број,32,Оба пола,16154
2014,Број,33,Оба пола,16155
2014,Број,34,Оба пола,16060
2014,Број,35,Оба пола,15958
2014,Број,36,Оба пола,16056
2014,Број,37,Оба пола,16474
2014,Број,38,Оба пола,16500
2014,Број,39,Оба пола,15864
2014,Број,40,Оба пола,15560
2014,Број,41,Оба пола,15677
2014,Број,42,Оба пола,15559
2014,Број,43,Оба пола,14777
2014,Број,44,Оба пола,14643
2014,Број,45,Оба пола,15227
2014,Број,46,Оба пола,15746
2014,Број,47,Оба пола,16401
2014,Број,48,Оба пола,17064
2014,Број,49,Оба пола,17077
2014,Број,50,Оба пола,16985
2014,Број,51,Оба пола,17725
2014,Број,52,Оба пола,18172
2014,Број,53,Оба пола,18356
2014,Број,54,Оба пола,18543
2014,Број,55,Оба пола,18759
2014,Број,56,Оба пола,18096
2014,Број,57,Оба пола,18085
2014,Број,58,Оба пола,18829
2014,Број,59,Оба пола,19354
2014,Број,60,Оба пола,19267
2014,Број,61,Оба пола,19012
2014,Број,62,Оба пола,17467
2014,Број,63,Оба пола,16135
2014,Број,64,Оба пола,16601
2014,Број,65,Оба пола,15478
2014,Број,66,Оба пола,14402
2014,Број,67,Оба пола,13632
2014,Број,68,Оба пола,11236
2014,Број,69,Оба пола,9434
2014,Број,70,Оба пола,9427
2014,Број,71,Оба пола,9608
2014,Број,72,Оба пола,10342
2014,Број,73,Оба пола,11488
2014,Број,74,Оба пола,11617
2014,Број,75,Оба пола,11033
2014,Број,76,Оба пола,10576
2014,Број,77,Оба пола,9940
2014,Број,78,Оба пола,8933
2014,Број,79,Оба пола,7983
2014,Број,80,Оба пола,7063
2014,Број,81,Оба пола,6128
2014,Број,82,Оба пола,5045
2014,Број,83,Оба пола,4428
2014,Број,84,Оба пола,3833
2014,Број,85,Оба пола,3189
2014,Број,86,Оба пола,2526
2014,Број,87,Оба пола,1804
2014,Број,88,Оба пола,1341
2014,Број,89,Оба пола,975
2014,Број,90 +,Оба пола,2300
2014,Број,Ukupno,M,570176
2014,Број,0,M,4901
2014,Број,1,M,5132
2014,Број,2,M,5344
2014,Број,3,M,5469
2014,Број,4,M,5744
2014,Број,5,M,5813
2014,Број,6,M,5589
2014,Број,7,M,5447
2014,Број,8,M,5474
2014,Број,9,M,5588
2014,Број,10,M,5610
2014,Број,11,M,5630
2014,Број,12,M,5861
2014,Број,13,M,6011
2014,Број,14,M,6013
2014,Број,15,M,6326
2014,Број,16,M,7057
2014,Број,17,M,7435
2014,Број,18,M,7420
2014,Број,19,M,7426
2014,Број,20,M,6726
2014,Број,21,M,6193
2014,Број,22,M,6735
2014,Број,23,M,7136
2014,Број,24,M,7105
2014,Број,25,M,7384
2014,Број,26,M,7592
2014,Број,27,M,7556
2014,Број,28,M,7777
2014,Број,29,M,8086
2014,Број,30,M,8260
2014,Број,31,M,8252
2014,Број,32,M,8175
2014,Број,33,M,8188
2014,Број,34,M,8119
2014,Број,35,M,8138
2014,Број,36,M,8202
2014,Број,37,M,8405
2014,Број,38,M,8447
2014,Број,39,M,8149
2014,Број,40,M,8001
2014,Број,41,M,8053
2014,Број,42,M,7970
2014,Број,43,M,7508
2014,Број,44,M,7486
2014,Број,45,M,7723
2014,Број,46,M,7916
2014,Број,47,M,8249
2014,Број,48,M,8537
2014,Број,49,M,8506
2014,Број,50,M,8385
2014,Број,51,M,8714
2014,Број,52,M,8947
2014,Број,53,M,9030
2014,Број,54,M,9065
2014,Број,55,M,9088
2014,Број,56,M,8723
2014,Број,57,M,8711
2014,Број,58,M,9096
2014,Број,59,M,9368
2014,Број,60,M,9293
2014,Број,61,M,9070
2014,Број,62,M,8313
2014,Број,63,M,7610
2014,Број,64,M,7776
2014,Број,65,M,7170
2014,Број,66,M,6567
2014,Број,67,M,6201
2014,Број,68,M,5051
2014,Број,69,M,4191
2014,Број,70,M,4078
2014,Број,71,M,4106
2014,Број,72,M,4456
2014,Број,73,M,4896
2014,Број,74,M,4890
2014,Број,75,M,4602
2014,Број,76,M,4348
2014,Број,77,M,4005
2014,Број,78,M,3503
2014,Број,79,M,3061
2014,Број,80,M,2690
2014,Број,81,M,2285
2014,Број,82,M,1878
2014,Број,83,M,1632
2014,Број,84,M,1409
2014,Број,85,M,1202
2014,Број,86,M,924
2014,Број,87,M,586
2014,Број,88,M,427
2014,Број,89,M,291
2014,Број,90 +,M,674
2014,Број,Ukupno,Ж,596906
2014,Број,0,Ж,4574
2014,Број,1,Ж,4911
2014,Број,2,Ж,5124
2014,Број,3,Ж,5231
2014,Број,4,Ж,5416
2014,Број,5,Ж,5396
2014,Број,6,Ж,5339
2014,Број,7,Ж,5275
2014,Број,8,Ж,5260
2014,Број,9,Ж,5236
2014,Број,10,Ж,5271
2014,Број,11,Ж,5325
2014,Број,12,Ж,5446
2014,Број,13,Ж,5668
2014,Број,14,Ж,5766
2014,Број,15,Ж,5999
2014,Број,16,Ж,6634
2014,Број,17,Ж,7008
2014,Број,18,Ж,7115
2014,Број,19,Ж,7012
2014,Број,20,Ж,6125
2014,Број,21,Ж,5545
2014,Број,22,Ж,6150
2014,Број,23,Ж,6640
2014,Број,24,Ж,6683
2014,Број,25,Ж,7004
2014,Број,26,Ж,7267
2014,Број,27,Ж,7456
2014,Број,28,Ж,7530
2014,Број,29,Ж,7644
2014,Број,30,Ж,7862
2014,Број,31,Ж,7979
2014,Број,32,Ж,7979
2014,Број,33,Ж,7967
2014,Број,34,Ж,7941
2014,Број,35,Ж,7820
2014,Број,36,Ж,7854
2014,Број,37,Ж,8069
2014,Број,38,Ж,8053
2014,Број,39,Ж,7715
2014,Број,40,Ж,7559
2014,Број,41,Ж,7624
2014,Број,42,Ж,7589
2014,Број,43,Ж,7269
2014,Број,44,Ж,7157
2014,Број,45,Ж,7504
2014,Број,46,Ж,7830
2014,Број,47,Ж,8152
2014,Број,48,Ж,8527
2014,Број,49,Ж,8571
2014,Број,50,Ж,8600
2014,Број,51,Ж,9011
2014,Број,52,Ж,9225
2014,Број,53,Ж,9326
2014,Број,54,Ж,9478
2014,Број,55,Ж,9671
2014,Број,56,Ж,9373
2014,Број,57,Ж,9374
2014,Број,58,Ж,9733
2014,Број,59,Ж,9986
2014,Број,60,Ж,9974
2014,Број,61,Ж,9942
2014,Број,62,Ж,9154
2014,Број,63,Ж,8525
2014,Број,64,Ж,8825
2014,Број,65,Ж,8308
2014,Број,66,Ж,7835
2014,Број,67,Ж,7431
2014,Број,68,Ж,6185
2014,Број,69,Ж,5243
2014,Број,70,Ж,5349
2014,Број,71,Ж,5502
2014,Број,72,Ж,5886
2014,Број,73,Ж,6592
2014,Број,74,Ж,6727
2014,Број,75,Ж,6431
2014,Број,76,Ж,6228
2014,Број,77,Ж,5935
2014,Број,78,Ж,5430
2014,Број,79,Ж,4922
2014,Број,80,Ж,4373
2014,Број,81,Ж,3843
2014,Број,82,Ж,3167
2014,Број,83,Ж,2796
2014,Број,84,Ж,2424
2014,Број,85,Ж,1987
2014,Број,86,Ж,1602
2014,Број,87,Ж,1218
2014,Број,88,Ж,914
2014,Број,89,Ж,684
2014,Број,90 +,Ж,1626
2015,Број,Ukupno,Оба пола,1162164
2015,Број,0,Оба пола,9368
2015,Број,1,Оба пола,9480
2015,Број,2,Оба пола,10048
2015,Број,3,Оба пола,10472
2015,Број,4,Оба пола,10699
2015,Број,5,Оба пола,11158
2015,Број,6,Оба пола,11226
2015,Број,7,Оба пола,10930
2015,Број,8,Оба пола,10711
2015,Број,9,Оба пола,10730
2015,Број,10,Оба пола,10837
2015,Број,11,Оба пола,10876
2015,Број,12,Оба пола,10949
2015,Број,13,Оба пола,11309
2015,Број,14,Оба пола,11676
2015,Број,15,Оба пола,11771
2015,Број,16,Оба пола,12323
2015,Број,17,Оба пола,13706
2015,Број,18,Оба пола,14403
2015,Број,19,Оба пола,14524
2015,Број,20,Оба пола,14417
2015,Број,21,Оба пола,12839
2015,Број,22,Оба пола,11722
2015,Број,23,Оба пола,12892
2015,Број,24,Оба пола,13733
2015,Број,25,Оба пола,13773
2015,Број,26,Оба пола,14377
2015,Број,27,Оба пола,14858
2015,Број,28,Оба пола,14999
2015,Број,29,Оба пола,15290
2015,Број,30,Оба пола,15734
2015,Број,31,Оба пола,16115
2015,Број,32,Оба пола,16232
2015,Број,33,Оба пола,16147
2015,Број,34,Оба пола,16137
2015,Број,35,Оба пола,16064
2015,Број,36,Оба пола,15954
2015,Број,37,Оба пола,16030
2015,Број,38,Оба пола,16477
2015,Број,39,Оба пола,16478
2015,Број,40,Оба пола,15850
2015,Број,41,Оба пола,15541
2015,Број,42,Оба пола,15656
2015,Број,43,Оба пола,15537
2015,Број,44,Оба пола,14744
2015,Број,45,Оба пола,14597
2015,Број,46,Оба пола,15178
2015,Број,47,Оба пола,15708
2015,Број,48,Оба пола,16353
2015,Број,49,Оба пола,17002
2015,Број,50,Оба пола,17022
2015,Број,51,Оба пола,16901
2015,Број,52,Оба пола,17634
2015,Број,53,Оба пола,18102
2015,Број,54,Оба пола,18266
2015,Број,55,Оба пола,18435
2015,Број,56,Оба пола,18630
2015,Број,57,Оба пола,17955
2015,Број,58,Оба пола,17962
2015,Број,59,Оба пола,18676
2015,Број,60,Оба пола,19160
2015,Број,61,Оба пола,19063
2015,Број,62,Оба пола,18784
2015,Број,63,Оба пола,17210
2015,Број,64,Оба пола,15908
2015,Број,65,Оба пола,16342
2015,Број,66,Оба пола,15220
2015,Број,67,Оба пола,14140
2015,Број,68,Оба пола,13367
2015,Број,69,Оба пола,10970
2015,Број,70,Оба пола,9171
2015,Број,71,Оба пола,9165
2015,Број,72,Оба пола,9321
2015,Број,73,Оба пола,9976
2015,Број,74,Оба пола,11043
2015,Број,75,Оба пола,11131
2015,Број,76,Оба пола,10467
2015,Број,77,Оба пола,9997
2015,Број,78,Оба пола,9300
2015,Број,79,Оба пола,8321
2015,Број,80,Оба пола,7376
2015,Број,81,Оба пола,6434
2015,Број,82,Оба пола,5511
2015,Број,83,Оба пола,4479
2015,Број,84,Оба пола,3892
2015,Број,85,Оба пола,3318
2015,Број,86,Оба пола,2739
2015,Број,87,Оба пола,2126
2015,Број,88,Оба пола,1446
2015,Број,89,Оба пола,1067
2015,Број,90 +,Оба пола,2507
2015,Број,Ukupno,M,567711
2015,Број,0,M,4854
2015,Број,1,M,4907
2015,Број,2,M,5133
2015,Број,3,M,5348
2015,Број,4,M,5467
2015,Број,5,M,5740
2015,Број,6,M,5826
2015,Број,7,M,5591
2015,Број,8,M,5439
2015,Број,9,M,5476
2015,Број,10,M,5595
2015,Број,11,M,5605
2015,Број,12,M,5622
2015,Број,13,M,5858
2015,Број,14,M,6012
2015,Број,15,M,6012
2015,Број,16,M,6325
2015,Број,17,M,7065
2015,Број,18,M,7414
2015,Број,19,M,7419
2015,Број,20,M,7415
2015,Број,21,M,6719
2015,Број,22,M,6188
2015,Број,23,M,6728
2015,Број,24,M,7116
2015,Број,25,M,7093
2015,Број,26,M,7383
2015,Број,27,M,7594
2015,Број,28,M,7554
2015,Број,29,M,7768
2015,Број,30,M,8090
2015,Број,31,M,8251
2015,Број,32,M,8249
2015,Број,33,M,8176
2015,Број,34,M,8176
2015,Број,35,M,8121
2015,Број,36,M,8129
2015,Број,37,M,8185
2015,Број,38,M,8394
2015,Број,39,M,8428
2015,Број,40,M,8141
2015,Број,41,M,7981
2015,Број,42,M,8040
2015,Број,43,M,7952
2015,Број,44,M,7488
2015,Број,45,M,7457
2015,Број,46,M,7697
2015,Број,47,M,7895
2015,Број,48,M,8216
2015,Број,49,M,8487
2015,Број,50,M,8462
2015,Број,51,M,8327
2015,Број,52,M,8648
2015,Број,53,M,8898
2015,Број,54,M,8966
2015,Број,55,M,8995
2015,Број,56,M,8994
2015,Број,57,M,8626
2015,Број,58,M,8623
2015,Број,59,M,8983
2015,Број,60,M,9239
2015,Број,61,M,9151
2015,Број,62,M,8902
2015,Број,63,M,8128
2015,Број,64,M,7450
2015,Број,65,M,7602
2015,Број,66,M,7000
2015,Број,67,M,6398
2015,Број,68,M,6034
2015,Број,69,M,4894
2015,Број,70,M,4021
2015,Број,71,M,3920
2015,Број,72,M,3939
2015,Број,73,M,4257
2015,Број,74,M,4661
2015,Број,75,M,4642
2015,Број,76,M,4302
2015,Број,77,M,4055
2015,Број,78,M,3719
2015,Број,79,M,3231
2015,Број,80,M,2805
2015,Број,81,M,2394
2015,Број,82,M,2023
2015,Број,83,M,1644
2015,Број,84,M,1419
2015,Број,85,M,1197
2015,Број,86,M,1028
2015,Број,87,M,770
2015,Број,88,M,467
2015,Број,89,M,329
2015,Број,90 +,M,749
2015,Број,Ukupno,Ж,594453
2015,Број,0,Ж,4514
2015,Број,1,Ж,4573
2015,Број,2,Ж,4915
2015,Број,3,Ж,5124
2015,Број,4,Ж,5232
2015,Број,5,Ж,5418
2015,Број,6,Ж,5400
2015,Број,7,Ж,5339
2015,Број,8,Ж,5272
2015,Број,9,Ж,5254
2015,Број,10,Ж,5242
2015,Број,11,Ж,5271
2015,Број,12,Ж,5327
2015,Број,13,Ж,5451
2015,Број,14,Ж,5664
2015,Број,15,Ж,5759
2015,Број,16,Ж,5998
2015,Број,17,Ж,6641
2015,Број,18,Ж,6989
2015,Број,19,Ж,7105
2015,Број,20,Ж,7002
2015,Број,21,Ж,6120
2015,Број,22,Ж,5534
2015,Број,23,Ж,6164
2015,Број,24,Ж,6617
2015,Број,25,Ж,6680
2015,Број,26,Ж,6994
2015,Број,27,Ж,7264
2015,Број,28,Ж,7445
2015,Број,29,Ж,7522
2015,Број,30,Ж,7644
2015,Број,31,Ж,7864
2015,Број,32,Ж,7983
2015,Број,33,Ж,7971
2015,Број,34,Ж,7961
2015,Број,35,Ж,7943
2015,Број,36,Ж,7825
2015,Број,37,Ж,7845
2015,Број,38,Ж,8083
2015,Број,39,Ж,8050
2015,Број,40,Ж,7709
2015,Број,41,Ж,7560
2015,Број,42,Ж,7616
2015,Број,43,Ж,7585
2015,Број,44,Ж,7256
2015,Број,45,Ж,7140
2015,Број,46,Ж,7481
2015,Број,47,Ж,7813
2015,Број,48,Ж,8137
2015,Број,49,Ж,8515
2015,Број,50,Ж,8560
2015,Број,51,Ж,8574
2015,Број,52,Ж,8986
2015,Број,53,Ж,9204
2015,Број,54,Ж,9300
2015,Број,55,Ж,9440
2015,Број,56,Ж,9636
2015,Број,57,Ж,9329
2015,Број,58,Ж,9339
2015,Број,59,Ж,9693
2015,Број,60,Ж,9921
2015,Број,61,Ж,9912
2015,Број,62,Ж,9882
2015,Број,63,Ж,9082
2015,Број,64,Ж,8458
2015,Број,65,Ж,8740
2015,Број,66,Ж,8220
2015,Број,67,Ж,7742
2015,Број,68,Ж,7333
2015,Број,69,Ж,6076
2015,Број,70,Ж,5150
2015,Број,71,Ж,5245
2015,Број,72,Ж,5382
2015,Број,73,Ж,5719
2015,Број,74,Ж,6382
2015,Број,75,Ж,6489
2015,Број,76,Ж,6165
2015,Број,77,Ж,5942
2015,Број,78,Ж,5581
2015,Број,79,Ж,5090
2015,Број,80,Ж,4571
2015,Број,81,Ж,4040
2015,Број,82,Ж,3488
2015,Број,83,Ж,2835
2015,Број,84,Ж,2473
2015,Број,85,Ж,2121
2015,Број,86,Ж,1711
2015,Број,87,Ж,1356
2015,Број,88,Ж,979
2015,Број,89,Ж,738
2015,Број,90 +,Ж,1758
2016,Број,Ukupno,Оба пола,1157516
2016,Број,0,Оба пола,9378
2016,Број,1,Оба пола,9354
2016,Број,2,Оба пола,9505
2016,Број,3,Оба пола,10047
2016,Број,4,Оба пола,10450
2016,Број,5,Оба пола,10717
2016,Број,6,Оба пола,11108
2016,Број,7,Оба пола,11257
2016,Број,8,Оба пола,10887
2016,Број,9,Оба пола,10723
2016,Број,10,Оба пола,10704
2016,Број,11,Оба пола,10823
2016,Број,12,Оба пола,10846
2016,Број,13,Оба пола,10961
2016,Број,14,Оба пола,11313
2016,Број,15,Оба пола,11696
2016,Број,16,Оба пола,11757
2016,Број,17,Оба пола,12338
2016,Број,18,Оба пола,13742
2016,Број,19,Оба пола,14391
2016,Број,20,Оба пола,14520
2016,Број,21,Оба пола,14332
2016,Број,22,Оба пола,12789
2016,Број,23,Оба пола,11719
2016,Број,24,Оба пола,12923
2016,Број,25,Оба пола,13722
2016,Број,26,Оба пола,13813
2016,Број,27,Оба пола,14391
2016,Број,28,Оба пола,14821
2016,Број,29,Оба пола,15003
2016,Број,30,Оба пола,15290
2016,Број,31,Оба пола,15720
2016,Број,32,Оба пола,16146
2016,Број,33,Оба пола,16227
2016,Број,34,Оба пола,16121
2016,Број,35,Оба пола,16172
2016,Број,36,Оба пола,16017
2016,Број,37,Оба пола,15952
2016,Број,38,Оба пола,15996
2016,Број,39,Оба пола,16510
2016,Број,40,Оба пола,16455
2016,Број,41,Оба пола,15744
2016,Број,42,Оба пола,15518
2016,Број,43,Оба пола,15666
2016,Број,44,Оба пола,15491
2016,Број,45,Оба пола,14639
2016,Број,46,Оба пола,14620
2016,Број,47,Оба пола,15173
2016,Број,48,Оба пола,15690
2016,Број,49,Оба пола,16302
2016,Број,50,Оба пола,16973
2016,Број,51,Оба пола,16939
2016,Број,52,Оба пола,16853
2016,Број,53,Оба пола,17601
2016,Број,54,Оба пола,18032
2016,Број,55,Оба пола,18146
2016,Број,56,Оба пола,18323
2016,Број,57,Оба пола,18490
2016,Број,58,Оба пола,17776
2016,Број,59,Оба пола,17878
2016,Број,60,Оба пола,18466
2016,Број,61,Оба пола,19040
2016,Број,62,Оба пола,18819
2016,Број,63,Оба пола,18620
2016,Број,64,Оба пола,16817
2016,Број,65,Оба пола,15748
2016,Број,66,Оба пола,16089
2016,Број,67,Оба пола,14900
2016,Број,68,Оба пола,13873
2016,Број,69,Оба пола,13076
2016,Број,70,Оба пола,10605
2016,Број,71,Оба пола,8944
2016,Број,72,Оба пола,8905
2016,Број,73,Оба пола,9018
2016,Број,74,Оба пола,9665
2016,Број,75,Оба пола,10599
2016,Број,76,Оба пола,10578
2016,Број,77,Оба пола,9932
2016,Број,78,Оба пола,9404
2016,Број,79,Оба пола,8661
2016,Број,80,Оба пола,7718
2016,Број,81,Оба пола,6694
2016,Број,82,Оба пола,5810
2016,Број,83,Оба пола,4954
2016,Број,84,Оба пола,3928
2016,Број,85,Оба пола,3411
2016,Број,86,Оба пола,2835
2016,Број,87,Оба пола,2302
2016,Број,88,Оба пола,1744
2016,Број,89,Оба пола,1151
2016,Број,90 +,Оба пола,2720
2016,Број,Ukupno,M,565368
2016,Број,0,M,4855
2016,Број,1,M,4847
2016,Број,2,M,4934
2016,Број,3,M,5128
2016,Број,4,M,5335
2016,Број,5,M,5464
2016,Број,6,M,5707
2016,Број,7,M,5851
2016,Број,8,M,5568
2016,Број,9,M,5442
2016,Број,10,M,5458
2016,Број,11,M,5589
2016,Број,12,M,5606
2016,Број,13,M,5632
2016,Број,14,M,5858
2016,Број,15,M,6014
2016,Број,16,M,6003
2016,Број,17,M,6320
2016,Број,18,M,7078
2016,Број,19,M,7404
2016,Број,20,M,7411
2016,Број,21,M,7384
2016,Број,22,M,6689
2016,Број,23,M,6192
2016,Број,24,M,6730
2016,Број,25,M,7114
2016,Број,26,M,7117
2016,Број,27,M,7376
2016,Број,28,M,7585
2016,Број,29,M,7549
2016,Број,30,M,7788
2016,Број,31,M,8055
2016,Број,32,M,8257
2016,Број,33,M,8261
2016,Број,34,M,8158
2016,Број,35,M,8184
2016,Број,36,M,8091
2016,Број,37,M,8134
2016,Број,38,M,8152
2016,Број,39,M,8422
2016,Број,40,M,8399
2016,Број,41,M,8071
2016,Број,42,M,7975
2016,Број,43,M,8034
2016,Број,44,M,7917
2016,Број,45,M,7431
2016,Број,46,M,7463
2016,Број,47,M,7690
2016,Број,48,M,7881
2016,Број,49,M,8166
2016,Број,50,M,8469
2016,Број,51,M,8397
2016,Број,52,M,8306
2016,Број,53,M,8603
2016,Број,54,M,8824
2016,Број,55,M,8909
2016,Број,56,M,8898
2016,Број,57,M,8909
2016,Број,58,M,8509
2016,Број,59,M,8548
2016,Број,60,M,8857
2016,Број,61,M,9141
2016,Број,62,M,8952
2016,Број,63,M,8780
2016,Број,64,M,7906
2016,Број,65,M,7328
2016,Број,66,M,7444
2016,Број,67,M,6807
2016,Број,68,M,6232
2016,Број,69,M,5859
2016,Број,70,M,4672
2016,Број,71,M,3882
2016,Број,72,M,3780
2016,Број,73,M,3772
2016,Број,74,M,4092
2016,Број,75,M,4434
2016,Број,76,M,4345
2016,Број,77,M,4014
2016,Број,78,M,3786
2016,Број,79,M,3426
2016,Број,80,M,2972
2016,Број,81,M,2510
2016,Број,82,M,2113
2016,Број,83,M,1794
2016,Број,84,M,1430
2016,Број,85,M,1217
2016,Број,86,M,1011
2016,Број,87,M,859
2016,Број,88,M,625
2016,Број,89,M,365
2016,Број,90 +,M,822
2016,Број,Ukupno,Ж,592148
2016,Број,0,Ж,4523
2016,Број,1,Ж,4507
2016,Број,2,Ж,4571
2016,Број,3,Ж,4919
2016,Број,4,Ж,5115
2016,Број,5,Ж,5253
2016,Број,6,Ж,5401
2016,Број,7,Ж,5406
2016,Број,8,Ж,5319
2016,Број,9,Ж,5281
2016,Број,10,Ж,5246
2016,Број,11,Ж,5234
2016,Број,12,Ж,5240
2016,Број,13,Ж,5329
2016,Број,14,Ж,5455
2016,Број,15,Ж,5682
2016,Број,16,Ж,5754
2016,Број,17,Ж,6018
2016,Број,18,Ж,6664
2016,Број,19,Ж,6987
2016,Број,20,Ж,7109
2016,Број,21,Ж,6948
2016,Број,22,Ж,6100
2016,Број,23,Ж,5527
2016,Број,24,Ж,6193
2016,Број,25,Ж,6608
2016,Број,26,Ж,6696
2016,Број,27,Ж,7015
2016,Број,28,Ж,7236
2016,Број,29,Ж,7454
2016,Број,30,Ж,7502
2016,Број,31,Ж,7665
2016,Број,32,Ж,7889
2016,Број,33,Ж,7966
2016,Број,34,Ж,7963
2016,Број,35,Ж,7988
2016,Број,36,Ж,7926
2016,Број,37,Ж,7818
2016,Број,38,Ж,7844
2016,Број,39,Ж,8088
2016,Број,40,Ж,8056
2016,Број,41,Ж,7673
2016,Број,42,Ж,7543
2016,Број,43,Ж,7632
2016,Број,44,Ж,7574
2016,Број,45,Ж,7208
2016,Број,46,Ж,7157
2016,Број,47,Ж,7483
2016,Број,48,Ж,7809
2016,Број,49,Ж,8136
2016,Број,50,Ж,8504
2016,Број,51,Ж,8542
2016,Број,52,Ж,8547
2016,Број,53,Ж,8998
2016,Број,54,Ж,9208
2016,Број,55,Ж,9237
2016,Број,56,Ж,9425
2016,Број,57,Ж,9581
2016,Број,58,Ж,9267
2016,Број,59,Ж,9330
2016,Број,60,Ж,9609
2016,Број,61,Ж,9899
2016,Број,62,Ж,9867
2016,Број,63,Ж,9840
2016,Број,64,Ж,8911
2016,Број,65,Ж,8420
2016,Број,66,Ж,8645
2016,Број,67,Ж,8093
2016,Број,68,Ж,7641
2016,Број,69,Ж,7217
2016,Број,70,Ж,5933
2016,Број,71,Ж,5062
2016,Број,72,Ж,5125
2016,Број,73,Ж,5246
2016,Број,74,Ж,5573
2016,Број,75,Ж,6165
2016,Број,76,Ж,6233
2016,Број,77,Ж,5918
2016,Број,78,Ж,5618
2016,Број,79,Ж,5235
2016,Број,80,Ж,4746
2016,Број,81,Ж,4184
2016,Број,82,Ж,3697
2016,Број,83,Ж,3160
2016,Број,84,Ж,2498
2016,Број,85,Ж,2194
2016,Број,86,Ж,1824
2016,Број,87,Ж,1443
2016,Број,88,Ж,1119
2016,Број,89,Ж,786
2016,Број,90 +,Ж,1898
2017,Број,Ukupno,Оба пола,1153017
2017,Број,0,Оба пола,9367
2017,Број,1,Оба пола,9358
2017,Број,2,Оба пола,9392
2017,Број,3,Оба пола,9520
2017,Број,4,Оба пола,10032
2017,Број,5,Оба пола,10526
2017,Број,6,Оба пола,10630
2017,Број,7,Оба пола,11159
2017,Број,8,Оба пола,11184
2017,Број,9,Оба пола,10926
2017,Број,10,Оба пола,10679
2017,Број,11,Оба пола,10706
2017,Број,12,Оба пола,10770
2017,Број,13,Оба пола,10871
2017,Број,14,Оба пола,10985
2017,Број,15,Оба пола,11348
2017,Број,16,Оба пола,11671
2017,Број,17,Оба пола,11800
2017,Број,18,Оба пола,12469
2017,Број,19,Оба пола,13700
2017,Број,20,Оба пола,14374
2017,Број,21,Оба пола,14350
2017,Број,22,Оба пола,14245
2017,Број,23,Оба пола,12777
2017,Број,24,Оба пола,11832
2017,Број,25,Оба пола,12915
2017,Број,26,Оба пола,13776
2017,Број,27,Оба пола,13822
2017,Број,28,Оба пола,14340
2017,Број,29,Оба пола,14858
2017,Број,30,Оба пола,15021
2017,Број,31,Оба пола,15285
2017,Број,32,Оба пола,15777
2017,Број,33,Оба пола,16139
2017,Број,34,Оба пола,16191
2017,Број,35,Оба пола,16207
2017,Број,36,Оба пола,16116
2017,Број,37,Оба пола,16031
2017,Број,38,Оба пола,15863
2017,Број,39,Оба пола,16096
2017,Број,40,Оба пола,16465
2017,Број,41,Оба пола,16298
2017,Број,42,Оба пола,15711
2017,Број,43,Оба пола,15536
2017,Број,44,Оба пола,15618
2017,Број,45,Оба пола,15352
2017,Број,46,Оба пола,14720
2017,Број,47,Оба пола,14632
2017,Број,48,Оба пола,15199
2017,Број,49,Оба пола,15660
2017,Број,50,Оба пола,16280
2017,Број,51,Оба пола,16892
2017,Број,52,Оба пола,16912
2017,Број,53,Оба пола,16854
2017,Број,54,Оба пола,17574
2017,Број,55,Оба пола,17936
2017,Број,56,Оба пола,18080
2017,Број,57,Оба пола,18196
2017,Број,58,Оба пола,18239
2017,Број,59,Оба пола,17759
2017,Број,60,Оба пола,17649
2017,Број,61,Оба пола,18417
2017,Број,62,Оба пола,18767
2017,Број,63,Оба пола,18777
2017,Број,64,Оба пола,18013
2017,Број,65,Оба пола,16700
2017,Број,66,Оба пола,15496
2017,Број,67,Оба пола,15698
2017,Број,68,Оба пола,14611
2017,Број,69,Оба пола,13572
2017,Број,70,Оба пола,12629
2017,Број,71,Оба пола,10422
2017,Број,72,Оба пола,8721
2017,Број,73,Оба пола,8599
2017,Број,74,Оба пола,8799
2017,Број,75,Оба пола,9292
2017,Број,76,Оба пола,10085
2017,Број,77,Оба пола,10055
2017,Број,78,Оба пола,9363
2017,Број,79,Оба пола,8749
2017,Број,80,Оба пола,8022
2017,Број,81,Оба пола,7012
2017,Број,82,Оба пола,6024
2017,Број,83,Оба пола,5244
2017,Број,84,Оба пола,4342
2017,Број,85,Оба пола,3431
2017,Број,86,Оба пола,2901
2017,Број,87,Оба пола,2397
2017,Број,88,Оба пола,1887
2017,Број,89,Оба пола,1387
2017,Број,90 +,Оба пола,2935
2017,Број,Ukupno,M,563187
2017,Број,0,M,4861
2017,Број,1,M,4844
2017,Број,2,M,4897
2017,Број,3,M,4941
2017,Број,4,M,5115
2017,Број,5,M,5369
2017,Број,6,M,5410
2017,Број,7,M,5746
2017,Број,8,M,5806
2017,Број,9,M,5578
2017,Број,10,M,5415
2017,Број,11,M,5466
2017,Број,12,M,5600
2017,Број,13,M,5622
2017,Број,14,M,5636
2017,Број,15,M,5864
2017,Број,16,M,6006
2017,Број,17,M,6003
2017,Број,18,M,6376
2017,Број,19,M,7053
2017,Број,20,M,7393
2017,Број,21,M,7347
2017,Број,22,M,7326
2017,Број,23,M,6700
2017,Број,24,M,6218
2017,Број,25,M,6738
2017,Број,26,M,7157
2017,Број,27,M,7103
2017,Број,28,M,7362
2017,Број,29,M,7583
2017,Број,30,M,7607
2017,Број,31,M,7751
2017,Број,32,M,8071
2017,Број,33,M,8285
2017,Број,34,M,8221
2017,Број,35,M,8189
2017,Број,36,M,8152
2017,Број,37,M,8123
2017,Број,38,M,8074
2017,Број,39,M,8237
2017,Број,40,M,8369
2017,Број,41,M,8305
2017,Број,42,M,8053
2017,Број,43,M,7981
2017,Број,44,M,7988
2017,Број,45,M,7844
2017,Број,46,M,7473
2017,Број,47,M,7451
2017,Број,48,M,7717
2017,Број,49,M,7833
2017,Број,50,M,8158
2017,Број,51,M,8383
2017,Број,52,M,8411
2017,Број,53,M,8257
2017,Број,54,M,8543
2017,Број,55,M,8780
2017,Број,56,M,8819
2017,Број,57,M,8832
2017,Број,58,M,8745
2017,Број,59,M,8481
2017,Број,60,M,8427
2017,Број,61,M,8790
2017,Број,62,M,8920
2017,Број,63,M,8908
2017,Број,64,M,8473
2017,Број,65,M,7778
2017,Број,66,M,7166
2017,Број,67,M,7192
2017,Број,68,M,6629
2017,Број,69,M,6047
2017,Број,70,M,5609
2017,Број,71,M,4545
2017,Број,72,M,3761
2017,Број,73,M,3610
2017,Број,74,M,3652
2017,Број,75,M,3888
2017,Број,76,M,4147
2017,Број,77,M,4065
2017,Број,78,M,3748
2017,Број,79,M,3467
2017,Број,80,M,3144
2017,Број,81,M,2663
2017,Број,82,M,2223
2017,Број,83,M,1887
2017,Број,84,M,1562
2017,Број,85,M,1222
2017,Број,86,M,1027
2017,Број,87,M,849
2017,Број,88,M,705
2017,Број,89,M,500
2017,Број,90 +,M,915
2017,Број,Ukupno,Ж,589830
2017,Број,0,Ж,4506
2017,Број,1,Ж,4514
2017,Број,2,Ж,4495
2017,Број,3,Ж,4579
2017,Број,4,Ж,4917
2017,Број,5,Ж,5157
2017,Број,6,Ж,5220
2017,Број,7,Ж,5413
2017,Број,8,Ж,5378
2017,Број,9,Ж,5348
2017,Број,10,Ж,5264
2017,Број,11,Ж,5240
2017,Број,12,Ж,5170
2017,Број,13,Ж,5249
2017,Број,14,Ж,5349
2017,Број,15,Ж,5484
2017,Број,16,Ж,5665
2017,Број,17,Ж,5797
2017,Број,18,Ж,6093
2017,Број,19,Ж,6647
2017,Број,20,Ж,6981
2017,Број,21,Ж,7003
2017,Број,22,Ж,6919
2017,Број,23,Ж,6077
2017,Број,24,Ж,5614
2017,Број,25,Ж,6177
2017,Број,26,Ж,6619
2017,Број,27,Ж,6719
2017,Број,28,Ж,6978
2017,Број,29,Ж,7275
2017,Број,30,Ж,7414
2017,Број,31,Ж,7534
2017,Број,32,Ж,7706
2017,Број,33,Ж,7854
2017,Број,34,Ж,7970
2017,Број,35,Ж,8018
2017,Број,36,Ж,7964
2017,Број,37,Ж,7908
2017,Број,38,Ж,7789
2017,Број,39,Ж,7859
2017,Број,40,Ж,8096
2017,Број,41,Ж,7993
2017,Број,42,Ж,7658
2017,Број,43,Ж,7555
2017,Број,44,Ж,7630
2017,Број,45,Ж,7508
2017,Број,46,Ж,7247
2017,Број,47,Ж,7181
2017,Број,48,Ж,7482
2017,Број,49,Ж,7827
2017,Број,50,Ж,8122
2017,Број,51,Ж,8509
2017,Број,52,Ж,8501
2017,Број,53,Ж,8597
2017,Број,54,Ж,9031
2017,Број,55,Ж,9156
2017,Број,56,Ж,9261
2017,Број,57,Ж,9364
2017,Број,58,Ж,9494
2017,Број,59,Ж,9278
2017,Број,60,Ж,9222
2017,Број,61,Ж,9627
2017,Број,62,Ж,9847
2017,Број,63,Ж,9869
2017,Број,64,Ж,9540
2017,Број,65,Ж,8922
2017,Број,66,Ж,8330
2017,Број,67,Ж,8506
2017,Број,68,Ж,7982
2017,Број,69,Ж,7525
2017,Број,70,Ж,7020
2017,Број,71,Ж,5877
2017,Број,72,Ж,4960
2017,Број,73,Ж,4989
2017,Број,74,Ж,5147
2017,Број,75,Ж,5404
2017,Број,76,Ж,5938
2017,Број,77,Ж,5990
2017,Број,78,Ж,5615
2017,Број,79,Ж,5282
2017,Број,80,Ж,4878
2017,Број,81,Ж,4349
2017,Број,82,Ж,3801
2017,Број,83,Ж,3357
2017,Број,84,Ж,2780
2017,Број,85,Ж,2209
2017,Број,86,Ж,1874
2017,Број,87,Ж,1548
2017,Број,88,Ж,1182
2017,Број,89,Ж,887
2017,Број,90 +,Ж,2020
2018,Број,Ukupno,Оба пола,1147902
2018,Број,0,Оба пола,9155
2018,Број,1,Оба пола,9364
2018,Број,2,Оба пола,9354
2018,Број,3,Оба пола,9388
2018,Број,4,Оба пола,9522
2018,Број,5,Оба пола,10039
2018,Број,6,Оба пола,10537
2018,Број,7,Оба пола,10633
2018,Број,8,Оба пола,11163
2018,Број,9,Оба пола,11189
2018,Број,10,Оба пола,10931
2018,Број,11,Оба пола,10679
2018,Број,12,Оба пола,10706
2018,Број,13,Оба пола,10772
2018,Број,14,Оба пола,10891
2018,Број,15,Оба пола,10998
2018,Број,16,Оба пола,11349
2018,Број,17,Оба пола,11675
2018,Број,18,Оба пола,11760
2018,Број,19,Оба пола,12466
2018,Број,20,Оба пола,13695
2018,Број,21,Оба пола,14368
2018,Број,22,Оба пола,14332
2018,Број,23,Оба пола,14226
2018,Број,24,Оба пола,12754
2018,Број,25,Оба пола,11826
2018,Број,26,Оба пола,12886
2018,Број,27,Оба пола,13753
2018,Број,28,Оба пола,13817
2018,Број,29,Оба пола,14326
2018,Број,30,Оба пола,14853
2018,Број,31,Оба пола,15014
2018,Број,32,Оба пола,15287
2018,Број,33,Оба пола,15778
2018,Број,34,Оба пола,16130
2018,Број,35,Оба пола,16187
2018,Број,36,Оба пола,16208
2018,Број,37,Оба пола,16098
2018,Број,38,Оба пола,16019
2018,Број,39,Оба пола,15858
2018,Број,40,Оба пола,16098
2018,Број,41,Оба пола,16443
2018,Број,42,Оба пола,16281
2018,Број,43,Оба пола,15686
2018,Број,44,Оба пола,15514
2018,Број,45,Оба пола,15605
2018,Број,46,Оба пола,15322
2018,Број,47,Оба пола,14690
2018,Број,48,Оба пола,14604
2018,Број,49,Оба пола,15151
2018,Број,50,Оба пола,15596
2018,Број,51,Оба пола,16214
2018,Број,52,Оба пола,16837
2018,Број,53,Оба пола,16854
2018,Број,54,Оба пола,16789
2018,Број,55,Оба пола,17476
2018,Број,56,Оба пола,17814
2018,Број,57,Оба пола,17941
2018,Број,58,Оба пола,18052
2018,Број,59,Оба пола,18096
2018,Број,60,Оба пола,17600
2018,Број,61,Оба пола,17468
2018,Број,62,Оба пола,18206
2018,Број,63,Оба пола,18544
2018,Број,64,Оба пола,18524
2018,Број,65,Оба пола,17708
2018,Број,66,Оба пола,16445
2018,Број,67,Оба пола,15222
2018,Број,68,Оба пола,15391
2018,Број,69,Оба пола,14301
2018,Број,70,Оба пола,13255
2018,Број,71,Оба пола,12323
2018,Број,72,Оба пола,10125
2018,Број,73,Оба пола,8427
2018,Број,74,Оба пола,8316
2018,Број,75,Оба пола,8481
2018,Број,76,Оба пола,8874
2018,Број,77,Оба пола,9594
2018,Број,78,Оба пола,9483
2018,Број,79,Оба пола,8784
2018,Број,80,Оба пола,8128
2018,Број,81,Оба пола,7361
2018,Број,82,Оба пола,6369
2018,Број,83,Оба пола,5417
2018,Број,84,Оба пола,4655
2018,Број,85,Оба пола,3789
2018,Број,86,Оба пола,2955
2018,Број,87,Оба пола,2495
2018,Број,88,Оба пола,1979
2018,Број,89,Оба пола,1524
2018,Број,90 +,Оба пола,3110
2018,Број,Ukupno,M,560795
2018,Број,0,M,4784
2018,Број,1,M,4856
2018,Број,2,M,4846
2018,Број,3,M,4892
2018,Број,4,M,4943
2018,Број,5,M,5123
2018,Број,6,M,5376
2018,Број,7,M,5410
2018,Број,8,M,5748
2018,Број,9,M,5806
2018,Број,10,M,5582
2018,Број,11,M,5418
2018,Број,12,M,5462
2018,Број,13,M,5596
2018,Број,14,M,5631
2018,Број,15,M,5641
2018,Број,16,M,5865
2018,Број,17,M,6005
2018,Број,18,M,5982
2018,Број,19,M,6371
2018,Број,20,M,7056
2018,Број,21,M,7383
2018,Број,22,M,7329
2018,Број,23,M,7315
2018,Број,24,M,6694
2018,Број,25,M,6218
2018,Број,26,M,6722
2018,Број,27,M,7141
2018,Број,28,M,7094
2018,Број,29,M,7359
2018,Број,30,M,7581
2018,Број,31,M,7597
2018,Број,32,M,7755
2018,Број,33,M,8078
2018,Број,34,M,8274
2018,Број,35,M,8216
2018,Број,36,M,8196
2018,Број,37,M,8144
2018,Број,38,M,8113
2018,Број,39,M,8074
2018,Број,40,M,8237
2018,Број,41,M,8357
2018,Број,42,M,8291
2018,Број,43,M,8036
2018,Број,44,M,7957
2018,Број,45,M,7978
2018,Број,46,M,7828
2018,Број,47,M,7456
2018,Број,48,M,7435
2018,Број,49,M,7680
2018,Број,50,M,7787
2018,Број,51,M,8105
2018,Број,52,M,8341
2018,Број,53,M,8373
2018,Број,54,M,8211
2018,Број,55,M,8482
2018,Број,56,M,8686
2018,Број,57,M,8729
2018,Број,58,M,8729
2018,Број,59,M,8641
2018,Број,60,M,8371
2018,Број,61,M,8303
2018,Број,62,M,8650
2018,Број,63,M,8768
2018,Број,64,M,8738
2018,Број,65,M,8265
2018,Број,66,M,7615
2018,Број,67,M,6988
2018,Број,68,M,6980
2018,Број,69,M,6430
2018,Број,70,M,5856
2018,Број,71,M,5416
2018,Број,72,M,4365
2018,Број,73,M,3606
2018,Број,74,M,3464
2018,Број,75,M,3497
2018,Број,76,M,3672
2018,Број,77,M,3892
2018,Број,78,M,3790
2018,Број,79,M,3473
2018,Број,80,M,3182
2018,Број,81,M,2847
2018,Број,82,M,2409
2018,Број,83,M,1983
2018,Број,84,M,1654
2018,Број,85,M,1358
2018,Број,86,M,1055
2018,Број,87,M,884
2018,Број,88,M,705
2018,Број,89,M,562
2018,Број,90 +,M,1002
2018,Број,Ukupno,Ж,587107
2018,Број,0,Ж,4371
2018,Број,1,Ж,4508
2018,Број,2,Ж,4508
2018,Број,3,Ж,4496
2018,Број,4,Ж,4579
2018,Број,5,Ж,4916
2018,Број,6,Ж,5161
2018,Број,7,Ж,5223
2018,Број,8,Ж,5415
2018,Број,9,Ж,5383
2018,Број,10,Ж,5349
2018,Број,11,Ж,5261
2018,Број,12,Ж,5244
2018,Број,13,Ж,5176
2018,Број,14,Ж,5260
2018,Број,15,Ж,5357
2018,Број,16,Ж,5484
2018,Број,17,Ж,5670
2018,Број,18,Ж,5778
2018,Број,19,Ж,6095
2018,Број,20,Ж,6639
2018,Број,21,Ж,6985
2018,Број,22,Ж,7003
2018,Број,23,Ж,6911
2018,Број,24,Ж,6060
2018,Број,25,Ж,5608
2018,Број,26,Ж,6164
2018,Број,27,Ж,6612
2018,Број,28,Ж,6723
2018,Број,29,Ж,6967
2018,Број,30,Ж,7272
2018,Број,31,Ж,7417
2018,Број,32,Ж,7532
2018,Број,33,Ж,7700
2018,Број,34,Ж,7856
2018,Број,35,Ж,7971
2018,Број,36,Ж,8012
2018,Број,37,Ж,7954
2018,Број,38,Ж,7906
2018,Број,39,Ж,7784
2018,Број,40,Ж,7861
2018,Број,41,Ж,8086
2018,Број,42,Ж,7990
2018,Број,43,Ж,7650
2018,Број,44,Ж,7557
2018,Број,45,Ж,7627
2018,Број,46,Ж,7494
2018,Број,47,Ж,7234
2018,Број,48,Ж,7169
2018,Број,49,Ж,7471
2018,Број,50,Ж,7809
2018,Број,51,Ж,8109
2018,Број,52,Ж,8496
2018,Број,53,Ж,8481
2018,Број,54,Ж,8578
2018,Број,55,Ж,8994
2018,Број,56,Ж,9128
2018,Број,57,Ж,9212
2018,Број,58,Ж,9323
2018,Број,59,Ж,9455
2018,Број,60,Ж,9229
2018,Број,61,Ж,9165
2018,Број,62,Ж,9556
2018,Број,63,Ж,9776
2018,Број,64,Ж,9786
2018,Број,65,Ж,9443
2018,Број,66,Ж,8830
2018,Број,67,Ж,8234
2018,Број,68,Ж,8411
2018,Број,69,Ж,7871
2018,Број,70,Ж,7399
2018,Број,71,Ж,6907
2018,Број,72,Ж,5760
2018,Број,73,Ж,4821
2018,Број,74,Ж,4852
2018,Број,75,Ж,4984
2018,Број,76,Ж,5202
2018,Број,77,Ж,5702
2018,Број,78,Ж,5693
2018,Број,79,Ж,5311
2018,Број,80,Ж,4946
2018,Број,81,Ж,4514
2018,Број,82,Ж,3960
2018,Број,83,Ж,3434
2018,Број,84,Ж,3001
2018,Број,85,Ж,2431
2018,Број,86,Ж,1900
2018,Број,87,Ж,1611
2018,Број,88,Ж,1274
2018,Број,89,Ж,962
2018,Број,90 +,Ж,2108
2019,Број,Ukupno,Оба пола,1142495
2019,Број,0,Оба пола,9410
2019,Број,1,Оба пола,9427
2019,Број,2,Оба пола,9359
2019,Број,3,Оба пола,9386
2019,Број,4,Оба пола,9407
2019,Број,5,Оба пола,9521
2019,Број,6,Оба пола,10077
2019,Број,7,Оба пола,10485
2019,Број,8,Оба пола,10639
2019,Број,9,Оба пола,11127
2019,Број,10,Оба пола,11209
2019,Број,11,Оба пола,10909
2019,Број,12,Оба пола,10691
2019,Број,13,Оба пола,10700
2019,Број,14,Оба пола,10831
2019,Број,15,Оба пола,10904
2019,Број,16,Оба пола,11004
2019,Број,17,Оба пола,11339
2019,Број,18,Оба пола,11678
2019,Број,19,Оба пола,11842
2019,Број,20,Оба пола,12419
2019,Број,21,Оба пола,13671
2019,Број,22,Оба пола,14291
2019,Број,23,Оба пола,14332
2019,Број,24,Оба пола,14245
2019,Број,25,Оба пола,12805
2019,Број,26,Оба пола,11796
2019,Број,27,Оба пола,12909
2019,Број,28,Оба пола,13760
2019,Број,29,Оба пола,13778
2019,Број,30,Оба пола,14338
2019,Број,31,Оба пола,14838
2019,Број,32,Оба пола,15001
2019,Број,33,Оба пола,15292
2019,Број,34,Оба пола,15771
2019,Број,35,Оба пола,16117
2019,Број,36,Оба пола,16217
2019,Број,37,Оба пола,16163
2019,Број,38,Оба пола,16098
2019,Број,39,Оба пола,15979
2019,Број,40,Оба пола,15929
2019,Број,41,Оба пола,16057
2019,Број,42,Оба пола,16360
2019,Број,43,Оба пола,16223
2019,Број,44,Оба пола,15673
2019,Број,45,Оба пола,15475
2019,Број,46,Оба пола,15496
2019,Број,47,Оба пола,15327
2019,Број,48,Оба пола,14658
2019,Број,49,Оба пола,14579
2019,Број,50,Оба пола,15090
2019,Број,51,Оба пола,15543
2019,Број,52,Оба пола,16122
2019,Број,53,Оба пола,16758
2019,Број,54,Оба пола,16784
2019,Број,55,Оба пола,16693
2019,Број,56,Оба пола,17316
2019,Број,57,Оба пола,17674
2019,Број,58,Оба пола,17793
2019,Број,59,Оба пола,17824
2019,Број,60,Оба пола,17984
2019,Број,61,Оба пола,17368
2019,Број,62,Оба пола,17318
2019,Број,63,Оба пола,17928
2019,Број,64,Оба пола,18328
2019,Број,65,Оба пола,18016
2019,Број,66,Оба пола,17481
2019,Број,67,Оба пола,16104
2019,Број,68,Оба пола,14841
2019,Број,69,Оба пола,15043
2019,Број,70,Оба пола,13925
2019,Број,71,Оба пола,12821
2019,Број,72,Оба пола,11956
2019,Број,73,Оба пола,9818
2019,Број,74,Оба пола,8103
2019,Број,75,Оба пола,8061
2019,Број,76,Оба пола,8100
2019,Број,77,Оба пола,8392
2019,Број,78,Оба пола,9020
2019,Број,79,Оба пола,8897
2019,Број,80,Оба пола,8156
2019,Број,81,Оба пола,7472
2019,Број,82,Оба пола,6667
2019,Број,83,Оба пола,5680
2019,Број,84,Оба пола,4770
2019,Број,85,Оба пола,4060
2019,Број,86,Оба пола,3268
2019,Број,87,Оба пола,2493
2019,Број,88,Оба пола,2064
2019,Број,89,Оба пола,1618
2019,Број,90 +,Оба пола,3604
2019,Број,Ukupno,M,558093
2019,Број,0,M,4954
2019,Број,1,M,4914
2019,Број,2,M,4858
2019,Број,3,M,4869
2019,Број,4,M,4904
2019,Број,5,M,4935
2019,Број,6,M,5144
2019,Број,7,M,5346
2019,Број,8,M,5422
2019,Број,9,M,5730
2019,Број,10,M,5809
2019,Број,11,M,5565
2019,Број,12,M,5421
2019,Број,13,M,5467
2019,Број,14,M,5615
2019,Број,15,M,5626
2019,Број,16,M,5638
2019,Број,17,M,5865
2019,Број,18,M,6003
2019,Број,19,M,6018
2019,Број,20,M,6355
2019,Број,21,M,7042
2019,Број,22,M,7344
2019,Број,23,M,7293
2019,Број,24,M,7305
2019,Број,25,M,6704
2019,Број,26,M,6207
2019,Број,27,M,6739
2019,Број,28,M,7138
2019,Број,29,M,7083
2019,Број,30,M,7359
2019,Број,31,M,7592
2019,Број,32,M,7578
2019,Број,33,M,7743
2019,Број,34,M,8086
2019,Број,35,M,8252
2019,Број,36,M,8231
2019,Број,37,M,8167
2019,Број,38,M,8137
2019,Број,39,M,8074
2019,Број,40,M,8117
2019,Број,41,M,8201
2019,Број,42,M,8308
2019,Број,43,M,8259
2019,Број,44,M,8022
2019,Број,45,M,7927
2019,Број,46,M,7911
2019,Број,47,M,7823
2019,Број,48,M,7431
2019,Број,49,M,7418
2019,Број,50,M,7623
2019,Број,51,M,7757
2019,Број,52,M,8020
2019,Број,53,M,8306
2019,Број,54,M,8300
2019,Број,55,M,8141
2019,Број,56,M,8382
2019,Број,57,M,8577
2019,Број,58,M,8633
2019,Број,59,M,8576
2019,Број,60,M,8558
2019,Број,61,M,8236
2019,Број,62,M,8191
2019,Број,63,M,8433
2019,Број,64,M,8620
2019,Број,65,M,8443
2019,Број,66,M,8102
2019,Број,67,M,7399
2019,Број,68,M,6743
2019,Број,69,M,6777
2019,Број,70,M,6209
2019,Број,71,M,5602
2019,Број,72,M,5189
2019,Број,73,M,4214
2019,Број,74,M,3428
2019,Број,75,M,3341
2019,Број,76,M,3309
2019,Број,77,M,3423
2019,Број,78,M,3611
2019,Број,79,M,3496
2019,Број,80,M,3179
2019,Број,81,M,2899
2019,Број,82,M,2565
2019,Број,83,M,2124
2019,Број,84,M,1727
2019,Број,85,M,1443
2019,Број,86,M,1161
2019,Број,87,M,885
2019,Број,88,M,728
2019,Број,89,M,565
2019,Број,90 +,M,1229
2019,Број,Ukupno,Ж,584402
2019,Број,0,Ж,4456
2019,Број,1,Ж,4513
2019,Број,2,Ж,4501
2019,Број,3,Ж,4517
2019,Број,4,Ж,4503
2019,Број,5,Ж,4586
2019,Број,6,Ж,4933
2019,Број,7,Ж,5139
2019,Број,8,Ж,5217
2019,Број,9,Ж,5397
2019,Број,10,Ж,5400
2019,Број,11,Ж,5344
2019,Број,12,Ж,5270
2019,Број,13,Ж,5233
2019,Број,14,Ж,5216
2019,Број,15,Ж,5278
2019,Број,16,Ж,5366
2019,Број,17,Ж,5474
2019,Број,18,Ж,5675
2019,Број,19,Ж,5824
2019,Број,20,Ж,6064
2019,Број,21,Ж,6629
2019,Број,22,Ж,6947
2019,Број,23,Ж,7039
2019,Број,24,Ж,6940
2019,Број,25,Ж,6101
2019,Број,26,Ж,5589
2019,Број,27,Ж,6170
2019,Број,28,Ж,6622
2019,Број,29,Ж,6695
2019,Број,30,Ж,6979
2019,Број,31,Ж,7246
2019,Број,32,Ж,7423
2019,Број,33,Ж,7549
2019,Број,34,Ж,7685
2019,Број,35,Ж,7865
2019,Број,36,Ж,7986
2019,Број,37,Ж,7996
2019,Број,38,Ж,7961
2019,Број,39,Ж,7905
2019,Број,40,Ж,7812
2019,Број,41,Ж,7856
2019,Број,42,Ж,8052
2019,Број,43,Ж,7964
2019,Број,44,Ж,7651
2019,Број,45,Ж,7548
2019,Број,46,Ж,7585
2019,Број,47,Ж,7504
2019,Број,48,Ж,7227
2019,Број,49,Ж,7161
2019,Број,50,Ж,7467
2019,Број,51,Ж,7786
2019,Број,52,Ж,8102
2019,Број,53,Ж,8452
2019,Број,54,Ж,8484
2019,Број,55,Ж,8552
2019,Број,56,Ж,8934
2019,Број,57,Ж,9097
2019,Број,58,Ж,9160
2019,Број,59,Ж,9248
2019,Број,60,Ж,9426
2019,Број,61,Ж,9132
2019,Број,62,Ж,9127
2019,Број,63,Ж,9495
2019,Број,64,Ж,9708
2019,Број,65,Ж,9573
2019,Број,66,Ж,9379
2019,Број,67,Ж,8705
2019,Број,68,Ж,8098
2019,Број,69,Ж,8266
2019,Број,70,Ж,7716
2019,Број,71,Ж,7219
2019,Број,72,Ж,6767
2019,Број,73,Ж,5604
2019,Број,74,Ж,4675
2019,Број,75,Ж,4720
2019,Број,76,Ж,4791
2019,Број,77,Ж,4969
2019,Број,78,Ж,5409
2019,Број,79,Ж,5401
2019,Број,80,Ж,4977
2019,Број,81,Ж,4573
2019,Број,82,Ж,4102
2019,Број,83,Ж,3556
2019,Број,84,Ж,3043
2019,Број,85,Ж,2617
2019,Број,86,Ж,2107
2019,Број,87,Ж,1608
2019,Број,88,Ж,1336
2019,Број,89,Ж,1053
2019,Број,90 +,Ж,2375
2020,Број,Ukupno,Оба пола,1136274
2020,Број,0,Оба пола,9194
2020,Број,1,Оба пола,9402
2020,Број,2,Оба пола,9430
2020,Број,3,Оба пола,9361
2020,Број,4,Оба пола,9379
2020,Број,5,Оба пола,9410
2020,Број,6,Оба пола,9528
2020,Број,7,Оба пола,10085
2020,Број,8,Оба пола,10475
2020,Број,9,Оба пола,10642
2020,Број,10,Оба пола,11127
2020,Број,11,Оба пола,11207
2020,Број,12,Оба пола,10909
2020,Број,13,Оба пола,10683
2020,Број,14,Оба пола,10698
2020,Број,15,Оба пола,10826
2020,Број,16,Оба пола,10898
2020,Број,17,Оба пола,11001
2020,Број,18,Оба пола,11322
2020,Број,19,Оба пола,11675
2020,Број,20,Оба пола,11845
2020,Број,21,Оба пола,12431
2020,Број,22,Оба пола,13671
2020,Број,23,Оба пола,14271
2020,Број,24,Оба пола,14322
2020,Број,25,Оба пола,14239
2020,Број,26,Оба пола,12795
2020,Број,27,Оба пола,11793
2020,Број,28,Оба пола,12916
2020,Број,29,Оба пола,13769
2020,Број,30,Оба пола,13790
2020,Број,31,Оба пола,14319
2020,Број,32,Оба пола,14839
2020,Број,33,Оба пола,14991
2020,Број,34,Оба пола,15307
2020,Број,35,Оба пола,15770
2020,Број,36,Оба пола,16094
2020,Број,37,Оба пола,16212
2020,Број,38,Оба пола,16151
2020,Број,39,Оба пола,16090
2020,Број,40,Оба пола,15976
2020,Број,41,Оба пола,15914
2020,Број,42,Оба пола,16038
2020,Број,43,Оба пола,16318
2020,Број,44,Оба пола,16195
2020,Број,45,Оба пола,15656
2020,Број,46,Оба пола,15435
2020,Број,47,Оба пола,15454
2020,Број,48,Оба пола,15286
2020,Број,49,Оба пола,14612
2020,Број,50,Оба пола,14528
2020,Број,51,Оба пола,15029
2020,Број,52,Оба пола,15463
2020,Број,53,Оба пола,16032
2020,Број,54,Оба пола,16652
2020,Број,55,Оба пола,16684
2020,Број,56,Оба пола,16564
2020,Број,57,Оба пола,17179
2020,Број,58,Оба пола,17522
2020,Број,59,Оба пола,17617
2020,Број,60,Оба пола,17645
2020,Број,61,Оба пола,17753
2020,Број,62,Оба пола,17154
2020,Број,63,Оба пола,17084
2020,Број,64,Оба пола,17645
2020,Број,65,Оба пола,18029
2020,Број,66,Оба пола,17717
2020,Број,67,Оба пола,17132
2020,Број,68,Оба пола,15759
2020,Број,69,Оба пола,14514
2020,Број,70,Оба пола,14650
2020,Број,71,Оба пола,13554
2020,Број,72,Оба пола,12408
2020,Број,73,Оба пола,11573
2020,Број,74,Оба пола,9450
2020,Број,75,Оба пола,7782
2020,Број,76,Оба пола,7688
2020,Број,77,Оба пола,7710
2020,Број,78,Оба пола,7901
2020,Број,79,Оба пола,8437
2020,Број,80,Оба пола,8250
2020,Број,81,Оба пола,7494
2020,Број,82,Оба пола,6771
2020,Број,83,Оба пола,5963
2020,Број,84,Оба пола,5003
2020,Број,85,Оба пола,4175
2020,Број,86,Оба пола,3483
2020,Број,87,Оба пола,2760
2020,Број,88,Оба пола,2054
2020,Број,89,Оба пола,1693
2020,Број,90 +,Оба пола,4022
2020,Број,Ukupno,M,557422
2020,Број,0,M,4842
2020,Број,1,M,4961
2020,Број,2,M,4929
2020,Број,3,M,4871
2020,Број,4,M,4876
2020,Број,5,M,4920
2020,Број,6,M,4973
2020,Број,7,M,5166
2020,Број,8,M,5353
2020,Број,9,M,5442
2020,Број,10,M,5747
2020,Број,11,M,5813
2020,Број,12,M,5575
2020,Број,13,M,5424
2020,Број,14,M,5475
2020,Број,15,M,5626
2020,Број,16,M,5629
2020,Број,17,M,5650
2020,Број,18,M,5921
2020,Број,19,M,6055
2020,Број,20,M,6070
2020,Број,21,M,6412
2020,Број,22,M,7103
2020,Број,23,M,7413
2020,Број,24,M,7375
2020,Број,25,M,7407
2020,Број,26,M,6814
2020,Број,27,M,6278
2020,Број,28,M,6819
2020,Број,29,M,7225
2020,Број,30,M,7156
2020,Број,31,M,7410
2020,Број,32,M,7652
2020,Број,33,M,7616
2020,Број,34,M,7797
2020,Број,35,M,8123
2020,Број,36,M,8284
2020,Број,37,M,8272
2020,Број,38,M,8193
2020,Број,39,M,8171
2020,Број,40,M,8111
2020,Број,41,M,8147
2020,Број,42,M,8218
2020,Број,43,M,8302
2020,Број,44,M,8263
2020,Број,45,M,8047
2020,Број,46,M,7912
2020,Број,47,M,7898
2020,Број,48,M,7810
2020,Број,49,M,7416
2020,Број,50,M,7406
2020,Број,51,M,7593
2020,Број,52,M,7717
2020,Број,53,M,7971
2020,Број,54,M,8263
2020,Број,55,M,8246
2020,Број,56,M,8066
2020,Број,57,M,8310
2020,Број,58,M,8501
2020,Број,59,M,8530
2020,Број,60,M,8463
2020,Број,61,M,8418
2020,Број,62,M,8102
2020,Број,63,M,8047
2020,Број,64,M,8280
2020,Број,65,M,8439
2020,Број,66,M,8261
2020,Број,67,M,7884
2020,Број,68,M,7187
2020,Број,69,M,6551
2020,Број,70,M,6554
2020,Број,71,M,5997
2020,Број,72,M,5356
2020,Број,73,M,4976
2020,Број,74,M,4007
2020,Број,75,M,3273
2020,Број,76,M,3137
2020,Број,77,M,3129
2020,Број,78,M,3188
2020,Број,79,M,3335
2020,Број,80,M,3206
2020,Број,81,M,2890
2020,Број,82,M,2621
2020,Број,83,M,2263
2020,Број,84,M,1863
2020,Број,85,M,1507
2020,Број,86,M,1232
2020,Број,87,M,966
2020,Број,88,M,721
2020,Број,89,M,593
2020,Број,90 +,M,1411
2020,Број,Ukupno,Ж,578852
2020,Број,0,Ж,4352
2020,Број,1,Ж,4441
2020,Број,2,Ж,4501
2020,Број,3,Ж,4490
2020,Број,4,Ж,4503
2020,Број,5,Ж,4490
2020,Број,6,Ж,4555
2020,Број,7,Ж,4919
2020,Број,8,Ж,5122
2020,Број,9,Ж,5200
2020,Број,10,Ж,5380
2020,Број,11,Ж,5394
2020,Број,12,Ж,5334
2020,Број,13,Ж,5259
2020,Број,14,Ж,5223
2020,Број,15,Ж,5200
2020,Број,16,Ж,5269
2020,Број,17,Ж,5351
2020,Број,18,Ж,5401
2020,Број,19,Ж,5620
2020,Број,20,Ж,5775
2020,Број,21,Ж,6019
2020,Број,22,Ж,6568
2020,Број,23,Ж,6858
2020,Број,24,Ж,6947
2020,Број,25,Ж,6832
2020,Број,26,Ж,5981
2020,Број,27,Ж,5515
2020,Број,28,Ж,6097
2020,Број,29,Ж,6544
2020,Број,30,Ж,6634
2020,Број,31,Ж,6909
2020,Број,32,Ж,7187
2020,Број,33,Ж,7375
2020,Број,34,Ж,7510
2020,Број,35,Ж,7647
2020,Број,36,Ж,7810
2020,Број,37,Ж,7940
2020,Број,38,Ж,7958
2020,Број,39,Ж,7919
2020,Број,40,Ж,7865
2020,Број,41,Ж,7767
2020,Број,42,Ж,7820
2020,Број,43,Ж,8016
2020,Број,44,Ж,7932
2020,Број,45,Ж,7609
2020,Број,46,Ж,7523
2020,Број,47,Ж,7556
2020,Број,48,Ж,7476
2020,Број,49,Ж,7196
2020,Број,50,Ж,7122
2020,Број,51,Ж,7436
2020,Број,52,Ж,7746
2020,Број,53,Ж,8061
2020,Број,54,Ж,8389
2020,Број,55,Ж,8438
2020,Број,56,Ж,8498
2020,Број,57,Ж,8869
2020,Број,58,Ж,9021
2020,Број,59,Ж,9087
2020,Број,60,Ж,9182
2020,Број,61,Ж,9335
2020,Број,62,Ж,9052
2020,Број,63,Ж,9037
2020,Број,64,Ж,9365
2020,Број,65,Ж,9590
2020,Број,66,Ж,9456
2020,Број,67,Ж,9248
2020,Број,68,Ж,8572
2020,Број,69,Ж,7963
2020,Број,70,Ж,8096
2020,Број,71,Ж,7557
2020,Број,72,Ж,7052
2020,Број,73,Ж,6597
2020,Број,74,Ж,5443
2020,Број,75,Ж,4509
2020,Број,76,Ж,4551
2020,Број,77,Ж,4581
2020,Број,78,Ж,4713
2020,Број,79,Ж,5102
2020,Број,80,Ж,5044
2020,Број,81,Ж,4604
2020,Број,82,Ж,4150
2020,Број,83,Ж,3700
2020,Број,84,Ж,3140
2020,Број,85,Ж,2668
2020,Број,86,Ж,2251
2020,Број,87,Ж,1794
2020,Број,88,Ж,1333
2020,Број,89,Ж,1100
2020,Број,90 +,Ж,2611
