Year,UNIT_MEASURE,Административно подручје,Витална статистика,Value
2013,Број,Бановићи,Оба пола,9632
2013,Број,Бихаћ,Оба пола,24809
2013,Број,Босанска Крупа,Оба пола,10796
2013,Број,Босански Петровац,Оба пола,3181
2013,Број,Босанско Грахово,Оба пола,1070
2013,Број,Бреза,Оба пола,6196
2013,Број,Бугојно,Оба пола,13421
2013,Број,Бусовача,Оба пола,7270
2013,Број,Бужим,Оба пола,7407
2013,Број,Цазин,Оба пола,27027
2013,Број,centar_sarajevo,Оба пола,26201
2013,Број,Чапљина,Оба пола,11151
2013,Број,Челић,Оба пола,4372
2013,Број,Читлук,Оба пола,7497
2013,Број,doboj-istok,Оба пола,4374
2013,Број,doboj-jug,Оба пола,1695
2013,Број,Добретићи,Оба пола,664
2013,Број,domaljevac-samac,Оба пола,2073
2013,Број,Доњи Вакуф,Оба пола,5822
2013,Број,Дрвар,Оба пола,3218
2013,Број,foca-fbih,Оба пола,825
2013,Број,Фојница,Оба пола,5229
2013,Број,Гламоч,Оба пола,1674
2013,Број,Горажде,Оба пола,9351
2013,Број,gornji_vakuf-uskoplje,Оба пола,8606
2013,Број,Грачаница,Оба пола,19789
2013,Број,Градачац,Оба пола,16870
2013,Број,Груде,Оба пола,7262
2013,Број,hadzici,Оба пола,10003
2013,Број,ilidza,Оба пола,28903
2013,Број,ilijas,Оба пола,8573
2013,Број,Јабланица,Оба пола,4442
2013,Број,Јајце,Оба пола,11157
2013,Број,Какањ,Оба пола,15662
2013,Број,Калесија,Оба пола,13637
2013,Број,Кисељак,Оба пола,8725
2013,Број,Кладањ,Оба пола,5325
2013,Број,Кључ,Оба пола,7150
2013,Број,Коњиц,Оба пола,10945
2013,Број,Крешево,Оба пола,2304
2013,Број,kupres-fbih,Оба пола,2176
2013,Број,Ливно,Оба пола,14885
2013,Број,Лукавац,Оба пола,19824
2013,Број,Љубушки,Оба пола,11872
2013,Број,Маглај,Оба пола,9962
2013,Број,Мостар,Оба пола,46912
2013,Број,Неум,Оба пола,1948
2013,Број,novi_grad_sarajevo,Оба пола,53683
2013,Број,Нови Травник,Оба пола,9963
2013,Број,novo_sarajevo,Оба пола,30918
2013,Број,Оџак,Оба пола,8210
2013,Број,Олово,Оба пола,4434
2013,Број,Орашје,Оба пола,8479
2013,Број,pale-fbih,Оба пола,391
2013,Број,Посушје,Оба пола,8208
2013,Број,Прозор,Оба пола,5867
2013,Број,Равно,Оба пола,1361
2013,Број,Сански Мост,Оба пола,17665
2013,Број,Сапна,Оба пола,4421
2013,Број,Сребреник,Оба пола,17037
2013,Број,stari_grad_sarajevo,Оба пола,17059
2013,Број,Столац,Оба пола,6096
2013,Број,Широки Бријег,Оба пола,12027
2013,Број,Теочак,Оба пола,3078
2013,Број,Тешањ,Оба пола,17741
2013,Број,Томиславград,Оба пола,13018
2013,Број,Травник,Оба пола,22532
2013,Број,trnovo-fbih,Оба пола,693
2013,Број,Тузла,Оба пола,51072
2013,Број,Усора,Оба пола,2900
2013,Број,Вареш,Оба пола,4070
2013,Број,Велика Кладуша,Оба пола,16483
2013,Број,Високо,Оба пола,16864
2013,Број,Витез,Оба пола,10776
2013,Број,vogosca,Оба пола,11602
2013,Број,Завидовићи,Оба пола,15108
2013,Број,Зеница,Оба пола,47242
2013,Број,Жепче,Оба пола,12279
2013,Број,Живинице,Оба пола,24258
2013,Број,Бановићи,Нису рађале,2202
2013,Број,Бихаћ,Нису рађале,6909
2013,Број,Босанска Крупа,Нису рађале,2740
2013,Број,Босански Петровац,Нису рађале,748
2013,Број,Босанско Грахово,Нису рађале,252
2013,Број,Бреза,Нису рађале,1512
2013,Број,Бугојно,Нису рађале,3990
2013,Број,Бусовача,Нису рађале,2084
2013,Број,Бужим,Нису рађале,2136
2013,Број,Цазин,Нису рађале,7439
2013,Број,centar_sarajevo,Нису рађале,8540
2013,Број,Чапљина,Нису рађале,3454
2013,Број,Челић,Нису рађале,1105
2013,Број,Читлук,Нису рађале,2713
2013,Број,doboj-istok,Нису рађале,1066
2013,Број,doboj-jug,Нису рађале,389
2013,Број,Добретићи,Нису рађале,283
2013,Број,domaljevac-samac,Нису рађале,676
2013,Број,Доњи Вакуф,Нису рађале,1683
2013,Број,Дрвар,Нису рађале,778
2013,Број,foca-fbih,Нису рађале,190
2013,Број,Фојница,Нису рађале,1705
2013,Број,Гламоч,Нису рађале,447
2013,Број,Горажде,Нису рађале,2468
2013,Број,gornji_vakuf-uskoplje,Нису рађале,2840
2013,Број,Грачаница,Нису рађале,4347
2013,Број,Градачац,Нису рађале,3957
2013,Број,Груде,Нису рађале,2724
2013,Број,hadzici,Нису рађале,2634
2013,Број,ilidza,Нису рађале,8609
2013,Број,ilijas,Нису рађале,2229
2013,Број,Јабланица,Нису рађале,1330
2013,Број,Јајце,Нису рађале,3196
2013,Број,Какањ,Нису рађале,4161
2013,Број,Калесија,Нису рађале,3362
2013,Број,Кисељак,Нису рађале,2390
2013,Број,Кладањ,Нису рађале,1327
2013,Број,Кључ,Нису рађале,1986
2013,Број,Коњиц,Нису рађале,3080
2013,Број,Крешево,Нису рађале,699
2013,Број,kupres-fbih,Нису рађале,858
2013,Број,Ливно,Нису рађале,4944
2013,Број,Лукавац,Нису рађале,4464
2013,Број,Љубушки,Нису рађале,4107
2013,Број,Маглај,Нису рађале,2547
2013,Број,Мостар,Нису рађале,15227
2013,Број,Неум,Нису рађале,643
2013,Број,novi_grad_sarajevo,Нису рађале,16129
2013,Број,Нови Травник,Нису рађале,2871
2013,Број,novo_sarajevo,Нису рађале,10414
2013,Број,Оџак,Нису рађале,2465
2013,Број,Олово,Нису рађале,1190
2013,Број,Орашје,Нису рађале,2695
2013,Број,pale-fbih,Нису рађале,97
2013,Број,Посушје,Нису рађале,3376
2013,Број,Прозор,Нису рађале,2099
2013,Број,Равно,Нису рађале,500
2013,Број,Сански Мост,Нису рађале,5169
2013,Број,Сапна,Нису рађале,1194
2013,Број,Сребреник,Нису рађале,3923
2013,Број,stari_grad_sarajevo,Нису рађале,5243
2013,Број,Столац,Нису рађале,2124
2013,Број,Широки Бријег,Нису рађале,4262
2013,Број,Теочак,Нису рађале,809
2013,Број,Тешањ,Нису рађале,4310
2013,Број,Томиславград,Нису рађале,5173
2013,Број,Травник,Нису рађале,6601
2013,Број,trnovo-fbih,Нису рађале,158
2013,Број,Тузла,Нису рађале,13710
2013,Број,Усора,Нису рађале,916
2013,Број,Вареш,Нису рађале,997
2013,Број,Велика Кладуша,Нису рађале,4112
2013,Број,Високо,Нису рађале,4297
2013,Број,Витез,Нису рађале,3087
2013,Број,vogosca,Нису рађале,3232
2013,Број,Завидовићи,Нису рађале,3646
2013,Број,Зеница,Нису рађале,12327
2013,Број,Жепче,Нису рађале,3672
2013,Број,Живинице,Нису рађале,5806
2013,Број,Бановићи,one_child,1581
2013,Број,Бихаћ,one_child,3677
2013,Број,Босанска Крупа,one_child,1438
2013,Број,Босански Петровац,one_child,434
2013,Број,Босанско Грахово,one_child,124
2013,Број,Бреза,one_child,1122
2013,Број,Бугојно,one_child,1555
2013,Број,Бусовача,one_child,809
2013,Број,Бужим,one_child,955
2013,Број,Цазин,one_child,4067
2013,Број,centar_sarajevo,one_child,5078
2013,Број,Чапљина,one_child,1049
2013,Број,Челић,one_child,454
2013,Број,Читлук,one_child,650
2013,Број,doboj-istok,one_child,532
2013,Број,doboj-jug,one_child,239
2013,Број,Добретићи,one_child,32
2013,Број,domaljevac-samac,one_child,242
2013,Број,Доњи Вакуф,one_child,644
2013,Број,Дрвар,one_child,431
2013,Број,foca-fbih,one_child,73
2013,Број,Фојница,one_child,579
2013,Број,Гламоч,one_child,135
2013,Број,Горажде,one_child,1198
2013,Број,gornji_vakuf-uskoplje,one_child,807
2013,Број,Грачаница,one_child,2947
2013,Број,Градачац,one_child,2256
2013,Број,Груде,one_child,543
2013,Број,hadzici,one_child,1429
2013,Број,ilidza,one_child,4309
2013,Број,ilijas,one_child,1196
2013,Број,Јабланица,one_child,508
2013,Број,Јајце,one_child,1109
2013,Број,Какањ,one_child,1964
2013,Број,Калесија,one_child,1684
2013,Број,Кисељак,one_child,1078
2013,Број,Кладањ,one_child,665
2013,Број,Кључ,one_child,732
2013,Број,Коњиц,one_child,1285
2013,Број,Крешево,one_child,244
2013,Број,kupres-fbih,one_child,169
2013,Број,Ливно,one_child,1226
2013,Број,Лукавац,one_child,3691
2013,Број,Љубушки,one_child,1040
2013,Број,Маглај,one_child,1424
2013,Број,Мостар,one_child,5896
2013,Број,Неум,one_child,168
2013,Број,novi_grad_sarajevo,one_child,9593
2013,Број,Нови Травник,one_child,1255
2013,Број,novo_sarajevo,one_child,6222
2013,Број,Оџак,one_child,982
2013,Број,Олово,one_child,502
2013,Број,Орашје,one_child,1055
2013,Број,pale-fbih,one_child,31
2013,Број,Посушје,one_child,624
2013,Број,Прозор,one_child,442
2013,Број,Равно,one_child,142
2013,Број,Сански Мост,one_child,2179
2013,Број,Сапна,one_child,384
2013,Број,Сребреник,one_child,2307
2013,Број,stari_grad_sarajevo,one_child,2934
2013,Број,Столац,one_child,530
2013,Број,Широки Бријег,one_child,1014
2013,Број,Теочак,one_child,343
2013,Број,Тешањ,one_child,2357
2013,Број,Томиславград,one_child,958
2013,Број,Травник,one_child,2740
2013,Број,trnovo-fbih,one_child,46
2013,Број,Тузла,one_child,9432
2013,Број,Усора,one_child,262
2013,Број,Вареш,one_child,583
2013,Број,Велика Кладуша,one_child,2536
2013,Број,Високо,one_child,2463
2013,Број,Витез,one_child,1216
2013,Број,vogosca,one_child,1875
2013,Број,Завидовићи,one_child,1989
2013,Број,Зеница,one_child,7711
2013,Број,Жепче,one_child,1297
2013,Број,Живинице,one_child,3423
2013,Број,Бановићи,two_children,3796
2013,Број,Бихаћ,two_children,7800
2013,Број,Босанска Крупа,two_children,3162
2013,Број,Босански Петровац,two_children,1240
2013,Број,Босанско Грахово,two_children,393
2013,Број,Бреза,two_children,2555
2013,Број,Бугојно,two_children,3747
2013,Број,Бусовача,two_children,1928
2013,Број,Бужим,two_children,1620
2013,Број,Цазин,two_children,7242
2013,Број,centar_sarajevo,two_children,9471
2013,Број,Чапљина,two_children,3066
2013,Број,Челић,two_children,1396
2013,Број,Читлук,two_children,1475
2013,Број,doboj-istok,two_children,1632
2013,Број,doboj-jug,two_children,611
2013,Број,Добретићи,two_children,83
2013,Број,domaljevac-samac,two_children,565
2013,Број,Доњи Вакуф,two_children,1613
2013,Број,Дрвар,two_children,1399
2013,Број,foca-fbih,two_children,262
2013,Број,Фојница,two_children,1407
2013,Број,Гламоч,two_children,504
2013,Број,Горажде,two_children,3406
2013,Број,gornji_vakuf-uskoplje,two_children,1882
2013,Број,Грачаница,two_children,7975
2013,Број,Градачац,two_children,6590
2013,Број,Груде,two_children,1418
2013,Број,hadzici,two_children,3632
2013,Број,ilidza,two_children,10263
2013,Број,ilijas,two_children,2935
2013,Број,Јабланица,two_children,1359
2013,Број,Јајце,two_children,2867
2013,Број,Какањ,two_children,4863
2013,Број,Калесија,two_children,4778
2013,Број,Кисељак,two_children,2656
2013,Број,Кладањ,two_children,1870
2013,Број,Кључ,two_children,2122
2013,Број,Коњиц,two_children,3411
2013,Број,Крешево,two_children,662
2013,Број,kupres-fbih,two_children,422
2013,Број,Ливно,two_children,3551
2013,Број,Лукавац,two_children,8198
2013,Број,Љубушки,two_children,2573
2013,Број,Маглај,two_children,3455
2013,Број,Мостар,two_children,15128
2013,Број,Неум,two_children,420
2013,Број,novi_grad_sarajevo,two_children,19695
2013,Број,Нови Травник,two_children,2665
2013,Број,novo_sarajevo,two_children,10864
2013,Број,Оџак,two_children,2750
2013,Број,Олово,two_children,1433
2013,Број,Орашје,two_children,2252
2013,Број,pale-fbih,two_children,120
2013,Број,Посушје,two_children,1144
2013,Број,Прозор,two_children,963
2013,Број,Равно,two_children,380
2013,Број,Сански Мост,two_children,5604
2013,Број,Сапна,two_children,1252
2013,Број,Сребреник,two_children,6408
2013,Број,stari_grad_sarajevo,two_children,6147
2013,Број,Столац,two_children,1441
2013,Број,Широки Бријег,two_children,2439
2013,Број,Теочак,two_children,962
2013,Број,Тешањ,two_children,5994
2013,Број,Томиславград,two_children,2226
2013,Број,Травник,two_children,6351
2013,Број,trnovo-fbih,two_children,272
2013,Број,Тузла,two_children,20193
2013,Број,Усора,two_children,802
2013,Број,Вареш,two_children,1407
2013,Број,Велика Кладуша,two_children,4053
2013,Број,Високо,two_children,6277
2013,Број,Витез,two_children,2923
2013,Број,vogosca,two_children,4293
2013,Број,Завидовићи,two_children,5195
2013,Број,Зеница,two_children,16230
2013,Број,Жепче,two_children,3010
2013,Број,Живинице,two_children,8890
2013,Број,Бановићи,three_children,1175
2013,Број,Бихаћ,three_children,3481
2013,Број,Босанска Крупа,three_children,1698
2013,Број,Босански Петровац,three_children,506
2013,Број,Босанско Грахово,three_children,200
2013,Број,Бреза,three_children,674
2013,Број,Бугојно,three_children,2269
2013,Број,Бусовача,three_children,1281
2013,Број,Бужим,three_children,1132
2013,Број,Цазин,three_children,3984
2013,Број,centar_sarajevo,three_children,2228
2013,Број,Чапљина,three_children,2266
2013,Број,Челић,three_children,776
2013,Број,Читлук,three_children,1462
2013,Број,doboj-istok,three_children,673
2013,Број,doboj-jug,three_children,285
2013,Број,Добретићи,three_children,86
2013,Број,domaljevac-samac,three_children,350
2013,Број,Доњи Вакуф,three_children,1024
2013,Број,Дрвар,three_children,465
2013,Број,foca-fbih,three_children,158
2013,Број,Фојница,three_children,848
2013,Број,Гламоч,three_children,363
2013,Број,Горажде,three_children,1424
2013,Број,gornji_vakuf-uskoplje,three_children,1504
2013,Број,Грачаница,three_children,2763
2013,Број,Градачац,three_children,2626
2013,Број,Груде,three_children,1375
2013,Број,hadzici,three_children,1445
2013,Број,ilidza,three_children,3666
2013,Број,ilijas,three_children,1253
2013,Број,Јабланица,three_children,659
2013,Број,Јајце,three_children,1923
2013,Број,Какањ,three_children,2545
2013,Број,Калесија,three_children,2177
2013,Број,Кисељак,three_children,1594
2013,Број,Кладањ,three_children,829
2013,Број,Кључ,three_children,1164
2013,Број,Коњиц,three_children,1794
2013,Број,Крешево,three_children,408
2013,Број,kupres-fbih,three_children,365
2013,Број,Ливно,three_children,2986
2013,Број,Лукавац,three_children,2140
2013,Број,Љубушки,three_children,2364
2013,Број,Маглај,three_children,1449
2013,Број,Мостар,three_children,7025
2013,Број,Неум,three_children,391
2013,Број,novi_grad_sarajevo,three_children,5446
2013,Број,Нови Травник,three_children,1666
2013,Број,novo_sarajevo,three_children,2461
2013,Број,Оџак,three_children,1278
2013,Број,Олово,three_children,701
2013,Број,Орашје,three_children,1289
2013,Број,pale-fbih,three_children,81
2013,Број,Посушје,three_children,1381
2013,Број,Прозор,three_children,980
2013,Број,Равно,three_children,250
2013,Број,Сански Мост,three_children,2676
2013,Број,Сапна,three_children,861
2013,Број,Сребреник,three_children,2583
2013,Број,stari_grad_sarajevo,three_children,1872
2013,Број,Столац,three_children,1128
2013,Број,Широки Бријег,three_children,2251
2013,Број,Теочак,three_children,570
2013,Број,Тешањ,three_children,3056
2013,Број,Томиславград,three_children,2425
2013,Број,Травник,three_children,3736
2013,Број,trnovo-fbih,three_children,127
2013,Број,Тузла,three_children,4790
2013,Број,Усора,three_children,496
2013,Број,Вареш,three_children,667
2013,Број,Велика Кладуша,three_children,2370
2013,Број,Високо,three_children,2483
2013,Број,Витез,three_children,2000
2013,Број,vogosca,three_children,1423
2013,Број,Завидовићи,three_children,2375
2013,Број,Зеница,three_children,6404
2013,Број,Жепче,three_children,2067
2013,Број,Живинице,three_children,3494
2013,Број,Бановићи,four_children,393
2013,Број,Бихаћ,four_children,1419
2013,Број,Босанска Крупа,four_children,797
2013,Број,Босански Петровац,four_children,162
2013,Број,Босанско Грахово,four_children,70
2013,Број,Бреза,four_children,189
2013,Број,Бугојно,four_children,952
2013,Број,Бусовача,four_children,598
2013,Број,Бужим,four_children,619
2013,Број,Цазин,four_children,1811
2013,Број,centar_sarajevo,four_children,549
2013,Број,Чапљина,four_children,864
2013,Број,Челић,four_children,305
2013,Број,Читлук,four_children,792
2013,Број,doboj-istok,four_children,239
2013,Број,doboj-jug,four_children,83
2013,Број,Добретићи,four_children,53
2013,Број,domaljevac-samac,four_children,130
2013,Број,Доњи Вакуф,four_children,466
2013,Број,Дрвар,four_children,102
2013,Број,foca-fbih,four_children,81
2013,Број,Фојница,four_children,377
2013,Број,Гламоч,four_children,148
2013,Број,Горажде,four_children,484
2013,Број,gornji_vakuf-uskoplje,four_children,770
2013,Број,Грачаница,four_children,953
2013,Број,Градачац,four_children,805
2013,Број,Груде,four_children,735
2013,Број,hadzici,four_children,475
2013,Број,ilidza,four_children,1168
2013,Број,ilijas,four_children,494
2013,Број,Јабланица,four_children,273
2013,Број,Јајце,four_children,902
2013,Број,Какањ,four_children,1001
2013,Број,Калесија,four_children,757
2013,Број,Кисељак,four_children,548
2013,Број,Кладањ,four_children,302
2013,Број,Кључ,four_children,536
2013,Број,Коњиц,four_children,696
2013,Број,Крешево,four_children,174
2013,Број,kupres-fbih,four_children,192
2013,Број,Ливно,four_children,1309
2013,Број,Лукавац,four_children,717
2013,Број,Љубушки,four_children,1105
2013,Број,Маглај,four_children,540
2013,Број,Мостар,four_children,2270
2013,Број,Неум,four_children,185
2013,Број,novi_grad_sarajevo,four_children,1594
2013,Број,Нови Травник,four_children,729
2013,Број,novo_sarajevo,four_children,590
2013,Број,Оџак,four_children,416
2013,Број,Олово,four_children,289
2013,Број,Орашје,four_children,590
2013,Број,pale-fbih,four_children,29
2013,Број,Посушје,four_children,888
2013,Број,Прозор,four_children,607
2013,Број,Равно,four_children,71
2013,Број,Сански Мост,four_children,978
2013,Број,Сапна,four_children,369
2013,Број,Сребреник,four_children,914
2013,Број,stari_grad_sarajevo,four_children,540
2013,Број,Столац,four_children,526
2013,Број,Широки Бријег,four_children,1198
2013,Број,Теочак,four_children,214
2013,Број,Тешањ,four_children,1038
2013,Број,Томиславград,four_children,1266
2013,Број,Травник,four_children,1619
2013,Број,trnovo-fbih,four_children,50
2013,Број,Тузла,four_children,1591
2013,Број,Усора,four_children,217
2013,Број,Вареш,four_children,200
2013,Број,Велика Кладуша,four_children,1264
2013,Број,Високо,four_children,729
2013,Број,Витез,four_children,832
2013,Број,vogosca,four_children,421
2013,Број,Завидовићи,four_children,915
2013,Број,Зеница,four_children,2415
2013,Број,Жепче,four_children,1064
2013,Број,Живинице,four_children,1303
2013,Број,Бановићи,5+_children,485
2013,Број,Бихаћ,5+_children,1523
2013,Број,Босанска Крупа,5+_children,961
2013,Број,Босански Петровац,5+_children,91
2013,Број,Босанско Грахово,5+_children,31
2013,Број,Бреза,5+_children,144
2013,Број,Бугојно,5+_children,908
2013,Број,Бусовача,5+_children,570
2013,Број,Бужим,5+_children,945
2013,Број,Цазин,5+_children,2484
2013,Број,centar_sarajevo,5+_children,335
2013,Број,Чапљина,5+_children,452
2013,Број,Челић,5+_children,336
2013,Број,Читлук,5+_children,405
2013,Број,doboj-istok,5+_children,232
2013,Број,doboj-jug,5+_children,88
2013,Број,Добретићи,5+_children,127
2013,Број,domaljevac-samac,5+_children,110
2013,Број,Доњи Вакуф,5+_children,392
2013,Број,Дрвар,5+_children,43
2013,Број,foca-fbih,5+_children,61
2013,Број,Фојница,5+_children,313
2013,Број,Гламоч,5+_children,77
2013,Број,Горажде,5+_children,371
2013,Број,gornji_vakuf-uskoplje,5+_children,803
2013,Број,Грачаница,5+_children,804
2013,Број,Градачац,5+_children,636
2013,Број,Груде,5+_children,467
2013,Број,hadzici,5+_children,388
2013,Број,ilidza,5+_children,888
2013,Број,ilijas,5+_children,466
2013,Број,Јабланица,5+_children,313
2013,Број,Јајце,5+_children,1160
2013,Број,Какањ,5+_children,1128
2013,Број,Калесија,5+_children,879
2013,Број,Кисељак,5+_children,459
2013,Број,Кладањ,5+_children,332
2013,Број,Кључ,5+_children,610
2013,Број,Коњиц,5+_children,679
2013,Број,Крешево,5+_children,117
2013,Број,kupres-fbih,5+_children,170
2013,Број,Ливно,5+_children,869
2013,Број,Лукавац,5+_children,614
2013,Број,Љубушки,5+_children,683
2013,Број,Маглај,5+_children,547
2013,Број,Мостар,5+_children,1366
2013,Број,Неум,5+_children,141
2013,Број,novi_grad_sarajevo,5+_children,1226
2013,Број,Нови Травник,5+_children,777
2013,Број,novo_sarajevo,5+_children,367
2013,Број,Оџак,5+_children,319
2013,Број,Олово,5+_children,319
2013,Број,Орашје,5+_children,598
2013,Број,pale-fbih,5+_children,33
2013,Број,Посушје,5+_children,795
2013,Број,Прозор,5+_children,776
2013,Број,Равно,5+_children,18
2013,Број,Сански Мост,5+_children,1059
2013,Број,Сапна,5+_children,361
2013,Број,Сребреник,5+_children,902
2013,Број,stari_grad_sarajevo,5+_children,323
2013,Број,Столац,5+_children,347
2013,Број,Широки Бријег,5+_children,863
2013,Број,Теочак,5+_children,180
2013,Број,Тешањ,5+_children,986
2013,Број,Томиславград,5+_children,970
2013,Број,Травник,5+_children,1485
2013,Број,trnovo-fbih,5+_children,40
2013,Број,Тузла,5+_children,1356
2013,Број,Усора,5+_children,207
2013,Број,Вареш,5+_children,216
2013,Број,Велика Кладуша,5+_children,2148
2013,Број,Високо,5+_children,615
2013,Број,Витез,5+_children,718
2013,Број,vogosca,5+_children,358
2013,Број,Завидовићи,5+_children,988
2013,Број,Зеница,5+_children,2155
2013,Број,Жепче,5+_children,1169
2013,Број,Живинице,5+_children,1342
