Year,UNIT_MEASURE,Административно подручје,HH_agri,Value
2013,Број,Бановићи,Оба пола,7636
2013,Број,Бихаћ,Оба пола,18294
2013,Број,Босанска Крупа,Оба пола,7675
2013,Број,Босански Петровац,Оба пола,2798
2013,Број,Босанско Грахово,Оба пола,1046
2013,Број,Бреза,Оба пола,5058
2013,Број,Бугојно,Оба пола,9429
2013,Број,Бусовача,Оба пола,5621
2013,Број,Бужим,Оба пола,4326
2013,Број,Цазин,Оба пола,16686
2013,Број,centar_sarajevo,Оба пола,21484
2013,Број,Чапљина,Оба пола,7916
2013,Број,Челић,Оба пола,3203
2013,Број,Читлук,Оба пола,4667
2013,Број,doboj-istok,Оба пола,3167
2013,Број,doboj-jug,Оба пола,1307
2013,Број,Добретићи,Оба пола,473
2013,Број,domaljevac-samac,Оба пола,1312
2013,Број,Доњи Вакуф,Оба пола,4183
2013,Број,Дрвар,Оба пола,3033
2013,Број,foca-fbih,Оба пола,747
2013,Број,Фојница,Оба пола,3908
2013,Број,Гламоч,Оба пола,1437
2013,Број,Горажде,Оба пола,7573
2013,Број,gornji_vakuf-uskoplje,Оба пола,5686
2013,Број,Грачаница,Оба пола,15083
2013,Број,Градачац,Оба пола,11881
2013,Број,Груде,Оба пола,4502
2013,Број,hadzici,Оба пола,7530
2013,Број,ilidza,Оба пола,22296
2013,Број,ilijas,Оба пола,6386
2013,Број,Јабланица,Оба пола,3168
2013,Број,Јајце,Оба пола,8041
2013,Број,Какањ,Оба пола,12240
2013,Број,Калесија,Оба пола,9781
2013,Број,Кисељак,Оба пола,6801
2013,Број,Кладањ,Оба пола,3847
2013,Број,Кључ,Оба пола,4990
2013,Број,Коњиц,Оба пола,8381
2013,Број,Крешево,Оба пола,1845
2013,Број,kupres-fbih,Оба пола,1489
2013,Број,Ливно,Оба пола,9028
2013,Број,Лукавац,Оба пола,16656
2013,Број,Љубушки,Оба пола,7444
2013,Број,Маглај,Оба пола,7687
2013,Број,Мостар,Оба пола,34129
2013,Број,Неум,Оба пола,1394
2013,Број,novi_grad_sarajevo,Оба пола,42274
2013,Број,Нови Травник,Оба пола,7267
2013,Број,novo_sarajevo,Оба пола,25690
2013,Број,Оџак,Оба пола,5809
2013,Број,Олово,Оба пола,3493
2013,Број,Орашје,Оба пола,6192
2013,Број,pale-fbih,Оба пола,350
2013,Број,Посушје,Оба пола,5153
2013,Број,Прозор,Оба пола,3653
2013,Број,Равно,Оба пола,929
2013,Број,Сански Мост,Оба пола,11847
2013,Број,Сапна,Оба пола,3085
2013,Број,Сребреник,Оба пола,13187
2013,Број,stari_grad_sarajevo,Оба пола,13753
2013,Број,Столац,Оба пола,3884
2013,Број,Широки Бријег,Оба пола,7982
2013,Број,Теочак,Оба пола,2020
2013,Број,Тешањ,Оба пола,13426
2013,Број,Томиславград,Оба пола,7731
2013,Број,Травник,Оба пола,16445
2013,Број,trnovo-fbih,Оба пола,647
2013,Број,Тузла,Оба пола,42630
2013,Број,Усора,Оба пола,1936
2013,Број,Вареш,Оба пола,3582
2013,Број,Велика Кладуша,Оба пола,11651
2013,Број,Високо,Оба пола,12900
2013,Број,Витез,Оба пола,8190
2013,Број,vogosca,Оба пола,8811
2013,Број,Завидовићи,Оба пола,12088
2013,Број,Зеница,Оба пола,38609
2013,Број,Жепче,Оба пола,8830
2013,Број,Живинице,Оба пола,18431
2013,Број,Бановићи,agri_activity,3952
2013,Број,Бихаћ,agri_activity,4598
2013,Број,Босанска Крупа,agri_activity,2488
2013,Број,Босански Петровац,agri_activity,1171
2013,Број,Босанско Грахово,agri_activity,422
2013,Број,Бреза,agri_activity,2335
2013,Број,Бугојно,agri_activity,3258
2013,Број,Бусовача,agri_activity,2668
2013,Број,Бужим,agri_activity,2553
2013,Број,Цазин,agri_activity,5345
2013,Број,centar_sarajevo,agri_activity,932
2013,Број,Чапљина,agri_activity,2326
2013,Број,Челић,agri_activity,1537
2013,Број,Читлук,agri_activity,1465
2013,Број,doboj-istok,agri_activity,1846
2013,Број,doboj-jug,agri_activity,717
2013,Број,Добретићи,agri_activity,173
2013,Број,domaljevac-samac,agri_activity,413
2013,Број,Доњи Вакуф,agri_activity,2104
2013,Број,Дрвар,agri_activity,643
2013,Број,foca-fbih,agri_activity,296
2013,Број,Фојница,agri_activity,1500
2013,Број,Гламоч,agri_activity,550
2013,Број,Горажде,agri_activity,2903
2013,Број,gornji_vakuf-uskoplje,agri_activity,2438
2013,Број,Грачаница,agri_activity,7084
2013,Број,Градачац,agri_activity,4784
2013,Број,Груде,agri_activity,1982
2013,Број,hadzici,agri_activity,3254
2013,Број,ilidza,agri_activity,2931
2013,Број,ilijas,agri_activity,2273
2013,Број,Јабланица,agri_activity,1680
2013,Број,Јајце,agri_activity,3317
2013,Број,Какањ,agri_activity,5490
2013,Број,Калесија,agri_activity,5217
2013,Број,Кисељак,agri_activity,3256
2013,Број,Кладањ,agri_activity,2244
2013,Број,Кључ,agri_activity,1343
2013,Број,Коњиц,agri_activity,2426
2013,Број,Крешево,agri_activity,667
2013,Број,kupres-fbih,agri_activity,406
2013,Број,Ливно,agri_activity,3065
2013,Број,Лукавац,agri_activity,6475
2013,Број,Љубушки,agri_activity,2302
2013,Број,Маглај,agri_activity,3243
2013,Број,Мостар,agri_activity,6039
2013,Број,Неум,agri_activity,350
2013,Број,novi_grad_sarajevo,agri_activity,3007
2013,Број,Нови Травник,agri_activity,3077
2013,Број,novo_sarajevo,agri_activity,855
2013,Број,Оџак,agri_activity,1342
2013,Број,Олово,agri_activity,1929
2013,Број,Орашје,agri_activity,2205
2013,Број,pale-fbih,agri_activity,174
2013,Број,Посушје,agri_activity,1783
2013,Број,Прозор,agri_activity,1588
2013,Број,Равно,agri_activity,261
2013,Број,Сански Мост,agri_activity,1912
2013,Број,Сапна,agri_activity,1524
2013,Број,Сребреник,agri_activity,5602
2013,Број,stari_grad_sarajevo,agri_activity,917
2013,Број,Столац,agri_activity,1561
2013,Број,Широки Бријег,agri_activity,3525
2013,Број,Теочак,agri_activity,1036
2013,Број,Тешањ,agri_activity,6098
2013,Број,Томиславград,agri_activity,2153
2013,Број,Травник,agri_activity,5648
2013,Број,trnovo-fbih,agri_activity,435
2013,Број,Тузла,agri_activity,6752
2013,Број,Усора,agri_activity,927
2013,Број,Вареш,agri_activity,1167
2013,Број,Велика Кладуша,agri_activity,4535
2013,Број,Високо,agri_activity,5810
2013,Број,Витез,agri_activity,3383
2013,Број,vogosca,agri_activity,1508
2013,Број,Завидовићи,agri_activity,6224
2013,Број,Зеница,agri_activity,8853
2013,Број,Жепче,agri_activity,4829
2013,Број,Живинице,agri_activity,7980
2013,Број,Бановићи,agri_activity_sale,246
2013,Број,Бихаћ,agri_activity_sale,444
2013,Број,Босанска Крупа,agri_activity_sale,484
2013,Број,Босански Петровац,agri_activity_sale,229
2013,Број,Босанско Грахово,agri_activity_sale,61
2013,Број,Бреза,agri_activity_sale,247
2013,Број,Бугојно,agri_activity_sale,649
2013,Број,Бусовача,agri_activity_sale,253
2013,Број,Бужим,agri_activity_sale,582
2013,Број,Цазин,agri_activity_sale,1105
2013,Број,centar_sarajevo,agri_activity_sale,73
2013,Број,Чапљина,agri_activity_sale,1457
2013,Број,Челић,agri_activity_sale,557
2013,Број,Читлук,agri_activity_sale,144
2013,Број,doboj-istok,agri_activity_sale,261
2013,Број,doboj-jug,agri_activity_sale,30
2013,Број,Добретићи,agri_activity_sale,10
2013,Број,domaljevac-samac,agri_activity_sale,94
2013,Број,Доњи Вакуф,agri_activity_sale,381
2013,Број,Дрвар,agri_activity_sale,75
2013,Број,foca-fbih,agri_activity_sale,82
2013,Број,Фојница,agri_activity_sale,268
2013,Број,Гламоч,agri_activity_sale,339
2013,Број,Горажде,agri_activity_sale,357
2013,Број,gornji_vakuf-uskoplje,agri_activity_sale,534
2013,Број,Грачаница,agri_activity_sale,829
2013,Број,Градачац,agri_activity_sale,1404
2013,Број,Груде,agri_activity_sale,143
2013,Број,hadzici,agri_activity_sale,253
2013,Број,ilidza,agri_activity_sale,202
2013,Број,ilijas,agri_activity_sale,204
2013,Број,Јабланица,agri_activity_sale,117
2013,Број,Јајце,agri_activity_sale,351
2013,Број,Какањ,agri_activity_sale,486
2013,Број,Калесија,agri_activity_sale,584
2013,Број,Кисељак,agri_activity_sale,314
2013,Број,Кладањ,agri_activity_sale,143
2013,Број,Кључ,agri_activity_sale,281
2013,Број,Коњиц,agri_activity_sale,572
2013,Број,Крешево,agri_activity_sale,65
2013,Број,kupres-fbih,agri_activity_sale,123
2013,Број,Ливно,agri_activity_sale,466
2013,Број,Лукавац,agri_activity_sale,331
2013,Број,Љубушки,agri_activity_sale,766
2013,Број,Маглај,agri_activity_sale,216
2013,Број,Мостар,agri_activity_sale,635
2013,Број,Неум,agri_activity_sale,15
2013,Број,novi_grad_sarajevo,agri_activity_sale,164
2013,Број,Нови Травник,agri_activity_sale,679
2013,Број,novo_sarajevo,agri_activity_sale,58
2013,Број,Оџак,agri_activity_sale,238
2013,Број,Олово,agri_activity_sale,98
2013,Број,Орашје,agri_activity_sale,502
2013,Број,pale-fbih,agri_activity_sale,23
2013,Број,Посушје,agri_activity_sale,106
2013,Број,Прозор,agri_activity_sale,208
2013,Број,Равно,agri_activity_sale,74
2013,Број,Сански Мост,agri_activity_sale,481
2013,Број,Сапна,agri_activity_sale,177
2013,Број,Сребреник,agri_activity_sale,496
2013,Број,stari_grad_sarajevo,agri_activity_sale,51
2013,Број,Столац,agri_activity_sale,586
2013,Број,Широки Бријег,agri_activity_sale,146
2013,Број,Теочак,agri_activity_sale,54
2013,Број,Тешањ,agri_activity_sale,874
2013,Број,Томиславград,agri_activity_sale,356
2013,Број,Травник,agri_activity_sale,1204
2013,Број,trnovo-fbih,agri_activity_sale,80
2013,Број,Тузла,agri_activity_sale,393
2013,Број,Усора,agri_activity_sale,46
2013,Број,Вареш,agri_activity_sale,146
2013,Број,Велика Кладуша,agri_activity_sale,941
2013,Број,Високо,agri_activity_sale,928
2013,Број,Витез,agri_activity_sale,281
2013,Број,vogosca,agri_activity_sale,156
2013,Број,Завидовићи,agri_activity_sale,296
2013,Број,Зеница,agri_activity_sale,1231
2013,Број,Жепче,agri_activity_sale,787
2013,Број,Живинице,agri_activity_sale,767
