Year,UNIT_MEASURE,Административно подручје,Literacy,Пол,Value
2013,Број,Бановићи,literate,M,10008
2013,Број,Бихаћ,literate,M,23902
2013,Број,Босанска Крупа,literate,M,10827
2013,Број,Босански Петровац,literate,M,3310
2013,Број,Босанско Грахово,literate,M,1205
2013,Број,Бреза,literate,M,6215
2013,Број,Бугојно,literate,M,13689
2013,Број,Бусовача,literate,M,7922
2013,Број,Бужим,literate,M,8307
2013,Број,Цазин,literate,M,28347
2013,Број,centar_sarajevo,literate,M,22675
2013,Број,Чапљина,literate,M,11440
2013,Број,Челић,literate,M,4628
2013,Број,Читлук,literate,M,7768
2013,Број,doboj-istok,literate,M,4352
2013,Број,doboj-jug,literate,M,1775
2013,Број,Добретићи,literate,M,827
2013,Број,domaljevac-samac,literate,M,2125
2013,Број,Доњи Вакуф,literate,M,6037
2013,Број,Дрвар,literate,M,3200
2013,Број,foca-fbih,literate,M,901
2013,Број,Фојница,literate,M,5384
2013,Број,Гламоч,literate,M,1746
2013,Број,Горажде,literate,M,9077
2013,Број,gornji_vakuf-uskoplje,literate,M,9125
2013,Број,Грачаница,literate,M,18769
2013,Број,Градачац,literate,M,16725
2013,Број,Груде,literate,M,7599
2013,Број,hadzici,literate,M,10287
2013,Број,ilidza,literate,M,28235
2013,Број,ilijas,literate,M,8171
2013,Број,Јабланица,literate,M,4526
2013,Број,Јајце,literate,M,12185
2013,Број,Какањ,literate,M,16181
2013,Број,Калесија,literate,M,14425
2013,Број,Кисељак,literate,M,8979
2013,Број,Кладањ,literate,M,5388
2013,Број,Кључ,literate,M,7484
2013,Број,Коњиц,literate,M,11032
2013,Број,Крешево,literate,M,2276
2013,Број,kupres-fbih,literate,M,2308
2013,Број,Ливно,literate,M,15330
2013,Број,Лукавац,literate,M,19474
2013,Број,Љубушки,literate,M,12328
2013,Број,Маглај,literate,M,10042
2013,Број,Мостар,literate,M,45482
2013,Број,Неум,literate,M,2089
2013,Број,novi_grad_sarajevo,literate,M,48841
2013,Број,Нови Травник,literate,M,10277
2013,Број,novo_sarajevo,literate,M,26401
2013,Број,Оџак,literate,M,8411
2013,Број,Олово,literate,M,4568
2013,Број,Орашје,literate,M,9033
2013,Број,pale-fbih,literate,M,401
2013,Број,Посушје,literate,M,8798
2013,Број,Прозор,literate,M,6273
2013,Број,Равно,literate,M,1508
2013,Број,Сански Мост,literate,M,18623
2013,Број,Сапна,literate,M,4910
2013,Број,Сребреник,literate,M,16723
2013,Број,stari_grad_sarajevo,literate,M,15740
2013,Број,Столац,literate,M,6483
2013,Број,Широки Бријег,literate,M,12458
2013,Број,Теочак,literate,M,3296
2013,Број,Тешањ,literate,M,18374
2013,Број,Томиславград,literate,M,14131
2013,Број,Травник,literate,M,23009
2013,Број,trnovo-fbih,literate,M,692
2013,Број,Тузла,literate,M,47151
2013,Број,Усора,literate,M,2968
2013,Број,Вареш,literate,M,4022
2013,Број,Велика Кладуша,literate,M,16588
2013,Број,Високо,literate,M,17119
2013,Број,Витез,literate,M,11068
2013,Број,vogosca,literate,M,10944
2013,Број,Завидовићи,literate,M,15597
2013,Број,Зеница,literate,M,48308
2013,Број,Жепче,literate,M,13364
2013,Број,Живинице,literate,M,24945
2013,Број,Бановићи,literate,Ж,9449
2013,Број,Бихаћ,literate,Ж,25191
2013,Број,Босанска Крупа,literate,Ж,10591
2013,Број,Босански Петровац,literate,Ж,3120
2013,Број,Босанско Грахово,literate,Ж,1011
2013,Број,Бреза,literate,Ж,6159
2013,Број,Бугојно,literate,Ж,13439
2013,Број,Бусовача,literate,Ж,7250
2013,Број,Бужим,literate,Ж,7529
2013,Број,Цазин,literate,Ж,26903
2013,Број,centar_sarajevo,literate,Ж,26859
2013,Број,Чапљина,literate,Ж,11407
2013,Број,Челић,literate,Ж,4354
2013,Број,Читлук,literate,Ж,7793
2013,Број,doboj-istok,literate,Ж,4211
2013,Број,doboj-jug,literate,Ж,1718
2013,Број,Добретићи,literate,Ж,571
2013,Број,domaljevac-samac,literate,Ж,2070
2013,Број,Доњи Вакуф,literate,Ж,5837
2013,Број,Дрвар,literate,Ж,3186
2013,Број,foca-fbih,literate,Ж,777
2013,Број,Фојница,literate,Ж,5050
2013,Број,Гламоч,literate,Ж,1620
2013,Број,Горажде,literate,Ж,9190
2013,Број,gornji_vakuf-uskoplje,literate,Ж,8461
2013,Број,Грачаница,literate,Ж,19536
2013,Број,Градачац,literate,Ж,16905
2013,Број,Груде,literate,Ж,7467
2013,Број,hadzici,literate,Ж,9893
2013,Број,ilidza,literate,Ж,29428
2013,Број,ilijas,literate,Ж,8409
2013,Број,Јабланица,literate,Ж,4353
2013,Број,Јајце,literate,Ж,10881
2013,Број,Какањ,literate,Ж,15590
2013,Број,Калесија,literate,Ж,13271
2013,Број,Кисељак,literate,Ж,8691
2013,Број,Кладањ,literate,Ж,5368
2013,Број,Кључ,literate,Ж,7018
2013,Број,Коњиц,literate,Ж,10641
2013,Број,Крешево,literate,Ж,2278
2013,Број,kupres-fbih,literate,Ж,2202
2013,Број,Ливно,literate,Ж,15001
2013,Број,Лукавац,literate,Ж,19292
2013,Број,Љубушки,literate,Ж,12242
2013,Број,Маглај,literate,Ж,9966
2013,Број,Мостар,literate,Ж,48016
2013,Број,Неум,literate,Ж,1960
2013,Број,novi_grad_sarajevo,literate,Ж,54682
2013,Број,Нови Травник,literate,Ж,10000
2013,Број,novo_sarajevo,literate,Ж,31659
2013,Број,Оџак,literate,Ж,8175
2013,Број,Олово,literate,Ж,4277
2013,Број,Орашје,literate,Ж,8543
2013,Број,pale-fbih,literate,Ж,361
2013,Број,Посушје,literate,Ж,8492
2013,Број,Прозор,literate,Ж,5788
2013,Број,Равно,literate,Ж,1385
2013,Број,Сански Мост,literate,Ж,17587
2013,Број,Сапна,literate,Ж,4220
2013,Број,Сребреник,literate,Ж,16438
2013,Број,stari_grad_sarajevo,literate,Ж,17397
2013,Број,Столац,literate,Ж,6214
2013,Број,Широки Бријег,literate,Ж,12343
2013,Број,Теочак,literate,Ж,3034
2013,Број,Тешањ,literate,Ж,17845
2013,Број,Томиславград,literate,Ж,13164
2013,Број,Травник,literate,Ж,22430
2013,Број,trnovo-fbih,literate,Ж,575
2013,Број,Тузла,literate,Ж,51056
2013,Број,Усора,literate,Ж,2885
2013,Број,Вареш,literate,Ж,4016
2013,Број,Велика Кладуша,literate,Ж,16281
2013,Број,Високо,literate,Ж,16939
2013,Број,Витез,literate,Ж,11025
2013,Број,vogosca,literate,Ж,11682
2013,Број,Завидовићи,literate,Ж,14998
2013,Број,Зеница,literate,Ж,48203
2013,Број,Жепче,literate,Ж,12489
2013,Број,Живинице,literate,Ж,23846
2013,Број,Бановићи,illiterate,M,62
2013,Број,Бихаћ,illiterate,M,200
2013,Број,Босанска Крупа,illiterate,M,125
2013,Број,Босански Петровац,illiterate,M,34
2013,Број,Босанско Грахово,illiterate,M,7
2013,Број,Бреза,illiterate,M,32
2013,Број,Бугојно,illiterate,M,97
2013,Број,Бусовача,illiterate,M,60
2013,Број,Бужим,illiterate,M,95
2013,Број,Цазин,illiterate,M,277
2013,Број,centar_sarajevo,illiterate,M,60
2013,Број,Чапљина,illiterate,M,46
2013,Број,Челић,illiterate,M,64
2013,Број,Читлук,illiterate,M,22
2013,Број,doboj-istok,illiterate,M,103
2013,Број,doboj-jug,illiterate,M,2
2013,Број,Добретићи,illiterate,M,22
2013,Број,domaljevac-samac,illiterate,M,23
2013,Број,Доњи Вакуф,illiterate,M,55
2013,Број,Дрвар,illiterate,M,21
2013,Број,foca-fbih,illiterate,M,7
2013,Број,Фојница,illiterate,M,57
2013,Број,Гламоч,illiterate,M,17
2013,Број,Горажде,illiterate,M,70
2013,Број,gornji_vakuf-uskoplje,illiterate,M,85
2013,Број,Грачаница,illiterate,M,168
2013,Број,Градачац,illiterate,M,165
2013,Број,Груде,illiterate,M,42
2013,Број,hadzici,illiterate,M,198
2013,Број,ilidza,illiterate,M,107
2013,Број,ilijas,illiterate,M,60
2013,Број,Јабланица,illiterate,M,37
2013,Број,Јајце,illiterate,M,110
2013,Број,Какањ,illiterate,M,171
2013,Број,Калесија,illiterate,M,119
2013,Број,Кисељак,illiterate,M,93
2013,Број,Кладањ,illiterate,M,36
2013,Број,Кључ,illiterate,M,53
2013,Број,Коњиц,illiterate,M,86
2013,Број,Крешево,illiterate,M,16
2013,Број,kupres-fbih,illiterate,M,14
2013,Број,Ливно,illiterate,M,77
2013,Број,Лукавац,illiterate,M,185
2013,Број,Љубушки,illiterate,M,49
2013,Број,Маглај,illiterate,M,64
2013,Број,Мостар,illiterate,M,137
2013,Број,Неум,illiterate,M,11
2013,Број,novi_grad_sarajevo,illiterate,M,159
2013,Број,Нови Травник,illiterate,M,58
2013,Број,novo_sarajevo,illiterate,M,58
2013,Број,Оџак,illiterate,M,64
2013,Број,Олово,illiterate,M,32
2013,Број,Орашје,illiterate,M,81
2013,Број,pale-fbih,illiterate,M,12
2013,Број,Посушје,illiterate,M,52
2013,Број,Прозор,illiterate,M,55
2013,Број,Равно,illiterate,M,5
2013,Број,Сански Мост,illiterate,M,150
2013,Број,Сапна,illiterate,M,72
2013,Број,Сребреник,illiterate,M,213
2013,Број,stari_grad_sarajevo,illiterate,M,44
2013,Број,Столац,illiterate,M,67
2013,Број,Широки Бријег,illiterate,M,53
2013,Број,Теочак,illiterate,M,40
2013,Број,Тешањ,illiterate,M,152
2013,Број,Томиславград,illiterate,M,104
2013,Број,Травник,illiterate,M,212
2013,Број,trnovo-fbih,illiterate,M,12
2013,Број,Тузла,illiterate,M,277
2013,Број,Усора,illiterate,M,18
2013,Број,Вареш,illiterate,M,29
2013,Број,Велика Кладуша,illiterate,M,267
2013,Број,Високо,illiterate,M,120
2013,Број,Витез,illiterate,M,51
2013,Број,vogosca,illiterate,M,50
2013,Број,Завидовићи,illiterate,M,150
2013,Број,Зеница,illiterate,M,214
2013,Број,Жепче,illiterate,M,93
2013,Број,Живинице,illiterate,M,218
2013,Број,Бановићи,illiterate,Ж,603
2013,Број,Бихаћ,illiterate,Ж,1031
2013,Број,Босанска Крупа,illiterate,Ж,793
2013,Број,Босански Петровац,illiterate,Ж,166
2013,Број,Босанско Грахово,illiterate,Ж,82
2013,Број,Бреза,illiterate,Ж,355
2013,Број,Бугојно,illiterate,Ж,612
2013,Број,Бусовача,illiterate,Ж,409
2013,Број,Бужим,illiterate,Ж,480
2013,Број,Цазин,illiterate,Ж,1794
2013,Број,centar_sarajevo,illiterate,Ж,354
2013,Број,Чапљина,illiterate,Ж,294
2013,Број,Челић,illiterate,Ж,293
2013,Број,Читлук,illiterate,Ж,164
2013,Број,doboj-istok,illiterate,Ж,400
2013,Број,doboj-jug,illiterate,Ж,74
2013,Број,Добретићи,illiterate,Ж,107
2013,Број,domaljevac-samac,illiterate,Ж,94
2013,Број,Доњи Вакуф,illiterate,Ж,344
2013,Број,Дрвар,illiterate,Ж,118
2013,Број,foca-fbih,illiterate,Ж,84
2013,Број,Фојница,illiterate,Ж,341
2013,Број,Гламоч,illiterate,Ж,102
2013,Број,Горажде,illiterate,Ж,587
2013,Број,gornji_vakuf-uskoplje,illiterate,Ж,548
2013,Број,Грачаница,illiterate,Ж,1207
2013,Број,Градачац,illiterate,Ж,900
2013,Број,Груде,illiterate,Ж,219
2013,Број,hadzici,illiterate,Ж,621
2013,Број,ilidza,illiterate,Ж,1004
2013,Број,ilijas,illiterate,Ж,643
2013,Број,Јабланица,illiterate,Ж,282
2013,Број,Јајце,illiterate,Ж,782
2013,Број,Какањ,illiterate,Ж,961
2013,Број,Калесија,illiterate,Ж,1075
2013,Број,Кисељак,illiterate,Ж,509
2013,Број,Кладањ,illiterate,Ж,249
2013,Број,Кључ,illiterate,Ж,512
2013,Број,Коњиц,illiterate,Ж,765
2013,Број,Крешево,illiterate,Ж,127
2013,Број,kupres-fbih,illiterate,Ж,100
2013,Број,Ливно,illiterate,Ж,554
2013,Број,Лукавац,illiterate,Ж,1359
2013,Број,Љубушки,illiterate,Ж,312
2013,Број,Маглај,illiterate,Ж,444
2013,Број,Мостар,illiterate,Ж,1006
2013,Број,Неум,illiterate,Ж,105
2013,Број,novi_grad_sarajevo,illiterate,Ж,1470
2013,Број,Нови Травник,illiterate,Ж,459
2013,Број,novo_sarajevo,illiterate,Ж,450
2013,Број,Оџак,illiterate,Ж,370
2013,Број,Олово,illiterate,Ж,307
2013,Број,Орашје,illiterate,Ж,297
2013,Број,pale-fbih,illiterate,Ж,50
2013,Број,Посушје,illiterate,Ж,314
2013,Број,Прозор,illiterate,Ж,357
2013,Број,Равно,illiterate,Ж,33
2013,Број,Сански Мост,illiterate,Ж,959
2013,Број,Сапна,illiterate,Ж,484
2013,Број,Сребреник,illiterate,Ж,1388
2013,Број,stari_grad_sarajevo,illiterate,Ж,392
2013,Број,Столац,illiterate,Ж,232
2013,Број,Широки Бријег,illiterate,Ж,385
2013,Број,Теочак,illiterate,Ж,241
2013,Број,Тешањ,illiterate,Ж,1053
2013,Број,Томиславград,illiterate,Ж,579
2013,Број,Травник,illiterate,Ж,1191
2013,Број,trnovo-fbih,illiterate,Ж,135
2013,Број,Тузла,illiterate,Ж,1992
2013,Број,Усора,illiterate,Ж,151
2013,Број,Вареш,illiterate,Ж,175
2013,Број,Велика Кладуша,illiterate,Ж,1348
2013,Број,Високо,illiterate,Ж,865
2013,Број,Витез,illiterate,Ж,402
2013,Број,vogosca,illiterate,Ж,489
2013,Број,Завидовићи,illiterate,Ж,885
2013,Број,Зеница,illiterate,Ж,1597
2013,Број,Жепче,illiterate,Ж,591
2013,Број,Живинице,illiterate,Ж,1798
2013,Број,Бановићи,Непознато,M,85
2013,Број,Бихаћ,Непознато,M,162
2013,Број,Босанска Крупа,Непознато,M,113
2013,Број,Босански Петровац,Непознато,M,50
2013,Број,Босанско Грахово,Непознато,M,7
2013,Број,Бреза,Непознато,M,14
2013,Број,Бугојно,Непознато,M,170
2013,Број,Бусовача,Непознато,M,85
2013,Број,Бужим,Непознато,M,76
2013,Број,Цазин,Непознато,M,251
2013,Број,centar_sarajevo,Непознато,M,55
2013,Број,Чапљина,Непознато,M,130
2013,Број,Челић,Непознато,M,48
2013,Број,Читлук,Непознато,M,117
2013,Број,doboj-istok,Непознато,M,23
2013,Број,doboj-jug,Непознато,M,13
2013,Број,Добретићи,Непознато,M,8
2013,Број,domaljevac-samac,Непознато,M,27
2013,Број,Доњи Вакуф,Непознато,M,66
2013,Број,Дрвар,Непознато,M,16
2013,Број,foca-fbih,Непознато,M,3
2013,Број,Фојница,Непознато,M,131
2013,Број,Гламоч,Непознато,M,22
2013,Број,Горажде,Непознато,M,45
2013,Број,gornji_vakuf-uskoplje,Непознато,M,144
2013,Број,Грачаница,Непознато,M,141
2013,Број,Градачац,Непознато,M,96
2013,Број,Груде,Непознато,M,89
2013,Број,hadzici,Непознато,M,43
2013,Број,ilidza,Непознато,M,108
2013,Број,ilijas,Непознато,M,30
2013,Број,Јабланица,Непознато,M,15
2013,Број,Јајце,Непознато,M,157
2013,Број,Какањ,Непознато,M,92
2013,Број,Калесија,Непознато,M,136
2013,Број,Кисељак,Непознато,M,86
2013,Број,Кладањ,Непознато,M,33
2013,Број,Кључ,Непознато,M,67
2013,Број,Коњиц,Непознато,M,119
2013,Број,Крешево,Непознато,M,31
2013,Број,kupres-fbih,Непознато,M,19
2013,Број,Ливно,Непознато,M,157
2013,Број,Лукавац,Непознато,M,125
2013,Број,Љубушки,Непознато,M,131
2013,Број,Маглај,Непознато,M,70
2013,Број,Мостар,Непознато,M,338
2013,Број,Неум,Непознато,M,18
2013,Број,novi_grad_sarajevo,Непознато,M,176
2013,Број,Нови Травник,Непознато,M,153
2013,Број,novo_sarajevo,Непознато,M,62
2013,Број,Оџак,Непознато,M,114
2013,Број,Олово,Непознато,M,27
2013,Број,Орашје,Непознато,M,101
2013,Број,pale-fbih,Непознато,M,0
2013,Број,Посушје,Непознато,M,110
2013,Број,Прозор,Непознато,M,105
2013,Број,Равно,Непознато,M,10
2013,Број,Сански Мост,Непознато,M,179
2013,Број,Сапна,Непознато,M,45
2013,Број,Сребреник,Непознато,M,172
2013,Број,stari_grad_sarajevo,Непознато,M,63
2013,Број,Столац,Непознато,M,80
2013,Број,Широки Бријег,Непознато,M,144
2013,Број,Теочак,Непознато,M,23
2013,Број,Тешањ,Непознато,M,120
2013,Број,Томиславград,Непознато,M,183
2013,Број,Травник,Непознато,M,330
2013,Број,trnovo-fbih,Непознато,M,3
2013,Број,Тузла,Непознато,M,257
2013,Број,Усора,Непознато,M,23
2013,Број,Вареш,Непознато,M,31
2013,Број,Велика Кладуша,Непознато,M,126
2013,Број,Високо,Непознато,M,100
2013,Број,Витез,Непознато,M,129
2013,Број,vogosca,Непознато,M,31
2013,Број,Завидовићи,Непознато,M,119
2013,Број,Зеница,Непознато,M,190
2013,Број,Жепче,Непознато,M,96
2013,Број,Живинице,Непознато,M,125
2013,Број,Бановићи,Непознато,Ж,148
2013,Број,Бихаћ,Непознато,Ж,317
2013,Број,Босанска Крупа,Непознато,Ж,178
2013,Број,Босански Петровац,Непознато,Ж,75
2013,Број,Босанско Грахово,Непознато,Ж,19
2013,Број,Бреза,Непознато,Ж,34
2013,Број,Бугојно,Непознато,Ж,298
2013,Број,Бусовача,Непознато,Ж,144
2013,Број,Бужим,Непознато,Ж,103
2013,Број,Цазин,Непознато,Ж,445
2013,Број,centar_sarajevo,Непознато,Ж,158
2013,Број,Чапљина,Непознато,Ж,248
2013,Број,Челић,Непознато,Ж,67
2013,Број,Читлук,Непознато,Ж,184
2013,Број,doboj-istok,Непознато,Ж,48
2013,Број,doboj-jug,Непознато,Ж,32
2013,Број,Добретићи,Непознато,Ж,10
2013,Број,domaljevac-samac,Непознато,Ж,32
2013,Број,Доњи Вакуф,Непознато,Ж,105
2013,Број,Дрвар,Непознато,Ж,35
2013,Број,foca-fbih,Непознато,Ж,5
2013,Број,Фојница,Непознато,Ж,201
2013,Број,Гламоч,Непознато,Ж,27
2013,Број,Горажде,Непознато,Ж,105
2013,Број,gornji_vakuf-uskoplje,Непознато,Ж,267
2013,Број,Грачаница,Непознато,Ж,281
2013,Број,Градачац,Непознато,Ж,206
2013,Број,Груде,Непознато,Ж,135
2013,Број,hadzici,Непознато,Ж,130
2013,Број,ilidza,Непознато,Ж,269
2013,Број,ilijas,Непознато,Ж,77
2013,Број,Јабланица,Непознато,Ж,37
2013,Број,Јајце,Непознато,Ж,298
2013,Број,Какањ,Непознато,Ж,210
2013,Број,Калесија,Непознато,Ж,286
2013,Број,Кисељак,Непознато,Ж,135
2013,Број,Кладањ,Непознато,Ж,66
2013,Број,Кључ,Непознато,Ж,102
2013,Број,Коњиц,Непознато,Ж,222
2013,Број,Крешево,Непознато,Ж,35
2013,Број,kupres-fbih,Непознато,Ж,34
2013,Број,Ливно,Непознато,Ж,215
2013,Број,Лукавац,Непознато,Ж,225
2013,Број,Љубушки,Непознато,Ж,197
2013,Број,Маглај,Непознато,Ж,167
2013,Број,Мостар,Непознато,Ж,594
2013,Број,Неум,Непознато,Ж,27
2013,Број,novi_grad_sarajevo,Непознато,Ж,425
2013,Број,Нови Травник,Непознато,Ж,222
2013,Број,novo_sarajevo,Непознато,Ж,153
2013,Број,Оџак,Непознато,Ж,171
2013,Број,Олово,Непознато,Ж,101
2013,Број,Орашје,Непознато,Ж,153
2013,Број,pale-fbih,Непознато,Ж,3
2013,Број,Посушје,Непознато,Ж,142
2013,Број,Прозор,Непознато,Ж,194
2013,Број,Равно,Непознато,Ж,24
2013,Број,Сански Мост,Непознато,Ж,321
2013,Број,Сапна,Непознато,Ж,67
2013,Број,Сребреник,Непознато,Ж,329
2013,Број,stari_grad_sarajevo,Непознато,Ж,124
2013,Број,Столац,Непознато,Ж,100
2013,Број,Широки Бријег,Непознато,Ж,261
2013,Број,Теочак,Непознато,Ж,36
2013,Број,Тешањ,Непознато,Ж,220
2013,Број,Томиславград,Непознато,Ж,222
2013,Број,Травник,Непознато,Ж,538
2013,Број,trnovo-fbih,Непознато,Ж,4
2013,Број,Тузла,Непознато,Ж,432
2013,Број,Усора,Непознато,Ж,36
2013,Број,Вареш,Непознато,Ж,53
2013,Број,Велика Кладуша,Непознато,Ж,222
2013,Број,Високо,Непознато,Ж,155
2013,Број,Витез,Непознато,Ж,235
2013,Број,vogosca,Непознато,Ж,92
2013,Број,Завидовићи,Непознато,Ж,237
2013,Број,Зеница,Непознато,Ж,438
2013,Број,Жепче,Непознато,Ж,186
2013,Број,Живинице,Непознато,Ж,266
