Year,UNIT_MEASURE,Municipality,Пол,Disabilities,Value
2013,Број,banovici,Оба пола,T,1839
2013,Број,bihac,Оба пола,T,4952
2013,Број,bosanska_krupa,Оба пола,T,2373
2013,Број,bosanski_petrovac,Оба пола,T,654
2013,Број,bosansko_grahovo,Оба пола,T,319
2013,Број,breza,Оба пола,T,1289
2013,Број,bugojno,Оба пола,T,2436
2013,Број,busovaca,Оба пола,T,1274
2013,Број,buzim,Оба пола,T,1064
2013,Број,cazin,Оба пола,T,4563
2013,Број,centar_sarajevo,Оба пола,T,4800
2013,Број,capljina,Оба пола,T,1736
2013,Број,celic,Оба пола,T,1132
2013,Број,citluk,Оба пола,T,1078
2013,Број,doboj-istok,Оба пола,T,1056
2013,Број,doboj-jug,Оба пола,T,321
2013,Број,dobretici,Оба пола,T,201
2013,Број,domaljevac-samac,Оба пола,T,452
2013,Број,donji_vakuf,Оба пола,T,1218
2013,Број,drvar,Оба пола,T,1017
2013,Број,foca-fbih,Оба пола,T,211
2013,Број,fojnica,Оба пола,T,1742
2013,Број,glamoc,Оба пола,T,479
2013,Број,gorazde,Оба пола,T,2279
2013,Број,gornji_vakuf-uskoplje,Оба пола,T,1439
2013,Број,gracanica,Оба пола,T,3618
2013,Број,gradacac,Оба пола,T,3077
2013,Број,grude,Оба пола,T,867
2013,Број,hadzici,Оба пола,T,2264
2013,Број,ilidza,Оба пола,T,5142
2013,Број,ilijas,Оба пола,T,1733
2013,Број,jablanica,Оба пола,T,735
2013,Број,jajce,Оба пола,T,2171
2013,Број,kakanj,Оба пола,T,2591
2013,Број,kalesija,Оба пола,T,3029
2013,Број,kiseljak,Оба пола,T,1602
2013,Број,kladanj,Оба пола,T,1007
2013,Број,kljuc,Оба пола,T,1079
2013,Број,konjic,Оба пола,T,2071
2013,Број,kresevo,Оба пола,T,463
2013,Број,kupres-fbih,Оба пола,T,305
2013,Број,livno,Оба пола,T,1776
2013,Број,lukavac,Оба пола,T,5056
2013,Број,ljubuski,Оба пола,T,1740
2013,Број,maglaj,Оба пола,T,2138
2013,Број,mostar,Оба пола,T,7239
2013,Број,neum,Оба пола,T,272
2013,Број,novi_grad_sarajevo,Оба пола,T,10183
2013,Број,novi_travnik,Оба пола,T,1819
2013,Број,novo_sarajevo,Оба пола,T,5230
2013,Број,odzak,Оба пола,T,1164
2013,Број,olovo,Оба пола,T,1119
2013,Број,orasje,Оба пола,T,1771
2013,Број,pale-fbih,Оба пола,T,129
2013,Број,posusje,Оба пола,T,1131
2013,Број,prozor,Оба пола,T,666
2013,Број,ravno,Оба пола,T,135
2013,Број,sanski_most,Оба пола,T,2236
2013,Број,sapna,Оба пола,T,642
2013,Број,srebrenik,Оба пола,T,3768
2013,Број,stari_grad_sarajevo,Оба пола,T,3785
2013,Број,stolac,Оба пола,T,1016
2013,Број,siroki_brijeg,Оба пола,T,1356
2013,Број,teocak,Оба пола,T,531
2013,Број,tesanj,Оба пола,T,3254
2013,Број,tomislavgrad,Оба пола,T,1129
2013,Број,travnik,Оба пола,T,4081
2013,Број,trnovo-fbih,Оба пола,T,195
2013,Број,tuzla,Оба пола,T,12780
2013,Број,usora,Оба пола,T,468
2013,Број,vares,Оба пола,T,1180
2013,Број,velika_kladusa,Оба пола,T,3785
2013,Број,visoko,Оба пола,T,3073
2013,Број,vitez,Оба пола,T,2188
2013,Број,vogosca,Оба пола,T,2397
2013,Број,zavidovici,Оба пола,T,3643
2013,Број,zenica,Оба пола,T,8924
2013,Број,zepce,Оба пола,T,2367
2013,Број,zivinice,Оба пола,T,5883
2013,Број,banovici,M,T,762
2013,Број,bihac,M,T,2313
2013,Број,bosanska_krupa,M,T,1176
2013,Број,bosanski_petrovac,M,T,298
2013,Број,bosansko_grahovo,M,T,136
2013,Број,breza,M,T,586
2013,Број,bugojno,M,T,1130
2013,Број,busovaca,M,T,622
2013,Број,buzim,M,T,596
2013,Број,cazin,M,T,2340
2013,Број,centar_sarajevo,M,T,1914
2013,Број,capljina,M,T,863
2013,Број,celic,M,T,499
2013,Број,citluk,M,T,493
2013,Број,doboj-istok,M,T,477
2013,Број,doboj-jug,M,T,157
2013,Број,dobretici,M,T,122
2013,Број,domaljevac-samac,M,T,213
2013,Број,donji_vakuf,M,T,598
2013,Број,drvar,M,T,434
2013,Број,foca-fbih,M,T,97
2013,Број,fojnica,M,T,879
2013,Број,glamoc,M,T,198
2013,Број,gorazde,M,T,993
2013,Број,gornji_vakuf-uskoplje,M,T,706
2013,Број,gracanica,M,T,1600
2013,Број,gradacac,M,T,1362
2013,Број,grude,M,T,368
2013,Број,hadzici,M,T,1055
2013,Број,ilidza,M,T,2257
2013,Број,ilijas,M,T,756
2013,Број,jablanica,M,T,327
2013,Број,jajce,M,T,1028
2013,Број,kakanj,M,T,1161
2013,Број,kalesija,M,T,1375
2013,Број,kiseljak,M,T,748
2013,Број,kladanj,M,T,456
2013,Број,kljuc,M,T,477
2013,Број,konjic,M,T,927
2013,Број,kresevo,M,T,189
2013,Број,kupres-fbih,M,T,138
2013,Број,livno,M,T,821
2013,Број,lukavac,M,T,2125
2013,Број,ljubuski,M,T,782
2013,Број,maglaj,M,T,938
2013,Број,mostar,M,T,3314
2013,Број,neum,M,T,120
2013,Број,novi_grad_sarajevo,M,T,4283
2013,Број,novi_travnik,M,T,858
2013,Број,novo_sarajevo,M,T,2076
2013,Број,odzak,M,T,528
2013,Број,olovo,M,T,475
2013,Број,orasje,M,T,844
2013,Број,pale-fbih,M,T,60
2013,Број,posusje,M,T,619
2013,Број,prozor,M,T,308
2013,Број,ravno,M,T,57
2013,Број,sanski_most,M,T,1053
2013,Број,sapna,M,T,326
2013,Број,srebrenik,M,T,1605
2013,Број,stari_grad_sarajevo,M,T,1582
2013,Број,stolac,M,T,468
2013,Број,siroki_brijeg,M,T,604
2013,Број,teocak,M,T,255
2013,Број,tesanj,M,T,1526
2013,Број,tomislavgrad,M,T,553
2013,Број,travnik,M,T,1859
2013,Број,trnovo-fbih,M,T,82
2013,Број,tuzla,M,T,5302
2013,Број,usora,M,T,217
2013,Број,vares,M,T,516
2013,Број,velika_kladusa,M,T,1802
2013,Број,visoko,M,T,1400
2013,Број,vitez,M,T,1047
2013,Број,vogosca,M,T,1036
2013,Број,zavidovici,M,T,1706
2013,Број,zenica,M,T,4045
2013,Број,zepce,M,T,1127
2013,Број,zivinice,M,T,2550
2013,Број,banovici,Ж,T,1077
2013,Број,bihac,Ж,T,2639
2013,Број,bosanska_krupa,Ж,T,1197
2013,Број,bosanski_petrovac,Ж,T,356
2013,Број,bosansko_grahovo,Ж,T,183
2013,Број,breza,Ж,T,703
2013,Број,bugojno,Ж,T,1306
2013,Број,busovaca,Ж,T,652
2013,Број,buzim,Ж,T,468
2013,Број,cazin,Ж,T,2223
2013,Број,centar_sarajevo,Ж,T,2886
2013,Број,capljina,Ж,T,873
2013,Број,celic,Ж,T,633
2013,Број,citluk,Ж,T,585
2013,Број,doboj-istok,Ж,T,579
2013,Број,doboj-jug,Ж,T,164
2013,Број,dobretici,Ж,T,79
2013,Број,domaljevac-samac,Ж,T,239
2013,Број,donji_vakuf,Ж,T,620
2013,Број,drvar,Ж,T,583
2013,Број,foca-fbih,Ж,T,114
2013,Број,fojnica,Ж,T,863
2013,Број,glamoc,Ж,T,281
2013,Број,gorazde,Ж,T,1286
2013,Број,gornji_vakuf-uskoplje,Ж,T,733
2013,Број,gracanica,Ж,T,2018
2013,Број,gradacac,Ж,T,1715
2013,Број,grude,Ж,T,499
2013,Број,hadzici,Ж,T,1209
2013,Број,ilidza,Ж,T,2885
2013,Број,ilijas,Ж,T,977
2013,Број,jablanica,Ж,T,408
2013,Број,jajce,Ж,T,1143
2013,Број,kakanj,Ж,T,1430
2013,Број,kalesija,Ж,T,1654
2013,Број,kiseljak,Ж,T,854
2013,Број,kladanj,Ж,T,551
2013,Број,kljuc,Ж,T,602
2013,Број,konjic,Ж,T,1144
2013,Број,kresevo,Ж,T,274
2013,Број,kupres-fbih,Ж,T,167
2013,Број,livno,Ж,T,955
2013,Број,lukavac,Ж,T,2931
2013,Број,ljubuski,Ж,T,958
2013,Број,maglaj,Ж,T,1200
2013,Број,mostar,Ж,T,3925
2013,Број,neum,Ж,T,152
2013,Број,novi_grad_sarajevo,Ж,T,5900
2013,Број,novi_travnik,Ж,T,961
2013,Број,novo_sarajevo,Ж,T,3154
2013,Број,odzak,Ж,T,636
2013,Број,olovo,Ж,T,644
2013,Број,orasje,Ж,T,927
2013,Број,pale-fbih,Ж,T,69
2013,Број,posusje,Ж,T,512
2013,Број,prozor,Ж,T,358
2013,Број,ravno,Ж,T,78
2013,Број,sanski_most,Ж,T,1183
2013,Број,sapna,Ж,T,316
2013,Број,srebrenik,Ж,T,2163
2013,Број,stari_grad_sarajevo,Ж,T,2203
2013,Број,stolac,Ж,T,548
2013,Број,siroki_brijeg,Ж,T,752
2013,Број,teocak,Ж,T,276
2013,Број,tesanj,Ж,T,1728
2013,Број,tomislavgrad,Ж,T,576
2013,Број,travnik,Ж,T,2222
2013,Број,trnovo-fbih,Ж,T,113
2013,Број,tuzla,Ж,T,7478
2013,Број,usora,Ж,T,251
2013,Број,vares,Ж,T,664
2013,Број,velika_kladusa,Ж,T,1983
2013,Број,visoko,Ж,T,1673
2013,Број,vitez,Ж,T,1141
2013,Број,vogosca,Ж,T,1361
2013,Број,zavidovici,Ж,T,1937
2013,Број,zenica,Ж,T,4879
2013,Број,zepce,Ж,T,1240
2013,Број,zivinice,Ж,T,3333
2013,Број,banovici,Оба пола,eyesight,750
2013,Број,bihac,Оба пола,eyesight,2073
2013,Број,bosanska_krupa,Оба пола,eyesight,1158
2013,Број,bosanski_petrovac,Оба пола,eyesight,254
2013,Број,bosansko_grahovo,Оба пола,eyesight,156
2013,Број,breza,Оба пола,eyesight,493
2013,Број,bugojno,Оба пола,eyesight,950
2013,Број,busovaca,Оба пола,eyesight,538
2013,Број,buzim,Оба пола,eyesight,465
2013,Број,cazin,Оба пола,eyesight,1906
2013,Број,centar_sarajevo,Оба пола,eyesight,1787
2013,Број,capljina,Оба пола,eyesight,736
2013,Број,celic,Оба пола,eyesight,553
2013,Број,citluk,Оба пола,eyesight,406
2013,Број,doboj-istok,Оба пола,eyesight,372
2013,Број,doboj-jug,Оба пола,eyesight,145
2013,Број,dobretici,Оба пола,eyesight,62
2013,Број,domaljevac-samac,Оба пола,eyesight,223
2013,Број,donji_vakuf,Оба пола,eyesight,503
2013,Број,drvar,Оба пола,eyesight,497
2013,Број,foca-fbih,Оба пола,eyesight,81
2013,Број,fojnica,Оба пола,eyesight,555
2013,Број,glamoc,Оба пола,eyesight,241
2013,Број,gorazde,Оба пола,eyesight,959
2013,Број,gornji_vakuf-uskoplje,Оба пола,eyesight,567
2013,Број,gracanica,Оба пола,eyesight,1400
2013,Број,gradacac,Оба пола,eyesight,1192
2013,Број,grude,Оба пола,eyesight,346
2013,Број,hadzici,Оба пола,eyesight,917
2013,Број,ilidza,Оба пола,eyesight,2009
2013,Број,ilijas,Оба пола,eyesight,724
2013,Број,jablanica,Оба пола,eyesight,271
2013,Број,jajce,Оба пола,eyesight,912
2013,Број,kakanj,Оба пола,eyesight,994
2013,Број,kalesija,Оба пола,eyesight,1405
2013,Број,kiseljak,Оба пола,eyesight,624
2013,Број,kladanj,Оба пола,eyesight,426
2013,Број,kljuc,Оба пола,eyesight,388
2013,Број,konjic,Оба пола,eyesight,838
2013,Број,kresevo,Оба пола,eyesight,176
2013,Број,kupres-fbih,Оба пола,eyesight,151
2013,Број,livno,Оба пола,eyesight,622
2013,Број,lukavac,Оба пола,eyesight,2247
2013,Број,ljubuski,Оба пола,eyesight,652
2013,Број,maglaj,Оба пола,eyesight,936
2013,Број,mostar,Оба пола,eyesight,2733
2013,Број,neum,Оба пола,eyesight,113
2013,Број,novi_grad_sarajevo,Оба пола,eyesight,4078
2013,Број,novi_travnik,Оба пола,eyesight,804
2013,Број,novo_sarajevo,Оба пола,eyesight,1803
2013,Број,odzak,Оба пола,eyesight,466
2013,Број,olovo,Оба пола,eyesight,439
2013,Број,orasje,Оба пола,eyesight,697
2013,Број,pale-fbih,Оба пола,eyesight,56
2013,Број,posusje,Оба пола,eyesight,356
2013,Број,prozor,Оба пола,eyesight,258
2013,Број,ravno,Оба пола,eyesight,42
2013,Број,sanski_most,Оба пола,eyesight,880
2013,Број,sapna,Оба пола,eyesight,226
2013,Број,srebrenik,Оба пола,eyesight,1779
2013,Број,stari_grad_sarajevo,Оба пола,eyesight,1538
2013,Број,stolac,Оба пола,eyesight,367
2013,Број,siroki_brijeg,Оба пола,eyesight,458
2013,Број,teocak,Оба пола,eyesight,211
2013,Број,tesanj,Оба пола,eyesight,1318
2013,Број,tomislavgrad,Оба пола,eyesight,365
2013,Број,travnik,Оба пола,eyesight,1696
2013,Број,trnovo-fbih,Оба пола,eyesight,74
2013,Број,tuzla,Оба пола,eyesight,5508
2013,Број,usora,Оба пола,eyesight,149
2013,Број,vares,Оба пола,eyesight,532
2013,Број,velika_kladusa,Оба пола,eyesight,1787
2013,Број,visoko,Оба пола,eyesight,1089
2013,Број,vitez,Оба пола,eyesight,971
2013,Број,vogosca,Оба пола,eyesight,1049
2013,Број,zavidovici,Оба пола,eyesight,1475
2013,Број,zenica,Оба пола,eyesight,3706
2013,Број,zepce,Оба пола,eyesight,974
2013,Број,zivinice,Оба пола,eyesight,2756
2013,Број,banovici,M,eyesight,275
2013,Број,bihac,M,eyesight,850
2013,Број,bosanska_krupa,M,eyesight,509
2013,Број,bosanski_petrovac,M,eyesight,108
2013,Број,bosansko_grahovo,M,eyesight,62
2013,Број,breza,M,eyesight,212
2013,Број,bugojno,M,eyesight,414
2013,Број,busovaca,M,eyesight,252
2013,Број,buzim,M,eyesight,236
2013,Број,cazin,M,eyesight,891
2013,Број,centar_sarajevo,M,eyesight,671
2013,Број,capljina,M,eyesight,341
2013,Број,celic,M,eyesight,219
2013,Број,citluk,M,eyesight,174
2013,Број,doboj-istok,M,eyesight,182
2013,Број,doboj-jug,M,eyesight,69
2013,Број,dobretici,M,eyesight,28
2013,Број,domaljevac-samac,M,eyesight,101
2013,Број,donji_vakuf,M,eyesight,225
2013,Број,drvar,M,eyesight,186
2013,Број,foca-fbih,M,eyesight,41
2013,Број,fojnica,M,eyesight,239
2013,Број,glamoc,M,eyesight,93
2013,Број,gorazde,M,eyesight,421
2013,Број,gornji_vakuf-uskoplje,M,eyesight,239
2013,Број,gracanica,M,eyesight,582
2013,Број,gradacac,M,eyesight,497
2013,Број,grude,M,eyesight,130
2013,Број,hadzici,M,eyesight,394
2013,Број,ilidza,M,eyesight,812
2013,Број,ilijas,M,eyesight,281
2013,Број,jablanica,M,eyesight,118
2013,Број,jajce,M,eyesight,388
2013,Број,kakanj,M,eyesight,406
2013,Број,kalesija,M,eyesight,613
2013,Број,kiseljak,M,eyesight,272
2013,Број,kladanj,M,eyesight,175
2013,Број,kljuc,M,eyesight,155
2013,Број,konjic,M,eyesight,348
2013,Број,kresevo,M,eyesight,75
2013,Број,kupres-fbih,M,eyesight,59
2013,Број,livno,M,eyesight,279
2013,Број,lukavac,M,eyesight,884
2013,Број,ljubuski,M,eyesight,254
2013,Број,maglaj,M,eyesight,364
2013,Број,mostar,M,eyesight,1129
2013,Број,neum,M,eyesight,50
2013,Број,novi_grad_sarajevo,M,eyesight,1587
2013,Број,novi_travnik,M,eyesight,350
2013,Број,novo_sarajevo,M,eyesight,657
2013,Број,odzak,M,eyesight,194
2013,Број,olovo,M,eyesight,168
2013,Број,orasje,M,eyesight,297
2013,Број,pale-fbih,M,eyesight,23
2013,Број,posusje,M,eyesight,175
2013,Број,prozor,M,eyesight,122
2013,Број,ravno,M,eyesight,17
2013,Број,sanski_most,M,eyesight,373
2013,Број,sapna,M,eyesight,102
2013,Број,srebrenik,M,eyesight,697
2013,Број,stari_grad_sarajevo,M,eyesight,579
2013,Број,stolac,M,eyesight,158
2013,Број,siroki_brijeg,M,eyesight,180
2013,Број,teocak,M,eyesight,95
2013,Број,tesanj,M,eyesight,549
2013,Број,tomislavgrad,M,eyesight,167
2013,Број,travnik,M,eyesight,731
2013,Број,trnovo-fbih,M,eyesight,32
2013,Број,tuzla,M,eyesight,2096
2013,Број,usora,M,eyesight,55
2013,Број,vares,M,eyesight,206
2013,Број,velika_kladusa,M,eyesight,783
2013,Број,visoko,M,eyesight,468
2013,Број,vitez,M,eyesight,431
2013,Број,vogosca,M,eyesight,428
2013,Број,zavidovici,M,eyesight,626
2013,Број,zenica,M,eyesight,1560
2013,Број,zepce,M,eyesight,413
2013,Број,zivinice,M,eyesight,1124
2013,Број,banovici,Ж,eyesight,475
2013,Број,bihac,Ж,eyesight,1223
2013,Број,bosanska_krupa,Ж,eyesight,649
2013,Број,bosanski_petrovac,Ж,eyesight,146
2013,Број,bosansko_grahovo,Ж,eyesight,94
2013,Број,breza,Ж,eyesight,281
2013,Број,bugojno,Ж,eyesight,536
2013,Број,busovaca,Ж,eyesight,286
2013,Број,buzim,Ж,eyesight,229
2013,Број,cazin,Ж,eyesight,1015
2013,Број,centar_sarajevo,Ж,eyesight,1116
2013,Број,capljina,Ж,eyesight,395
2013,Број,celic,Ж,eyesight,334
2013,Број,citluk,Ж,eyesight,232
2013,Број,doboj-istok,Ж,eyesight,190
2013,Број,doboj-jug,Ж,eyesight,76
2013,Број,dobretici,Ж,eyesight,34
2013,Број,domaljevac-samac,Ж,eyesight,122
2013,Број,donji_vakuf,Ж,eyesight,278
2013,Број,drvar,Ж,eyesight,311
2013,Број,foca-fbih,Ж,eyesight,40
2013,Број,fojnica,Ж,eyesight,316
2013,Број,glamoc,Ж,eyesight,148
2013,Број,gorazde,Ж,eyesight,538
2013,Број,gornji_vakuf-uskoplje,Ж,eyesight,328
2013,Број,gracanica,Ж,eyesight,818
2013,Број,gradacac,Ж,eyesight,695
2013,Број,grude,Ж,eyesight,216
2013,Број,hadzici,Ж,eyesight,523
2013,Број,ilidza,Ж,eyesight,1197
2013,Број,ilijas,Ж,eyesight,443
2013,Број,jablanica,Ж,eyesight,153
2013,Број,jajce,Ж,eyesight,524
2013,Број,kakanj,Ж,eyesight,588
2013,Број,kalesija,Ж,eyesight,792
2013,Број,kiseljak,Ж,eyesight,352
2013,Број,kladanj,Ж,eyesight,251
2013,Број,kljuc,Ж,eyesight,233
2013,Број,konjic,Ж,eyesight,490
2013,Број,kresevo,Ж,eyesight,101
2013,Број,kupres-fbih,Ж,eyesight,92
2013,Број,livno,Ж,eyesight,343
2013,Број,lukavac,Ж,eyesight,1363
2013,Број,ljubuski,Ж,eyesight,398
2013,Број,maglaj,Ж,eyesight,572
2013,Број,mostar,Ж,eyesight,1604
2013,Број,neum,Ж,eyesight,63
2013,Број,novi_grad_sarajevo,Ж,eyesight,2491
2013,Број,novi_travnik,Ж,eyesight,454
2013,Број,novo_sarajevo,Ж,eyesight,1146
2013,Број,odzak,Ж,eyesight,272
2013,Број,olovo,Ж,eyesight,271
2013,Број,orasje,Ж,eyesight,400
2013,Број,pale-fbih,Ж,eyesight,33
2013,Број,posusje,Ж,eyesight,181
2013,Број,prozor,Ж,eyesight,136
2013,Број,ravno,Ж,eyesight,25
2013,Број,sanski_most,Ж,eyesight,507
2013,Број,sapna,Ж,eyesight,124
2013,Број,srebrenik,Ж,eyesight,1082
2013,Број,stari_grad_sarajevo,Ж,eyesight,959
2013,Број,stolac,Ж,eyesight,209
2013,Број,siroki_brijeg,Ж,eyesight,278
2013,Број,teocak,Ж,eyesight,116
2013,Број,tesanj,Ж,eyesight,769
2013,Број,tomislavgrad,Ж,eyesight,198
2013,Број,travnik,Ж,eyesight,965
2013,Број,trnovo-fbih,Ж,eyesight,42
2013,Број,tuzla,Ж,eyesight,3412
2013,Број,usora,Ж,eyesight,94
2013,Број,vares,Ж,eyesight,326
2013,Број,velika_kladusa,Ж,eyesight,1004
2013,Број,visoko,Ж,eyesight,621
2013,Број,vitez,Ж,eyesight,540
2013,Број,vogosca,Ж,eyesight,621
2013,Број,zavidovici,Ж,eyesight,849
2013,Број,zenica,Ж,eyesight,2146
2013,Број,zepce,Ж,eyesight,561
2013,Број,zivinice,Ж,eyesight,1632
2013,Број,banovici,Оба пола,hearing,357
2013,Број,bihac,Оба пола,hearing,1189
2013,Број,bosanska_krupa,Оба пола,hearing,651
2013,Број,bosanski_petrovac,Оба пола,hearing,188
2013,Број,bosansko_grahovo,Оба пола,hearing,84
2013,Број,breza,Оба пола,hearing,256
2013,Број,bugojno,Оба пола,hearing,551
2013,Број,busovaca,Оба пола,hearing,311
2013,Број,buzim,Оба пола,hearing,341
2013,Број,cazin,Оба пола,hearing,1107
2013,Број,centar_sarajevo,Оба пола,hearing,1049
2013,Број,capljina,Оба пола,hearing,442
2013,Број,celic,Оба пола,hearing,274
2013,Број,citluk,Оба пола,hearing,304
2013,Број,doboj-istok,Оба пола,hearing,233
2013,Број,doboj-jug,Оба пола,hearing,74
2013,Број,dobretici,Оба пола,hearing,48
2013,Број,domaljevac-samac,Оба пола,hearing,104
2013,Број,donji_vakuf,Оба пола,hearing,267
2013,Број,drvar,Оба пола,hearing,261
2013,Број,foca-fbih,Оба пола,hearing,50
2013,Број,fojnica,Оба пола,hearing,270
2013,Број,glamoc,Оба пола,hearing,160
2013,Број,gorazde,Оба пола,hearing,585
2013,Број,gornji_vakuf-uskoplje,Оба пола,hearing,361
2013,Број,gracanica,Оба пола,hearing,728
2013,Број,gradacac,Оба пола,hearing,674
2013,Број,grude,Оба пола,hearing,265
2013,Број,hadzici,Оба пола,hearing,528
2013,Број,ilidza,Оба пола,hearing,1185
2013,Број,ilijas,Оба пола,hearing,382
2013,Број,jablanica,Оба пола,hearing,192
2013,Број,jajce,Оба пола,hearing,494
2013,Број,kakanj,Оба пола,hearing,590
2013,Број,kalesija,Оба пола,hearing,626
2013,Број,kiseljak,Оба пола,hearing,351
2013,Број,kladanj,Оба пола,hearing,246
2013,Број,kljuc,Оба пола,hearing,226
2013,Број,konjic,Оба пола,hearing,491
2013,Број,kresevo,Оба пола,hearing,122
2013,Број,kupres-fbih,Оба пола,hearing,110
2013,Број,livno,Оба пола,hearing,448
2013,Број,lukavac,Оба пола,hearing,1252
2013,Број,ljubuski,Оба пола,hearing,414
2013,Број,maglaj,Оба пола,hearing,500
2013,Број,mostar,Оба пола,hearing,1743
2013,Број,neum,Оба пола,hearing,76
2013,Број,novi_grad_sarajevo,Оба пола,hearing,2297
2013,Број,novi_travnik,Оба пола,hearing,473
2013,Број,novo_sarajevo,Оба пола,hearing,1142
2013,Број,odzak,Оба пола,hearing,271
2013,Број,olovo,Оба пола,hearing,295
2013,Број,orasje,Оба пола,hearing,387
2013,Број,pale-fbih,Оба пола,hearing,47
2013,Број,posusje,Оба пола,hearing,292
2013,Број,prozor,Оба пола,hearing,180
2013,Број,ravno,Оба пола,hearing,43
2013,Број,sanski_most,Оба пола,hearing,556
2013,Број,sapna,Оба пола,hearing,148
2013,Број,srebrenik,Оба пола,hearing,974
2013,Број,stari_grad_sarajevo,Оба пола,hearing,857
2013,Број,stolac,Оба пола,hearing,241
2013,Број,siroki_brijeg,Оба пола,hearing,338
2013,Број,teocak,Оба пола,hearing,116
2013,Број,tesanj,Оба пола,hearing,611
2013,Број,tomislavgrad,Оба пола,hearing,270
2013,Број,travnik,Оба пола,hearing,878
2013,Број,trnovo-fbih,Оба пола,hearing,46
2013,Број,tuzla,Оба пола,hearing,2945
2013,Број,usora,Оба пола,hearing,111
2013,Број,vares,Оба пола,hearing,274
2013,Број,velika_kladusa,Оба пола,hearing,881
2013,Број,visoko,Оба пола,hearing,606
2013,Број,vitez,Оба пола,hearing,493
2013,Број,vogosca,Оба пола,hearing,581
2013,Број,zavidovici,Оба пола,hearing,814
2013,Број,zenica,Оба пола,hearing,2012
2013,Број,zepce,Оба пола,hearing,507
2013,Број,zivinice,Оба пола,hearing,1375
2013,Број,banovici,M,hearing,151
2013,Број,bihac,M,hearing,586
2013,Број,bosanska_krupa,M,hearing,369
2013,Број,bosanski_petrovac,M,hearing,92
2013,Број,bosansko_grahovo,M,hearing,48
2013,Број,breza,M,hearing,133
2013,Број,bugojno,M,hearing,254
2013,Број,busovaca,M,hearing,169
2013,Број,buzim,M,hearing,180
2013,Број,cazin,M,hearing,570
2013,Број,centar_sarajevo,M,hearing,475
2013,Број,capljina,M,hearing,231
2013,Број,celic,M,hearing,130
2013,Број,citluk,M,hearing,155
2013,Број,doboj-istok,M,hearing,135
2013,Број,doboj-jug,M,hearing,40
2013,Број,dobretici,M,hearing,29
2013,Број,domaljevac-samac,M,hearing,54
2013,Број,donji_vakuf,M,hearing,138
2013,Број,drvar,M,hearing,117
2013,Број,foca-fbih,M,hearing,20
2013,Број,fojnica,M,hearing,129
2013,Број,glamoc,M,hearing,75
2013,Број,gorazde,M,hearing,279
2013,Број,gornji_vakuf-uskoplje,M,hearing,180
2013,Број,gracanica,M,hearing,342
2013,Број,gradacac,M,hearing,295
2013,Број,grude,M,hearing,112
2013,Број,hadzici,M,hearing,249
2013,Број,ilidza,M,hearing,569
2013,Број,ilijas,M,hearing,178
2013,Број,jablanica,M,hearing,74
2013,Број,jajce,M,hearing,245
2013,Број,kakanj,M,hearing,281
2013,Број,kalesija,M,hearing,327
2013,Број,kiseljak,M,hearing,175
2013,Број,kladanj,M,hearing,125
2013,Број,kljuc,M,hearing,107
2013,Број,konjic,M,hearing,223
2013,Број,kresevo,M,hearing,57
2013,Број,kupres-fbih,M,hearing,52
2013,Број,livno,M,hearing,225
2013,Број,lukavac,M,hearing,581
2013,Број,ljubuski,M,hearing,192
2013,Број,maglaj,M,hearing,239
2013,Број,mostar,M,hearing,836
2013,Број,neum,M,hearing,37
2013,Број,novi_grad_sarajevo,M,hearing,1014
2013,Број,novi_travnik,M,hearing,247
2013,Број,novo_sarajevo,M,hearing,479
2013,Број,odzak,M,hearing,125
2013,Број,olovo,M,hearing,135
2013,Број,orasje,M,hearing,189
2013,Број,pale-fbih,M,hearing,24
2013,Број,posusje,M,hearing,166
2013,Број,prozor,M,hearing,88
2013,Број,ravno,M,hearing,23
2013,Број,sanski_most,M,hearing,274
2013,Број,sapna,M,hearing,76
2013,Број,srebrenik,M,hearing,433
2013,Број,stari_grad_sarajevo,M,hearing,389
2013,Број,stolac,M,hearing,105
2013,Број,siroki_brijeg,M,hearing,157
2013,Број,teocak,M,hearing,52
2013,Број,tesanj,M,hearing,310
2013,Број,tomislavgrad,M,hearing,127
2013,Број,travnik,M,hearing,402
2013,Број,trnovo-fbih,M,hearing,21
2013,Број,tuzla,M,hearing,1350
2013,Број,usora,M,hearing,54
2013,Број,vares,M,hearing,135
2013,Број,velika_kladusa,M,hearing,432
2013,Број,visoko,M,hearing,298
2013,Број,vitez,M,hearing,249
2013,Број,vogosca,M,hearing,282
2013,Број,zavidovici,M,hearing,428
2013,Број,zenica,M,hearing,990
2013,Број,zepce,M,hearing,273
2013,Број,zivinice,M,hearing,656
2013,Број,banovici,Ж,hearing,206
2013,Број,bihac,Ж,hearing,603
2013,Број,bosanska_krupa,Ж,hearing,282
2013,Број,bosanski_petrovac,Ж,hearing,96
2013,Број,bosansko_grahovo,Ж,hearing,36
2013,Број,breza,Ж,hearing,123
2013,Број,bugojno,Ж,hearing,297
2013,Број,busovaca,Ж,hearing,142
2013,Број,buzim,Ж,hearing,161
2013,Број,cazin,Ж,hearing,537
2013,Број,centar_sarajevo,Ж,hearing,574
2013,Број,capljina,Ж,hearing,211
2013,Број,celic,Ж,hearing,144
2013,Број,citluk,Ж,hearing,149
2013,Број,doboj-istok,Ж,hearing,98
2013,Број,doboj-jug,Ж,hearing,34
2013,Број,dobretici,Ж,hearing,19
2013,Број,domaljevac-samac,Ж,hearing,50
2013,Број,donji_vakuf,Ж,hearing,129
2013,Број,drvar,Ж,hearing,144
2013,Број,foca-fbih,Ж,hearing,30
2013,Број,fojnica,Ж,hearing,141
2013,Број,glamoc,Ж,hearing,85
2013,Број,gorazde,Ж,hearing,306
2013,Број,gornji_vakuf-uskoplje,Ж,hearing,181
2013,Број,gracanica,Ж,hearing,386
2013,Број,gradacac,Ж,hearing,379
2013,Број,grude,Ж,hearing,153
2013,Број,hadzici,Ж,hearing,279
2013,Број,ilidza,Ж,hearing,616
2013,Број,ilijas,Ж,hearing,204
2013,Број,jablanica,Ж,hearing,118
2013,Број,jajce,Ж,hearing,249
2013,Број,kakanj,Ж,hearing,309
2013,Број,kalesija,Ж,hearing,299
2013,Број,kiseljak,Ж,hearing,176
2013,Број,kladanj,Ж,hearing,121
2013,Број,kljuc,Ж,hearing,119
2013,Број,konjic,Ж,hearing,268
2013,Број,kresevo,Ж,hearing,65
2013,Број,kupres-fbih,Ж,hearing,58
2013,Број,livno,Ж,hearing,223
2013,Број,lukavac,Ж,hearing,671
2013,Број,ljubuski,Ж,hearing,222
2013,Број,maglaj,Ж,hearing,261
2013,Број,mostar,Ж,hearing,907
2013,Број,neum,Ж,hearing,39
2013,Број,novi_grad_sarajevo,Ж,hearing,1283
2013,Број,novi_travnik,Ж,hearing,226
2013,Број,novo_sarajevo,Ж,hearing,663
2013,Број,odzak,Ж,hearing,146
2013,Број,olovo,Ж,hearing,160
2013,Број,orasje,Ж,hearing,198
2013,Број,pale-fbih,Ж,hearing,23
2013,Број,posusje,Ж,hearing,126
2013,Број,prozor,Ж,hearing,92
2013,Број,ravno,Ж,hearing,20
2013,Број,sanski_most,Ж,hearing,282
2013,Број,sapna,Ж,hearing,72
2013,Број,srebrenik,Ж,hearing,541
2013,Број,stari_grad_sarajevo,Ж,hearing,468
2013,Број,stolac,Ж,hearing,136
2013,Број,siroki_brijeg,Ж,hearing,181
2013,Број,teocak,Ж,hearing,64
2013,Број,tesanj,Ж,hearing,301
2013,Број,tomislavgrad,Ж,hearing,143
2013,Број,travnik,Ж,hearing,476
2013,Број,trnovo-fbih,Ж,hearing,25
2013,Број,tuzla,Ж,hearing,1595
2013,Број,usora,Ж,hearing,57
2013,Број,vares,Ж,hearing,139
2013,Број,velika_kladusa,Ж,hearing,449
2013,Број,visoko,Ж,hearing,308
2013,Број,vitez,Ж,hearing,244
2013,Број,vogosca,Ж,hearing,299
2013,Број,zavidovici,Ж,hearing,386
2013,Број,zenica,Ж,hearing,1022
2013,Број,zepce,Ж,hearing,234
2013,Број,zivinice,Ж,hearing,719
2013,Број,banovici,Оба пола,walking,1134
2013,Број,bihac,Оба пола,walking,3069
2013,Број,bosanska_krupa,Оба пола,walking,1363
2013,Број,bosanski_petrovac,Оба пола,walking,430
2013,Број,bosansko_grahovo,Оба пола,walking,215
2013,Број,breza,Оба пола,walking,857
2013,Број,bugojno,Оба пола,walking,1558
2013,Број,busovaca,Оба пола,walking,763
2013,Број,buzim,Оба пола,walking,649
2013,Број,cazin,Оба пола,walking,2684
2013,Број,centar_sarajevo,Оба пола,walking,3318
2013,Број,capljina,Оба пола,walking,1079
2013,Број,celic,Оба пола,walking,691
2013,Број,citluk,Оба пола,walking,714
2013,Број,doboj-istok,Оба пола,walking,648
2013,Број,doboj-jug,Оба пола,walking,205
2013,Број,dobretici,Оба пола,walking,128
2013,Број,domaljevac-samac,Оба пола,walking,249
2013,Број,donji_vakuf,Оба пола,walking,731
2013,Број,drvar,Оба пола,walking,626
2013,Број,foca-fbih,Оба пола,walking,138
2013,Број,fojnica,Оба пола,walking,799
2013,Број,glamoc,Оба пола,walking,277
2013,Број,gorazde,Оба пола,walking,1525
2013,Број,gornji_vakuf-uskoplje,Оба пола,walking,829
2013,Број,gracanica,Оба пола,walking,2298
2013,Број,gradacac,Оба пола,walking,1925
2013,Број,grude,Оба пола,walking,601
2013,Број,hadzici,Оба пола,walking,1385
2013,Број,ilidza,Оба пола,walking,3404
2013,Број,ilijas,Оба пола,walking,1054
2013,Број,jablanica,Оба пола,walking,446
2013,Број,jajce,Оба пола,walking,1333
2013,Број,kakanj,Оба пола,walking,1498
2013,Број,kalesija,Оба пола,walking,1844
2013,Број,kiseljak,Оба пола,walking,956
2013,Број,kladanj,Оба пола,walking,608
2013,Број,kljuc,Оба пола,walking,668
2013,Број,konjic,Оба пола,walking,1295
2013,Број,kresevo,Оба пола,walking,274
2013,Број,kupres-fbih,Оба пола,walking,212
2013,Број,livno,Оба пола,walking,1102
2013,Број,lukavac,Оба пола,walking,3253
2013,Број,ljubuski,Оба пола,walking,1125
2013,Број,maglaj,Оба пола,walking,1350
2013,Број,mostar,Оба пола,walking,4730
2013,Број,neum,Оба пола,walking,184
2013,Број,novi_grad_sarajevo,Оба пола,walking,6627
2013,Број,novi_travnik,Оба пола,walking,1117
2013,Број,novo_sarajevo,Оба пола,walking,3679
2013,Број,odzak,Оба пола,walking,696
2013,Број,olovo,Оба пола,walking,735
2013,Број,orasje,Оба пола,walking,1076
2013,Број,pale-fbih,Оба пола,walking,83
2013,Број,posusje,Оба пола,walking,746
2013,Број,prozor,Оба пола,walking,407
2013,Број,ravno,Оба пола,walking,83
2013,Број,sanski_most,Оба пола,walking,1388
2013,Број,sapna,Оба пола,walking,410
2013,Број,srebrenik,Оба пола,walking,2370
2013,Број,stari_grad_sarajevo,Оба пола,walking,2457
2013,Број,stolac,Оба пола,walking,638
2013,Број,siroki_brijeg,Оба пола,walking,891
2013,Број,teocak,Оба пола,walking,330
2013,Број,tesanj,Оба пола,walking,2057
2013,Број,tomislavgrad,Оба пола,walking,665
2013,Број,travnik,Оба пола,walking,2421
2013,Број,trnovo-fbih,Оба пола,walking,136
2013,Број,tuzla,Оба пола,walking,8661
2013,Број,usora,Оба пола,walking,302
2013,Број,vares,Оба пола,walking,789
2013,Број,velika_kladusa,Оба пола,walking,2048
2013,Број,visoko,Оба пола,walking,1960
2013,Број,vitez,Оба пола,walking,1284
2013,Број,vogosca,Оба пола,walking,1576
2013,Број,zavidovici,Оба пола,walking,2318
2013,Број,zenica,Оба пола,walking,5558
2013,Број,zepce,Оба пола,walking,1432
2013,Број,zivinice,Оба пола,walking,3658
2013,Број,banovici,M,walking,456
2013,Број,bihac,M,walking,1377
2013,Број,bosanska_krupa,M,walking,632
2013,Број,bosanski_petrovac,M,walking,177
2013,Број,bosansko_grahovo,M,walking,77
2013,Број,breza,M,walking,359
2013,Број,bugojno,M,walking,695
2013,Број,busovaca,M,walking,334
2013,Број,buzim,M,walking,351
2013,Број,cazin,M,walking,1326
2013,Број,centar_sarajevo,M,walking,1231
2013,Број,capljina,M,walking,504
2013,Број,celic,M,walking,295
2013,Број,citluk,M,walking,294
2013,Број,doboj-istok,M,walking,292
2013,Број,doboj-jug,M,walking,94
2013,Број,dobretici,M,walking,83
2013,Број,domaljevac-samac,M,walking,104
2013,Број,donji_vakuf,M,walking,349
2013,Број,drvar,M,walking,244
2013,Број,foca-fbih,M,walking,55
2013,Број,fojnica,M,walking,359
2013,Број,glamoc,M,walking,100
2013,Број,gorazde,M,walking,610
2013,Број,gornji_vakuf-uskoplje,M,walking,393
2013,Број,gracanica,M,walking,976
2013,Број,gradacac,M,walking,800
2013,Број,grude,M,walking,248
2013,Број,hadzici,M,walking,580
2013,Број,ilidza,M,walking,1407
2013,Број,ilijas,M,walking,431
2013,Број,jablanica,M,walking,200
2013,Број,jajce,M,walking,587
2013,Број,kakanj,M,walking,616
2013,Број,kalesija,M,walking,768
2013,Број,kiseljak,M,walking,399
2013,Број,kladanj,M,walking,260
2013,Број,kljuc,M,walking,283
2013,Број,konjic,M,walking,551
2013,Број,kresevo,M,walking,91
2013,Број,kupres-fbih,M,walking,88
2013,Број,livno,M,walking,477
2013,Број,lukavac,M,walking,1247
2013,Број,ljubuski,M,walking,478
2013,Број,maglaj,M,walking,553
2013,Број,mostar,M,walking,2043
2013,Број,neum,M,walking,64
2013,Број,novi_grad_sarajevo,M,walking,2604
2013,Број,novi_travnik,M,walking,505
2013,Број,novo_sarajevo,M,walking,1350
2013,Број,odzak,M,walking,292
2013,Број,olovo,M,walking,280
2013,Број,orasje,M,walking,470
2013,Број,pale-fbih,M,walking,31
2013,Број,posusje,M,walking,404
2013,Број,prozor,M,walking,162
2013,Број,ravno,M,walking,31
2013,Број,sanski_most,M,walking,620
2013,Број,sapna,M,walking,209
2013,Број,srebrenik,M,walking,905
2013,Број,stari_grad_sarajevo,M,walking,958
2013,Број,stolac,M,walking,265
2013,Број,siroki_brijeg,M,walking,373
2013,Број,teocak,M,walking,147
2013,Број,tesanj,M,walking,885
2013,Број,tomislavgrad,M,walking,307
2013,Број,travnik,M,walking,1045
2013,Број,trnovo-fbih,M,walking,54
2013,Број,tuzla,M,walking,3310
2013,Број,usora,M,walking,135
2013,Број,vares,M,walking,323
2013,Број,velika_kladusa,M,walking,914
2013,Број,visoko,M,walking,820
2013,Број,vitez,M,walking,566
2013,Број,vogosca,M,walking,625
2013,Број,zavidovici,M,walking,986
2013,Број,zenica,M,walking,2316
2013,Број,zepce,M,walking,636
2013,Број,zivinice,M,walking,1445
2013,Број,banovici,Ж,walking,678
2013,Број,bihac,Ж,walking,1692
2013,Број,bosanska_krupa,Ж,walking,731
2013,Број,bosanski_petrovac,Ж,walking,253
2013,Број,bosansko_grahovo,Ж,walking,138
2013,Број,breza,Ж,walking,498
2013,Број,bugojno,Ж,walking,863
2013,Број,busovaca,Ж,walking,429
2013,Број,buzim,Ж,walking,298
2013,Број,cazin,Ж,walking,1358
2013,Број,centar_sarajevo,Ж,walking,2087
2013,Број,capljina,Ж,walking,575
2013,Број,celic,Ж,walking,396
2013,Број,citluk,Ж,walking,420
2013,Број,doboj-istok,Ж,walking,356
2013,Број,doboj-jug,Ж,walking,111
2013,Број,dobretici,Ж,walking,45
2013,Број,domaljevac-samac,Ж,walking,145
2013,Број,donji_vakuf,Ж,walking,382
2013,Број,drvar,Ж,walking,382
2013,Број,foca-fbih,Ж,walking,83
2013,Број,fojnica,Ж,walking,440
2013,Број,glamoc,Ж,walking,177
2013,Број,gorazde,Ж,walking,915
2013,Број,gornji_vakuf-uskoplje,Ж,walking,436
2013,Број,gracanica,Ж,walking,1322
2013,Број,gradacac,Ж,walking,1125
2013,Број,grude,Ж,walking,353
2013,Број,hadzici,Ж,walking,805
2013,Број,ilidza,Ж,walking,1997
2013,Број,ilijas,Ж,walking,623
2013,Број,jablanica,Ж,walking,246
2013,Број,jajce,Ж,walking,746
2013,Број,kakanj,Ж,walking,882
2013,Број,kalesija,Ж,walking,1076
2013,Број,kiseljak,Ж,walking,557
2013,Број,kladanj,Ж,walking,348
2013,Број,kljuc,Ж,walking,385
2013,Број,konjic,Ж,walking,744
2013,Број,kresevo,Ж,walking,183
2013,Број,kupres-fbih,Ж,walking,124
2013,Број,livno,Ж,walking,625
2013,Број,lukavac,Ж,walking,2006
2013,Број,ljubuski,Ж,walking,647
2013,Број,maglaj,Ж,walking,797
2013,Број,mostar,Ж,walking,2687
2013,Број,neum,Ж,walking,120
2013,Број,novi_grad_sarajevo,Ж,walking,4023
2013,Број,novi_travnik,Ж,walking,612
2013,Број,novo_sarajevo,Ж,walking,2329
2013,Број,odzak,Ж,walking,404
2013,Број,olovo,Ж,walking,455
2013,Број,orasje,Ж,walking,606
2013,Број,pale-fbih,Ж,walking,52
2013,Број,posusje,Ж,walking,342
2013,Број,prozor,Ж,walking,245
2013,Број,ravno,Ж,walking,52
2013,Број,sanski_most,Ж,walking,768
2013,Број,sapna,Ж,walking,201
2013,Број,srebrenik,Ж,walking,1465
2013,Број,stari_grad_sarajevo,Ж,walking,1499
2013,Број,stolac,Ж,walking,373
2013,Број,siroki_brijeg,Ж,walking,518
2013,Број,teocak,Ж,walking,183
2013,Број,tesanj,Ж,walking,1172
2013,Број,tomislavgrad,Ж,walking,358
2013,Број,travnik,Ж,walking,1376
2013,Број,trnovo-fbih,Ж,walking,82
2013,Број,tuzla,Ж,walking,5351
2013,Број,usora,Ж,walking,167
2013,Број,vares,Ж,walking,466
2013,Број,velika_kladusa,Ж,walking,1134
2013,Број,visoko,Ж,walking,1140
2013,Број,vitez,Ж,walking,718
2013,Број,vogosca,Ж,walking,951
2013,Број,zavidovici,Ж,walking,1332
2013,Број,zenica,Ж,walking,3242
2013,Број,zepce,Ж,walking,796
2013,Број,zivinice,Ж,walking,2213
2013,Број,banovici,Оба пола,memory,282
2013,Број,bihac,Оба пола,memory,850
2013,Број,bosanska_krupa,Оба пола,memory,490
2013,Број,bosanski_petrovac,Оба пола,memory,138
2013,Број,bosansko_grahovo,Оба пола,memory,46
2013,Број,breza,Оба пола,memory,207
2013,Број,bugojno,Оба пола,memory,512
2013,Број,busovaca,Оба пола,memory,221
2013,Број,buzim,Оба пола,memory,296
2013,Број,cazin,Оба пола,memory,981
2013,Број,centar_sarajevo,Оба пола,memory,799
2013,Број,capljina,Оба пола,memory,336
2013,Број,celic,Оба пола,memory,182
2013,Број,citluk,Оба пола,memory,200
2013,Број,doboj-istok,Оба пола,memory,340
2013,Број,doboj-jug,Оба пола,memory,45
2013,Број,dobretici,Оба пола,memory,40
2013,Број,domaljevac-samac,Оба пола,memory,95
2013,Број,donji_vakuf,Оба пола,memory,206
2013,Број,drvar,Оба пола,memory,155
2013,Број,foca-fbih,Оба пола,memory,31
2013,Број,fojnica,Оба пола,memory,727
2013,Број,glamoc,Оба пола,memory,89
2013,Број,gorazde,Оба пола,memory,463
2013,Број,gornji_vakuf-uskoplje,Оба пола,memory,247
2013,Број,gracanica,Оба пола,memory,660
2013,Број,gradacac,Оба пола,memory,623
2013,Број,grude,Оба пола,memory,239
2013,Број,hadzici,Оба пола,memory,650
2013,Број,ilidza,Оба пола,memory,978
2013,Број,ilijas,Оба пола,memory,382
2013,Број,jablanica,Оба пола,memory,129
2013,Број,jajce,Оба пола,memory,346
2013,Број,kakanj,Оба пола,memory,443
2013,Број,kalesija,Оба пола,memory,646
2013,Број,kiseljak,Оба пола,memory,300
2013,Број,kladanj,Оба пола,memory,218
2013,Број,kljuc,Оба пола,memory,197
2013,Број,konjic,Оба пола,memory,379
2013,Број,kresevo,Оба пола,memory,102
2013,Број,kupres-fbih,Оба пола,memory,100
2013,Број,livno,Оба пола,memory,306
2013,Број,lukavac,Оба пола,memory,1044
2013,Број,ljubuski,Оба пола,memory,324
2013,Број,maglaj,Оба пола,memory,385
2013,Број,mostar,Оба пола,memory,1316
2013,Број,neum,Оба пола,memory,40
2013,Број,novi_grad_sarajevo,Оба пола,memory,1760
2013,Број,novi_travnik,Оба пола,memory,364
2013,Број,novo_sarajevo,Оба пола,memory,952
2013,Број,odzak,Оба пола,memory,229
2013,Број,olovo,Оба пола,memory,221
2013,Број,orasje,Оба пола,memory,291
2013,Број,pale-fbih,Оба пола,memory,34
2013,Број,posusje,Оба пола,memory,213
2013,Број,prozor,Оба пола,memory,136
2013,Број,ravno,Оба пола,memory,19
2013,Број,sanski_most,Оба пола,memory,467
2013,Број,sapna,Оба пола,memory,117
2013,Број,srebrenik,Оба пола,memory,866
2013,Број,stari_grad_sarajevo,Оба пола,memory,663
2013,Број,stolac,Оба пола,memory,252
2013,Број,siroki_brijeg,Оба пола,memory,238
2013,Број,teocak,Оба пола,memory,91
2013,Број,tesanj,Оба пола,memory,594
2013,Број,tomislavgrad,Оба пола,memory,192
2013,Број,travnik,Оба пола,memory,724
2013,Број,trnovo-fbih,Оба пола,memory,37
2013,Број,tuzla,Оба пола,memory,2819
2013,Број,usora,Оба пола,memory,88
2013,Број,vares,Оба пола,memory,221
2013,Број,velika_kladusa,Оба пола,memory,801
2013,Број,visoko,Оба пола,memory,552
2013,Број,vitez,Оба пола,memory,363
2013,Број,vogosca,Оба пола,memory,491
2013,Број,zavidovici,Оба пола,memory,648
2013,Број,zenica,Оба пола,memory,1568
2013,Број,zepce,Оба пола,memory,401
2013,Број,zivinice,Оба пола,memory,1404
2013,Број,banovici,M,memory,96
2013,Број,bihac,M,memory,406
2013,Број,bosanska_krupa,M,memory,248
2013,Број,bosanski_petrovac,M,memory,66
2013,Број,bosansko_grahovo,M,memory,18
2013,Број,breza,M,memory,93
2013,Број,bugojno,M,memory,251
2013,Број,busovaca,M,memory,111
2013,Број,buzim,M,memory,154
2013,Број,cazin,M,memory,492
2013,Број,centar_sarajevo,M,memory,351
2013,Број,capljina,M,memory,160
2013,Број,celic,M,memory,85
2013,Број,citluk,M,memory,89
2013,Број,doboj-istok,M,memory,139
2013,Број,doboj-jug,M,memory,20
2013,Број,dobretici,M,memory,26
2013,Број,domaljevac-samac,M,memory,54
2013,Број,donji_vakuf,M,memory,99
2013,Број,drvar,M,memory,67
2013,Број,foca-fbih,M,memory,15
2013,Број,fojnica,M,memory,391
2013,Број,glamoc,M,memory,47
2013,Број,gorazde,M,memory,182
2013,Број,gornji_vakuf-uskoplje,M,memory,125
2013,Број,gracanica,M,memory,289
2013,Број,gradacac,M,memory,294
2013,Број,grude,M,memory,109
2013,Број,hadzici,M,memory,334
2013,Број,ilidza,M,memory,405
2013,Број,ilijas,M,memory,167
2013,Број,jablanica,M,memory,52
2013,Број,jajce,M,memory,167
2013,Број,kakanj,M,memory,192
2013,Број,kalesija,M,memory,288
2013,Број,kiseljak,M,memory,133
2013,Број,kladanj,M,memory,82
2013,Број,kljuc,M,memory,85
2013,Број,konjic,M,memory,185
2013,Број,kresevo,M,memory,40
2013,Број,kupres-fbih,M,memory,45
2013,Број,livno,M,memory,153
2013,Број,lukavac,M,memory,412
2013,Број,ljubuski,M,memory,157
2013,Број,maglaj,M,memory,162
2013,Број,mostar,M,memory,617
2013,Број,neum,M,memory,19
2013,Број,novi_grad_sarajevo,M,memory,718
2013,Број,novi_travnik,M,memory,179
2013,Број,novo_sarajevo,M,memory,396
2013,Број,odzak,M,memory,108
2013,Број,olovo,M,memory,87
2013,Број,orasje,M,memory,131
2013,Број,pale-fbih,M,memory,15
2013,Број,posusje,M,memory,110
2013,Број,prozor,M,memory,61
2013,Број,ravno,M,memory,8
2013,Број,sanski_most,M,memory,234
2013,Број,sapna,M,memory,51
2013,Број,srebrenik,M,memory,364
2013,Број,stari_grad_sarajevo,M,memory,284
2013,Број,stolac,M,memory,126
2013,Број,siroki_brijeg,M,memory,114
2013,Број,teocak,M,memory,45
2013,Број,tesanj,M,memory,258
2013,Број,tomislavgrad,M,memory,94
2013,Број,travnik,M,memory,313
2013,Број,trnovo-fbih,M,memory,13
2013,Број,tuzla,M,memory,1183
2013,Број,usora,M,memory,38
2013,Број,vares,M,memory,95
2013,Број,velika_kladusa,M,memory,374
2013,Број,visoko,M,memory,252
2013,Број,vitez,M,memory,170
2013,Број,vogosca,M,memory,224
2013,Број,zavidovici,M,memory,307
2013,Број,zenica,M,memory,693
2013,Број,zepce,M,memory,186
2013,Број,zivinice,M,memory,617
2013,Број,banovici,Ж,memory,186
2013,Број,bihac,Ж,memory,444
2013,Број,bosanska_krupa,Ж,memory,242
2013,Број,bosanski_petrovac,Ж,memory,72
2013,Број,bosansko_grahovo,Ж,memory,28
2013,Број,breza,Ж,memory,114
2013,Број,bugojno,Ж,memory,261
2013,Број,busovaca,Ж,memory,110
2013,Број,buzim,Ж,memory,142
2013,Број,cazin,Ж,memory,489
2013,Број,centar_sarajevo,Ж,memory,448
2013,Број,capljina,Ж,memory,176
2013,Број,celic,Ж,memory,97
2013,Број,citluk,Ж,memory,111
2013,Број,doboj-istok,Ж,memory,201
2013,Број,doboj-jug,Ж,memory,25
2013,Број,dobretici,Ж,memory,14
2013,Број,domaljevac-samac,Ж,memory,41
2013,Број,donji_vakuf,Ж,memory,107
2013,Број,drvar,Ж,memory,88
2013,Број,foca-fbih,Ж,memory,16
2013,Број,fojnica,Ж,memory,336
2013,Број,glamoc,Ж,memory,42
2013,Број,gorazde,Ж,memory,281
2013,Број,gornji_vakuf-uskoplje,Ж,memory,122
2013,Број,gracanica,Ж,memory,371
2013,Број,gradacac,Ж,memory,329
2013,Број,grude,Ж,memory,130
2013,Број,hadzici,Ж,memory,316
2013,Број,ilidza,Ж,memory,573
2013,Број,ilijas,Ж,memory,215
2013,Број,jablanica,Ж,memory,77
2013,Број,jajce,Ж,memory,179
2013,Број,kakanj,Ж,memory,251
2013,Број,kalesija,Ж,memory,358
2013,Број,kiseljak,Ж,memory,167
2013,Број,kladanj,Ж,memory,136
2013,Број,kljuc,Ж,memory,112
2013,Број,konjic,Ж,memory,194
2013,Број,kresevo,Ж,memory,62
2013,Број,kupres-fbih,Ж,memory,55
2013,Број,livno,Ж,memory,153
2013,Број,lukavac,Ж,memory,632
2013,Број,ljubuski,Ж,memory,167
2013,Број,maglaj,Ж,memory,223
2013,Број,mostar,Ж,memory,699
2013,Број,neum,Ж,memory,21
2013,Број,novi_grad_sarajevo,Ж,memory,1042
2013,Број,novi_travnik,Ж,memory,185
2013,Број,novo_sarajevo,Ж,memory,556
2013,Број,odzak,Ж,memory,121
2013,Број,olovo,Ж,memory,134
2013,Број,orasje,Ж,memory,160
2013,Број,pale-fbih,Ж,memory,19
2013,Број,posusje,Ж,memory,103
2013,Број,prozor,Ж,memory,75
2013,Број,ravno,Ж,memory,11
2013,Број,sanski_most,Ж,memory,233
2013,Број,sapna,Ж,memory,66
2013,Број,srebrenik,Ж,memory,502
2013,Број,stari_grad_sarajevo,Ж,memory,379
2013,Број,stolac,Ж,memory,126
2013,Број,siroki_brijeg,Ж,memory,124
2013,Број,teocak,Ж,memory,46
2013,Број,tesanj,Ж,memory,336
2013,Број,tomislavgrad,Ж,memory,98
2013,Број,travnik,Ж,memory,411
2013,Број,trnovo-fbih,Ж,memory,24
2013,Број,tuzla,Ж,memory,1636
2013,Број,usora,Ж,memory,50
2013,Број,vares,Ж,memory,126
2013,Број,velika_kladusa,Ж,memory,427
2013,Број,visoko,Ж,memory,300
2013,Број,vitez,Ж,memory,193
2013,Број,vogosca,Ж,memory,267
2013,Број,zavidovici,Ж,memory,341
2013,Број,zenica,Ж,memory,875
2013,Број,zepce,Ж,memory,215
2013,Број,zivinice,Ж,memory,787
2013,Број,banovici,Оба пола,dressing,217
2013,Број,bihac,Оба пола,dressing,655
2013,Број,bosanska_krupa,Оба пола,dressing,298
2013,Број,bosanski_petrovac,Оба пола,dressing,131
2013,Број,bosansko_grahovo,Оба пола,dressing,47
2013,Број,breza,Оба пола,dressing,167
2013,Број,bugojno,Оба пола,dressing,362
2013,Број,busovaca,Оба пола,dressing,134
2013,Број,buzim,Оба пола,dressing,186
2013,Број,cazin,Оба пола,dressing,600
2013,Број,centar_sarajevo,Оба пола,dressing,635
2013,Број,capljina,Оба пола,dressing,254
2013,Број,celic,Оба пола,dressing,110
2013,Број,citluk,Оба пола,dressing,166
2013,Број,doboj-istok,Оба пола,dressing,217
2013,Број,doboj-jug,Оба пола,dressing,29
2013,Број,dobretici,Оба пола,dressing,22
2013,Број,domaljevac-samac,Оба пола,dressing,42
2013,Број,donji_vakuf,Оба пола,dressing,142
2013,Број,drvar,Оба пола,dressing,139
2013,Број,foca-fbih,Оба пола,dressing,20
2013,Број,fojnica,Оба пола,dressing,220
2013,Број,glamoc,Оба пола,dressing,60
2013,Број,gorazde,Оба пола,dressing,294
2013,Број,gornji_vakuf-uskoplje,Оба пола,dressing,145
2013,Број,gracanica,Оба пола,dressing,435
2013,Број,gradacac,Оба пола,dressing,462
2013,Број,grude,Оба пола,dressing,193
2013,Број,hadzici,Оба пола,dressing,449
2013,Број,ilidza,Оба пола,dressing,767
2013,Број,ilijas,Оба пола,dressing,246
2013,Број,jablanica,Оба пола,dressing,101
2013,Број,jajce,Оба пола,dressing,261
2013,Број,kakanj,Оба пола,dressing,421
2013,Број,kalesija,Оба пола,dressing,333
2013,Број,kiseljak,Оба пола,dressing,216
2013,Број,kladanj,Оба пола,dressing,115
2013,Број,kljuc,Оба пола,dressing,136
2013,Број,konjic,Оба пола,dressing,252
2013,Број,kresevo,Оба пола,dressing,68
2013,Број,kupres-fbih,Оба пола,dressing,81
2013,Број,livno,Оба пола,dressing,246
2013,Број,lukavac,Оба пола,dressing,674
2013,Број,ljubuski,Оба пола,dressing,263
2013,Број,maglaj,Оба пола,dressing,226
2013,Број,mostar,Оба пола,dressing,970
2013,Број,neum,Оба пола,dressing,28
2013,Број,novi_grad_sarajevo,Оба пола,dressing,1361
2013,Број,novi_travnik,Оба пола,dressing,261
2013,Број,novo_sarajevo,Оба пола,dressing,743
2013,Број,odzak,Оба пола,dressing,167
2013,Број,olovo,Оба пола,dressing,143
2013,Број,orasje,Оба пола,dressing,166
2013,Број,pale-fbih,Оба пола,dressing,16
2013,Број,posusje,Оба пола,dressing,132
2013,Број,prozor,Оба пола,dressing,86
2013,Број,ravno,Оба пола,dressing,9
2013,Број,sanski_most,Оба пола,dressing,322
2013,Број,sapna,Оба пола,dressing,67
2013,Број,srebrenik,Оба пола,dressing,496
2013,Број,stari_grad_sarajevo,Оба пола,dressing,460
2013,Број,stolac,Оба пола,dressing,221
2013,Број,siroki_brijeg,Оба пола,dressing,188
2013,Број,teocak,Оба пола,dressing,63
2013,Број,tesanj,Оба пола,dressing,465
2013,Број,tomislavgrad,Оба пола,dressing,164
2013,Број,travnik,Оба пола,dressing,594
2013,Број,trnovo-fbih,Оба пола,dressing,22
2013,Број,tuzla,Оба пола,dressing,1716
2013,Број,usora,Оба пола,dressing,53
2013,Број,vares,Оба пола,dressing,160
2013,Број,velika_kladusa,Оба пола,dressing,423
2013,Број,visoko,Оба пола,dressing,432
2013,Број,vitez,Оба пола,dressing,275
2013,Број,vogosca,Оба пола,dressing,326
2013,Број,zavidovici,Оба пола,dressing,420
2013,Број,zenica,Оба пола,dressing,1202
2013,Број,zepce,Оба пола,dressing,232
2013,Број,zivinice,Оба пола,dressing,725
2013,Број,banovici,M,dressing,81
2013,Број,bihac,M,dressing,301
2013,Број,bosanska_krupa,M,dressing,147
2013,Број,bosanski_petrovac,M,dressing,57
2013,Број,bosansko_grahovo,M,dressing,14
2013,Број,breza,M,dressing,73
2013,Број,bugojno,M,dressing,178
2013,Број,busovaca,M,dressing,68
2013,Број,buzim,M,dressing,103
2013,Број,cazin,M,dressing,292
2013,Број,centar_sarajevo,M,dressing,227
2013,Број,capljina,M,dressing,115
2013,Број,celic,M,dressing,50
2013,Број,citluk,M,dressing,60
2013,Број,doboj-istok,M,dressing,107
2013,Број,doboj-jug,M,dressing,12
2013,Број,dobretici,M,dressing,15
2013,Број,domaljevac-samac,M,dressing,17
2013,Број,donji_vakuf,M,dressing,65
2013,Број,drvar,M,dressing,61
2013,Број,foca-fbih,M,dressing,9
2013,Број,fojnica,M,dressing,96
2013,Број,glamoc,M,dressing,27
2013,Број,gorazde,M,dressing,119
2013,Број,gornji_vakuf-uskoplje,M,dressing,72
2013,Број,gracanica,M,dressing,175
2013,Број,gradacac,M,dressing,209
2013,Број,grude,M,dressing,80
2013,Број,hadzici,M,dressing,221
2013,Број,ilidza,M,dressing,295
2013,Број,ilijas,M,dressing,98
2013,Број,jablanica,M,dressing,48
2013,Број,jajce,M,dressing,115
2013,Број,kakanj,M,dressing,182
2013,Број,kalesija,M,dressing,155
2013,Број,kiseljak,M,dressing,88
2013,Број,kladanj,M,dressing,48
2013,Број,kljuc,M,dressing,52
2013,Број,konjic,M,dressing,109
2013,Број,kresevo,M,dressing,27
2013,Број,kupres-fbih,M,dressing,34
2013,Број,livno,M,dressing,101
2013,Број,lukavac,M,dressing,286
2013,Број,ljubuski,M,dressing,101
2013,Број,maglaj,M,dressing,86
2013,Број,mostar,M,dressing,386
2013,Број,neum,M,dressing,9
2013,Број,novi_grad_sarajevo,M,dressing,544
2013,Број,novi_travnik,M,dressing,112
2013,Број,novo_sarajevo,M,dressing,286
2013,Број,odzak,M,dressing,69
2013,Број,olovo,M,dressing,58
2013,Број,orasje,M,dressing,73
2013,Број,pale-fbih,M,dressing,7
2013,Број,posusje,M,dressing,58
2013,Број,prozor,M,dressing,33
2013,Број,ravno,M,dressing,2
2013,Број,sanski_most,M,dressing,163
2013,Број,sapna,M,dressing,34
2013,Број,srebrenik,M,dressing,195
2013,Број,stari_grad_sarajevo,M,dressing,185
2013,Број,stolac,M,dressing,106
2013,Број,siroki_brijeg,M,dressing,70
2013,Број,teocak,M,dressing,32
2013,Број,tesanj,M,dressing,186
2013,Број,tomislavgrad,M,dressing,67
2013,Број,travnik,M,dressing,249
2013,Број,trnovo-fbih,M,dressing,7
2013,Број,tuzla,M,dressing,682
2013,Број,usora,M,dressing,22
2013,Број,vares,M,dressing,61
2013,Број,velika_kladusa,M,dressing,187
2013,Број,visoko,M,dressing,189
2013,Број,vitez,M,dressing,107
2013,Број,vogosca,M,dressing,146
2013,Број,zavidovici,M,dressing,197
2013,Број,zenica,M,dressing,509
2013,Број,zepce,M,dressing,111
2013,Број,zivinice,M,dressing,299
2013,Број,banovici,Ж,dressing,136
2013,Број,bihac,Ж,dressing,354
2013,Број,bosanska_krupa,Ж,dressing,151
2013,Број,bosanski_petrovac,Ж,dressing,74
2013,Број,bosansko_grahovo,Ж,dressing,33
2013,Број,breza,Ж,dressing,94
2013,Број,bugojno,Ж,dressing,184
2013,Број,busovaca,Ж,dressing,66
2013,Број,buzim,Ж,dressing,83
2013,Број,cazin,Ж,dressing,308
2013,Број,centar_sarajevo,Ж,dressing,408
2013,Број,capljina,Ж,dressing,139
2013,Број,celic,Ж,dressing,60
2013,Број,citluk,Ж,dressing,106
2013,Број,doboj-istok,Ж,dressing,110
2013,Број,doboj-jug,Ж,dressing,17
2013,Број,dobretici,Ж,dressing,7
2013,Број,domaljevac-samac,Ж,dressing,25
2013,Број,donji_vakuf,Ж,dressing,77
2013,Број,drvar,Ж,dressing,78
2013,Број,foca-fbih,Ж,dressing,11
2013,Број,fojnica,Ж,dressing,124
2013,Број,glamoc,Ж,dressing,33
2013,Број,gorazde,Ж,dressing,175
2013,Број,gornji_vakuf-uskoplje,Ж,dressing,73
2013,Број,gracanica,Ж,dressing,260
2013,Број,gradacac,Ж,dressing,253
2013,Број,grude,Ж,dressing,113
2013,Број,hadzici,Ж,dressing,228
2013,Број,ilidza,Ж,dressing,472
2013,Број,ilijas,Ж,dressing,148
2013,Број,jablanica,Ж,dressing,53
2013,Број,jajce,Ж,dressing,146
2013,Број,kakanj,Ж,dressing,239
2013,Број,kalesija,Ж,dressing,178
2013,Број,kiseljak,Ж,dressing,128
2013,Број,kladanj,Ж,dressing,67
2013,Број,kljuc,Ж,dressing,84
2013,Број,konjic,Ж,dressing,143
2013,Број,kresevo,Ж,dressing,41
2013,Број,kupres-fbih,Ж,dressing,47
2013,Број,livno,Ж,dressing,145
2013,Број,lukavac,Ж,dressing,388
2013,Број,ljubuski,Ж,dressing,162
2013,Број,maglaj,Ж,dressing,140
2013,Број,mostar,Ж,dressing,584
2013,Број,neum,Ж,dressing,19
2013,Број,novi_grad_sarajevo,Ж,dressing,817
2013,Број,novi_travnik,Ж,dressing,149
2013,Број,novo_sarajevo,Ж,dressing,457
2013,Број,odzak,Ж,dressing,98
2013,Број,olovo,Ж,dressing,85
2013,Број,orasje,Ж,dressing,93
2013,Број,pale-fbih,Ж,dressing,9
2013,Број,posusje,Ж,dressing,74
2013,Број,prozor,Ж,dressing,53
2013,Број,ravno,Ж,dressing,7
2013,Број,sanski_most,Ж,dressing,159
2013,Број,sapna,Ж,dressing,33
2013,Број,srebrenik,Ж,dressing,301
2013,Број,stari_grad_sarajevo,Ж,dressing,275
2013,Број,stolac,Ж,dressing,115
2013,Број,siroki_brijeg,Ж,dressing,118
2013,Број,teocak,Ж,dressing,31
2013,Број,tesanj,Ж,dressing,279
2013,Број,tomislavgrad,Ж,dressing,97
2013,Број,travnik,Ж,dressing,345
2013,Број,trnovo-fbih,Ж,dressing,15
2013,Број,tuzla,Ж,dressing,1034
2013,Број,usora,Ж,dressing,31
2013,Број,vares,Ж,dressing,99
2013,Број,velika_kladusa,Ж,dressing,236
2013,Број,visoko,Ж,dressing,243
2013,Број,vitez,Ж,dressing,168
2013,Број,vogosca,Ж,dressing,180
2013,Број,zavidovici,Ж,dressing,223
2013,Број,zenica,Ж,dressing,693
2013,Број,zepce,Ж,dressing,121
2013,Број,zivinice,Ж,dressing,426
2013,Број,banovici,Оба пола,communication,185
2013,Број,bihac,Оба пола,communication,491
2013,Број,bosanska_krupa,Оба пола,communication,269
2013,Број,bosanski_petrovac,Оба пола,communication,98
2013,Број,bosansko_grahovo,Оба пола,communication,31
2013,Број,breza,Оба пола,communication,132
2013,Број,bugojno,Оба пола,communication,305
2013,Број,busovaca,Оба пола,communication,114
2013,Број,buzim,Оба пола,communication,190
2013,Број,cazin,Оба пола,communication,583
2013,Број,centar_sarajevo,Оба пола,communication,386
2013,Број,capljina,Оба пола,communication,217
2013,Број,celic,Оба пола,communication,90
2013,Број,citluk,Оба пола,communication,130
2013,Број,doboj-istok,Оба пола,communication,214
2013,Број,doboj-jug,Оба пола,communication,23
2013,Број,dobretici,Оба пола,communication,27
2013,Број,domaljevac-samac,Оба пола,communication,44
2013,Број,donji_vakuf,Оба пола,communication,108
2013,Број,drvar,Оба пола,communication,100
2013,Број,foca-fbih,Оба пола,communication,17
2013,Број,fojnica,Оба пола,communication,604
2013,Број,glamoc,Оба пола,communication,44
2013,Број,gorazde,Оба пола,communication,226
2013,Број,gornji_vakuf-uskoplje,Оба пола,communication,164
2013,Број,gracanica,Оба пола,communication,335
2013,Број,gradacac,Оба пола,communication,356
2013,Број,grude,Оба пола,communication,172
2013,Број,hadzici,Оба пола,communication,405
2013,Број,ilidza,Оба пола,communication,537
2013,Број,ilijas,Оба пола,communication,212
2013,Број,jablanica,Оба пола,communication,85
2013,Број,jajce,Оба пола,communication,206
2013,Број,kakanj,Оба пола,communication,320
2013,Број,kalesija,Оба пола,communication,275
2013,Број,kiseljak,Оба пола,communication,177
2013,Број,kladanj,Оба пола,communication,100
2013,Број,kljuc,Оба пола,communication,100
2013,Број,konjic,Оба пола,communication,208
2013,Број,kresevo,Оба пола,communication,45
2013,Број,kupres-fbih,Оба пола,communication,87
2013,Број,livno,Оба пола,communication,209
2013,Број,lukavac,Оба пола,communication,497
2013,Број,ljubuski,Оба пола,communication,230
2013,Број,maglaj,Оба пола,communication,224
2013,Број,mostar,Оба пола,communication,816
2013,Број,neum,Оба пола,communication,22
2013,Број,novi_grad_sarajevo,Оба пола,communication,956
2013,Број,novi_travnik,Оба пола,communication,210
2013,Број,novo_sarajevo,Оба пола,communication,505
2013,Број,odzak,Оба пола,communication,141
2013,Број,olovo,Оба пола,communication,115
2013,Број,orasje,Оба пола,communication,152
2013,Број,pale-fbih,Оба пола,communication,8
2013,Број,posusje,Оба пола,communication,147
2013,Број,prozor,Оба пола,communication,87
2013,Број,ravno,Оба пола,communication,13
2013,Број,sanski_most,Оба пола,communication,328
2013,Број,sapna,Оба пола,communication,58
2013,Број,srebrenik,Оба пола,communication,427
2013,Број,stari_grad_sarajevo,Оба пола,communication,367
2013,Број,stolac,Оба пола,communication,171
2013,Број,siroki_brijeg,Оба пола,communication,181
2013,Број,teocak,Оба пола,communication,49
2013,Број,tesanj,Оба пола,communication,356
2013,Број,tomislavgrad,Оба пола,communication,155
2013,Број,travnik,Оба пола,communication,440
2013,Број,trnovo-fbih,Оба пола,communication,17
2013,Број,tuzla,Оба пола,communication,1319
2013,Број,usora,Оба пола,communication,45
2013,Број,vares,Оба пола,communication,107
2013,Број,velika_kladusa,Оба пола,communication,408
2013,Број,visoko,Оба пола,communication,327
2013,Број,vitez,Оба пола,communication,216
2013,Број,vogosca,Оба пола,communication,252
2013,Број,zavidovici,Оба пола,communication,369
2013,Број,zenica,Оба пола,communication,958
2013,Број,zepce,Оба пола,communication,243
2013,Број,zivinice,Оба пола,communication,643
2013,Број,banovici,M,communication,76
2013,Број,bihac,M,communication,256
2013,Број,bosanska_krupa,M,communication,138
2013,Број,bosanski_petrovac,M,communication,47
2013,Број,bosansko_grahovo,M,communication,13
2013,Број,breza,M,communication,70
2013,Број,bugojno,M,communication,152
2013,Број,busovaca,M,communication,65
2013,Број,buzim,M,communication,106
2013,Број,cazin,M,communication,312
2013,Број,centar_sarajevo,M,communication,169
2013,Број,capljina,M,communication,116
2013,Број,celic,M,communication,41
2013,Број,citluk,M,communication,56
2013,Број,doboj-istok,M,communication,106
2013,Број,doboj-jug,M,communication,10
2013,Број,dobretici,M,communication,18
2013,Број,domaljevac-samac,M,communication,26
2013,Број,donji_vakuf,M,communication,47
2013,Број,drvar,M,communication,46
2013,Број,foca-fbih,M,communication,8
2013,Број,fojnica,M,communication,344
2013,Број,glamoc,M,communication,22
2013,Број,gorazde,M,communication,92
2013,Број,gornji_vakuf-uskoplje,M,communication,83
2013,Број,gracanica,M,communication,167
2013,Број,gradacac,M,communication,174
2013,Број,grude,M,communication,68
2013,Број,hadzici,M,communication,209
2013,Број,ilidza,M,communication,257
2013,Број,ilijas,M,communication,105
2013,Број,jablanica,M,communication,44
2013,Број,jajce,M,communication,104
2013,Број,kakanj,M,communication,165
2013,Број,kalesija,M,communication,139
2013,Број,kiseljak,M,communication,85
2013,Број,kladanj,M,communication,50
2013,Број,kljuc,M,communication,44
2013,Број,konjic,M,communication,101
2013,Број,kresevo,M,communication,24
2013,Број,kupres-fbih,M,communication,38
2013,Број,livno,M,communication,97
2013,Број,lukavac,M,communication,234
2013,Број,ljubuski,M,communication,114
2013,Број,maglaj,M,communication,92
2013,Број,mostar,M,communication,379
2013,Број,neum,M,communication,7
2013,Број,novi_grad_sarajevo,M,communication,440
2013,Број,novi_travnik,M,communication,96
2013,Број,novo_sarajevo,M,communication,227
2013,Број,odzak,M,communication,62
2013,Број,olovo,M,communication,47
2013,Број,orasje,M,communication,77
2013,Број,pale-fbih,M,communication,3
2013,Број,posusje,M,communication,80
2013,Број,prozor,M,communication,42
2013,Број,ravno,M,communication,6
2013,Број,sanski_most,M,communication,177
2013,Број,sapna,M,communication,34
2013,Број,srebrenik,M,communication,211
2013,Број,stari_grad_sarajevo,M,communication,170
2013,Број,stolac,M,communication,87
2013,Број,siroki_brijeg,M,communication,94
2013,Број,teocak,M,communication,28
2013,Број,tesanj,M,communication,162
2013,Број,tomislavgrad,M,communication,74
2013,Број,travnik,M,communication,210
2013,Број,trnovo-fbih,M,communication,7
2013,Број,tuzla,M,communication,619
2013,Број,usora,M,communication,22
2013,Број,vares,M,communication,52
2013,Број,velika_kladusa,M,communication,209
2013,Број,visoko,M,communication,160
2013,Број,vitez,M,communication,102
2013,Број,vogosca,M,communication,128
2013,Број,zavidovici,M,communication,184
2013,Број,zenica,M,communication,484
2013,Број,zepce,M,communication,128
2013,Број,zivinice,M,communication,308
2013,Број,banovici,Ж,communication,109
2013,Број,bihac,Ж,communication,235
2013,Број,bosanska_krupa,Ж,communication,131
2013,Број,bosanski_petrovac,Ж,communication,51
2013,Број,bosansko_grahovo,Ж,communication,18
2013,Број,breza,Ж,communication,62
2013,Број,bugojno,Ж,communication,153
2013,Број,busovaca,Ж,communication,49
2013,Број,buzim,Ж,communication,84
2013,Број,cazin,Ж,communication,271
2013,Број,centar_sarajevo,Ж,communication,217
2013,Број,capljina,Ж,communication,101
2013,Број,celic,Ж,communication,49
2013,Број,citluk,Ж,communication,74
2013,Број,doboj-istok,Ж,communication,108
2013,Број,doboj-jug,Ж,communication,13
2013,Број,dobretici,Ж,communication,9
2013,Број,domaljevac-samac,Ж,communication,18
2013,Број,donji_vakuf,Ж,communication,61
2013,Број,drvar,Ж,communication,54
2013,Број,foca-fbih,Ж,communication,9
2013,Број,fojnica,Ж,communication,260
2013,Број,glamoc,Ж,communication,22
2013,Број,gorazde,Ж,communication,134
2013,Број,gornji_vakuf-uskoplje,Ж,communication,81
2013,Број,gracanica,Ж,communication,168
2013,Број,gradacac,Ж,communication,182
2013,Број,grude,Ж,communication,104
2013,Број,hadzici,Ж,communication,196
2013,Број,ilidza,Ж,communication,280
2013,Број,ilijas,Ж,communication,107
2013,Број,jablanica,Ж,communication,41
2013,Број,jajce,Ж,communication,102
2013,Број,kakanj,Ж,communication,155
2013,Број,kalesija,Ж,communication,136
2013,Број,kiseljak,Ж,communication,92
2013,Број,kladanj,Ж,communication,50
2013,Број,kljuc,Ж,communication,56
2013,Број,konjic,Ж,communication,107
2013,Број,kresevo,Ж,communication,21
2013,Број,kupres-fbih,Ж,communication,49
2013,Број,livno,Ж,communication,112
2013,Број,lukavac,Ж,communication,263
2013,Број,ljubuski,Ж,communication,116
2013,Број,maglaj,Ж,communication,132
2013,Број,mostar,Ж,communication,437
2013,Број,neum,Ж,communication,15
2013,Број,novi_grad_sarajevo,Ж,communication,516
2013,Број,novi_travnik,Ж,communication,114
2013,Број,novo_sarajevo,Ж,communication,278
2013,Број,odzak,Ж,communication,79
2013,Број,olovo,Ж,communication,68
2013,Број,orasje,Ж,communication,75
2013,Број,pale-fbih,Ж,communication,5
2013,Број,posusje,Ж,communication,67
2013,Број,prozor,Ж,communication,45
2013,Број,ravno,Ж,communication,7
2013,Број,sanski_most,Ж,communication,151
2013,Број,sapna,Ж,communication,24
2013,Број,srebrenik,Ж,communication,216
2013,Број,stari_grad_sarajevo,Ж,communication,197
2013,Број,stolac,Ж,communication,84
2013,Број,siroki_brijeg,Ж,communication,87
2013,Број,teocak,Ж,communication,21
2013,Број,tesanj,Ж,communication,194
2013,Број,tomislavgrad,Ж,communication,81
2013,Број,travnik,Ж,communication,230
2013,Број,trnovo-fbih,Ж,communication,10
2013,Број,tuzla,Ж,communication,700
2013,Број,usora,Ж,communication,23
2013,Број,vares,Ж,communication,55
2013,Број,velika_kladusa,Ж,communication,199
2013,Број,visoko,Ж,communication,167
2013,Број,vitez,Ж,communication,114
2013,Број,vogosca,Ж,communication,124
2013,Број,zavidovici,Ж,communication,185
2013,Број,zenica,Ж,communication,474
2013,Број,zepce,Ж,communication,115
2013,Број,zivinice,Ж,communication,335
2013,Број,banovici,Оба пола,multiple_disabilities,640
2013,Број,bihac,Оба пола,multiple_disabilities,1780
2013,Број,bosanska_krupa,Оба пола,multiple_disabilities,911
2013,Број,bosanski_petrovac,Оба пола,multiple_disabilities,272
2013,Број,bosansko_grahovo,Оба пола,multiple_disabilities,148
2013,Број,breza,Оба пола,multiple_disabilities,442
2013,Број,bugojno,Оба пола,multiple_disabilities,921
2013,Број,busovaca,Оба пола,multiple_disabilities,450
2013,Број,buzim,Оба пола,multiple_disabilities,438
2013,Број,cazin,Оба пола,multiple_disabilities,1654
2013,Број,centar_sarajevo,Оба пола,multiple_disabilities,1789
2013,Број,capljina,Оба пола,multiple_disabilities,647
2013,Број,celic,Оба пола,multiple_disabilities,427
2013,Број,citluk,Оба пола,multiple_disabilities,418
2013,Број,doboj-istok,Оба пола,multiple_disabilities,403
2013,Број,doboj-jug,Оба пола,multiple_disabilities,115
2013,Број,dobretici,Оба пола,multiple_disabilities,65
2013,Број,domaljevac-samac,Оба пола,multiple_disabilities,171
2013,Број,donji_vakuf,Оба пола,multiple_disabilities,406
2013,Број,drvar,Оба пола,multiple_disabilities,398
2013,Број,foca-fbih,Оба пола,multiple_disabilities,72
2013,Број,fojnica,Оба пола,multiple_disabilities,946
2013,Број,glamoc,Оба пола,multiple_disabilities,203
2013,Број,gorazde,Оба пола,multiple_disabilities,907
2013,Број,gornji_vakuf-uskoplje,Оба пола,multiple_disabilities,478
2013,Број,gracanica,Оба пола,multiple_disabilities,1298
2013,Број,gradacac,Оба пола,multiple_disabilities,1151
2013,Број,grude,Оба пола,multiple_disabilities,377
2013,Број,hadzici,Оба пола,multiple_disabilities,973
2013,Број,ilidza,Оба пола,multiple_disabilities,1907
2013,Број,ilijas,Оба пола,multiple_disabilities,660
2013,Број,jablanica,Оба пола,multiple_disabilities,274
2013,Број,jajce,Оба пола,multiple_disabilities,757
2013,Број,kakanj,Оба пола,multiple_disabilities,898
2013,Број,kalesija,Оба пола,multiple_disabilities,1179
2013,Број,kiseljak,Оба пола,multiple_disabilities,569
2013,Број,kladanj,Оба пола,multiple_disabilities,389
2013,Број,kljuc,Оба пола,multiple_disabilities,349
2013,Број,konjic,Оба пола,multiple_disabilities,720
2013,Број,kresevo,Оба пола,multiple_disabilities,164
2013,Број,kupres-fbih,Оба пола,multiple_disabilities,141
2013,Број,livno,Оба пола,multiple_disabilities,595
2013,Број,lukavac,Оба пола,multiple_disabilities,2034
2013,Број,ljubuski,Оба пола,multiple_disabilities,633
2013,Број,maglaj,Оба пола,multiple_disabilities,770
2013,Број,mostar,Оба пола,multiple_disabilities,2580
2013,Број,neum,Оба пола,multiple_disabilities,107
2013,Број,novi_grad_sarajevo,Оба пола,multiple_disabilities,3772
2013,Број,novi_travnik,Оба пола,multiple_disabilities,714
2013,Број,novo_sarajevo,Оба пола,multiple_disabilities,1938
2013,Број,odzak,Оба пола,multiple_disabilities,393
2013,Број,olovo,Оба пола,multiple_disabilities,431
2013,Број,orasje,Оба пола,multiple_disabilities,563
2013,Број,pale-fbih,Оба пола,multiple_disabilities,51
2013,Број,posusje,Оба пола,multiple_disabilities,398
2013,Број,prozor,Оба пола,multiple_disabilities,232
2013,Број,ravno,Оба пола,multiple_disabilities,40
2013,Број,sanski_most,Оба пола,multiple_disabilities,831
2013,Број,sapna,Оба пола,multiple_disabilities,215
2013,Број,srebrenik,Оба пола,multiple_disabilities,1583
2013,Број,stari_grad_sarajevo,Оба пола,multiple_disabilities,1390
2013,Број,stolac,Оба пола,multiple_disabilities,430
2013,Број,siroki_brijeg,Оба пола,multiple_disabilities,486
2013,Број,teocak,Оба пола,multiple_disabilities,177
2013,Број,tesanj,Оба пола,multiple_disabilities,1103
2013,Број,tomislavgrad,Оба пола,multiple_disabilities,368
2013,Број,travnik,Оба пола,multiple_disabilities,1480
2013,Број,trnovo-fbih,Оба пола,multiple_disabilities,74
2013,Број,tuzla,Оба пола,multiple_disabilities,5315
2013,Број,usora,Оба пола,multiple_disabilities,148
2013,Број,vares,Оба пола,multiple_disabilities,482
2013,Број,velika_kladusa,Оба пола,multiple_disabilities,1323
2013,Број,visoko,Оба пола,multiple_disabilities,1069
2013,Број,vitez,Оба пола,multiple_disabilities,737
2013,Број,vogosca,Оба пола,multiple_disabilities,939
2013,Број,zavidovici,Оба пола,multiple_disabilities,1338
2013,Број,zenica,Оба пола,multiple_disabilities,3314
2013,Број,zepce,Оба пола,multiple_disabilities,814
2013,Број,zivinice,Оба пола,multiple_disabilities,2382
2013,Број,banovici,M,multiple_disabilities,229
2013,Број,bihac,M,multiple_disabilities,782
2013,Број,bosanska_krupa,M,multiple_disabilities,431
2013,Број,bosanski_petrovac,M,multiple_disabilities,117
2013,Број,bosansko_grahovo,M,multiple_disabilities,56
2013,Број,breza,M,multiple_disabilities,194
2013,Број,bugojno,M,multiple_disabilities,408
2013,Број,busovaca,M,multiple_disabilities,206
2013,Број,buzim,M,multiple_disabilities,228
2013,Број,cazin,M,multiple_disabilities,779
2013,Број,centar_sarajevo,M,multiple_disabilities,668
2013,Број,capljina,M,multiple_disabilities,293
2013,Број,celic,M,multiple_disabilities,185
2013,Број,citluk,M,multiple_disabilities,179
2013,Број,doboj-istok,M,multiple_disabilities,186
2013,Број,doboj-jug,M,multiple_disabilities,52
2013,Број,dobretici,M,multiple_disabilities,42
2013,Број,domaljevac-samac,M,multiple_disabilities,81
2013,Број,donji_vakuf,M,multiple_disabilities,200
2013,Број,drvar,M,multiple_disabilities,148
2013,Број,foca-fbih,M,multiple_disabilities,31
2013,Број,fojnica,M,multiple_disabilities,477
2013,Број,glamoc,M,multiple_disabilities,89
2013,Број,gorazde,M,multiple_disabilities,372
2013,Број,gornji_vakuf-uskoplje,M,multiple_disabilities,215
2013,Број,gracanica,M,multiple_disabilities,551
2013,Број,gradacac,M,multiple_disabilities,487
2013,Број,grude,M,multiple_disabilities,159
2013,Број,hadzici,M,multiple_disabilities,446
2013,Број,ilidza,M,multiple_disabilities,763
2013,Број,ilijas,M,multiple_disabilities,275
2013,Број,jablanica,M,multiple_disabilities,112
2013,Број,jajce,M,multiple_disabilities,337
2013,Број,kakanj,M,multiple_disabilities,371
2013,Број,kalesija,M,multiple_disabilities,521
2013,Број,kiseljak,M,multiple_disabilities,245
2013,Број,kladanj,M,multiple_disabilities,156
2013,Број,kljuc,M,multiple_disabilities,143
2013,Број,konjic,M,multiple_disabilities,300
2013,Број,kresevo,M,multiple_disabilities,61
2013,Број,kupres-fbih,M,multiple_disabilities,57
2013,Број,livno,M,multiple_disabilities,265
2013,Број,lukavac,M,multiple_disabilities,794
2013,Број,ljubuski,M,multiple_disabilities,258
2013,Број,maglaj,M,multiple_disabilities,313
2013,Број,mostar,M,multiple_disabilities,1081
2013,Број,neum,M,multiple_disabilities,41
2013,Број,novi_grad_sarajevo,M,multiple_disabilities,1445
2013,Број,novi_travnik,M,multiple_disabilities,329
2013,Број,novo_sarajevo,M,multiple_disabilities,722
2013,Број,odzak,M,multiple_disabilities,169
2013,Број,olovo,M,multiple_disabilities,153
2013,Број,orasje,M,multiple_disabilities,232
2013,Број,pale-fbih,M,multiple_disabilities,20
2013,Број,posusje,M,multiple_disabilities,210
2013,Број,prozor,M,multiple_disabilities,97
2013,Број,ravno,M,multiple_disabilities,15
2013,Број,sanski_most,M,multiple_disabilities,376
2013,Број,sapna,M,multiple_disabilities,102
2013,Број,srebrenik,M,multiple_disabilities,613
2013,Број,stari_grad_sarajevo,M,multiple_disabilities,536
2013,Број,stolac,M,multiple_disabilities,192
2013,Број,siroki_brijeg,M,multiple_disabilities,205
2013,Број,teocak,M,multiple_disabilities,70
2013,Број,tesanj,M,multiple_disabilities,451
2013,Број,tomislavgrad,M,multiple_disabilities,159
2013,Број,travnik,M,multiple_disabilities,616
2013,Број,trnovo-fbih,M,multiple_disabilities,31
2013,Број,tuzla,M,multiple_disabilities,2063
2013,Број,usora,M,multiple_disabilities,59
2013,Број,vares,M,multiple_disabilities,189
2013,Број,velika_kladusa,M,multiple_disabilities,588
2013,Број,visoko,M,multiple_disabilities,464
2013,Број,vitez,M,multiple_disabilities,305
2013,Број,vogosca,M,multiple_disabilities,392
2013,Број,zavidovici,M,multiple_disabilities,583
2013,Број,zenica,M,multiple_disabilities,1372
2013,Број,zepce,M,multiple_disabilities,347
2013,Број,zivinice,M,multiple_disabilities,984
2013,Број,banovici,Ж,multiple_disabilities,411
2013,Број,bihac,Ж,multiple_disabilities,998
2013,Број,bosanska_krupa,Ж,multiple_disabilities,480
2013,Број,bosanski_petrovac,Ж,multiple_disabilities,155
2013,Број,bosansko_grahovo,Ж,multiple_disabilities,92
2013,Број,breza,Ж,multiple_disabilities,248
2013,Број,bugojno,Ж,multiple_disabilities,513
2013,Број,busovaca,Ж,multiple_disabilities,244
2013,Број,buzim,Ж,multiple_disabilities,210
2013,Број,cazin,Ж,multiple_disabilities,875
2013,Број,centar_sarajevo,Ж,multiple_disabilities,1121
2013,Број,capljina,Ж,multiple_disabilities,354
2013,Број,celic,Ж,multiple_disabilities,242
2013,Број,citluk,Ж,multiple_disabilities,239
2013,Број,doboj-istok,Ж,multiple_disabilities,217
2013,Број,doboj-jug,Ж,multiple_disabilities,63
2013,Број,dobretici,Ж,multiple_disabilities,23
2013,Број,domaljevac-samac,Ж,multiple_disabilities,90
2013,Број,donji_vakuf,Ж,multiple_disabilities,206
2013,Број,drvar,Ж,multiple_disabilities,250
2013,Број,foca-fbih,Ж,multiple_disabilities,41
2013,Број,fojnica,Ж,multiple_disabilities,469
2013,Број,glamoc,Ж,multiple_disabilities,114
2013,Број,gorazde,Ж,multiple_disabilities,535
2013,Број,gornji_vakuf-uskoplje,Ж,multiple_disabilities,263
2013,Број,gracanica,Ж,multiple_disabilities,747
2013,Број,gradacac,Ж,multiple_disabilities,664
2013,Број,grude,Ж,multiple_disabilities,218
2013,Број,hadzici,Ж,multiple_disabilities,527
2013,Број,ilidza,Ж,multiple_disabilities,1144
2013,Број,ilijas,Ж,multiple_disabilities,385
2013,Број,jablanica,Ж,multiple_disabilities,162
2013,Број,jajce,Ж,multiple_disabilities,420
2013,Број,kakanj,Ж,multiple_disabilities,527
2013,Број,kalesija,Ж,multiple_disabilities,658
2013,Број,kiseljak,Ж,multiple_disabilities,324
2013,Број,kladanj,Ж,multiple_disabilities,233
2013,Број,kljuc,Ж,multiple_disabilities,206
2013,Број,konjic,Ж,multiple_disabilities,420
2013,Број,kresevo,Ж,multiple_disabilities,103
2013,Број,kupres-fbih,Ж,multiple_disabilities,84
2013,Број,livno,Ж,multiple_disabilities,330
2013,Број,lukavac,Ж,multiple_disabilities,1240
2013,Број,ljubuski,Ж,multiple_disabilities,375
2013,Број,maglaj,Ж,multiple_disabilities,457
2013,Број,mostar,Ж,multiple_disabilities,1499
2013,Број,neum,Ж,multiple_disabilities,66
2013,Број,novi_grad_sarajevo,Ж,multiple_disabilities,2327
2013,Број,novi_travnik,Ж,multiple_disabilities,385
2013,Број,novo_sarajevo,Ж,multiple_disabilities,1216
2013,Број,odzak,Ж,multiple_disabilities,224
2013,Број,olovo,Ж,multiple_disabilities,278
2013,Број,orasje,Ж,multiple_disabilities,331
2013,Број,pale-fbih,Ж,multiple_disabilities,31
2013,Број,posusje,Ж,multiple_disabilities,188
2013,Број,prozor,Ж,multiple_disabilities,135
2013,Број,ravno,Ж,multiple_disabilities,25
2013,Број,sanski_most,Ж,multiple_disabilities,455
2013,Број,sapna,Ж,multiple_disabilities,113
2013,Број,srebrenik,Ж,multiple_disabilities,970
2013,Број,stari_grad_sarajevo,Ж,multiple_disabilities,854
2013,Број,stolac,Ж,multiple_disabilities,238
2013,Број,siroki_brijeg,Ж,multiple_disabilities,281
2013,Број,teocak,Ж,multiple_disabilities,107
2013,Број,tesanj,Ж,multiple_disabilities,652
2013,Број,tomislavgrad,Ж,multiple_disabilities,209
2013,Број,travnik,Ж,multiple_disabilities,864
2013,Број,trnovo-fbih,Ж,multiple_disabilities,43
2013,Број,tuzla,Ж,multiple_disabilities,3252
2013,Број,usora,Ж,multiple_disabilities,89
2013,Број,vares,Ж,multiple_disabilities,293
2013,Број,velika_kladusa,Ж,multiple_disabilities,735
2013,Број,visoko,Ж,multiple_disabilities,605
2013,Број,vitez,Ж,multiple_disabilities,432
2013,Број,vogosca,Ж,multiple_disabilities,547
2013,Број,zavidovici,Ж,multiple_disabilities,755
2013,Број,zenica,Ж,multiple_disabilities,1942
2013,Број,zepce,Ж,multiple_disabilities,467
2013,Број,zivinice,Ж,multiple_disabilities,1398
