Year,UNIT_MEASURE,Oпштина,Пол,Disabilities,Value
2013,Број,Бановићи,Оба пола,T,1839
2013,Број,Бихаћ,Оба пола,T,4952
2013,Број,Босанска Крупа,Оба пола,T,2373
2013,Број,Босански Петровац,Оба пола,T,654
2013,Број,Босанско Грахово,Оба пола,T,319
2013,Број,Бреза,Оба пола,T,1289
2013,Број,Бугојно,Оба пола,T,2436
2013,Број,Бусовача,Оба пола,T,1274
2013,Број,Бужим,Оба пола,T,1064
2013,Број,Цазин,Оба пола,T,4563
2013,Број,centar_sarajevo,Оба пола,T,4800
2013,Број,Чапљина,Оба пола,T,1736
2013,Број,Челић,Оба пола,T,1132
2013,Број,Читлук,Оба пола,T,1078
2013,Број,doboj-istok,Оба пола,T,1056
2013,Број,doboj-jug,Оба пола,T,321
2013,Број,Добретићи,Оба пола,T,201
2013,Број,domaljevac-samac,Оба пола,T,452
2013,Број,Доњи Вакуф,Оба пола,T,1218
2013,Број,Дрвар,Оба пола,T,1017
2013,Број,foca-fbih,Оба пола,T,211
2013,Број,Фојница,Оба пола,T,1742
2013,Број,Гламоч,Оба пола,T,479
2013,Број,Горажде,Оба пола,T,2279
2013,Број,gornji_vakuf-uskoplje,Оба пола,T,1439
2013,Број,Грачаница,Оба пола,T,3618
2013,Број,Градачац,Оба пола,T,3077
2013,Број,Груде,Оба пола,T,867
2013,Број,hadzici,Оба пола,T,2264
2013,Број,ilidza,Оба пола,T,5142
2013,Број,ilijas,Оба пола,T,1733
2013,Број,Јабланица,Оба пола,T,735
2013,Број,Јајце,Оба пола,T,2171
2013,Број,Какањ,Оба пола,T,2591
2013,Број,Калесија,Оба пола,T,3029
2013,Број,Кисељак,Оба пола,T,1602
2013,Број,Кладањ,Оба пола,T,1007
2013,Број,Кључ,Оба пола,T,1079
2013,Број,Коњиц,Оба пола,T,2071
2013,Број,Крешево,Оба пола,T,463
2013,Број,kupres-fbih,Оба пола,T,305
2013,Број,Ливно,Оба пола,T,1776
2013,Број,Лукавац,Оба пола,T,5056
2013,Број,Љубушки,Оба пола,T,1740
2013,Број,Маглај,Оба пола,T,2138
2013,Број,Мостар,Оба пола,T,7239
2013,Број,Неум,Оба пола,T,272
2013,Број,novi_grad_sarajevo,Оба пола,T,10183
2013,Број,Нови Травник,Оба пола,T,1819
2013,Број,novo_sarajevo,Оба пола,T,5230
2013,Број,Оџак,Оба пола,T,1164
2013,Број,Олово,Оба пола,T,1119
2013,Број,Орашје,Оба пола,T,1771
2013,Број,pale-fbih,Оба пола,T,129
2013,Број,Посушје,Оба пола,T,1131
2013,Број,Прозор,Оба пола,T,666
2013,Број,Равно,Оба пола,T,135
2013,Број,Сански Мост,Оба пола,T,2236
2013,Број,Сапна,Оба пола,T,642
2013,Број,Сребреник,Оба пола,T,3768
2013,Број,stari_grad_sarajevo,Оба пола,T,3785
2013,Број,Столац,Оба пола,T,1016
2013,Број,Широки Бријег,Оба пола,T,1356
2013,Број,Теочак,Оба пола,T,531
2013,Број,Тешањ,Оба пола,T,3254
2013,Број,Томиславград,Оба пола,T,1129
2013,Број,Травник,Оба пола,T,4081
2013,Број,trnovo-fbih,Оба пола,T,195
2013,Број,Тузла,Оба пола,T,12780
2013,Број,Усора,Оба пола,T,468
2013,Број,Вареш,Оба пола,T,1180
2013,Број,Велика Кладуша,Оба пола,T,3785
2013,Број,Високо,Оба пола,T,3073
2013,Број,Витез,Оба пола,T,2188
2013,Број,vogosca,Оба пола,T,2397
2013,Број,Завидовићи,Оба пола,T,3643
2013,Број,Зеница,Оба пола,T,8924
2013,Број,Жепче,Оба пола,T,2367
2013,Број,Живинице,Оба пола,T,5883
2013,Број,Бановићи,M,T,762
2013,Број,Бихаћ,M,T,2313
2013,Број,Босанска Крупа,M,T,1176
2013,Број,Босански Петровац,M,T,298
2013,Број,Босанско Грахово,M,T,136
2013,Број,Бреза,M,T,586
2013,Број,Бугојно,M,T,1130
2013,Број,Бусовача,M,T,622
2013,Број,Бужим,M,T,596
2013,Број,Цазин,M,T,2340
2013,Број,centar_sarajevo,M,T,1914
2013,Број,Чапљина,M,T,863
2013,Број,Челић,M,T,499
2013,Број,Читлук,M,T,493
2013,Број,doboj-istok,M,T,477
2013,Број,doboj-jug,M,T,157
2013,Број,Добретићи,M,T,122
2013,Број,domaljevac-samac,M,T,213
2013,Број,Доњи Вакуф,M,T,598
2013,Број,Дрвар,M,T,434
2013,Број,foca-fbih,M,T,97
2013,Број,Фојница,M,T,879
2013,Број,Гламоч,M,T,198
2013,Број,Горажде,M,T,993
2013,Број,gornji_vakuf-uskoplje,M,T,706
2013,Број,Грачаница,M,T,1600
2013,Број,Градачац,M,T,1362
2013,Број,Груде,M,T,368
2013,Број,hadzici,M,T,1055
2013,Број,ilidza,M,T,2257
2013,Број,ilijas,M,T,756
2013,Број,Јабланица,M,T,327
2013,Број,Јајце,M,T,1028
2013,Број,Какањ,M,T,1161
2013,Број,Калесија,M,T,1375
2013,Број,Кисељак,M,T,748
2013,Број,Кладањ,M,T,456
2013,Број,Кључ,M,T,477
2013,Број,Коњиц,M,T,927
2013,Број,Крешево,M,T,189
2013,Број,kupres-fbih,M,T,138
2013,Број,Ливно,M,T,821
2013,Број,Лукавац,M,T,2125
2013,Број,Љубушки,M,T,782
2013,Број,Маглај,M,T,938
2013,Број,Мостар,M,T,3314
2013,Број,Неум,M,T,120
2013,Број,novi_grad_sarajevo,M,T,4283
2013,Број,Нови Травник,M,T,858
2013,Број,novo_sarajevo,M,T,2076
2013,Број,Оџак,M,T,528
2013,Број,Олово,M,T,475
2013,Број,Орашје,M,T,844
2013,Број,pale-fbih,M,T,60
2013,Број,Посушје,M,T,619
2013,Број,Прозор,M,T,308
2013,Број,Равно,M,T,57
2013,Број,Сански Мост,M,T,1053
2013,Број,Сапна,M,T,326
2013,Број,Сребреник,M,T,1605
2013,Број,stari_grad_sarajevo,M,T,1582
2013,Број,Столац,M,T,468
2013,Број,Широки Бријег,M,T,604
2013,Број,Теочак,M,T,255
2013,Број,Тешањ,M,T,1526
2013,Број,Томиславград,M,T,553
2013,Број,Травник,M,T,1859
2013,Број,trnovo-fbih,M,T,82
2013,Број,Тузла,M,T,5302
2013,Број,Усора,M,T,217
2013,Број,Вареш,M,T,516
2013,Број,Велика Кладуша,M,T,1802
2013,Број,Високо,M,T,1400
2013,Број,Витез,M,T,1047
2013,Број,vogosca,M,T,1036
2013,Број,Завидовићи,M,T,1706
2013,Број,Зеница,M,T,4045
2013,Број,Жепче,M,T,1127
2013,Број,Живинице,M,T,2550
2013,Број,Бановићи,Ж,T,1077
2013,Број,Бихаћ,Ж,T,2639
2013,Број,Босанска Крупа,Ж,T,1197
2013,Број,Босански Петровац,Ж,T,356
2013,Број,Босанско Грахово,Ж,T,183
2013,Број,Бреза,Ж,T,703
2013,Број,Бугојно,Ж,T,1306
2013,Број,Бусовача,Ж,T,652
2013,Број,Бужим,Ж,T,468
2013,Број,Цазин,Ж,T,2223
2013,Број,centar_sarajevo,Ж,T,2886
2013,Број,Чапљина,Ж,T,873
2013,Број,Челић,Ж,T,633
2013,Број,Читлук,Ж,T,585
2013,Број,doboj-istok,Ж,T,579
2013,Број,doboj-jug,Ж,T,164
2013,Број,Добретићи,Ж,T,79
2013,Број,domaljevac-samac,Ж,T,239
2013,Број,Доњи Вакуф,Ж,T,620
2013,Број,Дрвар,Ж,T,583
2013,Број,foca-fbih,Ж,T,114
2013,Број,Фојница,Ж,T,863
2013,Број,Гламоч,Ж,T,281
2013,Број,Горажде,Ж,T,1286
2013,Број,gornji_vakuf-uskoplje,Ж,T,733
2013,Број,Грачаница,Ж,T,2018
2013,Број,Градачац,Ж,T,1715
2013,Број,Груде,Ж,T,499
2013,Број,hadzici,Ж,T,1209
2013,Број,ilidza,Ж,T,2885
2013,Број,ilijas,Ж,T,977
2013,Број,Јабланица,Ж,T,408
2013,Број,Јајце,Ж,T,1143
2013,Број,Какањ,Ж,T,1430
2013,Број,Калесија,Ж,T,1654
2013,Број,Кисељак,Ж,T,854
2013,Број,Кладањ,Ж,T,551
2013,Број,Кључ,Ж,T,602
2013,Број,Коњиц,Ж,T,1144
2013,Број,Крешево,Ж,T,274
2013,Број,kupres-fbih,Ж,T,167
2013,Број,Ливно,Ж,T,955
2013,Број,Лукавац,Ж,T,2931
2013,Број,Љубушки,Ж,T,958
2013,Број,Маглај,Ж,T,1200
2013,Број,Мостар,Ж,T,3925
2013,Број,Неум,Ж,T,152
2013,Број,novi_grad_sarajevo,Ж,T,5900
2013,Број,Нови Травник,Ж,T,961
2013,Број,novo_sarajevo,Ж,T,3154
2013,Број,Оџак,Ж,T,636
2013,Број,Олово,Ж,T,644
2013,Број,Орашје,Ж,T,927
2013,Број,pale-fbih,Ж,T,69
2013,Број,Посушје,Ж,T,512
2013,Број,Прозор,Ж,T,358
2013,Број,Равно,Ж,T,78
2013,Број,Сански Мост,Ж,T,1183
2013,Број,Сапна,Ж,T,316
2013,Број,Сребреник,Ж,T,2163
2013,Број,stari_grad_sarajevo,Ж,T,2203
2013,Број,Столац,Ж,T,548
2013,Број,Широки Бријег,Ж,T,752
2013,Број,Теочак,Ж,T,276
2013,Број,Тешањ,Ж,T,1728
2013,Број,Томиславград,Ж,T,576
2013,Број,Травник,Ж,T,2222
2013,Број,trnovo-fbih,Ж,T,113
2013,Број,Тузла,Ж,T,7478
2013,Број,Усора,Ж,T,251
2013,Број,Вареш,Ж,T,664
2013,Број,Велика Кладуша,Ж,T,1983
2013,Број,Високо,Ж,T,1673
2013,Број,Витез,Ж,T,1141
2013,Број,vogosca,Ж,T,1361
2013,Број,Завидовићи,Ж,T,1937
2013,Број,Зеница,Ж,T,4879
2013,Број,Жепче,Ж,T,1240
2013,Број,Живинице,Ж,T,3333
2013,Број,Бановићи,Оба пола,eyesight,750
2013,Број,Бихаћ,Оба пола,eyesight,2073
2013,Број,Босанска Крупа,Оба пола,eyesight,1158
2013,Број,Босански Петровац,Оба пола,eyesight,254
2013,Број,Босанско Грахово,Оба пола,eyesight,156
2013,Број,Бреза,Оба пола,eyesight,493
2013,Број,Бугојно,Оба пола,eyesight,950
2013,Број,Бусовача,Оба пола,eyesight,538
2013,Број,Бужим,Оба пола,eyesight,465
2013,Број,Цазин,Оба пола,eyesight,1906
2013,Број,centar_sarajevo,Оба пола,eyesight,1787
2013,Број,Чапљина,Оба пола,eyesight,736
2013,Број,Челић,Оба пола,eyesight,553
2013,Број,Читлук,Оба пола,eyesight,406
2013,Број,doboj-istok,Оба пола,eyesight,372
2013,Број,doboj-jug,Оба пола,eyesight,145
2013,Број,Добретићи,Оба пола,eyesight,62
2013,Број,domaljevac-samac,Оба пола,eyesight,223
2013,Број,Доњи Вакуф,Оба пола,eyesight,503
2013,Број,Дрвар,Оба пола,eyesight,497
2013,Број,foca-fbih,Оба пола,eyesight,81
2013,Број,Фојница,Оба пола,eyesight,555
2013,Број,Гламоч,Оба пола,eyesight,241
2013,Број,Горажде,Оба пола,eyesight,959
2013,Број,gornji_vakuf-uskoplje,Оба пола,eyesight,567
2013,Број,Грачаница,Оба пола,eyesight,1400
2013,Број,Градачац,Оба пола,eyesight,1192
2013,Број,Груде,Оба пола,eyesight,346
2013,Број,hadzici,Оба пола,eyesight,917
2013,Број,ilidza,Оба пола,eyesight,2009
2013,Број,ilijas,Оба пола,eyesight,724
2013,Број,Јабланица,Оба пола,eyesight,271
2013,Број,Јајце,Оба пола,eyesight,912
2013,Број,Какањ,Оба пола,eyesight,994
2013,Број,Калесија,Оба пола,eyesight,1405
2013,Број,Кисељак,Оба пола,eyesight,624
2013,Број,Кладањ,Оба пола,eyesight,426
2013,Број,Кључ,Оба пола,eyesight,388
2013,Број,Коњиц,Оба пола,eyesight,838
2013,Број,Крешево,Оба пола,eyesight,176
2013,Број,kupres-fbih,Оба пола,eyesight,151
2013,Број,Ливно,Оба пола,eyesight,622
2013,Број,Лукавац,Оба пола,eyesight,2247
2013,Број,Љубушки,Оба пола,eyesight,652
2013,Број,Маглај,Оба пола,eyesight,936
2013,Број,Мостар,Оба пола,eyesight,2733
2013,Број,Неум,Оба пола,eyesight,113
2013,Број,novi_grad_sarajevo,Оба пола,eyesight,4078
2013,Број,Нови Травник,Оба пола,eyesight,804
2013,Број,novo_sarajevo,Оба пола,eyesight,1803
2013,Број,Оџак,Оба пола,eyesight,466
2013,Број,Олово,Оба пола,eyesight,439
2013,Број,Орашје,Оба пола,eyesight,697
2013,Број,pale-fbih,Оба пола,eyesight,56
2013,Број,Посушје,Оба пола,eyesight,356
2013,Број,Прозор,Оба пола,eyesight,258
2013,Број,Равно,Оба пола,eyesight,42
2013,Број,Сански Мост,Оба пола,eyesight,880
2013,Број,Сапна,Оба пола,eyesight,226
2013,Број,Сребреник,Оба пола,eyesight,1779
2013,Број,stari_grad_sarajevo,Оба пола,eyesight,1538
2013,Број,Столац,Оба пола,eyesight,367
2013,Број,Широки Бријег,Оба пола,eyesight,458
2013,Број,Теочак,Оба пола,eyesight,211
2013,Број,Тешањ,Оба пола,eyesight,1318
2013,Број,Томиславград,Оба пола,eyesight,365
2013,Број,Травник,Оба пола,eyesight,1696
2013,Број,trnovo-fbih,Оба пола,eyesight,74
2013,Број,Тузла,Оба пола,eyesight,5508
2013,Број,Усора,Оба пола,eyesight,149
2013,Број,Вареш,Оба пола,eyesight,532
2013,Број,Велика Кладуша,Оба пола,eyesight,1787
2013,Број,Високо,Оба пола,eyesight,1089
2013,Број,Витез,Оба пола,eyesight,971
2013,Број,vogosca,Оба пола,eyesight,1049
2013,Број,Завидовићи,Оба пола,eyesight,1475
2013,Број,Зеница,Оба пола,eyesight,3706
2013,Број,Жепче,Оба пола,eyesight,974
2013,Број,Живинице,Оба пола,eyesight,2756
2013,Број,Бановићи,M,eyesight,275
2013,Број,Бихаћ,M,eyesight,850
2013,Број,Босанска Крупа,M,eyesight,509
2013,Број,Босански Петровац,M,eyesight,108
2013,Број,Босанско Грахово,M,eyesight,62
2013,Број,Бреза,M,eyesight,212
2013,Број,Бугојно,M,eyesight,414
2013,Број,Бусовача,M,eyesight,252
2013,Број,Бужим,M,eyesight,236
2013,Број,Цазин,M,eyesight,891
2013,Број,centar_sarajevo,M,eyesight,671
2013,Број,Чапљина,M,eyesight,341
2013,Број,Челић,M,eyesight,219
2013,Број,Читлук,M,eyesight,174
2013,Број,doboj-istok,M,eyesight,182
2013,Број,doboj-jug,M,eyesight,69
2013,Број,Добретићи,M,eyesight,28
2013,Број,domaljevac-samac,M,eyesight,101
2013,Број,Доњи Вакуф,M,eyesight,225
2013,Број,Дрвар,M,eyesight,186
2013,Број,foca-fbih,M,eyesight,41
2013,Број,Фојница,M,eyesight,239
2013,Број,Гламоч,M,eyesight,93
2013,Број,Горажде,M,eyesight,421
2013,Број,gornji_vakuf-uskoplje,M,eyesight,239
2013,Број,Грачаница,M,eyesight,582
2013,Број,Градачац,M,eyesight,497
2013,Број,Груде,M,eyesight,130
2013,Број,hadzici,M,eyesight,394
2013,Број,ilidza,M,eyesight,812
2013,Број,ilijas,M,eyesight,281
2013,Број,Јабланица,M,eyesight,118
2013,Број,Јајце,M,eyesight,388
2013,Број,Какањ,M,eyesight,406
2013,Број,Калесија,M,eyesight,613
2013,Број,Кисељак,M,eyesight,272
2013,Број,Кладањ,M,eyesight,175
2013,Број,Кључ,M,eyesight,155
2013,Број,Коњиц,M,eyesight,348
2013,Број,Крешево,M,eyesight,75
2013,Број,kupres-fbih,M,eyesight,59
2013,Број,Ливно,M,eyesight,279
2013,Број,Лукавац,M,eyesight,884
2013,Број,Љубушки,M,eyesight,254
2013,Број,Маглај,M,eyesight,364
2013,Број,Мостар,M,eyesight,1129
2013,Број,Неум,M,eyesight,50
2013,Број,novi_grad_sarajevo,M,eyesight,1587
2013,Број,Нови Травник,M,eyesight,350
2013,Број,novo_sarajevo,M,eyesight,657
2013,Број,Оџак,M,eyesight,194
2013,Број,Олово,M,eyesight,168
2013,Број,Орашје,M,eyesight,297
2013,Број,pale-fbih,M,eyesight,23
2013,Број,Посушје,M,eyesight,175
2013,Број,Прозор,M,eyesight,122
2013,Број,Равно,M,eyesight,17
2013,Број,Сански Мост,M,eyesight,373
2013,Број,Сапна,M,eyesight,102
2013,Број,Сребреник,M,eyesight,697
2013,Број,stari_grad_sarajevo,M,eyesight,579
2013,Број,Столац,M,eyesight,158
2013,Број,Широки Бријег,M,eyesight,180
2013,Број,Теочак,M,eyesight,95
2013,Број,Тешањ,M,eyesight,549
2013,Број,Томиславград,M,eyesight,167
2013,Број,Травник,M,eyesight,731
2013,Број,trnovo-fbih,M,eyesight,32
2013,Број,Тузла,M,eyesight,2096
2013,Број,Усора,M,eyesight,55
2013,Број,Вареш,M,eyesight,206
2013,Број,Велика Кладуша,M,eyesight,783
2013,Број,Високо,M,eyesight,468
2013,Број,Витез,M,eyesight,431
2013,Број,vogosca,M,eyesight,428
2013,Број,Завидовићи,M,eyesight,626
2013,Број,Зеница,M,eyesight,1560
2013,Број,Жепче,M,eyesight,413
2013,Број,Живинице,M,eyesight,1124
2013,Број,Бановићи,Ж,eyesight,475
2013,Број,Бихаћ,Ж,eyesight,1223
2013,Број,Босанска Крупа,Ж,eyesight,649
2013,Број,Босански Петровац,Ж,eyesight,146
2013,Број,Босанско Грахово,Ж,eyesight,94
2013,Број,Бреза,Ж,eyesight,281
2013,Број,Бугојно,Ж,eyesight,536
2013,Број,Бусовача,Ж,eyesight,286
2013,Број,Бужим,Ж,eyesight,229
2013,Број,Цазин,Ж,eyesight,1015
2013,Број,centar_sarajevo,Ж,eyesight,1116
2013,Број,Чапљина,Ж,eyesight,395
2013,Број,Челић,Ж,eyesight,334
2013,Број,Читлук,Ж,eyesight,232
2013,Број,doboj-istok,Ж,eyesight,190
2013,Број,doboj-jug,Ж,eyesight,76
2013,Број,Добретићи,Ж,eyesight,34
2013,Број,domaljevac-samac,Ж,eyesight,122
2013,Број,Доњи Вакуф,Ж,eyesight,278
2013,Број,Дрвар,Ж,eyesight,311
2013,Број,foca-fbih,Ж,eyesight,40
2013,Број,Фојница,Ж,eyesight,316
2013,Број,Гламоч,Ж,eyesight,148
2013,Број,Горажде,Ж,eyesight,538
2013,Број,gornji_vakuf-uskoplje,Ж,eyesight,328
2013,Број,Грачаница,Ж,eyesight,818
2013,Број,Градачац,Ж,eyesight,695
2013,Број,Груде,Ж,eyesight,216
2013,Број,hadzici,Ж,eyesight,523
2013,Број,ilidza,Ж,eyesight,1197
2013,Број,ilijas,Ж,eyesight,443
2013,Број,Јабланица,Ж,eyesight,153
2013,Број,Јајце,Ж,eyesight,524
2013,Број,Какањ,Ж,eyesight,588
2013,Број,Калесија,Ж,eyesight,792
2013,Број,Кисељак,Ж,eyesight,352
2013,Број,Кладањ,Ж,eyesight,251
2013,Број,Кључ,Ж,eyesight,233
2013,Број,Коњиц,Ж,eyesight,490
2013,Број,Крешево,Ж,eyesight,101
2013,Број,kupres-fbih,Ж,eyesight,92
2013,Број,Ливно,Ж,eyesight,343
2013,Број,Лукавац,Ж,eyesight,1363
2013,Број,Љубушки,Ж,eyesight,398
2013,Број,Маглај,Ж,eyesight,572
2013,Број,Мостар,Ж,eyesight,1604
2013,Број,Неум,Ж,eyesight,63
2013,Број,novi_grad_sarajevo,Ж,eyesight,2491
2013,Број,Нови Травник,Ж,eyesight,454
2013,Број,novo_sarajevo,Ж,eyesight,1146
2013,Број,Оџак,Ж,eyesight,272
2013,Број,Олово,Ж,eyesight,271
2013,Број,Орашје,Ж,eyesight,400
2013,Број,pale-fbih,Ж,eyesight,33
2013,Број,Посушје,Ж,eyesight,181
2013,Број,Прозор,Ж,eyesight,136
2013,Број,Равно,Ж,eyesight,25
2013,Број,Сански Мост,Ж,eyesight,507
2013,Број,Сапна,Ж,eyesight,124
2013,Број,Сребреник,Ж,eyesight,1082
2013,Број,stari_grad_sarajevo,Ж,eyesight,959
2013,Број,Столац,Ж,eyesight,209
2013,Број,Широки Бријег,Ж,eyesight,278
2013,Број,Теочак,Ж,eyesight,116
2013,Број,Тешањ,Ж,eyesight,769
2013,Број,Томиславград,Ж,eyesight,198
2013,Број,Травник,Ж,eyesight,965
2013,Број,trnovo-fbih,Ж,eyesight,42
2013,Број,Тузла,Ж,eyesight,3412
2013,Број,Усора,Ж,eyesight,94
2013,Број,Вареш,Ж,eyesight,326
2013,Број,Велика Кладуша,Ж,eyesight,1004
2013,Број,Високо,Ж,eyesight,621
2013,Број,Витез,Ж,eyesight,540
2013,Број,vogosca,Ж,eyesight,621
2013,Број,Завидовићи,Ж,eyesight,849
2013,Број,Зеница,Ж,eyesight,2146
2013,Број,Жепче,Ж,eyesight,561
2013,Број,Живинице,Ж,eyesight,1632
2013,Број,Бановићи,Оба пола,hearing,357
2013,Број,Бихаћ,Оба пола,hearing,1189
2013,Број,Босанска Крупа,Оба пола,hearing,651
2013,Број,Босански Петровац,Оба пола,hearing,188
2013,Број,Босанско Грахово,Оба пола,hearing,84
2013,Број,Бреза,Оба пола,hearing,256
2013,Број,Бугојно,Оба пола,hearing,551
2013,Број,Бусовача,Оба пола,hearing,311
2013,Број,Бужим,Оба пола,hearing,341
2013,Број,Цазин,Оба пола,hearing,1107
2013,Број,centar_sarajevo,Оба пола,hearing,1049
2013,Број,Чапљина,Оба пола,hearing,442
2013,Број,Челић,Оба пола,hearing,274
2013,Број,Читлук,Оба пола,hearing,304
2013,Број,doboj-istok,Оба пола,hearing,233
2013,Број,doboj-jug,Оба пола,hearing,74
2013,Број,Добретићи,Оба пола,hearing,48
2013,Број,domaljevac-samac,Оба пола,hearing,104
2013,Број,Доњи Вакуф,Оба пола,hearing,267
2013,Број,Дрвар,Оба пола,hearing,261
2013,Број,foca-fbih,Оба пола,hearing,50
2013,Број,Фојница,Оба пола,hearing,270
2013,Број,Гламоч,Оба пола,hearing,160
2013,Број,Горажде,Оба пола,hearing,585
2013,Број,gornji_vakuf-uskoplje,Оба пола,hearing,361
2013,Број,Грачаница,Оба пола,hearing,728
2013,Број,Градачац,Оба пола,hearing,674
2013,Број,Груде,Оба пола,hearing,265
2013,Број,hadzici,Оба пола,hearing,528
2013,Број,ilidza,Оба пола,hearing,1185
2013,Број,ilijas,Оба пола,hearing,382
2013,Број,Јабланица,Оба пола,hearing,192
2013,Број,Јајце,Оба пола,hearing,494
2013,Број,Какањ,Оба пола,hearing,590
2013,Број,Калесија,Оба пола,hearing,626
2013,Број,Кисељак,Оба пола,hearing,351
2013,Број,Кладањ,Оба пола,hearing,246
2013,Број,Кључ,Оба пола,hearing,226
2013,Број,Коњиц,Оба пола,hearing,491
2013,Број,Крешево,Оба пола,hearing,122
2013,Број,kupres-fbih,Оба пола,hearing,110
2013,Број,Ливно,Оба пола,hearing,448
2013,Број,Лукавац,Оба пола,hearing,1252
2013,Број,Љубушки,Оба пола,hearing,414
2013,Број,Маглај,Оба пола,hearing,500
2013,Број,Мостар,Оба пола,hearing,1743
2013,Број,Неум,Оба пола,hearing,76
2013,Број,novi_grad_sarajevo,Оба пола,hearing,2297
2013,Број,Нови Травник,Оба пола,hearing,473
2013,Број,novo_sarajevo,Оба пола,hearing,1142
2013,Број,Оџак,Оба пола,hearing,271
2013,Број,Олово,Оба пола,hearing,295
2013,Број,Орашје,Оба пола,hearing,387
2013,Број,pale-fbih,Оба пола,hearing,47
2013,Број,Посушје,Оба пола,hearing,292
2013,Број,Прозор,Оба пола,hearing,180
2013,Број,Равно,Оба пола,hearing,43
2013,Број,Сански Мост,Оба пола,hearing,556
2013,Број,Сапна,Оба пола,hearing,148
2013,Број,Сребреник,Оба пола,hearing,974
2013,Број,stari_grad_sarajevo,Оба пола,hearing,857
2013,Број,Столац,Оба пола,hearing,241
2013,Број,Широки Бријег,Оба пола,hearing,338
2013,Број,Теочак,Оба пола,hearing,116
2013,Број,Тешањ,Оба пола,hearing,611
2013,Број,Томиславград,Оба пола,hearing,270
2013,Број,Травник,Оба пола,hearing,878
2013,Број,trnovo-fbih,Оба пола,hearing,46
2013,Број,Тузла,Оба пола,hearing,2945
2013,Број,Усора,Оба пола,hearing,111
2013,Број,Вареш,Оба пола,hearing,274
2013,Број,Велика Кладуша,Оба пола,hearing,881
2013,Број,Високо,Оба пола,hearing,606
2013,Број,Витез,Оба пола,hearing,493
2013,Број,vogosca,Оба пола,hearing,581
2013,Број,Завидовићи,Оба пола,hearing,814
2013,Број,Зеница,Оба пола,hearing,2012
2013,Број,Жепче,Оба пола,hearing,507
2013,Број,Живинице,Оба пола,hearing,1375
2013,Број,Бановићи,M,hearing,151
2013,Број,Бихаћ,M,hearing,586
2013,Број,Босанска Крупа,M,hearing,369
2013,Број,Босански Петровац,M,hearing,92
2013,Број,Босанско Грахово,M,hearing,48
2013,Број,Бреза,M,hearing,133
2013,Број,Бугојно,M,hearing,254
2013,Број,Бусовача,M,hearing,169
2013,Број,Бужим,M,hearing,180
2013,Број,Цазин,M,hearing,570
2013,Број,centar_sarajevo,M,hearing,475
2013,Број,Чапљина,M,hearing,231
2013,Број,Челић,M,hearing,130
2013,Број,Читлук,M,hearing,155
2013,Број,doboj-istok,M,hearing,135
2013,Број,doboj-jug,M,hearing,40
2013,Број,Добретићи,M,hearing,29
2013,Број,domaljevac-samac,M,hearing,54
2013,Број,Доњи Вакуф,M,hearing,138
2013,Број,Дрвар,M,hearing,117
2013,Број,foca-fbih,M,hearing,20
2013,Број,Фојница,M,hearing,129
2013,Број,Гламоч,M,hearing,75
2013,Број,Горажде,M,hearing,279
2013,Број,gornji_vakuf-uskoplje,M,hearing,180
2013,Број,Грачаница,M,hearing,342
2013,Број,Градачац,M,hearing,295
2013,Број,Груде,M,hearing,112
2013,Број,hadzici,M,hearing,249
2013,Број,ilidza,M,hearing,569
2013,Број,ilijas,M,hearing,178
2013,Број,Јабланица,M,hearing,74
2013,Број,Јајце,M,hearing,245
2013,Број,Какањ,M,hearing,281
2013,Број,Калесија,M,hearing,327
2013,Број,Кисељак,M,hearing,175
2013,Број,Кладањ,M,hearing,125
2013,Број,Кључ,M,hearing,107
2013,Број,Коњиц,M,hearing,223
2013,Број,Крешево,M,hearing,57
2013,Број,kupres-fbih,M,hearing,52
2013,Број,Ливно,M,hearing,225
2013,Број,Лукавац,M,hearing,581
2013,Број,Љубушки,M,hearing,192
2013,Број,Маглај,M,hearing,239
2013,Број,Мостар,M,hearing,836
2013,Број,Неум,M,hearing,37
2013,Број,novi_grad_sarajevo,M,hearing,1014
2013,Број,Нови Травник,M,hearing,247
2013,Број,novo_sarajevo,M,hearing,479
2013,Број,Оџак,M,hearing,125
2013,Број,Олово,M,hearing,135
2013,Број,Орашје,M,hearing,189
2013,Број,pale-fbih,M,hearing,24
2013,Број,Посушје,M,hearing,166
2013,Број,Прозор,M,hearing,88
2013,Број,Равно,M,hearing,23
2013,Број,Сански Мост,M,hearing,274
2013,Број,Сапна,M,hearing,76
2013,Број,Сребреник,M,hearing,433
2013,Број,stari_grad_sarajevo,M,hearing,389
2013,Број,Столац,M,hearing,105
2013,Број,Широки Бријег,M,hearing,157
2013,Број,Теочак,M,hearing,52
2013,Број,Тешањ,M,hearing,310
2013,Број,Томиславград,M,hearing,127
2013,Број,Травник,M,hearing,402
2013,Број,trnovo-fbih,M,hearing,21
2013,Број,Тузла,M,hearing,1350
2013,Број,Усора,M,hearing,54
2013,Број,Вареш,M,hearing,135
2013,Број,Велика Кладуша,M,hearing,432
2013,Број,Високо,M,hearing,298
2013,Број,Витез,M,hearing,249
2013,Број,vogosca,M,hearing,282
2013,Број,Завидовићи,M,hearing,428
2013,Број,Зеница,M,hearing,990
2013,Број,Жепче,M,hearing,273
2013,Број,Живинице,M,hearing,656
2013,Број,Бановићи,Ж,hearing,206
2013,Број,Бихаћ,Ж,hearing,603
2013,Број,Босанска Крупа,Ж,hearing,282
2013,Број,Босански Петровац,Ж,hearing,96
2013,Број,Босанско Грахово,Ж,hearing,36
2013,Број,Бреза,Ж,hearing,123
2013,Број,Бугојно,Ж,hearing,297
2013,Број,Бусовача,Ж,hearing,142
2013,Број,Бужим,Ж,hearing,161
2013,Број,Цазин,Ж,hearing,537
2013,Број,centar_sarajevo,Ж,hearing,574
2013,Број,Чапљина,Ж,hearing,211
2013,Број,Челић,Ж,hearing,144
2013,Број,Читлук,Ж,hearing,149
2013,Број,doboj-istok,Ж,hearing,98
2013,Број,doboj-jug,Ж,hearing,34
2013,Број,Добретићи,Ж,hearing,19
2013,Број,domaljevac-samac,Ж,hearing,50
2013,Број,Доњи Вакуф,Ж,hearing,129
2013,Број,Дрвар,Ж,hearing,144
2013,Број,foca-fbih,Ж,hearing,30
2013,Број,Фојница,Ж,hearing,141
2013,Број,Гламоч,Ж,hearing,85
2013,Број,Горажде,Ж,hearing,306
2013,Број,gornji_vakuf-uskoplje,Ж,hearing,181
2013,Број,Грачаница,Ж,hearing,386
2013,Број,Градачац,Ж,hearing,379
2013,Број,Груде,Ж,hearing,153
2013,Број,hadzici,Ж,hearing,279
2013,Број,ilidza,Ж,hearing,616
2013,Број,ilijas,Ж,hearing,204
2013,Број,Јабланица,Ж,hearing,118
2013,Број,Јајце,Ж,hearing,249
2013,Број,Какањ,Ж,hearing,309
2013,Број,Калесија,Ж,hearing,299
2013,Број,Кисељак,Ж,hearing,176
2013,Број,Кладањ,Ж,hearing,121
2013,Број,Кључ,Ж,hearing,119
2013,Број,Коњиц,Ж,hearing,268
2013,Број,Крешево,Ж,hearing,65
2013,Број,kupres-fbih,Ж,hearing,58
2013,Број,Ливно,Ж,hearing,223
2013,Број,Лукавац,Ж,hearing,671
2013,Број,Љубушки,Ж,hearing,222
2013,Број,Маглај,Ж,hearing,261
2013,Број,Мостар,Ж,hearing,907
2013,Број,Неум,Ж,hearing,39
2013,Број,novi_grad_sarajevo,Ж,hearing,1283
2013,Број,Нови Травник,Ж,hearing,226
2013,Број,novo_sarajevo,Ж,hearing,663
2013,Број,Оџак,Ж,hearing,146
2013,Број,Олово,Ж,hearing,160
2013,Број,Орашје,Ж,hearing,198
2013,Број,pale-fbih,Ж,hearing,23
2013,Број,Посушје,Ж,hearing,126
2013,Број,Прозор,Ж,hearing,92
2013,Број,Равно,Ж,hearing,20
2013,Број,Сански Мост,Ж,hearing,282
2013,Број,Сапна,Ж,hearing,72
2013,Број,Сребреник,Ж,hearing,541
2013,Број,stari_grad_sarajevo,Ж,hearing,468
2013,Број,Столац,Ж,hearing,136
2013,Број,Широки Бријег,Ж,hearing,181
2013,Број,Теочак,Ж,hearing,64
2013,Број,Тешањ,Ж,hearing,301
2013,Број,Томиславград,Ж,hearing,143
2013,Број,Травник,Ж,hearing,476
2013,Број,trnovo-fbih,Ж,hearing,25
2013,Број,Тузла,Ж,hearing,1595
2013,Број,Усора,Ж,hearing,57
2013,Број,Вареш,Ж,hearing,139
2013,Број,Велика Кладуша,Ж,hearing,449
2013,Број,Високо,Ж,hearing,308
2013,Број,Витез,Ж,hearing,244
2013,Број,vogosca,Ж,hearing,299
2013,Број,Завидовићи,Ж,hearing,386
2013,Број,Зеница,Ж,hearing,1022
2013,Број,Жепче,Ж,hearing,234
2013,Број,Живинице,Ж,hearing,719
2013,Број,Бановићи,Оба пола,walking,1134
2013,Број,Бихаћ,Оба пола,walking,3069
2013,Број,Босанска Крупа,Оба пола,walking,1363
2013,Број,Босански Петровац,Оба пола,walking,430
2013,Број,Босанско Грахово,Оба пола,walking,215
2013,Број,Бреза,Оба пола,walking,857
2013,Број,Бугојно,Оба пола,walking,1558
2013,Број,Бусовача,Оба пола,walking,763
2013,Број,Бужим,Оба пола,walking,649
2013,Број,Цазин,Оба пола,walking,2684
2013,Број,centar_sarajevo,Оба пола,walking,3318
2013,Број,Чапљина,Оба пола,walking,1079
2013,Број,Челић,Оба пола,walking,691
2013,Број,Читлук,Оба пола,walking,714
2013,Број,doboj-istok,Оба пола,walking,648
2013,Број,doboj-jug,Оба пола,walking,205
2013,Број,Добретићи,Оба пола,walking,128
2013,Број,domaljevac-samac,Оба пола,walking,249
2013,Број,Доњи Вакуф,Оба пола,walking,731
2013,Број,Дрвар,Оба пола,walking,626
2013,Број,foca-fbih,Оба пола,walking,138
2013,Број,Фојница,Оба пола,walking,799
2013,Број,Гламоч,Оба пола,walking,277
2013,Број,Горажде,Оба пола,walking,1525
2013,Број,gornji_vakuf-uskoplje,Оба пола,walking,829
2013,Број,Грачаница,Оба пола,walking,2298
2013,Број,Градачац,Оба пола,walking,1925
2013,Број,Груде,Оба пола,walking,601
2013,Број,hadzici,Оба пола,walking,1385
2013,Број,ilidza,Оба пола,walking,3404
2013,Број,ilijas,Оба пола,walking,1054
2013,Број,Јабланица,Оба пола,walking,446
2013,Број,Јајце,Оба пола,walking,1333
2013,Број,Какањ,Оба пола,walking,1498
2013,Број,Калесија,Оба пола,walking,1844
2013,Број,Кисељак,Оба пола,walking,956
2013,Број,Кладањ,Оба пола,walking,608
2013,Број,Кључ,Оба пола,walking,668
2013,Број,Коњиц,Оба пола,walking,1295
2013,Број,Крешево,Оба пола,walking,274
2013,Број,kupres-fbih,Оба пола,walking,212
2013,Број,Ливно,Оба пола,walking,1102
2013,Број,Лукавац,Оба пола,walking,3253
2013,Број,Љубушки,Оба пола,walking,1125
2013,Број,Маглај,Оба пола,walking,1350
2013,Број,Мостар,Оба пола,walking,4730
2013,Број,Неум,Оба пола,walking,184
2013,Број,novi_grad_sarajevo,Оба пола,walking,6627
2013,Број,Нови Травник,Оба пола,walking,1117
2013,Број,novo_sarajevo,Оба пола,walking,3679
2013,Број,Оџак,Оба пола,walking,696
2013,Број,Олово,Оба пола,walking,735
2013,Број,Орашје,Оба пола,walking,1076
2013,Број,pale-fbih,Оба пола,walking,83
2013,Број,Посушје,Оба пола,walking,746
2013,Број,Прозор,Оба пола,walking,407
2013,Број,Равно,Оба пола,walking,83
2013,Број,Сански Мост,Оба пола,walking,1388
2013,Број,Сапна,Оба пола,walking,410
2013,Број,Сребреник,Оба пола,walking,2370
2013,Број,stari_grad_sarajevo,Оба пола,walking,2457
2013,Број,Столац,Оба пола,walking,638
2013,Број,Широки Бријег,Оба пола,walking,891
2013,Број,Теочак,Оба пола,walking,330
2013,Број,Тешањ,Оба пола,walking,2057
2013,Број,Томиславград,Оба пола,walking,665
2013,Број,Травник,Оба пола,walking,2421
2013,Број,trnovo-fbih,Оба пола,walking,136
2013,Број,Тузла,Оба пола,walking,8661
2013,Број,Усора,Оба пола,walking,302
2013,Број,Вареш,Оба пола,walking,789
2013,Број,Велика Кладуша,Оба пола,walking,2048
2013,Број,Високо,Оба пола,walking,1960
2013,Број,Витез,Оба пола,walking,1284
2013,Број,vogosca,Оба пола,walking,1576
2013,Број,Завидовићи,Оба пола,walking,2318
2013,Број,Зеница,Оба пола,walking,5558
2013,Број,Жепче,Оба пола,walking,1432
2013,Број,Живинице,Оба пола,walking,3658
2013,Број,Бановићи,M,walking,456
2013,Број,Бихаћ,M,walking,1377
2013,Број,Босанска Крупа,M,walking,632
2013,Број,Босански Петровац,M,walking,177
2013,Број,Босанско Грахово,M,walking,77
2013,Број,Бреза,M,walking,359
2013,Број,Бугојно,M,walking,695
2013,Број,Бусовача,M,walking,334
2013,Број,Бужим,M,walking,351
2013,Број,Цазин,M,walking,1326
2013,Број,centar_sarajevo,M,walking,1231
2013,Број,Чапљина,M,walking,504
2013,Број,Челић,M,walking,295
2013,Број,Читлук,M,walking,294
2013,Број,doboj-istok,M,walking,292
2013,Број,doboj-jug,M,walking,94
2013,Број,Добретићи,M,walking,83
2013,Број,domaljevac-samac,M,walking,104
2013,Број,Доњи Вакуф,M,walking,349
2013,Број,Дрвар,M,walking,244
2013,Број,foca-fbih,M,walking,55
2013,Број,Фојница,M,walking,359
2013,Број,Гламоч,M,walking,100
2013,Број,Горажде,M,walking,610
2013,Број,gornji_vakuf-uskoplje,M,walking,393
2013,Број,Грачаница,M,walking,976
2013,Број,Градачац,M,walking,800
2013,Број,Груде,M,walking,248
2013,Број,hadzici,M,walking,580
2013,Број,ilidza,M,walking,1407
2013,Број,ilijas,M,walking,431
2013,Број,Јабланица,M,walking,200
2013,Број,Јајце,M,walking,587
2013,Број,Какањ,M,walking,616
2013,Број,Калесија,M,walking,768
2013,Број,Кисељак,M,walking,399
2013,Број,Кладањ,M,walking,260
2013,Број,Кључ,M,walking,283
2013,Број,Коњиц,M,walking,551
2013,Број,Крешево,M,walking,91
2013,Број,kupres-fbih,M,walking,88
2013,Број,Ливно,M,walking,477
2013,Број,Лукавац,M,walking,1247
2013,Број,Љубушки,M,walking,478
2013,Број,Маглај,M,walking,553
2013,Број,Мостар,M,walking,2043
2013,Број,Неум,M,walking,64
2013,Број,novi_grad_sarajevo,M,walking,2604
2013,Број,Нови Травник,M,walking,505
2013,Број,novo_sarajevo,M,walking,1350
2013,Број,Оџак,M,walking,292
2013,Број,Олово,M,walking,280
2013,Број,Орашје,M,walking,470
2013,Број,pale-fbih,M,walking,31
2013,Број,Посушје,M,walking,404
2013,Број,Прозор,M,walking,162
2013,Број,Равно,M,walking,31
2013,Број,Сански Мост,M,walking,620
2013,Број,Сапна,M,walking,209
2013,Број,Сребреник,M,walking,905
2013,Број,stari_grad_sarajevo,M,walking,958
2013,Број,Столац,M,walking,265
2013,Број,Широки Бријег,M,walking,373
2013,Број,Теочак,M,walking,147
2013,Број,Тешањ,M,walking,885
2013,Број,Томиславград,M,walking,307
2013,Број,Травник,M,walking,1045
2013,Број,trnovo-fbih,M,walking,54
2013,Број,Тузла,M,walking,3310
2013,Број,Усора,M,walking,135
2013,Број,Вареш,M,walking,323
2013,Број,Велика Кладуша,M,walking,914
2013,Број,Високо,M,walking,820
2013,Број,Витез,M,walking,566
2013,Број,vogosca,M,walking,625
2013,Број,Завидовићи,M,walking,986
2013,Број,Зеница,M,walking,2316
2013,Број,Жепче,M,walking,636
2013,Број,Живинице,M,walking,1445
2013,Број,Бановићи,Ж,walking,678
2013,Број,Бихаћ,Ж,walking,1692
2013,Број,Босанска Крупа,Ж,walking,731
2013,Број,Босански Петровац,Ж,walking,253
2013,Број,Босанско Грахово,Ж,walking,138
2013,Број,Бреза,Ж,walking,498
2013,Број,Бугојно,Ж,walking,863
2013,Број,Бусовача,Ж,walking,429
2013,Број,Бужим,Ж,walking,298
2013,Број,Цазин,Ж,walking,1358
2013,Број,centar_sarajevo,Ж,walking,2087
2013,Број,Чапљина,Ж,walking,575
2013,Број,Челић,Ж,walking,396
2013,Број,Читлук,Ж,walking,420
2013,Број,doboj-istok,Ж,walking,356
2013,Број,doboj-jug,Ж,walking,111
2013,Број,Добретићи,Ж,walking,45
2013,Број,domaljevac-samac,Ж,walking,145
2013,Број,Доњи Вакуф,Ж,walking,382
2013,Број,Дрвар,Ж,walking,382
2013,Број,foca-fbih,Ж,walking,83
2013,Број,Фојница,Ж,walking,440
2013,Број,Гламоч,Ж,walking,177
2013,Број,Горажде,Ж,walking,915
2013,Број,gornji_vakuf-uskoplje,Ж,walking,436
2013,Број,Грачаница,Ж,walking,1322
2013,Број,Градачац,Ж,walking,1125
2013,Број,Груде,Ж,walking,353
2013,Број,hadzici,Ж,walking,805
2013,Број,ilidza,Ж,walking,1997
2013,Број,ilijas,Ж,walking,623
2013,Број,Јабланица,Ж,walking,246
2013,Број,Јајце,Ж,walking,746
2013,Број,Какањ,Ж,walking,882
2013,Број,Калесија,Ж,walking,1076
2013,Број,Кисељак,Ж,walking,557
2013,Број,Кладањ,Ж,walking,348
2013,Број,Кључ,Ж,walking,385
2013,Број,Коњиц,Ж,walking,744
2013,Број,Крешево,Ж,walking,183
2013,Број,kupres-fbih,Ж,walking,124
2013,Број,Ливно,Ж,walking,625
2013,Број,Лукавац,Ж,walking,2006
2013,Број,Љубушки,Ж,walking,647
2013,Број,Маглај,Ж,walking,797
2013,Број,Мостар,Ж,walking,2687
2013,Број,Неум,Ж,walking,120
2013,Број,novi_grad_sarajevo,Ж,walking,4023
2013,Број,Нови Травник,Ж,walking,612
2013,Број,novo_sarajevo,Ж,walking,2329
2013,Број,Оџак,Ж,walking,404
2013,Број,Олово,Ж,walking,455
2013,Број,Орашје,Ж,walking,606
2013,Број,pale-fbih,Ж,walking,52
2013,Број,Посушје,Ж,walking,342
2013,Број,Прозор,Ж,walking,245
2013,Број,Равно,Ж,walking,52
2013,Број,Сански Мост,Ж,walking,768
2013,Број,Сапна,Ж,walking,201
2013,Број,Сребреник,Ж,walking,1465
2013,Број,stari_grad_sarajevo,Ж,walking,1499
2013,Број,Столац,Ж,walking,373
2013,Број,Широки Бријег,Ж,walking,518
2013,Број,Теочак,Ж,walking,183
2013,Број,Тешањ,Ж,walking,1172
2013,Број,Томиславград,Ж,walking,358
2013,Број,Травник,Ж,walking,1376
2013,Број,trnovo-fbih,Ж,walking,82
2013,Број,Тузла,Ж,walking,5351
2013,Број,Усора,Ж,walking,167
2013,Број,Вареш,Ж,walking,466
2013,Број,Велика Кладуша,Ж,walking,1134
2013,Број,Високо,Ж,walking,1140
2013,Број,Витез,Ж,walking,718
2013,Број,vogosca,Ж,walking,951
2013,Број,Завидовићи,Ж,walking,1332
2013,Број,Зеница,Ж,walking,3242
2013,Број,Жепче,Ж,walking,796
2013,Број,Живинице,Ж,walking,2213
2013,Број,Бановићи,Оба пола,memory,282
2013,Број,Бихаћ,Оба пола,memory,850
2013,Број,Босанска Крупа,Оба пола,memory,490
2013,Број,Босански Петровац,Оба пола,memory,138
2013,Број,Босанско Грахово,Оба пола,memory,46
2013,Број,Бреза,Оба пола,memory,207
2013,Број,Бугојно,Оба пола,memory,512
2013,Број,Бусовача,Оба пола,memory,221
2013,Број,Бужим,Оба пола,memory,296
2013,Број,Цазин,Оба пола,memory,981
2013,Број,centar_sarajevo,Оба пола,memory,799
2013,Број,Чапљина,Оба пола,memory,336
2013,Број,Челић,Оба пола,memory,182
2013,Број,Читлук,Оба пола,memory,200
2013,Број,doboj-istok,Оба пола,memory,340
2013,Број,doboj-jug,Оба пола,memory,45
2013,Број,Добретићи,Оба пола,memory,40
2013,Број,domaljevac-samac,Оба пола,memory,95
2013,Број,Доњи Вакуф,Оба пола,memory,206
2013,Број,Дрвар,Оба пола,memory,155
2013,Број,foca-fbih,Оба пола,memory,31
2013,Број,Фојница,Оба пола,memory,727
2013,Број,Гламоч,Оба пола,memory,89
2013,Број,Горажде,Оба пола,memory,463
2013,Број,gornji_vakuf-uskoplje,Оба пола,memory,247
2013,Број,Грачаница,Оба пола,memory,660
2013,Број,Градачац,Оба пола,memory,623
2013,Број,Груде,Оба пола,memory,239
2013,Број,hadzici,Оба пола,memory,650
2013,Број,ilidza,Оба пола,memory,978
2013,Број,ilijas,Оба пола,memory,382
2013,Број,Јабланица,Оба пола,memory,129
2013,Број,Јајце,Оба пола,memory,346
2013,Број,Какањ,Оба пола,memory,443
2013,Број,Калесија,Оба пола,memory,646
2013,Број,Кисељак,Оба пола,memory,300
2013,Број,Кладањ,Оба пола,memory,218
2013,Број,Кључ,Оба пола,memory,197
2013,Број,Коњиц,Оба пола,memory,379
2013,Број,Крешево,Оба пола,memory,102
2013,Број,kupres-fbih,Оба пола,memory,100
2013,Број,Ливно,Оба пола,memory,306
2013,Број,Лукавац,Оба пола,memory,1044
2013,Број,Љубушки,Оба пола,memory,324
2013,Број,Маглај,Оба пола,memory,385
2013,Број,Мостар,Оба пола,memory,1316
2013,Број,Неум,Оба пола,memory,40
2013,Број,novi_grad_sarajevo,Оба пола,memory,1760
2013,Број,Нови Травник,Оба пола,memory,364
2013,Број,novo_sarajevo,Оба пола,memory,952
2013,Број,Оџак,Оба пола,memory,229
2013,Број,Олово,Оба пола,memory,221
2013,Број,Орашје,Оба пола,memory,291
2013,Број,pale-fbih,Оба пола,memory,34
2013,Број,Посушје,Оба пола,memory,213
2013,Број,Прозор,Оба пола,memory,136
2013,Број,Равно,Оба пола,memory,19
2013,Број,Сански Мост,Оба пола,memory,467
2013,Број,Сапна,Оба пола,memory,117
2013,Број,Сребреник,Оба пола,memory,866
2013,Број,stari_grad_sarajevo,Оба пола,memory,663
2013,Број,Столац,Оба пола,memory,252
2013,Број,Широки Бријег,Оба пола,memory,238
2013,Број,Теочак,Оба пола,memory,91
2013,Број,Тешањ,Оба пола,memory,594
2013,Број,Томиславград,Оба пола,memory,192
2013,Број,Травник,Оба пола,memory,724
2013,Број,trnovo-fbih,Оба пола,memory,37
2013,Број,Тузла,Оба пола,memory,2819
2013,Број,Усора,Оба пола,memory,88
2013,Број,Вареш,Оба пола,memory,221
2013,Број,Велика Кладуша,Оба пола,memory,801
2013,Број,Високо,Оба пола,memory,552
2013,Број,Витез,Оба пола,memory,363
2013,Број,vogosca,Оба пола,memory,491
2013,Број,Завидовићи,Оба пола,memory,648
2013,Број,Зеница,Оба пола,memory,1568
2013,Број,Жепче,Оба пола,memory,401
2013,Број,Живинице,Оба пола,memory,1404
2013,Број,Бановићи,M,memory,96
2013,Број,Бихаћ,M,memory,406
2013,Број,Босанска Крупа,M,memory,248
2013,Број,Босански Петровац,M,memory,66
2013,Број,Босанско Грахово,M,memory,18
2013,Број,Бреза,M,memory,93
2013,Број,Бугојно,M,memory,251
2013,Број,Бусовача,M,memory,111
2013,Број,Бужим,M,memory,154
2013,Број,Цазин,M,memory,492
2013,Број,centar_sarajevo,M,memory,351
2013,Број,Чапљина,M,memory,160
2013,Број,Челић,M,memory,85
2013,Број,Читлук,M,memory,89
2013,Број,doboj-istok,M,memory,139
2013,Број,doboj-jug,M,memory,20
2013,Број,Добретићи,M,memory,26
2013,Број,domaljevac-samac,M,memory,54
2013,Број,Доњи Вакуф,M,memory,99
2013,Број,Дрвар,M,memory,67
2013,Број,foca-fbih,M,memory,15
2013,Број,Фојница,M,memory,391
2013,Број,Гламоч,M,memory,47
2013,Број,Горажде,M,memory,182
2013,Број,gornji_vakuf-uskoplje,M,memory,125
2013,Број,Грачаница,M,memory,289
2013,Број,Градачац,M,memory,294
2013,Број,Груде,M,memory,109
2013,Број,hadzici,M,memory,334
2013,Број,ilidza,M,memory,405
2013,Број,ilijas,M,memory,167
2013,Број,Јабланица,M,memory,52
2013,Број,Јајце,M,memory,167
2013,Број,Какањ,M,memory,192
2013,Број,Калесија,M,memory,288
2013,Број,Кисељак,M,memory,133
2013,Број,Кладањ,M,memory,82
2013,Број,Кључ,M,memory,85
2013,Број,Коњиц,M,memory,185
2013,Број,Крешево,M,memory,40
2013,Број,kupres-fbih,M,memory,45
2013,Број,Ливно,M,memory,153
2013,Број,Лукавац,M,memory,412
2013,Број,Љубушки,M,memory,157
2013,Број,Маглај,M,memory,162
2013,Број,Мостар,M,memory,617
2013,Број,Неум,M,memory,19
2013,Број,novi_grad_sarajevo,M,memory,718
2013,Број,Нови Травник,M,memory,179
2013,Број,novo_sarajevo,M,memory,396
2013,Број,Оџак,M,memory,108
2013,Број,Олово,M,memory,87
2013,Број,Орашје,M,memory,131
2013,Број,pale-fbih,M,memory,15
2013,Број,Посушје,M,memory,110
2013,Број,Прозор,M,memory,61
2013,Број,Равно,M,memory,8
2013,Број,Сански Мост,M,memory,234
2013,Број,Сапна,M,memory,51
2013,Број,Сребреник,M,memory,364
2013,Број,stari_grad_sarajevo,M,memory,284
2013,Број,Столац,M,memory,126
2013,Број,Широки Бријег,M,memory,114
2013,Број,Теочак,M,memory,45
2013,Број,Тешањ,M,memory,258
2013,Број,Томиславград,M,memory,94
2013,Број,Травник,M,memory,313
2013,Број,trnovo-fbih,M,memory,13
2013,Број,Тузла,M,memory,1183
2013,Број,Усора,M,memory,38
2013,Број,Вареш,M,memory,95
2013,Број,Велика Кладуша,M,memory,374
2013,Број,Високо,M,memory,252
2013,Број,Витез,M,memory,170
2013,Број,vogosca,M,memory,224
2013,Број,Завидовићи,M,memory,307
2013,Број,Зеница,M,memory,693
2013,Број,Жепче,M,memory,186
2013,Број,Живинице,M,memory,617
2013,Број,Бановићи,Ж,memory,186
2013,Број,Бихаћ,Ж,memory,444
2013,Број,Босанска Крупа,Ж,memory,242
2013,Број,Босански Петровац,Ж,memory,72
2013,Број,Босанско Грахово,Ж,memory,28
2013,Број,Бреза,Ж,memory,114
2013,Број,Бугојно,Ж,memory,261
2013,Број,Бусовача,Ж,memory,110
2013,Број,Бужим,Ж,memory,142
2013,Број,Цазин,Ж,memory,489
2013,Број,centar_sarajevo,Ж,memory,448
2013,Број,Чапљина,Ж,memory,176
2013,Број,Челић,Ж,memory,97
2013,Број,Читлук,Ж,memory,111
2013,Број,doboj-istok,Ж,memory,201
2013,Број,doboj-jug,Ж,memory,25
2013,Број,Добретићи,Ж,memory,14
2013,Број,domaljevac-samac,Ж,memory,41
2013,Број,Доњи Вакуф,Ж,memory,107
2013,Број,Дрвар,Ж,memory,88
2013,Број,foca-fbih,Ж,memory,16
2013,Број,Фојница,Ж,memory,336
2013,Број,Гламоч,Ж,memory,42
2013,Број,Горажде,Ж,memory,281
2013,Број,gornji_vakuf-uskoplje,Ж,memory,122
2013,Број,Грачаница,Ж,memory,371
2013,Број,Градачац,Ж,memory,329
2013,Број,Груде,Ж,memory,130
2013,Број,hadzici,Ж,memory,316
2013,Број,ilidza,Ж,memory,573
2013,Број,ilijas,Ж,memory,215
2013,Број,Јабланица,Ж,memory,77
2013,Број,Јајце,Ж,memory,179
2013,Број,Какањ,Ж,memory,251
2013,Број,Калесија,Ж,memory,358
2013,Број,Кисељак,Ж,memory,167
2013,Број,Кладањ,Ж,memory,136
2013,Број,Кључ,Ж,memory,112
2013,Број,Коњиц,Ж,memory,194
2013,Број,Крешево,Ж,memory,62
2013,Број,kupres-fbih,Ж,memory,55
2013,Број,Ливно,Ж,memory,153
2013,Број,Лукавац,Ж,memory,632
2013,Број,Љубушки,Ж,memory,167
2013,Број,Маглај,Ж,memory,223
2013,Број,Мостар,Ж,memory,699
2013,Број,Неум,Ж,memory,21
2013,Број,novi_grad_sarajevo,Ж,memory,1042
2013,Број,Нови Травник,Ж,memory,185
2013,Број,novo_sarajevo,Ж,memory,556
2013,Број,Оџак,Ж,memory,121
2013,Број,Олово,Ж,memory,134
2013,Број,Орашје,Ж,memory,160
2013,Број,pale-fbih,Ж,memory,19
2013,Број,Посушје,Ж,memory,103
2013,Број,Прозор,Ж,memory,75
2013,Број,Равно,Ж,memory,11
2013,Број,Сански Мост,Ж,memory,233
2013,Број,Сапна,Ж,memory,66
2013,Број,Сребреник,Ж,memory,502
2013,Број,stari_grad_sarajevo,Ж,memory,379
2013,Број,Столац,Ж,memory,126
2013,Број,Широки Бријег,Ж,memory,124
2013,Број,Теочак,Ж,memory,46
2013,Број,Тешањ,Ж,memory,336
2013,Број,Томиславград,Ж,memory,98
2013,Број,Травник,Ж,memory,411
2013,Број,trnovo-fbih,Ж,memory,24
2013,Број,Тузла,Ж,memory,1636
2013,Број,Усора,Ж,memory,50
2013,Број,Вареш,Ж,memory,126
2013,Број,Велика Кладуша,Ж,memory,427
2013,Број,Високо,Ж,memory,300
2013,Број,Витез,Ж,memory,193
2013,Број,vogosca,Ж,memory,267
2013,Број,Завидовићи,Ж,memory,341
2013,Број,Зеница,Ж,memory,875
2013,Број,Жепче,Ж,memory,215
2013,Број,Живинице,Ж,memory,787
2013,Број,Бановићи,Оба пола,dressing,217
2013,Број,Бихаћ,Оба пола,dressing,655
2013,Број,Босанска Крупа,Оба пола,dressing,298
2013,Број,Босански Петровац,Оба пола,dressing,131
2013,Број,Босанско Грахово,Оба пола,dressing,47
2013,Број,Бреза,Оба пола,dressing,167
2013,Број,Бугојно,Оба пола,dressing,362
2013,Број,Бусовача,Оба пола,dressing,134
2013,Број,Бужим,Оба пола,dressing,186
2013,Број,Цазин,Оба пола,dressing,600
2013,Број,centar_sarajevo,Оба пола,dressing,635
2013,Број,Чапљина,Оба пола,dressing,254
2013,Број,Челић,Оба пола,dressing,110
2013,Број,Читлук,Оба пола,dressing,166
2013,Број,doboj-istok,Оба пола,dressing,217
2013,Број,doboj-jug,Оба пола,dressing,29
2013,Број,Добретићи,Оба пола,dressing,22
2013,Број,domaljevac-samac,Оба пола,dressing,42
2013,Број,Доњи Вакуф,Оба пола,dressing,142
2013,Број,Дрвар,Оба пола,dressing,139
2013,Број,foca-fbih,Оба пола,dressing,20
2013,Број,Фојница,Оба пола,dressing,220
2013,Број,Гламоч,Оба пола,dressing,60
2013,Број,Горажде,Оба пола,dressing,294
2013,Број,gornji_vakuf-uskoplje,Оба пола,dressing,145
2013,Број,Грачаница,Оба пола,dressing,435
2013,Број,Градачац,Оба пола,dressing,462
2013,Број,Груде,Оба пола,dressing,193
2013,Број,hadzici,Оба пола,dressing,449
2013,Број,ilidza,Оба пола,dressing,767
2013,Број,ilijas,Оба пола,dressing,246
2013,Број,Јабланица,Оба пола,dressing,101
2013,Број,Јајце,Оба пола,dressing,261
2013,Број,Какањ,Оба пола,dressing,421
2013,Број,Калесија,Оба пола,dressing,333
2013,Број,Кисељак,Оба пола,dressing,216
2013,Број,Кладањ,Оба пола,dressing,115
2013,Број,Кључ,Оба пола,dressing,136
2013,Број,Коњиц,Оба пола,dressing,252
2013,Број,Крешево,Оба пола,dressing,68
2013,Број,kupres-fbih,Оба пола,dressing,81
2013,Број,Ливно,Оба пола,dressing,246
2013,Број,Лукавац,Оба пола,dressing,674
2013,Број,Љубушки,Оба пола,dressing,263
2013,Број,Маглај,Оба пола,dressing,226
2013,Број,Мостар,Оба пола,dressing,970
2013,Број,Неум,Оба пола,dressing,28
2013,Број,novi_grad_sarajevo,Оба пола,dressing,1361
2013,Број,Нови Травник,Оба пола,dressing,261
2013,Број,novo_sarajevo,Оба пола,dressing,743
2013,Број,Оџак,Оба пола,dressing,167
2013,Број,Олово,Оба пола,dressing,143
2013,Број,Орашје,Оба пола,dressing,166
2013,Број,pale-fbih,Оба пола,dressing,16
2013,Број,Посушје,Оба пола,dressing,132
2013,Број,Прозор,Оба пола,dressing,86
2013,Број,Равно,Оба пола,dressing,9
2013,Број,Сански Мост,Оба пола,dressing,322
2013,Број,Сапна,Оба пола,dressing,67
2013,Број,Сребреник,Оба пола,dressing,496
2013,Број,stari_grad_sarajevo,Оба пола,dressing,460
2013,Број,Столац,Оба пола,dressing,221
2013,Број,Широки Бријег,Оба пола,dressing,188
2013,Број,Теочак,Оба пола,dressing,63
2013,Број,Тешањ,Оба пола,dressing,465
2013,Број,Томиславград,Оба пола,dressing,164
2013,Број,Травник,Оба пола,dressing,594
2013,Број,trnovo-fbih,Оба пола,dressing,22
2013,Број,Тузла,Оба пола,dressing,1716
2013,Број,Усора,Оба пола,dressing,53
2013,Број,Вареш,Оба пола,dressing,160
2013,Број,Велика Кладуша,Оба пола,dressing,423
2013,Број,Високо,Оба пола,dressing,432
2013,Број,Витез,Оба пола,dressing,275
2013,Број,vogosca,Оба пола,dressing,326
2013,Број,Завидовићи,Оба пола,dressing,420
2013,Број,Зеница,Оба пола,dressing,1202
2013,Број,Жепче,Оба пола,dressing,232
2013,Број,Живинице,Оба пола,dressing,725
2013,Број,Бановићи,M,dressing,81
2013,Број,Бихаћ,M,dressing,301
2013,Број,Босанска Крупа,M,dressing,147
2013,Број,Босански Петровац,M,dressing,57
2013,Број,Босанско Грахово,M,dressing,14
2013,Број,Бреза,M,dressing,73
2013,Број,Бугојно,M,dressing,178
2013,Број,Бусовача,M,dressing,68
2013,Број,Бужим,M,dressing,103
2013,Број,Цазин,M,dressing,292
2013,Број,centar_sarajevo,M,dressing,227
2013,Број,Чапљина,M,dressing,115
2013,Број,Челић,M,dressing,50
2013,Број,Читлук,M,dressing,60
2013,Број,doboj-istok,M,dressing,107
2013,Број,doboj-jug,M,dressing,12
2013,Број,Добретићи,M,dressing,15
2013,Број,domaljevac-samac,M,dressing,17
2013,Број,Доњи Вакуф,M,dressing,65
2013,Број,Дрвар,M,dressing,61
2013,Број,foca-fbih,M,dressing,9
2013,Број,Фојница,M,dressing,96
2013,Број,Гламоч,M,dressing,27
2013,Број,Горажде,M,dressing,119
2013,Број,gornji_vakuf-uskoplje,M,dressing,72
2013,Број,Грачаница,M,dressing,175
2013,Број,Градачац,M,dressing,209
2013,Број,Груде,M,dressing,80
2013,Број,hadzici,M,dressing,221
2013,Број,ilidza,M,dressing,295
2013,Број,ilijas,M,dressing,98
2013,Број,Јабланица,M,dressing,48
2013,Број,Јајце,M,dressing,115
2013,Број,Какањ,M,dressing,182
2013,Број,Калесија,M,dressing,155
2013,Број,Кисељак,M,dressing,88
2013,Број,Кладањ,M,dressing,48
2013,Број,Кључ,M,dressing,52
2013,Број,Коњиц,M,dressing,109
2013,Број,Крешево,M,dressing,27
2013,Број,kupres-fbih,M,dressing,34
2013,Број,Ливно,M,dressing,101
2013,Број,Лукавац,M,dressing,286
2013,Број,Љубушки,M,dressing,101
2013,Број,Маглај,M,dressing,86
2013,Број,Мостар,M,dressing,386
2013,Број,Неум,M,dressing,9
2013,Број,novi_grad_sarajevo,M,dressing,544
2013,Број,Нови Травник,M,dressing,112
2013,Број,novo_sarajevo,M,dressing,286
2013,Број,Оџак,M,dressing,69
2013,Број,Олово,M,dressing,58
2013,Број,Орашје,M,dressing,73
2013,Број,pale-fbih,M,dressing,7
2013,Број,Посушје,M,dressing,58
2013,Број,Прозор,M,dressing,33
2013,Број,Равно,M,dressing,2
2013,Број,Сански Мост,M,dressing,163
2013,Број,Сапна,M,dressing,34
2013,Број,Сребреник,M,dressing,195
2013,Број,stari_grad_sarajevo,M,dressing,185
2013,Број,Столац,M,dressing,106
2013,Број,Широки Бријег,M,dressing,70
2013,Број,Теочак,M,dressing,32
2013,Број,Тешањ,M,dressing,186
2013,Број,Томиславград,M,dressing,67
2013,Број,Травник,M,dressing,249
2013,Број,trnovo-fbih,M,dressing,7
2013,Број,Тузла,M,dressing,682
2013,Број,Усора,M,dressing,22
2013,Број,Вареш,M,dressing,61
2013,Број,Велика Кладуша,M,dressing,187
2013,Број,Високо,M,dressing,189
2013,Број,Витез,M,dressing,107
2013,Број,vogosca,M,dressing,146
2013,Број,Завидовићи,M,dressing,197
2013,Број,Зеница,M,dressing,509
2013,Број,Жепче,M,dressing,111
2013,Број,Живинице,M,dressing,299
2013,Број,Бановићи,Ж,dressing,136
2013,Број,Бихаћ,Ж,dressing,354
2013,Број,Босанска Крупа,Ж,dressing,151
2013,Број,Босански Петровац,Ж,dressing,74
2013,Број,Босанско Грахово,Ж,dressing,33
2013,Број,Бреза,Ж,dressing,94
2013,Број,Бугојно,Ж,dressing,184
2013,Број,Бусовача,Ж,dressing,66
2013,Број,Бужим,Ж,dressing,83
2013,Број,Цазин,Ж,dressing,308
2013,Број,centar_sarajevo,Ж,dressing,408
2013,Број,Чапљина,Ж,dressing,139
2013,Број,Челић,Ж,dressing,60
2013,Број,Читлук,Ж,dressing,106
2013,Број,doboj-istok,Ж,dressing,110
2013,Број,doboj-jug,Ж,dressing,17
2013,Број,Добретићи,Ж,dressing,7
2013,Број,domaljevac-samac,Ж,dressing,25
2013,Број,Доњи Вакуф,Ж,dressing,77
2013,Број,Дрвар,Ж,dressing,78
2013,Број,foca-fbih,Ж,dressing,11
2013,Број,Фојница,Ж,dressing,124
2013,Број,Гламоч,Ж,dressing,33
2013,Број,Горажде,Ж,dressing,175
2013,Број,gornji_vakuf-uskoplje,Ж,dressing,73
2013,Број,Грачаница,Ж,dressing,260
2013,Број,Градачац,Ж,dressing,253
2013,Број,Груде,Ж,dressing,113
2013,Број,hadzici,Ж,dressing,228
2013,Број,ilidza,Ж,dressing,472
2013,Број,ilijas,Ж,dressing,148
2013,Број,Јабланица,Ж,dressing,53
2013,Број,Јајце,Ж,dressing,146
2013,Број,Какањ,Ж,dressing,239
2013,Број,Калесија,Ж,dressing,178
2013,Број,Кисељак,Ж,dressing,128
2013,Број,Кладањ,Ж,dressing,67
2013,Број,Кључ,Ж,dressing,84
2013,Број,Коњиц,Ж,dressing,143
2013,Број,Крешево,Ж,dressing,41
2013,Број,kupres-fbih,Ж,dressing,47
2013,Број,Ливно,Ж,dressing,145
2013,Број,Лукавац,Ж,dressing,388
2013,Број,Љубушки,Ж,dressing,162
2013,Број,Маглај,Ж,dressing,140
2013,Број,Мостар,Ж,dressing,584
2013,Број,Неум,Ж,dressing,19
2013,Број,novi_grad_sarajevo,Ж,dressing,817
2013,Број,Нови Травник,Ж,dressing,149
2013,Број,novo_sarajevo,Ж,dressing,457
2013,Број,Оџак,Ж,dressing,98
2013,Број,Олово,Ж,dressing,85
2013,Број,Орашје,Ж,dressing,93
2013,Број,pale-fbih,Ж,dressing,9
2013,Број,Посушје,Ж,dressing,74
2013,Број,Прозор,Ж,dressing,53
2013,Број,Равно,Ж,dressing,7
2013,Број,Сански Мост,Ж,dressing,159
2013,Број,Сапна,Ж,dressing,33
2013,Број,Сребреник,Ж,dressing,301
2013,Број,stari_grad_sarajevo,Ж,dressing,275
2013,Број,Столац,Ж,dressing,115
2013,Број,Широки Бријег,Ж,dressing,118
2013,Број,Теочак,Ж,dressing,31
2013,Број,Тешањ,Ж,dressing,279
2013,Број,Томиславград,Ж,dressing,97
2013,Број,Травник,Ж,dressing,345
2013,Број,trnovo-fbih,Ж,dressing,15
2013,Број,Тузла,Ж,dressing,1034
2013,Број,Усора,Ж,dressing,31
2013,Број,Вареш,Ж,dressing,99
2013,Број,Велика Кладуша,Ж,dressing,236
2013,Број,Високо,Ж,dressing,243
2013,Број,Витез,Ж,dressing,168
2013,Број,vogosca,Ж,dressing,180
2013,Број,Завидовићи,Ж,dressing,223
2013,Број,Зеница,Ж,dressing,693
2013,Број,Жепче,Ж,dressing,121
2013,Број,Живинице,Ж,dressing,426
2013,Број,Бановићи,Оба пола,communication,185
2013,Број,Бихаћ,Оба пола,communication,491
2013,Број,Босанска Крупа,Оба пола,communication,269
2013,Број,Босански Петровац,Оба пола,communication,98
2013,Број,Босанско Грахово,Оба пола,communication,31
2013,Број,Бреза,Оба пола,communication,132
2013,Број,Бугојно,Оба пола,communication,305
2013,Број,Бусовача,Оба пола,communication,114
2013,Број,Бужим,Оба пола,communication,190
2013,Број,Цазин,Оба пола,communication,583
2013,Број,centar_sarajevo,Оба пола,communication,386
2013,Број,Чапљина,Оба пола,communication,217
2013,Број,Челић,Оба пола,communication,90
2013,Број,Читлук,Оба пола,communication,130
2013,Број,doboj-istok,Оба пола,communication,214
2013,Број,doboj-jug,Оба пола,communication,23
2013,Број,Добретићи,Оба пола,communication,27
2013,Број,domaljevac-samac,Оба пола,communication,44
2013,Број,Доњи Вакуф,Оба пола,communication,108
2013,Број,Дрвар,Оба пола,communication,100
2013,Број,foca-fbih,Оба пола,communication,17
2013,Број,Фојница,Оба пола,communication,604
2013,Број,Гламоч,Оба пола,communication,44
2013,Број,Горажде,Оба пола,communication,226
2013,Број,gornji_vakuf-uskoplje,Оба пола,communication,164
2013,Број,Грачаница,Оба пола,communication,335
2013,Број,Градачац,Оба пола,communication,356
2013,Број,Груде,Оба пола,communication,172
2013,Број,hadzici,Оба пола,communication,405
2013,Број,ilidza,Оба пола,communication,537
2013,Број,ilijas,Оба пола,communication,212
2013,Број,Јабланица,Оба пола,communication,85
2013,Број,Јајце,Оба пола,communication,206
2013,Број,Какањ,Оба пола,communication,320
2013,Број,Калесија,Оба пола,communication,275
2013,Број,Кисељак,Оба пола,communication,177
2013,Број,Кладањ,Оба пола,communication,100
2013,Број,Кључ,Оба пола,communication,100
2013,Број,Коњиц,Оба пола,communication,208
2013,Број,Крешево,Оба пола,communication,45
2013,Број,kupres-fbih,Оба пола,communication,87
2013,Број,Ливно,Оба пола,communication,209
2013,Број,Лукавац,Оба пола,communication,497
2013,Број,Љубушки,Оба пола,communication,230
2013,Број,Маглај,Оба пола,communication,224
2013,Број,Мостар,Оба пола,communication,816
2013,Број,Неум,Оба пола,communication,22
2013,Број,novi_grad_sarajevo,Оба пола,communication,956
2013,Број,Нови Травник,Оба пола,communication,210
2013,Број,novo_sarajevo,Оба пола,communication,505
2013,Број,Оџак,Оба пола,communication,141
2013,Број,Олово,Оба пола,communication,115
2013,Број,Орашје,Оба пола,communication,152
2013,Број,pale-fbih,Оба пола,communication,8
2013,Број,Посушје,Оба пола,communication,147
2013,Број,Прозор,Оба пола,communication,87
2013,Број,Равно,Оба пола,communication,13
2013,Број,Сански Мост,Оба пола,communication,328
2013,Број,Сапна,Оба пола,communication,58
2013,Број,Сребреник,Оба пола,communication,427
2013,Број,stari_grad_sarajevo,Оба пола,communication,367
2013,Број,Столац,Оба пола,communication,171
2013,Број,Широки Бријег,Оба пола,communication,181
2013,Број,Теочак,Оба пола,communication,49
2013,Број,Тешањ,Оба пола,communication,356
2013,Број,Томиславград,Оба пола,communication,155
2013,Број,Травник,Оба пола,communication,440
2013,Број,trnovo-fbih,Оба пола,communication,17
2013,Број,Тузла,Оба пола,communication,1319
2013,Број,Усора,Оба пола,communication,45
2013,Број,Вареш,Оба пола,communication,107
2013,Број,Велика Кладуша,Оба пола,communication,408
2013,Број,Високо,Оба пола,communication,327
2013,Број,Витез,Оба пола,communication,216
2013,Број,vogosca,Оба пола,communication,252
2013,Број,Завидовићи,Оба пола,communication,369
2013,Број,Зеница,Оба пола,communication,958
2013,Број,Жепче,Оба пола,communication,243
2013,Број,Живинице,Оба пола,communication,643
2013,Број,Бановићи,M,communication,76
2013,Број,Бихаћ,M,communication,256
2013,Број,Босанска Крупа,M,communication,138
2013,Број,Босански Петровац,M,communication,47
2013,Број,Босанско Грахово,M,communication,13
2013,Број,Бреза,M,communication,70
2013,Број,Бугојно,M,communication,152
2013,Број,Бусовача,M,communication,65
2013,Број,Бужим,M,communication,106
2013,Број,Цазин,M,communication,312
2013,Број,centar_sarajevo,M,communication,169
2013,Број,Чапљина,M,communication,116
2013,Број,Челић,M,communication,41
2013,Број,Читлук,M,communication,56
2013,Број,doboj-istok,M,communication,106
2013,Број,doboj-jug,M,communication,10
2013,Број,Добретићи,M,communication,18
2013,Број,domaljevac-samac,M,communication,26
2013,Број,Доњи Вакуф,M,communication,47
2013,Број,Дрвар,M,communication,46
2013,Број,foca-fbih,M,communication,8
2013,Број,Фојница,M,communication,344
2013,Број,Гламоч,M,communication,22
2013,Број,Горажде,M,communication,92
2013,Број,gornji_vakuf-uskoplje,M,communication,83
2013,Број,Грачаница,M,communication,167
2013,Број,Градачац,M,communication,174
2013,Број,Груде,M,communication,68
2013,Број,hadzici,M,communication,209
2013,Број,ilidza,M,communication,257
2013,Број,ilijas,M,communication,105
2013,Број,Јабланица,M,communication,44
2013,Број,Јајце,M,communication,104
2013,Број,Какањ,M,communication,165
2013,Број,Калесија,M,communication,139
2013,Број,Кисељак,M,communication,85
2013,Број,Кладањ,M,communication,50
2013,Број,Кључ,M,communication,44
2013,Број,Коњиц,M,communication,101
2013,Број,Крешево,M,communication,24
2013,Број,kupres-fbih,M,communication,38
2013,Број,Ливно,M,communication,97
2013,Број,Лукавац,M,communication,234
2013,Број,Љубушки,M,communication,114
2013,Број,Маглај,M,communication,92
2013,Број,Мостар,M,communication,379
2013,Број,Неум,M,communication,7
2013,Број,novi_grad_sarajevo,M,communication,440
2013,Број,Нови Травник,M,communication,96
2013,Број,novo_sarajevo,M,communication,227
2013,Број,Оџак,M,communication,62
2013,Број,Олово,M,communication,47
2013,Број,Орашје,M,communication,77
2013,Број,pale-fbih,M,communication,3
2013,Број,Посушје,M,communication,80
2013,Број,Прозор,M,communication,42
2013,Број,Равно,M,communication,6
2013,Број,Сански Мост,M,communication,177
2013,Број,Сапна,M,communication,34
2013,Број,Сребреник,M,communication,211
2013,Број,stari_grad_sarajevo,M,communication,170
2013,Број,Столац,M,communication,87
2013,Број,Широки Бријег,M,communication,94
2013,Број,Теочак,M,communication,28
2013,Број,Тешањ,M,communication,162
2013,Број,Томиславград,M,communication,74
2013,Број,Травник,M,communication,210
2013,Број,trnovo-fbih,M,communication,7
2013,Број,Тузла,M,communication,619
2013,Број,Усора,M,communication,22
2013,Број,Вареш,M,communication,52
2013,Број,Велика Кладуша,M,communication,209
2013,Број,Високо,M,communication,160
2013,Број,Витез,M,communication,102
2013,Број,vogosca,M,communication,128
2013,Број,Завидовићи,M,communication,184
2013,Број,Зеница,M,communication,484
2013,Број,Жепче,M,communication,128
2013,Број,Живинице,M,communication,308
2013,Број,Бановићи,Ж,communication,109
2013,Број,Бихаћ,Ж,communication,235
2013,Број,Босанска Крупа,Ж,communication,131
2013,Број,Босански Петровац,Ж,communication,51
2013,Број,Босанско Грахово,Ж,communication,18
2013,Број,Бреза,Ж,communication,62
2013,Број,Бугојно,Ж,communication,153
2013,Број,Бусовача,Ж,communication,49
2013,Број,Бужим,Ж,communication,84
2013,Број,Цазин,Ж,communication,271
2013,Број,centar_sarajevo,Ж,communication,217
2013,Број,Чапљина,Ж,communication,101
2013,Број,Челић,Ж,communication,49
2013,Број,Читлук,Ж,communication,74
2013,Број,doboj-istok,Ж,communication,108
2013,Број,doboj-jug,Ж,communication,13
2013,Број,Добретићи,Ж,communication,9
2013,Број,domaljevac-samac,Ж,communication,18
2013,Број,Доњи Вакуф,Ж,communication,61
2013,Број,Дрвар,Ж,communication,54
2013,Број,foca-fbih,Ж,communication,9
2013,Број,Фојница,Ж,communication,260
2013,Број,Гламоч,Ж,communication,22
2013,Број,Горажде,Ж,communication,134
2013,Број,gornji_vakuf-uskoplje,Ж,communication,81
2013,Број,Грачаница,Ж,communication,168
2013,Број,Градачац,Ж,communication,182
2013,Број,Груде,Ж,communication,104
2013,Број,hadzici,Ж,communication,196
2013,Број,ilidza,Ж,communication,280
2013,Број,ilijas,Ж,communication,107
2013,Број,Јабланица,Ж,communication,41
2013,Број,Јајце,Ж,communication,102
2013,Број,Какањ,Ж,communication,155
2013,Број,Калесија,Ж,communication,136
2013,Број,Кисељак,Ж,communication,92
2013,Број,Кладањ,Ж,communication,50
2013,Број,Кључ,Ж,communication,56
2013,Број,Коњиц,Ж,communication,107
2013,Број,Крешево,Ж,communication,21
2013,Број,kupres-fbih,Ж,communication,49
2013,Број,Ливно,Ж,communication,112
2013,Број,Лукавац,Ж,communication,263
2013,Број,Љубушки,Ж,communication,116
2013,Број,Маглај,Ж,communication,132
2013,Број,Мостар,Ж,communication,437
2013,Број,Неум,Ж,communication,15
2013,Број,novi_grad_sarajevo,Ж,communication,516
2013,Број,Нови Травник,Ж,communication,114
2013,Број,novo_sarajevo,Ж,communication,278
2013,Број,Оџак,Ж,communication,79
2013,Број,Олово,Ж,communication,68
2013,Број,Орашје,Ж,communication,75
2013,Број,pale-fbih,Ж,communication,5
2013,Број,Посушје,Ж,communication,67
2013,Број,Прозор,Ж,communication,45
2013,Број,Равно,Ж,communication,7
2013,Број,Сански Мост,Ж,communication,151
2013,Број,Сапна,Ж,communication,24
2013,Број,Сребреник,Ж,communication,216
2013,Број,stari_grad_sarajevo,Ж,communication,197
2013,Број,Столац,Ж,communication,84
2013,Број,Широки Бријег,Ж,communication,87
2013,Број,Теочак,Ж,communication,21
2013,Број,Тешањ,Ж,communication,194
2013,Број,Томиславград,Ж,communication,81
2013,Број,Травник,Ж,communication,230
2013,Број,trnovo-fbih,Ж,communication,10
2013,Број,Тузла,Ж,communication,700
2013,Број,Усора,Ж,communication,23
2013,Број,Вареш,Ж,communication,55
2013,Број,Велика Кладуша,Ж,communication,199
2013,Број,Високо,Ж,communication,167
2013,Број,Витез,Ж,communication,114
2013,Број,vogosca,Ж,communication,124
2013,Број,Завидовићи,Ж,communication,185
2013,Број,Зеница,Ж,communication,474
2013,Број,Жепче,Ж,communication,115
2013,Број,Живинице,Ж,communication,335
2013,Број,Бановићи,Оба пола,Вишеструке потешкоће,640
2013,Број,Бихаћ,Оба пола,Вишеструке потешкоће,1780
2013,Број,Босанска Крупа,Оба пола,Вишеструке потешкоће,911
2013,Број,Босански Петровац,Оба пола,Вишеструке потешкоће,272
2013,Број,Босанско Грахово,Оба пола,Вишеструке потешкоће,148
2013,Број,Бреза,Оба пола,Вишеструке потешкоће,442
2013,Број,Бугојно,Оба пола,Вишеструке потешкоће,921
2013,Број,Бусовача,Оба пола,Вишеструке потешкоће,450
2013,Број,Бужим,Оба пола,Вишеструке потешкоће,438
2013,Број,Цазин,Оба пола,Вишеструке потешкоће,1654
2013,Број,centar_sarajevo,Оба пола,Вишеструке потешкоће,1789
2013,Број,Чапљина,Оба пола,Вишеструке потешкоће,647
2013,Број,Челић,Оба пола,Вишеструке потешкоће,427
2013,Број,Читлук,Оба пола,Вишеструке потешкоће,418
2013,Број,doboj-istok,Оба пола,Вишеструке потешкоће,403
2013,Број,doboj-jug,Оба пола,Вишеструке потешкоће,115
2013,Број,Добретићи,Оба пола,Вишеструке потешкоће,65
2013,Број,domaljevac-samac,Оба пола,Вишеструке потешкоће,171
2013,Број,Доњи Вакуф,Оба пола,Вишеструке потешкоће,406
2013,Број,Дрвар,Оба пола,Вишеструке потешкоће,398
2013,Број,foca-fbih,Оба пола,Вишеструке потешкоће,72
2013,Број,Фојница,Оба пола,Вишеструке потешкоће,946
2013,Број,Гламоч,Оба пола,Вишеструке потешкоће,203
2013,Број,Горажде,Оба пола,Вишеструке потешкоће,907
2013,Број,gornji_vakuf-uskoplje,Оба пола,Вишеструке потешкоће,478
2013,Број,Грачаница,Оба пола,Вишеструке потешкоће,1298
2013,Број,Градачац,Оба пола,Вишеструке потешкоће,1151
2013,Број,Груде,Оба пола,Вишеструке потешкоће,377
2013,Број,hadzici,Оба пола,Вишеструке потешкоће,973
2013,Број,ilidza,Оба пола,Вишеструке потешкоће,1907
2013,Број,ilijas,Оба пола,Вишеструке потешкоће,660
2013,Број,Јабланица,Оба пола,Вишеструке потешкоће,274
2013,Број,Јајце,Оба пола,Вишеструке потешкоће,757
2013,Број,Какањ,Оба пола,Вишеструке потешкоће,898
2013,Број,Калесија,Оба пола,Вишеструке потешкоће,1179
2013,Број,Кисељак,Оба пола,Вишеструке потешкоће,569
2013,Број,Кладањ,Оба пола,Вишеструке потешкоће,389
2013,Број,Кључ,Оба пола,Вишеструке потешкоће,349
2013,Број,Коњиц,Оба пола,Вишеструке потешкоће,720
2013,Број,Крешево,Оба пола,Вишеструке потешкоће,164
2013,Број,kupres-fbih,Оба пола,Вишеструке потешкоће,141
2013,Број,Ливно,Оба пола,Вишеструке потешкоће,595
2013,Број,Лукавац,Оба пола,Вишеструке потешкоће,2034
2013,Број,Љубушки,Оба пола,Вишеструке потешкоће,633
2013,Број,Маглај,Оба пола,Вишеструке потешкоће,770
2013,Број,Мостар,Оба пола,Вишеструке потешкоће,2580
2013,Број,Неум,Оба пола,Вишеструке потешкоће,107
2013,Број,novi_grad_sarajevo,Оба пола,Вишеструке потешкоће,3772
2013,Број,Нови Травник,Оба пола,Вишеструке потешкоће,714
2013,Број,novo_sarajevo,Оба пола,Вишеструке потешкоће,1938
2013,Број,Оџак,Оба пола,Вишеструке потешкоће,393
2013,Број,Олово,Оба пола,Вишеструке потешкоће,431
2013,Број,Орашје,Оба пола,Вишеструке потешкоће,563
2013,Број,pale-fbih,Оба пола,Вишеструке потешкоће,51
2013,Број,Посушје,Оба пола,Вишеструке потешкоће,398
2013,Број,Прозор,Оба пола,Вишеструке потешкоће,232
2013,Број,Равно,Оба пола,Вишеструке потешкоће,40
2013,Број,Сански Мост,Оба пола,Вишеструке потешкоће,831
2013,Број,Сапна,Оба пола,Вишеструке потешкоће,215
2013,Број,Сребреник,Оба пола,Вишеструке потешкоће,1583
2013,Број,stari_grad_sarajevo,Оба пола,Вишеструке потешкоће,1390
2013,Број,Столац,Оба пола,Вишеструке потешкоће,430
2013,Број,Широки Бријег,Оба пола,Вишеструке потешкоће,486
2013,Број,Теочак,Оба пола,Вишеструке потешкоће,177
2013,Број,Тешањ,Оба пола,Вишеструке потешкоће,1103
2013,Број,Томиславград,Оба пола,Вишеструке потешкоће,368
2013,Број,Травник,Оба пола,Вишеструке потешкоће,1480
2013,Број,trnovo-fbih,Оба пола,Вишеструке потешкоће,74
2013,Број,Тузла,Оба пола,Вишеструке потешкоће,5315
2013,Број,Усора,Оба пола,Вишеструке потешкоће,148
2013,Број,Вареш,Оба пола,Вишеструке потешкоће,482
2013,Број,Велика Кладуша,Оба пола,Вишеструке потешкоће,1323
2013,Број,Високо,Оба пола,Вишеструке потешкоће,1069
2013,Број,Витез,Оба пола,Вишеструке потешкоће,737
2013,Број,vogosca,Оба пола,Вишеструке потешкоће,939
2013,Број,Завидовићи,Оба пола,Вишеструке потешкоће,1338
2013,Број,Зеница,Оба пола,Вишеструке потешкоће,3314
2013,Број,Жепче,Оба пола,Вишеструке потешкоће,814
2013,Број,Живинице,Оба пола,Вишеструке потешкоће,2382
2013,Број,Бановићи,M,Вишеструке потешкоће,229
2013,Број,Бихаћ,M,Вишеструке потешкоће,782
2013,Број,Босанска Крупа,M,Вишеструке потешкоће,431
2013,Број,Босански Петровац,M,Вишеструке потешкоће,117
2013,Број,Босанско Грахово,M,Вишеструке потешкоће,56
2013,Број,Бреза,M,Вишеструке потешкоће,194
2013,Број,Бугојно,M,Вишеструке потешкоће,408
2013,Број,Бусовача,M,Вишеструке потешкоће,206
2013,Број,Бужим,M,Вишеструке потешкоће,228
2013,Број,Цазин,M,Вишеструке потешкоће,779
2013,Број,centar_sarajevo,M,Вишеструке потешкоће,668
2013,Број,Чапљина,M,Вишеструке потешкоће,293
2013,Број,Челић,M,Вишеструке потешкоће,185
2013,Број,Читлук,M,Вишеструке потешкоће,179
2013,Број,doboj-istok,M,Вишеструке потешкоће,186
2013,Број,doboj-jug,M,Вишеструке потешкоће,52
2013,Број,Добретићи,M,Вишеструке потешкоће,42
2013,Број,domaljevac-samac,M,Вишеструке потешкоће,81
2013,Број,Доњи Вакуф,M,Вишеструке потешкоће,200
2013,Број,Дрвар,M,Вишеструке потешкоће,148
2013,Број,foca-fbih,M,Вишеструке потешкоће,31
2013,Број,Фојница,M,Вишеструке потешкоће,477
2013,Број,Гламоч,M,Вишеструке потешкоће,89
2013,Број,Горажде,M,Вишеструке потешкоће,372
2013,Број,gornji_vakuf-uskoplje,M,Вишеструке потешкоће,215
2013,Број,Грачаница,M,Вишеструке потешкоће,551
2013,Број,Градачац,M,Вишеструке потешкоће,487
2013,Број,Груде,M,Вишеструке потешкоће,159
2013,Број,hadzici,M,Вишеструке потешкоће,446
2013,Број,ilidza,M,Вишеструке потешкоће,763
2013,Број,ilijas,M,Вишеструке потешкоће,275
2013,Број,Јабланица,M,Вишеструке потешкоће,112
2013,Број,Јајце,M,Вишеструке потешкоће,337
2013,Број,Какањ,M,Вишеструке потешкоће,371
2013,Број,Калесија,M,Вишеструке потешкоће,521
2013,Број,Кисељак,M,Вишеструке потешкоће,245
2013,Број,Кладањ,M,Вишеструке потешкоће,156
2013,Број,Кључ,M,Вишеструке потешкоће,143
2013,Број,Коњиц,M,Вишеструке потешкоће,300
2013,Број,Крешево,M,Вишеструке потешкоће,61
2013,Број,kupres-fbih,M,Вишеструке потешкоће,57
2013,Број,Ливно,M,Вишеструке потешкоће,265
2013,Број,Лукавац,M,Вишеструке потешкоће,794
2013,Број,Љубушки,M,Вишеструке потешкоће,258
2013,Број,Маглај,M,Вишеструке потешкоће,313
2013,Број,Мостар,M,Вишеструке потешкоће,1081
2013,Број,Неум,M,Вишеструке потешкоће,41
2013,Број,novi_grad_sarajevo,M,Вишеструке потешкоће,1445
2013,Број,Нови Травник,M,Вишеструке потешкоће,329
2013,Број,novo_sarajevo,M,Вишеструке потешкоће,722
2013,Број,Оџак,M,Вишеструке потешкоће,169
2013,Број,Олово,M,Вишеструке потешкоће,153
2013,Број,Орашје,M,Вишеструке потешкоће,232
2013,Број,pale-fbih,M,Вишеструке потешкоће,20
2013,Број,Посушје,M,Вишеструке потешкоће,210
2013,Број,Прозор,M,Вишеструке потешкоће,97
2013,Број,Равно,M,Вишеструке потешкоће,15
2013,Број,Сански Мост,M,Вишеструке потешкоће,376
2013,Број,Сапна,M,Вишеструке потешкоће,102
2013,Број,Сребреник,M,Вишеструке потешкоће,613
2013,Број,stari_grad_sarajevo,M,Вишеструке потешкоће,536
2013,Број,Столац,M,Вишеструке потешкоће,192
2013,Број,Широки Бријег,M,Вишеструке потешкоће,205
2013,Број,Теочак,M,Вишеструке потешкоће,70
2013,Број,Тешањ,M,Вишеструке потешкоће,451
2013,Број,Томиславград,M,Вишеструке потешкоће,159
2013,Број,Травник,M,Вишеструке потешкоће,616
2013,Број,trnovo-fbih,M,Вишеструке потешкоће,31
2013,Број,Тузла,M,Вишеструке потешкоће,2063
2013,Број,Усора,M,Вишеструке потешкоће,59
2013,Број,Вареш,M,Вишеструке потешкоће,189
2013,Број,Велика Кладуша,M,Вишеструке потешкоће,588
2013,Број,Високо,M,Вишеструке потешкоће,464
2013,Број,Витез,M,Вишеструке потешкоће,305
2013,Број,vogosca,M,Вишеструке потешкоће,392
2013,Број,Завидовићи,M,Вишеструке потешкоће,583
2013,Број,Зеница,M,Вишеструке потешкоће,1372
2013,Број,Жепче,M,Вишеструке потешкоће,347
2013,Број,Живинице,M,Вишеструке потешкоће,984
2013,Број,Бановићи,Ж,Вишеструке потешкоће,411
2013,Број,Бихаћ,Ж,Вишеструке потешкоће,998
2013,Број,Босанска Крупа,Ж,Вишеструке потешкоће,480
2013,Број,Босански Петровац,Ж,Вишеструке потешкоће,155
2013,Број,Босанско Грахово,Ж,Вишеструке потешкоће,92
2013,Број,Бреза,Ж,Вишеструке потешкоће,248
2013,Број,Бугојно,Ж,Вишеструке потешкоће,513
2013,Број,Бусовача,Ж,Вишеструке потешкоће,244
2013,Број,Бужим,Ж,Вишеструке потешкоће,210
2013,Број,Цазин,Ж,Вишеструке потешкоће,875
2013,Број,centar_sarajevo,Ж,Вишеструке потешкоће,1121
2013,Број,Чапљина,Ж,Вишеструке потешкоће,354
2013,Број,Челић,Ж,Вишеструке потешкоће,242
2013,Број,Читлук,Ж,Вишеструке потешкоће,239
2013,Број,doboj-istok,Ж,Вишеструке потешкоће,217
2013,Број,doboj-jug,Ж,Вишеструке потешкоће,63
2013,Број,Добретићи,Ж,Вишеструке потешкоће,23
2013,Број,domaljevac-samac,Ж,Вишеструке потешкоће,90
2013,Број,Доњи Вакуф,Ж,Вишеструке потешкоће,206
2013,Број,Дрвар,Ж,Вишеструке потешкоће,250
2013,Број,foca-fbih,Ж,Вишеструке потешкоће,41
2013,Број,Фојница,Ж,Вишеструке потешкоће,469
2013,Број,Гламоч,Ж,Вишеструке потешкоће,114
2013,Број,Горажде,Ж,Вишеструке потешкоће,535
2013,Број,gornji_vakuf-uskoplje,Ж,Вишеструке потешкоће,263
2013,Број,Грачаница,Ж,Вишеструке потешкоће,747
2013,Број,Градачац,Ж,Вишеструке потешкоће,664
2013,Број,Груде,Ж,Вишеструке потешкоће,218
2013,Број,hadzici,Ж,Вишеструке потешкоће,527
2013,Број,ilidza,Ж,Вишеструке потешкоће,1144
2013,Број,ilijas,Ж,Вишеструке потешкоће,385
2013,Број,Јабланица,Ж,Вишеструке потешкоће,162
2013,Број,Јајце,Ж,Вишеструке потешкоће,420
2013,Број,Какањ,Ж,Вишеструке потешкоће,527
2013,Број,Калесија,Ж,Вишеструке потешкоће,658
2013,Број,Кисељак,Ж,Вишеструке потешкоће,324
2013,Број,Кладањ,Ж,Вишеструке потешкоће,233
2013,Број,Кључ,Ж,Вишеструке потешкоће,206
2013,Број,Коњиц,Ж,Вишеструке потешкоће,420
2013,Број,Крешево,Ж,Вишеструке потешкоће,103
2013,Број,kupres-fbih,Ж,Вишеструке потешкоће,84
2013,Број,Ливно,Ж,Вишеструке потешкоће,330
2013,Број,Лукавац,Ж,Вишеструке потешкоће,1240
2013,Број,Љубушки,Ж,Вишеструке потешкоће,375
2013,Број,Маглај,Ж,Вишеструке потешкоће,457
2013,Број,Мостар,Ж,Вишеструке потешкоће,1499
2013,Број,Неум,Ж,Вишеструке потешкоће,66
2013,Број,novi_grad_sarajevo,Ж,Вишеструке потешкоће,2327
2013,Број,Нови Травник,Ж,Вишеструке потешкоће,385
2013,Број,novo_sarajevo,Ж,Вишеструке потешкоће,1216
2013,Број,Оџак,Ж,Вишеструке потешкоће,224
2013,Број,Олово,Ж,Вишеструке потешкоће,278
2013,Број,Орашје,Ж,Вишеструке потешкоће,331
2013,Број,pale-fbih,Ж,Вишеструке потешкоће,31
2013,Број,Посушје,Ж,Вишеструке потешкоће,188
2013,Број,Прозор,Ж,Вишеструке потешкоће,135
2013,Број,Равно,Ж,Вишеструке потешкоће,25
2013,Број,Сански Мост,Ж,Вишеструке потешкоће,455
2013,Број,Сапна,Ж,Вишеструке потешкоће,113
2013,Број,Сребреник,Ж,Вишеструке потешкоће,970
2013,Број,stari_grad_sarajevo,Ж,Вишеструке потешкоће,854
2013,Број,Столац,Ж,Вишеструке потешкоће,238
2013,Број,Широки Бријег,Ж,Вишеструке потешкоће,281
2013,Број,Теочак,Ж,Вишеструке потешкоће,107
2013,Број,Тешањ,Ж,Вишеструке потешкоће,652
2013,Број,Томиславград,Ж,Вишеструке потешкоће,209
2013,Број,Травник,Ж,Вишеструке потешкоће,864
2013,Број,trnovo-fbih,Ж,Вишеструке потешкоће,43
2013,Број,Тузла,Ж,Вишеструке потешкоће,3252
2013,Број,Усора,Ж,Вишеструке потешкоће,89
2013,Број,Вареш,Ж,Вишеструке потешкоће,293
2013,Број,Велика Кладуша,Ж,Вишеструке потешкоће,735
2013,Број,Високо,Ж,Вишеструке потешкоће,605
2013,Број,Витез,Ж,Вишеструке потешкоће,432
2013,Број,vogosca,Ж,Вишеструке потешкоће,547
2013,Број,Завидовићи,Ж,Вишеструке потешкоће,755
2013,Број,Зеница,Ж,Вишеструке потешкоће,1942
2013,Број,Жепче,Ж,Вишеструке потешкоће,467
2013,Број,Живинице,Ж,Вишеструке потешкоће,1398
