Year,Type_of_disability,Пол,Старосна доб,UNIT_MEASURE,Value
2013.0,Seeing,Оба пола,0-14,Број,1084.0
2013.0,Hearing,Оба пола,0-14,Број,262.0
2013.0,walking_or_climbing_up_the_stairs,Оба пола,0-14,Број,671.0
2013.0,remembering_or_concentration,Оба пола,0-14,Број,200.0
2013.0,self_care,Оба пола,0-14,Број,164.0
2013.0,Communication,Оба пола,0-14,Број,318.0
2013.0,multiple_disabilities,Оба пола,0-14,Број,1826.0
2013.0,Seeing,Оба пола,15-19,Број,862.0
2013.0,Hearing,Оба пола,15-19,Број,191.0
2013.0,walking_or_climbing_up_the_stairs,Оба пола,15-19,Број,478.0
2013.0,remembering_or_concentration,Оба пола,15-19,Број,129.0
2013.0,self_care,Оба пола,15-19,Број,32.0
2013.0,Communication,Оба пола,15-19,Број,112.0
2013.0,multiple_disabilities,Оба пола,15-19,Број,1082.0
2013.0,Seeing,Оба пола,20-29,Број,1819.0
2013.0,Hearing,Оба пола,20-29,Број,370.0
2013.0,walking_or_climbing_up_the_stairs,Оба пола,20-29,Број,1350.0
2013.0,remembering_or_concentration,Оба пола,20-29,Број,380.0
2013.0,self_care,Оба пола,20-29,Број,72.0
2013.0,Communication,Оба пола,20-29,Број,208.0
2013.0,multiple_disabilities,Оба пола,20-29,Број,2199.0
2013.0,Seeing,Оба пола,30-49,Број,7841.0
2013.0,Hearing,Оба пола,30-49,Број,2460.0
2013.0,walking_or_climbing_up_the_stairs,Оба пола,30-49,Број,15862.0
2013.0,remembering_or_concentration,Оба пола,30-49,Број,2337.0
2013.0,self_care,Оба пола,30-49,Број,319.0
2013.0,Communication,Оба пола,30-49,Број,683.0
2013.0,multiple_disabilities,Оба пола,30-49,Број,10694.0
2013.0,Seeing,Оба пола,50-59,Број,12870.0
2013.0,Hearing,Оба пола,50-59,Број,3498.0
2013.0,walking_or_climbing_up_the_stairs,Оба пола,50-59,Број,21484.0
2013.0,remembering_or_concentration,Оба пола,50-59,Број,2035.0
2013.0,self_care,Оба пола,50-59,Број,259.0
2013.0,Communication,Оба пола,50-59,Број,488.0
2013.0,multiple_disabilities,Оба пола,50-59,Број,16861.0
2013.0,Seeing,Оба пола,60-64,Број,7189.0
2013.0,Hearing,Оба пола,60-64,Број,2289.0
2013.0,walking_or_climbing_up_the_stairs,Оба пола,60-64,Број,12727.0
2013.0,remembering_or_concentration,Оба пола,60-64,Број,870.0
2013.0,self_care,Оба пола,60-64,Број,100.0
2013.0,Communication,Оба пола,60-64,Број,259.0
2013.0,multiple_disabilities,Оба пола,60-64,Број,11125.0
2013.0,Seeing,Оба пола,60-64,Број,20636.0
2013.0,Hearing,Оба пола,60-64,Број,12505.0
2013.0,walking_or_climbing_up_the_stairs,Оба пола,60-64,Број,44406.0
2013.0,remembering_or_concentration,Оба пола,60-64,Број,2836.0
2013.0,self_care,Оба пола,60-64,Број,587.0
2013.0,Communication,Оба пола,60-64,Број,586.0
2013.0,multiple_disabilities,Оба пола,60-64,Број,66443.0
2013.0,Seeing,Оба пола,65+,Број,20636.0
2013.0,Hearing,Оба пола,65+,Број,12505.0
2013.0,walking_or_climbing_up_the_stairs,Оба пола,65+,Број,44406.0
2013.0,remembering_or_concentration,Оба пола,65+,Број,2836.0
2013.0,self_care,Оба пола,65+,Број,587.0
2013.0,Communication,Оба пола,65+,Број,586.0
2013.0,multiple_disabilities,Оба пола,65+,Број,66443.0
2013.0,Seeing,M,0-14,Број,571.0
2013.0,Hearing,M,0-14,Број,146.0
2013.0,walking_or_climbing_up_the_stairs,M,0-14,Број,370.0
2013.0,remembering_or_concentration,M,0-14,Број,123.0
2013.0,self_care,M,0-14,Број,104.0
2013.0,Communication,M,0-14,Број,215.0
2013.0,multiple_disabilities,M,0-14,Број,1077.0
2013.0,Seeing,M,15-19,Број,430.0
2013.0,Hearing,M,15-19,Број,101.0
2013.0,walking_or_climbing_up_the_stairs,M,15-19,Број,268.0
2013.0,remembering_or_concentration,M,15-19,Број,95.0
2013.0,self_care,M,15-19,Број,19.0
2013.0,Communication,M,15-19,Број,75.0
2013.0,multiple_disabilities,M,15-19,Број,653.0
2013.0,Seeing,M,20-29,Број,976.0
2013.0,Hearing,M,20-29,Број,223.0
2013.0,walking_or_climbing_up_the_stairs,M,20-29,Број,883.0
2013.0,remembering_or_concentration,M,20-29,Број,256.0
2013.0,self_care,M,20-29,Број,44.0
2013.0,Communication,M,20-29,Број,133.0
2013.0,multiple_disabilities,M,20-29,Број,1306.0
2013.0,Seeing,M,30-49,Број,4313.0
2013.0,Hearing,M,30-49,Број,1722.0
2013.0,walking_or_climbing_up_the_stairs,M,30-49,Број,10912.0
2013.0,remembering_or_concentration,M,30-49,Број,1488.0
2013.0,self_care,M,30-49,Број,216.0
2013.0,Communication,M,30-49,Број,442.0
2013.0,multiple_disabilities,M,30-49,Број,6669.0
2013.0,Seeing,M,50-59,Број,6088.0
2013.0,Hearing,M,50-59,Број,2282.0
2013.0,walking_or_climbing_up_the_stairs,M,50-59,Број,11557.0
2013.0,remembering_or_concentration,M,50-59,Број,1170.0
2013.0,self_care,M,50-59,Број,179.0
2013.0,Communication,M,50-59,Број,338.0
2013.0,multiple_disabilities,M,50-59,Број,9039.0
2013.0,Seeing,M,60-64,Број,3155.0
2013.0,Hearing,M,60-64,Број,1432.0
2013.0,walking_or_climbing_up_the_stairs,M,60-64,Број,5672.0
2013.0,remembering_or_concentration,M,60-64,Број,440.0
2013.0,self_care,M,60-64,Број,57.0
2013.0,Communication,M,60-64,Број,198.0
2013.0,multiple_disabilities,M,60-64,Број,5203.0
2013.0,Seeing,M,65+,Број,8036.0
2013.0,Hearing,M,65+,Број,6620.0
2013.0,walking_or_climbing_up_the_stairs,M,65+,Број,13529.0
2013.0,remembering_or_concentration,M,65+,Број,1092.0
2013.0,self_care,M,65+,Број,266.0
2013.0,Communication,M,65+,Број,360.0
2013.0,multiple_disabilities,M,65+,Број,22432.0
2013.0,Seeing,Ж,0-14,Број,513.0
2013.0,Hearing,Ж,0-14,Број,116.0
2013.0,walking_or_climbing_up_the_stairs,Ж,0-14,Број,301.0
2013.0,remembering_or_concentration,Ж,0-14,Број,77.0
2013.0,self_care,Ж,0-14,Број,60.0
2013.0,Communication,Ж,0-14,Број,103.0
2013.0,multiple_disabilities,Ж,0-14,Број,749.0
2013.0,Seeing,Ж,15-19,Број,432.0
2013.0,Hearing,Ж,15-19,Број,90.0
2013.0,walking_or_climbing_up_the_stairs,Ж,15-19,Број,210.0
2013.0,remembering_or_concentration,Ж,15-19,Број,34.0
2013.0,self_care,Ж,15-19,Број,13.0
2013.0,Communication,Ж,15-19,Број,37.0
2013.0,multiple_disabilities,Ж,15-19,Број,429.0
2013.0,Seeing,Ж,20-29,Број,843.0
2013.0,Hearing,Ж,20-29,Број,147.0
2013.0,walking_or_climbing_up_the_stairs,Ж,20-29,Број,467.0
2013.0,remembering_or_concentration,Ж,20-29,Број,124.0
2013.0,self_care,Ж,20-29,Број,28.0
2013.0,Communication,Ж,20-29,Број,75.0
2013.0,multiple_disabilities,Ж,20-29,Број,893.0
2013.0,Seeing,Ж,30-49,Број,3528.0
2013.0,Hearing,Ж,30-49,Број,738.0
2013.0,walking_or_climbing_up_the_stairs,Ж,30-49,Број,4950.0
2013.0,remembering_or_concentration,Ж,30-49,Број,849.0
2013.0,self_care,Ж,30-49,Број,103.0
2013.0,Communication,Ж,30-49,Број,241.0
2013.0,multiple_disabilities,Ж,30-49,Број,4025.0
2013.0,Seeing,Ж,50-59,Број,6782.0
2013.0,Hearing,Ж,50-59,Број,1216.0
2013.0,walking_or_climbing_up_the_stairs,Ж,50-59,Број,9927.0
2013.0,remembering_or_concentration,Ж,50-59,Број,865.0
2013.0,self_care,Ж,50-59,Број,80.0
2013.0,Communication,Ж,50-59,Број,150.0
2013.0,multiple_disabilities,Ж,50-59,Број,7822.0
2013.0,Seeing,Ж,60-64,Број,4034.0
2013.0,Hearing,Ж,60-64,Број,857.0
2013.0,walking_or_climbing_up_the_stairs,Ж,60-64,Број,7055.0
2013.0,remembering_or_concentration,Ж,60-64,Број,430.0
2013.0,self_care,Ж,60-64,Број,43.0
2013.0,Communication,Ж,60-64,Број,61.0
2013.0,multiple_disabilities,Ж,60-64,Број,5922.0
2013.0,Seeing,Ж,65+,Број,12600.0
2013.0,Hearing,Ж,65+,Број,5885.0
2013.0,walking_or_climbing_up_the_stairs,Ж,65+,Број,30877.0
2013.0,remembering_or_concentration,Ж,65+,Број,1744.0
2013.0,self_care,Ж,65+,Број,321.0
2013.0,Communication,Ж,65+,Број,226.0
2013.0,multiple_disabilities,Ж,65+,Број,44011.0
,,,,,
