Year,UNIT_MEASURE,MICS_NUMBER,Value
2000,% од укупно,Укупна стопа преваленце контрацепције,48.7
2006,% од укупно,Укупна стопа преваленце контрацепције,33.6
2011,% од укупно,Укупна стопа преваленце контрацепције,43.1
2000,% од укупно,Стопа преваленце контрацепције (употребом традиционалних методa),32.9
2006,% од укупно,Стопа преваленце контрацепције (употребом традиционалних методa),21.5
2011,% од укупно,Стопа преваленце контрацепције (употребом традиционалних методa),33.1
2000,% од укупно,Стопа преваленце контрацепције (употребом савремених метода),15.7
2006,% од укупно,Стопа преваленце контрацепције (употребом савремених метода),12.1
2011,% од укупно,Стопа преваленце контрацепције (употребом савремених метода),10.0
