Year,UNIT_MEASURE,Admin_Area,Пол,Value
1998,Број,federation_of_bih,Оба пола,483426.0
1998,Број,una-sana_canton,Оба пола,19062.0
1998,Број,posavina_canton,Оба пола,400.0
1998,Број,tuzla_canton,Оба пола,52338.0
1998,Број,zenica-doboj_canton,Оба пола,166900.0
1998,Број,bosnian-podrinje_canton,Оба пола,
1998,Број,central_bosnia_canton,Оба пола,19686.0
1998,Број,herzegovina-neretva_canton,Оба пола,18032.0
1998,Број,west_herzegovina_canton,Оба пола,
1998,Број,sarajevo_canton,Оба пола,205599.0
1998,Број,canton_10,Оба пола,1409.0
1998,Број,federation_of_bih,M,256508.0
1998,Број,una-sana_canton,M,8518.0
1998,Број,posavina_canton,M,167.0
1998,Број,tuzla_canton,M,25383.0
1998,Број,zenica-doboj_canton,M,93367.0
1998,Број,bosnian-podrinje_canton,M,
1998,Број,central_bosnia_canton,M,8634.0
1998,Број,herzegovina-neretva_canton,M,7469.0
1998,Број,west_herzegovina_canton,M,
1998,Број,sarajevo_canton,M,112504.0
1998,Број,canton_10,M,466.0
1998,Број,federation_of_bih,Ж,226918.0
1998,Број,una-sana_canton,Ж,10544.0
1998,Број,posavina_canton,Ж,233.0
1998,Број,tuzla_canton,Ж,26955.0
1998,Број,zenica-doboj_canton,Ж,73533.0
1998,Број,bosnian-podrinje_canton,Ж,
1998,Број,central_bosnia_canton,Ж,11052.0
1998,Број,herzegovina-neretva_canton,Ж,10563.0
1998,Број,west_herzegovina_canton,Ж,
1998,Број,sarajevo_canton,Ж,93095.0
1998,Број,canton_10,Ж,943.0
1999,Број,federation_of_bih,Оба пола,316644.0
1999,Број,una-sana_canton,Оба пола,8787.0
1999,Број,posavina_canton,Оба пола,911.0
1999,Број,tuzla_canton,Оба пола,49938.0
1999,Број,zenica-doboj_canton,Оба пола,122126.0
1999,Број,bosnian-podrinje_canton,Оба пола,
1999,Број,central_bosnia_canton,Оба пола,25288.0
1999,Број,herzegovina-neretva_canton,Оба пола,33768.0
1999,Број,west_herzegovina_canton,Оба пола,1198.0
1999,Број,sarajevo_canton,Оба пола,71624.0
1999,Број,canton_10,Оба пола,3004.0
1999,Број,federation_of_bih,M,158297.0
1999,Број,una-sana_canton,M,4056.0
1999,Број,posavina_canton,M,459.0
1999,Број,tuzla_canton,M,24031.0
1999,Број,zenica-doboj_canton,M,52694.0
1999,Број,bosnian-podrinje_canton,M,
1999,Број,central_bosnia_canton,M,11153.0
1999,Број,herzegovina-neretva_canton,M,18834.0
1999,Број,west_herzegovina_canton,M,830.0
1999,Број,sarajevo_canton,M,45340.0
1999,Број,canton_10,M,901.0
1999,Број,federation_of_bih,Ж,158347.0
1999,Број,una-sana_canton,Ж,4731.0
1999,Број,posavina_canton,Ж,452.0
1999,Број,tuzla_canton,Ж,25907.0
1999,Број,zenica-doboj_canton,Ж,69432.0
1999,Број,bosnian-podrinje_canton,Ж,
1999,Број,central_bosnia_canton,Ж,14135.0
1999,Број,herzegovina-neretva_canton,Ж,14934.0
1999,Број,west_herzegovina_canton,Ж,368.0
1999,Број,sarajevo_canton,Ж,26284.0
1999,Број,canton_10,Ж,2103.0
2000,Број,federation_of_bih,Оба пола,283785.0
2000,Број,una-sana_canton,Оба пола,11514.0
2000,Број,posavina_canton,Оба пола,1759.0
2000,Број,tuzla_canton,Оба пола,51918.0
2000,Број,zenica-doboj_canton,Оба пола,84090.0
2000,Број,bosnian-podrinje_canton,Оба пола,
2000,Број,central_bosnia_canton,Оба пола,28632.0
2000,Број,herzegovina-neretva_canton,Оба пола,25754.0
2000,Број,west_herzegovina_canton,Оба пола,1198.0
2000,Број,sarajevo_canton,Оба пола,76363.0
2000,Број,canton_10,Оба пола,2557.0
2000,Број,federation_of_bih,M,150741.0
2000,Број,una-sana_canton,M,3628.0
2000,Број,posavina_canton,M,900.0
2000,Број,tuzla_canton,M,25809.0
2000,Број,zenica-doboj_canton,M,45290.0
2000,Број,bosnian-podrinje_canton,M,
2000,Број,central_bosnia_canton,M,11909.0
2000,Број,herzegovina-neretva_canton,M,10760.0
2000,Број,west_herzegovina_canton,M,830.0
2000,Број,sarajevo_canton,M,50388.0
2000,Број,canton_10,M,1227.0
2000,Број,federation_of_bih,Ж,133044.0
2000,Број,una-sana_canton,Ж,7886.0
2000,Број,posavina_canton,Ж,859.0
2000,Број,tuzla_canton,Ж,26109.0
2000,Број,zenica-doboj_canton,Ж,38800.0
2000,Број,bosnian-podrinje_canton,Ж,
2000,Број,central_bosnia_canton,Ж,16723.0
2000,Број,herzegovina-neretva_canton,Ж,14994.0
2000,Број,west_herzegovina_canton,Ж,368.0
2000,Број,sarajevo_canton,Ж,25975.0
2000,Број,canton_10,Ж,1330.0
2001,Број,federation_of_bih,Оба пола,290612.0
2001,Број,una-sana_canton,Оба пола,11912.0
2001,Број,posavina_canton,Оба пола,1156.0
2001,Број,tuzla_canton,Оба пола,28365.0
2001,Број,zenica-doboj_canton,Оба пола,94505.0
2001,Број,bosnian-podrinje_canton,Оба пола,
2001,Број,central_bosnia_canton,Оба пола,21221.0
2001,Број,herzegovina-neretva_canton,Оба пола,27091.0
2001,Број,west_herzegovina_canton,Оба пола,627.0
2001,Број,sarajevo_canton,Оба пола,103226.0
2001,Број,canton_10,Оба пола,2509.0
2001,Број,federation_of_bih,M,174528.0
2001,Број,una-sana_canton,M,6205.0
2001,Број,posavina_canton,M,481.0
2001,Број,tuzla_canton,M,11941.0
2001,Број,zenica-doboj_canton,M,51720.0
2001,Број,bosnian-podrinje_canton,M,
2001,Број,central_bosnia_canton,M,9183.0
2001,Број,herzegovina-neretva_canton,M,12154.0
2001,Број,west_herzegovina_canton,M,304.0
2001,Број,sarajevo_canton,M,81369.0
2001,Број,canton_10,M,1171.0
2001,Број,federation_of_bih,Ж,116084.0
2001,Број,una-sana_canton,Ж,5707.0
2001,Број,posavina_canton,Ж,675.0
2001,Број,tuzla_canton,Ж,16424.0
2001,Број,zenica-doboj_canton,Ж,42785.0
2001,Број,bosnian-podrinje_canton,Ж,
2001,Број,central_bosnia_canton,Ж,12038.0
2001,Број,herzegovina-neretva_canton,Ж,14937.0
2001,Број,west_herzegovina_canton,Ж,323.0
2001,Број,sarajevo_canton,Ж,21857.0
2001,Број,canton_10,Ж,1338.0
2002,Број,federation_of_bih,Оба пола,278769.0
2002,Број,una-sana_canton,Оба пола,13413.0
2002,Број,posavina_canton,Оба пола,445.0
2002,Број,tuzla_canton,Оба пола,27426.0
2002,Број,zenica-doboj_canton,Оба пола,90861.0
2002,Број,bosnian-podrinje_canton,Оба пола,
2002,Број,central_bosnia_canton,Оба пола,25509.0
2002,Број,herzegovina-neretva_canton,Оба пола,33238.0
2002,Број,west_herzegovina_canton,Оба пола,1435.0
2002,Број,sarajevo_canton,Оба пола,84101.0
2002,Број,canton_10,Оба пола,2341.0
2002,Број,federation_of_bih,M,149039.0
2002,Број,una-sana_canton,M,6158.0
2002,Број,posavina_canton,M,209.0
2002,Број,tuzla_canton,M,11177.0
2002,Број,zenica-doboj_canton,M,47241.0
2002,Број,bosnian-podrinje_canton,M,
2002,Број,central_bosnia_canton,M,12470.0
2002,Број,herzegovina-neretva_canton,M,14442.0
2002,Број,west_herzegovina_canton,M,799.0
2002,Број,sarajevo_canton,M,55462.0
2002,Број,canton_10,M,1081.0
2002,Број,federation_of_bih,Ж,129730.0
2002,Број,una-sana_canton,Ж,7255.0
2002,Број,posavina_canton,Ж,236.0
2002,Број,tuzla_canton,Ж,16249.0
2002,Број,zenica-doboj_canton,Ж,43620.0
2002,Број,bosnian-podrinje_canton,Ж,
2002,Број,central_bosnia_canton,Ж,13039.0
2002,Број,herzegovina-neretva_canton,Ж,18796.0
2002,Број,west_herzegovina_canton,Ж,636.0
2002,Број,sarajevo_canton,Ж,28639.0
2002,Број,canton_10,Ж,1260.0
2003,Број,federation_of_bih,Оба пола,289167.0
2003,Број,una-sana_canton,Оба пола,31374.0
2003,Број,posavina_canton,Оба пола,63.0
2003,Број,tuzla_canton,Оба пола,28411.0
2003,Број,zenica-doboj_canton,Оба пола,94539.0
2003,Број,bosnian-podrinje_canton,Оба пола,
2003,Број,central_bosnia_canton,Оба пола,17320.0
2003,Број,herzegovina-neretva_canton,Оба пола,31978.0
2003,Број,west_herzegovina_canton,Оба пола,1733.0
2003,Број,sarajevo_canton,Оба пола,81448.0
2003,Број,canton_10,Оба пола,2301.0
2003,Број,federation_of_bih,M,156012.0
2003,Број,una-sana_canton,M,21833.0
2003,Број,posavina_canton,M,26.0
2003,Број,tuzla_canton,M,11375.0
2003,Број,zenica-doboj_canton,M,49827.0
2003,Број,bosnian-podrinje_canton,M,
2003,Број,central_bosnia_canton,M,8597.0
2003,Број,herzegovina-neretva_canton,M,14707.0
2003,Број,west_herzegovina_canton,M,1020.0
2003,Број,sarajevo_canton,M,47683.0
2003,Број,canton_10,M,944.0
2003,Број,federation_of_bih,Ж,133155.0
2003,Број,una-sana_canton,Ж,9541.0
2003,Број,posavina_canton,Ж,37.0
2003,Број,tuzla_canton,Ж,17036.0
2003,Број,zenica-doboj_canton,Ж,44712.0
2003,Број,bosnian-podrinje_canton,Ж,
2003,Број,central_bosnia_canton,Ж,8723.0
2003,Број,herzegovina-neretva_canton,Ж,17271.0
2003,Број,west_herzegovina_canton,Ж,713.0
2003,Број,sarajevo_canton,Ж,33765.0
2003,Број,canton_10,Ж,1357.0
2004,Број,federation_of_bih,Оба пола,270507.0
2004,Број,una-sana_canton,Оба пола,15996.0
2004,Број,posavina_canton,Оба пола,94.0
2004,Број,tuzla_canton,Оба пола,29152.0
2004,Број,zenica-doboj_canton,Оба пола,86461.0
2004,Број,bosnian-podrinje_canton,Оба пола,
2004,Број,central_bosnia_canton,Оба пола,15487.0
2004,Број,herzegovina-neretva_canton,Оба пола,26784.0
2004,Број,west_herzegovina_canton,Оба пола,1826.0
2004,Број,sarajevo_canton,Оба пола,92390.0
2004,Број,canton_10,Оба пола,2317.0
2004,Број,federation_of_bih,M,140214.0
2004,Број,una-sana_canton,M,4970.0
2004,Број,posavina_canton,M,35.0
2004,Број,tuzla_canton,M,13090.0
2004,Број,zenica-doboj_canton,M,43327.0
2004,Број,bosnian-podrinje_canton,M,
2004,Број,central_bosnia_canton,M,7645.0
2004,Број,herzegovina-neretva_canton,M,13121.0
2004,Број,west_herzegovina_canton,M,1053.0
2004,Број,sarajevo_canton,M,56016.0
2004,Број,canton_10,M,957.0
2004,Број,federation_of_bih,Ж,130293.0
2004,Број,una-sana_canton,Ж,11026.0
2004,Број,posavina_canton,Ж,59.0
2004,Број,tuzla_canton,Ж,16062.0
2004,Број,zenica-doboj_canton,Ж,43134.0
2004,Број,bosnian-podrinje_canton,Ж,
2004,Број,central_bosnia_canton,Ж,7842.0
2004,Број,herzegovina-neretva_canton,Ж,13663.0
2004,Број,west_herzegovina_canton,Ж,773.0
2004,Број,sarajevo_canton,Ж,36374.0
2004,Број,canton_10,Ж,1360.0
2005,Број,federation_of_bih,Оба пола,249848.0
2005,Број,una-sana_canton,Оба пола,17657.0
2005,Број,posavina_canton,Оба пола,120.0
2005,Број,tuzla_canton,Оба пола,31339.0
2005,Број,zenica-doboj_canton,Оба пола,71895.0
2005,Број,bosnian-podrinje_canton,Оба пола,
2005,Број,central_bosnia_canton,Оба пола,16422.0
2005,Број,herzegovina-neretva_canton,Оба пола,19460.0
2005,Број,west_herzegovina_canton,Оба пола,1894.0
2005,Број,sarajevo_canton,Оба пола,88769.0
2005,Број,canton_10,Оба пола,2292.0
2005,Број,federation_of_bih,M,126173.0
2005,Број,una-sana_canton,M,5530.0
2005,Број,posavina_canton,M,51.0
2005,Број,tuzla_canton,M,13199.0
2005,Број,zenica-doboj_canton,M,36270.0
2005,Број,bosnian-podrinje_canton,M,
2005,Број,central_bosnia_canton,M,7964.0
2005,Број,herzegovina-neretva_canton,M,8200.0
2005,Број,west_herzegovina_canton,M,1097.0
2005,Број,sarajevo_canton,M,52885.0
2005,Број,canton_10,M,977.0
2005,Број,federation_of_bih,Ж,123675.0
2005,Број,una-sana_canton,Ж,12127.0
2005,Број,posavina_canton,Ж,69.0
2005,Број,tuzla_canton,Ж,18140.0
2005,Број,zenica-doboj_canton,Ж,35625.0
2005,Број,bosnian-podrinje_canton,Ж,
2005,Број,central_bosnia_canton,Ж,8458.0
2005,Број,herzegovina-neretva_canton,Ж,11260.0
2005,Број,west_herzegovina_canton,Ж,797.0
2005,Број,sarajevo_canton,Ж,35884.0
2005,Број,canton_10,Ж,1315.0
2006,Број,federation_of_bih,Оба пола,333918.0
2006,Број,una-sana_canton,Оба пола,21373.0
2006,Број,posavina_canton,Оба пола,136.0
2006,Број,tuzla_canton,Оба пола,48970.0
2006,Број,zenica-doboj_canton,Оба пола,100693.0
2006,Број,bosnian-podrinje_canton,Оба пола,
2006,Број,central_bosnia_canton,Оба пола,18658.0
2006,Број,herzegovina-neretva_canton,Оба пола,21145.0
2006,Број,west_herzegovina_canton,Оба пола,2345.0
2006,Број,sarajevo_canton,Оба пола,117743.0
2006,Број,canton_10,Оба пола,2855.0
2006,Број,federation_of_bih,M,188431.0
2006,Број,una-sana_canton,M,8672.0
2006,Број,posavina_canton,M,136.0
2006,Број,tuzla_canton,M,26081.0
2006,Број,zenica-doboj_canton,M,57897.0
2006,Број,bosnian-podrinje_canton,M,
2006,Број,central_bosnia_canton,M,8419.0
2006,Број,herzegovina-neretva_canton,M,10559.0
2006,Број,west_herzegovina_canton,M,1460.0
2006,Број,sarajevo_canton,M,73991.0
2006,Број,canton_10,M,1219.0
2006,Број,federation_of_bih,Ж,145487.0
2006,Број,una-sana_canton,Ж,12701.0
2006,Број,posavina_canton,Ж,0.0
2006,Број,tuzla_canton,Ж,22889.0
2006,Број,zenica-doboj_canton,Ж,42796.0
2006,Број,bosnian-podrinje_canton,Ж,
2006,Број,central_bosnia_canton,Ж,10239.0
2006,Број,herzegovina-neretva_canton,Ж,10586.0
2006,Број,west_herzegovina_canton,Ж,885.0
2006,Број,sarajevo_canton,Ж,43752.0
2006,Број,canton_10,Ж,1636.0
2007,Број,federation_of_bih,Оба пола,334660.0
2007,Број,una-sana_canton,Оба пола,17226.0
2007,Број,posavina_canton,Оба пола,1287.0
2007,Број,tuzla_canton,Оба пола,46851.0
2007,Број,zenica-doboj_canton,Оба пола,77762.0
2007,Број,bosnian-podrinje_canton,Оба пола,
2007,Број,central_bosnia_canton,Оба пола,19464.0
2007,Број,herzegovina-neretva_canton,Оба пола,21708.0
2007,Број,west_herzegovina_canton,Оба пола,2560.0
2007,Број,sarajevo_canton,Оба пола,144940.0
2007,Број,canton_10,Оба пола,2862.0
2007,Број,federation_of_bih,M,183592.0
2007,Број,una-sana_canton,M,7586.0
2007,Број,posavina_canton,M,481.0
2007,Број,tuzla_canton,M,21048.0
2007,Број,zenica-doboj_canton,M,39940.0
2007,Број,bosnian-podrinje_canton,M,
2007,Број,central_bosnia_canton,M,8681.0
2007,Број,herzegovina-neretva_canton,M,9489.0
2007,Број,west_herzegovina_canton,M,1579.0
2007,Број,sarajevo_canton,M,93705.0
2007,Број,canton_10,M,1083.0
2007,Број,federation_of_bih,Ж,151068.0
2007,Број,una-sana_canton,Ж,9640.0
2007,Број,posavina_canton,Ж,806.0
2007,Број,tuzla_canton,Ж,25803.0
2007,Број,zenica-doboj_canton,Ж,37822.0
2007,Број,bosnian-podrinje_canton,Ж,
2007,Број,central_bosnia_canton,Ж,10783.0
2007,Број,herzegovina-neretva_canton,Ж,12219.0
2007,Број,west_herzegovina_canton,Ж,981.0
2007,Број,sarajevo_canton,Ж,51235.0
2007,Број,canton_10,Ж,1779.0
2008,Број,federation_of_bih,Оба пола,340152.0
2008,Број,una-sana_canton,Оба пола,17453.0
2008,Број,posavina_canton,Оба пола,892.0
2008,Број,tuzla_canton,Оба пола,55890.0
2008,Број,zenica-doboj_canton,Оба пола,70513.0
2008,Број,bosnian-podrinje_canton,Оба пола,
2008,Број,central_bosnia_canton,Оба пола,22556.0
2008,Број,herzegovina-neretva_canton,Оба пола,15078.0
2008,Број,west_herzegovina_canton,Оба пола,2765.0
2008,Број,sarajevo_canton,Оба пола,152336.0
2008,Број,canton_10,Оба пола,2669.0
2008,Број,federation_of_bih,M,182103.0
2008,Број,una-sana_canton,M,8106.0
2008,Број,posavina_canton,M,371.0
2008,Број,tuzla_canton,M,23290.0
2008,Број,zenica-doboj_canton,M,35712.0
2008,Број,bosnian-podrinje_canton,M,
2008,Број,central_bosnia_canton,M,9089.0
2008,Број,herzegovina-neretva_canton,M,6274.0
2008,Број,west_herzegovina_canton,M,1620.0
2008,Број,sarajevo_canton,M,96671.0
2008,Број,canton_10,M,970.0
2008,Број,federation_of_bih,Ж,158049.0
2008,Број,una-sana_canton,Ж,9347.0
2008,Број,posavina_canton,Ж,521.0
2008,Број,tuzla_canton,Ж,32600.0
2008,Број,zenica-doboj_canton,Ж,34801.0
2008,Број,bosnian-podrinje_canton,Ж,
2008,Број,central_bosnia_canton,Ж,13467.0
2008,Број,herzegovina-neretva_canton,Ж,8804.0
2008,Број,west_herzegovina_canton,Ж,1145.0
2008,Број,sarajevo_canton,Ж,55665.0
2008,Број,canton_10,Ж,1699.0
2009,Број,federation_of_bih,Оба пола,403628.0
2009,Број,una-sana_canton,Оба пола,20080.0
2009,Број,posavina_canton,Оба пола,538.0
2009,Број,tuzla_canton,Оба пола,68873.0
2009,Број,zenica-doboj_canton,Оба пола,83298.0
2009,Број,bosnian-podrinje_canton,Оба пола,
2009,Број,central_bosnia_canton,Оба пола,22343.0
2009,Број,herzegovina-neretva_canton,Оба пола,14039.0
2009,Број,west_herzegovina_canton,Оба пола,2897.0
2009,Број,sarajevo_canton,Оба пола,188504.0
2009,Број,canton_10,Оба пола,3056.0
2009,Број,federation_of_bih,M,198035.0
2009,Број,una-sana_canton,M,7518.0
2009,Број,posavina_canton,M,210.0
2009,Број,tuzla_canton,M,32281.0
2009,Број,zenica-doboj_canton,M,41961.0
2009,Број,bosnian-podrinje_canton,M,
2009,Број,central_bosnia_canton,M,9826.0
2009,Број,herzegovina-neretva_canton,M,5819.0
2009,Број,west_herzegovina_canton,M,1511.0
2009,Број,sarajevo_canton,M,97779.0
2009,Број,canton_10,M,1130.0
2009,Број,federation_of_bih,Ж,205593.0
2009,Број,una-sana_canton,Ж,12562.0
2009,Број,posavina_canton,Ж,328.0
2009,Број,tuzla_canton,Ж,36592.0
2009,Број,zenica-doboj_canton,Ж,41337.0
2009,Број,bosnian-podrinje_canton,Ж,
2009,Број,central_bosnia_canton,Ж,12517.0
2009,Број,herzegovina-neretva_canton,Ж,8220.0
2009,Број,west_herzegovina_canton,Ж,1386.0
2009,Број,sarajevo_canton,Ж,90725.0
2009,Број,canton_10,Ж,1926.0
2010,Број,federation_of_bih,Оба пола,368808.0
2010,Број,una-sana_canton,Оба пола,19595.0
2010,Број,posavina_canton,Оба пола,830.0
2010,Број,tuzla_canton,Оба пола,68396.0
2010,Број,zenica-doboj_canton,Оба пола,76610.0
2010,Број,bosnian-podrinje_canton,Оба пола,
2010,Број,central_bosnia_canton,Оба пола,17177.0
2010,Број,herzegovina-neretva_canton,Оба пола,14923.0
2010,Број,west_herzegovina_canton,Оба пола,3684.0
2010,Број,sarajevo_canton,Оба пола,164918.0
2010,Број,canton_10,Оба пола,2675.0
2010,Број,federation_of_bih,M,174999.0
2010,Број,una-sana_canton,M,7579.0
2010,Број,posavina_canton,M,295.0
2010,Број,tuzla_canton,M,29285.0
2010,Број,zenica-doboj_canton,M,35188.0
2010,Број,bosnian-podrinje_canton,M,
2010,Број,central_bosnia_canton,M,7780.0
2010,Број,herzegovina-neretva_canton,M,3427.0
2010,Број,west_herzegovina_canton,M,2148.0
2010,Број,sarajevo_canton,M,88379.0
2010,Број,canton_10,M,918.0
2010,Број,federation_of_bih,Ж,193809.0
2010,Број,una-sana_canton,Ж,12016.0
2010,Број,posavina_canton,Ж,535.0
2010,Број,tuzla_canton,Ж,39111.0
2010,Број,zenica-doboj_canton,Ж,41422.0
2010,Број,bosnian-podrinje_canton,Ж,
2010,Број,central_bosnia_canton,Ж,9397.0
2010,Број,herzegovina-neretva_canton,Ж,11496.0
2010,Број,west_herzegovina_canton,Ж,1536.0
2010,Број,sarajevo_canton,Ж,76539.0
2010,Број,canton_10,Ж,1757.0
2011,Број,federation_of_bih,Оба пола,344976.0
2011,Број,una-sana_canton,Оба пола,21212.0
2011,Број,posavina_canton,Оба пола,228.0
2011,Број,tuzla_canton,Оба пола,79042.0
2011,Број,zenica-doboj_canton,Оба пола,73550.0
2011,Број,bosnian-podrinje_canton,Оба пола,
2011,Број,central_bosnia_canton,Оба пола,11560.0
2011,Број,herzegovina-neretva_canton,Оба пола,15304.0
2011,Број,west_herzegovina_canton,Оба пола,3174.0
2011,Број,sarajevo_canton,Оба пола,137012.0
2011,Број,canton_10,Оба пола,3894.0
2011,Број,federation_of_bih,M,162768.0
2011,Број,una-sana_canton,M,8760.0
2011,Број,posavina_canton,M,93.0
2011,Број,tuzla_canton,M,31106.0
2011,Број,zenica-doboj_canton,M,35157.0
2011,Број,bosnian-podrinje_canton,M,
2011,Број,central_bosnia_canton,M,5787.0
2011,Број,herzegovina-neretva_canton,M,6800.0
2011,Број,west_herzegovina_canton,M,1583.0
2011,Број,sarajevo_canton,M,71509.0
2011,Број,canton_10,M,1973.0
2011,Број,federation_of_bih,Ж,182208.0
2011,Број,una-sana_canton,Ж,12452.0
2011,Број,posavina_canton,Ж,135.0
2011,Број,tuzla_canton,Ж,47936.0
2011,Број,zenica-doboj_canton,Ж,38393.0
2011,Број,bosnian-podrinje_canton,Ж,
2011,Број,central_bosnia_canton,Ж,5773.0
2011,Број,herzegovina-neretva_canton,Ж,8504.0
2011,Број,west_herzegovina_canton,Ж,1591.0
2011,Број,sarajevo_canton,Ж,65503.0
2011,Број,canton_10,Ж,1921.0
2012,Број,federation_of_bih,Оба пола,364552.0
2012,Број,una-sana_canton,Оба пола,18348.0
2012,Број,posavina_canton,Оба пола,350.0
2012,Број,tuzla_canton,Оба пола,87038.0
2012,Број,zenica-doboj_canton,Оба пола,61780.0
2012,Број,bosnian-podrinje_canton,Оба пола,
2012,Број,central_bosnia_canton,Оба пола,20320.0
2012,Број,herzegovina-neretva_canton,Оба пола,13180.0
2012,Број,west_herzegovina_canton,Оба пола,3944.0
2012,Број,sarajevo_canton,Оба пола,155065.0
2012,Број,canton_10,Оба пола,4527.0
2012,Број,federation_of_bih,M,184723.0
2012,Број,una-sana_canton,M,7074.0
2012,Број,posavina_canton,M,170.0
2012,Број,tuzla_canton,M,40077.0
2012,Број,zenica-doboj_canton,M,28689.0
2012,Број,bosnian-podrinje_canton,M,
2012,Број,central_bosnia_canton,M,9341.0
2012,Број,herzegovina-neretva_canton,M,4865.0
2012,Број,west_herzegovina_canton,M,2260.0
2012,Број,sarajevo_canton,M,89973.0
2012,Број,canton_10,M,2274.0
2012,Број,federation_of_bih,Ж,179829.0
2012,Број,una-sana_canton,Ж,11274.0
2012,Број,posavina_canton,Ж,180.0
2012,Број,tuzla_canton,Ж,46961.0
2012,Број,zenica-doboj_canton,Ж,33091.0
2012,Број,bosnian-podrinje_canton,Ж,
2012,Број,central_bosnia_canton,Ж,10979.0
2012,Број,herzegovina-neretva_canton,Ж,8315.0
2012,Број,west_herzegovina_canton,Ж,1684.0
2012,Број,sarajevo_canton,Ж,65092.0
2012,Број,canton_10,Ж,2253.0
2013,Број,federation_of_bih,Оба пола,312990.0
2013,Број,una-sana_canton,Оба пола,20984.0
2013,Број,posavina_canton,Оба пола,423.0
2013,Број,tuzla_canton,Оба пола,73700.0
2013,Број,zenica-doboj_canton,Оба пола,64654.0
2013,Број,bosnian-podrinje_canton,Оба пола,
2013,Број,central_bosnia_canton,Оба пола,18573.0
2013,Број,herzegovina-neretva_canton,Оба пола,16085.0
2013,Број,west_herzegovina_canton,Оба пола,4371.0
2013,Број,sarajevo_canton,Оба пола,108806.0
2013,Број,canton_10,Оба пола,5394.0
2013,Број,federation_of_bih,M,150170.0
2013,Број,una-sana_canton,M,8082.0
2013,Број,posavina_canton,M,173.0
2013,Број,tuzla_canton,M,28461.0
2013,Број,zenica-doboj_canton,M,29657.0
2013,Број,bosnian-podrinje_canton,M,
2013,Број,central_bosnia_canton,M,8949.0
2013,Број,herzegovina-neretva_canton,M,7054.0
2013,Број,west_herzegovina_canton,M,2151.0
2013,Број,sarajevo_canton,M,63206.0
2013,Број,canton_10,M,2437.0
2013,Број,federation_of_bih,Ж,162820.0
2013,Број,una-sana_canton,Ж,12902.0
2013,Број,posavina_canton,Ж,250.0
2013,Број,tuzla_canton,Ж,45239.0
2013,Број,zenica-doboj_canton,Ж,34997.0
2013,Број,bosnian-podrinje_canton,Ж,
2013,Број,central_bosnia_canton,Ж,9624.0
2013,Број,herzegovina-neretva_canton,Ж,9031.0
2013,Број,west_herzegovina_canton,Ж,2220.0
2013,Број,sarajevo_canton,Ж,45600.0
2013,Број,canton_10,Ж,2957.0
2014,Број,federation_of_bih,Оба пола,300743.0
2014,Број,una-sana_canton,Оба пола,21524.0
2014,Број,posavina_canton,Оба пола,975.0
2014,Број,tuzla_canton,Оба пола,63748.0
2014,Број,zenica-doboj_canton,Оба пола,59350.0
2014,Број,bosnian-podrinje_canton,Оба пола,10433.0
2014,Број,central_bosnia_canton,Оба пола,19890.0
2014,Број,herzegovina-neretva_canton,Оба пола,17882.0
2014,Број,west_herzegovina_canton,Оба пола,3530.0
2014,Број,sarajevo_canton,Оба пола,97948.0
2014,Број,canton_10,Оба пола,5463.0
2014,Број,federation_of_bih,M,143250.0
2014,Број,una-sana_canton,M,9405.0
2014,Број,posavina_canton,M,445.0
2014,Број,tuzla_canton,M,29484.0
2014,Број,zenica-doboj_canton,M,26577.0
2014,Број,bosnian-podrinje_canton,M,3283.0
2014,Број,central_bosnia_canton,M,9722.0
2014,Број,herzegovina-neretva_canton,M,7567.0
2014,Број,west_herzegovina_canton,M,1564.0
2014,Број,sarajevo_canton,M,52841.0
2014,Број,canton_10,M,2362.0
2014,Број,federation_of_bih,Ж,157493.0
2014,Број,una-sana_canton,Ж,12119.0
2014,Број,posavina_canton,Ж,530.0
2014,Број,tuzla_canton,Ж,34264.0
2014,Број,zenica-doboj_canton,Ж,32773.0
2014,Број,bosnian-podrinje_canton,Ж,7150.0
2014,Број,central_bosnia_canton,Ж,10168.0
2014,Број,herzegovina-neretva_canton,Ж,10315.0
2014,Број,west_herzegovina_canton,Ж,1966.0
2014,Број,sarajevo_canton,Ж,45107.0
2014,Број,canton_10,Ж,3101.0
2015,Број,federation_of_bih,Оба пола,283575.0
2015,Број,una-sana_canton,Оба пола,21810.0
2015,Број,posavina_canton,Оба пола,1041.0
2015,Број,tuzla_canton,Оба пола,63009.0
2015,Број,zenica-doboj_canton,Оба пола,55022.0
2015,Број,bosnian-podrinje_canton,Оба пола,11535.0
2015,Број,central_bosnia_canton,Оба пола,17407.0
2015,Број,herzegovina-neretva_canton,Оба пола,17673.0
2015,Број,west_herzegovina_canton,Оба пола,3614.0
2015,Број,sarajevo_canton,Оба пола,86478.0
2015,Број,canton_10,Оба пола,5986.0
2015,Број,federation_of_bih,M,139273.0
2015,Број,una-sana_canton,M,10336.0
2015,Број,posavina_canton,M,425.0
2015,Број,tuzla_canton,M,27833.0
2015,Број,zenica-doboj_canton,M,25681.0
2015,Број,bosnian-podrinje_canton,M,4981.0
2015,Број,central_bosnia_canton,M,8230.0
2015,Број,herzegovina-neretva_canton,M,7348.0
2015,Број,west_herzegovina_canton,M,1671.0
2015,Број,sarajevo_canton,M,50212.0
2015,Број,canton_10,M,2556.0
2015,Број,federation_of_bih,Ж,144302.0
2015,Број,una-sana_canton,Ж,11474.0
2015,Број,posavina_canton,Ж,616.0
2015,Број,tuzla_canton,Ж,35176.0
2015,Број,zenica-doboj_canton,Ж,29341.0
2015,Број,bosnian-podrinje_canton,Ж,6554.0
2015,Број,central_bosnia_canton,Ж,9177.0
2015,Број,herzegovina-neretva_canton,Ж,10325.0
2015,Број,west_herzegovina_canton,Ж,1943.0
2015,Број,sarajevo_canton,Ж,36266.0
2015,Број,canton_10,Ж,3430.0
2016,Број,federation_of_bih,Оба пола,295304.0
2016,Број,una-sana_canton,Оба пола,21855.0
2016,Број,posavina_canton,Оба пола,1060.0
2016,Број,tuzla_canton,Оба пола,68369.0
2016,Број,zenica-doboj_canton,Оба пола,48270.0
2016,Број,bosnian-podrinje_canton,Оба пола,11194.0
2016,Број,central_bosnia_canton,Оба пола,18371.0
2016,Број,herzegovina-neretva_canton,Оба пола,17707.0
2016,Број,west_herzegovina_canton,Оба пола,2187.0
2016,Број,sarajevo_canton,Оба пола,101740.0
2016,Број,canton_10,Оба пола,4551.0
2016,Број,federation_of_bih,M,135801.0
2016,Број,una-sana_canton,M,10051.0
2016,Број,posavina_canton,M,499.0
2016,Број,tuzla_canton,M,29440.0
2016,Број,zenica-doboj_canton,M,23551.0
2016,Број,bosnian-podrinje_canton,M,5162.0
2016,Број,central_bosnia_canton,M,8627.0
2016,Број,herzegovina-neretva_canton,M,7663.0
2016,Број,west_herzegovina_canton,M,979.0
2016,Број,sarajevo_canton,M,47713.0
2016,Број,canton_10,M,2116.0
2016,Број,federation_of_bih,Ж,159503.0
2016,Број,una-sana_canton,Ж,11804.0
2016,Број,posavina_canton,Ж,561.0
2016,Број,tuzla_canton,Ж,38929.0
2016,Број,zenica-doboj_canton,Ж,24719.0
2016,Број,bosnian-podrinje_canton,Ж,6032.0
2016,Број,central_bosnia_canton,Ж,9744.0
2016,Број,herzegovina-neretva_canton,Ж,10044.0
2016,Број,west_herzegovina_canton,Ж,1208.0
2016,Број,sarajevo_canton,Ж,54027.0
2016,Број,canton_10,Ж,2435.0
2017,Број,federation_of_bih,Оба пола,272769.0
2017,Број,una-sana_canton,Оба пола,21163.0
2017,Број,posavina_canton,Оба пола,1309.0
2017,Број,tuzla_canton,Оба пола,56420.0
2017,Број,zenica-doboj_canton,Оба пола,48168.0
2017,Број,bosnian-podrinje_canton,Оба пола,10088.0
2017,Број,central_bosnia_canton,Оба пола,18006.0
2017,Број,herzegovina-neretva_canton,Оба пола,15978.0
2017,Број,west_herzegovina_canton,Оба пола,2445.0
2017,Број,sarajevo_canton,Оба пола,95028.0
2017,Број,canton_10,Оба пола,4164.0
2017,Број,federation_of_bih,M,124731.0
2017,Број,una-sana_canton,M,10694.0
2017,Број,posavina_canton,M,615.0
2017,Број,tuzla_canton,M,24534.0
2017,Број,zenica-doboj_canton,M,22598.0
2017,Број,bosnian-podrinje_canton,M,4588.0
2017,Број,central_bosnia_canton,M,8052.0
2017,Број,herzegovina-neretva_canton,M,5238.0
2017,Број,west_herzegovina_canton,M,1062.0
2017,Број,sarajevo_canton,M,45327.0
2017,Број,canton_10,M,2023.0
2017,Број,federation_of_bih,Ж,148038.0
2017,Број,una-sana_canton,Ж,10469.0
2017,Број,posavina_canton,Ж,694.0
2017,Број,tuzla_canton,Ж,31886.0
2017,Број,zenica-doboj_canton,Ж,25570.0
2017,Број,bosnian-podrinje_canton,Ж,5500.0
2017,Број,central_bosnia_canton,Ж,9954.0
2017,Број,herzegovina-neretva_canton,Ж,10740.0
2017,Број,west_herzegovina_canton,Ж,1383.0
2017,Број,sarajevo_canton,Ж,49701.0
2017,Број,canton_10,Ж,2141.0
2018,Број,federation_of_bih,Оба пола,495614.0
2018,Број,una-sana_canton,Оба пола,26314.0
2018,Број,posavina_canton,Оба пола,2532.0
2018,Број,tuzla_canton,Оба пола,92459.0
2018,Број,zenica-doboj_canton,Оба пола,81918.0
2018,Број,bosnian-podrinje_canton,Оба пола,14195.0
2018,Број,central_bosnia_canton,Оба пола,27811.0
2018,Број,herzegovina-neretva_canton,Оба пола,29813.0
2018,Број,west_herzegovina_canton,Оба пола,4328.0
2018,Број,sarajevo_canton,Оба пола,208374.0
2018,Број,canton_10,Оба пола,7870.0
2018,Број,federation_of_bih,M,324387.0
2018,Број,una-sana_canton,M,17081.0
2018,Број,posavina_canton,M,1648.0
2018,Број,tuzla_canton,M,61012.0
2018,Број,zenica-doboj_canton,M,53492.0
2018,Број,bosnian-podrinje_canton,M,9490.0
2018,Број,central_bosnia_canton,M,17738.0
2018,Број,herzegovina-neretva_canton,M,20533.0
2018,Број,west_herzegovina_canton,M,2962.0
2018,Број,sarajevo_canton,M,134532.0
2018,Број,canton_10,M,5599.0
2018,Број,federation_of_bih,Ж,171227.0
2018,Број,una-sana_canton,Ж,9233.0
2018,Број,posavina_canton,Ж,884.0
2018,Број,tuzla_canton,Ж,31447.0
2018,Број,zenica-doboj_canton,Ж,28426.0
2018,Број,bosnian-podrinje_canton,Ж,4705.0
2018,Број,central_bosnia_canton,Ж,10073.0
2018,Број,herzegovina-neretva_canton,Ж,9280.0
2018,Број,west_herzegovina_canton,Ж,1366.0
2018,Број,sarajevo_canton,Ж,73842.0
2018,Број,canton_10,Ж,1971.0
