Year,UNIT_MEASURE,Административна јединица,Пол,Unnamed: 5,Unnamed: 6,Unnamed: 7,Value
1998,Број,Федерација Босне и Херцеговине,Оба пола,,,,483426.0
1998,Број,Унско-сански кантон,Оба пола,,,,19062.0
1998,Број,Посавски кантон,Оба пола,,,,400.0
1998,Број,Тузлански кантон,Оба пола,,,,52338.0
1998,Број,Зеничко-добојски кантон,Оба пола,,,,166900.0
1998,Број,Босанско-подрињски кантон,Оба пола,,,,
1998,Број,Средњобосански кантон,Оба пола,,,,19686.0
1998,Број,Херцеговачко-неретвански кантон,Оба пола,,,,18032.0
1998,Број,Западнохерцеговчки кантон,Оба пола,,,,
1998,Број,Кантон Сарајево,Оба пола,,,,205599.0
1998,Број,Кантон 10,Оба пола,,,,1409.0
1998,Број,Федерација Босне и Херцеговине,M,,,,256508.0
1998,Број,Унско-сански кантон,M,,,,8518.0
1998,Број,Посавски кантон,M,,,,167.0
1998,Број,Тузлански кантон,M,,,,25383.0
1998,Број,Зеничко-добојски кантон,M,,,,93367.0
1998,Број,Босанско-подрињски кантон,M,,,,
1998,Број,Средњобосански кантон,M,,,,8634.0
1998,Број,Херцеговачко-неретвански кантон,M,,,,7469.0
1998,Број,Западнохерцеговчки кантон,M,,,,
1998,Број,Кантон Сарајево,M,,,,112504.0
1998,Број,Кантон 10,M,,,,466.0
1998,Број,Федерација Босне и Херцеговине,Ж,,,,226918.0
1998,Број,Унско-сански кантон,Ж,,,,10544.0
1998,Број,Посавски кантон,Ж,,,,233.0
1998,Број,Тузлански кантон,Ж,,,,26955.0
1998,Број,Зеничко-добојски кантон,Ж,,,,73533.0
1998,Број,Босанско-подрињски кантон,Ж,,,,
1998,Број,Средњобосански кантон,Ж,,,,11052.0
1998,Број,Херцеговачко-неретвански кантон,Ж,,,,10563.0
1998,Број,Западнохерцеговчки кантон,Ж,,,,
1998,Број,Кантон Сарајево,Ж,,,,93095.0
1998,Број,Кантон 10,Ж,,,,943.0
1999,Број,Федерација Босне и Херцеговине,Оба пола,,,,316644.0
1999,Број,Унско-сански кантон,Оба пола,,,,8787.0
1999,Број,Посавски кантон,Оба пола,,,,911.0
1999,Број,Тузлански кантон,Оба пола,,,,49938.0
1999,Број,Зеничко-добојски кантон,Оба пола,,,,122126.0
1999,Број,Босанско-подрињски кантон,Оба пола,,,,
1999,Број,Средњобосански кантон,Оба пола,,,,25288.0
1999,Број,Херцеговачко-неретвански кантон,Оба пола,,,,33768.0
1999,Број,Западнохерцеговчки кантон,Оба пола,,,,1198.0
1999,Број,Кантон Сарајево,Оба пола,,,,71624.0
1999,Број,Кантон 10,Оба пола,,,,3004.0
1999,Број,Федерација Босне и Херцеговине,M,,,,158297.0
1999,Број,Унско-сански кантон,M,,,,4056.0
1999,Број,Посавски кантон,M,,,,459.0
1999,Број,Тузлански кантон,M,,,,24031.0
1999,Број,Зеничко-добојски кантон,M,,,,52694.0
1999,Број,Босанско-подрињски кантон,M,,,,
1999,Број,Средњобосански кантон,M,,,,11153.0
1999,Број,Херцеговачко-неретвански кантон,M,,,,18834.0
1999,Број,Западнохерцеговчки кантон,M,,,,830.0
1999,Број,Кантон Сарајево,M,,,,45340.0
1999,Број,Кантон 10,M,,,,901.0
1999,Број,Федерација Босне и Херцеговине,Ж,,,,158347.0
1999,Број,Унско-сански кантон,Ж,,,,4731.0
1999,Број,Посавски кантон,Ж,,,,452.0
1999,Број,Тузлански кантон,Ж,,,,25907.0
1999,Број,Зеничко-добојски кантон,Ж,,,,69432.0
1999,Број,Босанско-подрињски кантон,Ж,,,,
1999,Број,Средњобосански кантон,Ж,,,,14135.0
1999,Број,Херцеговачко-неретвански кантон,Ж,,,,14934.0
1999,Број,Западнохерцеговчки кантон,Ж,,,,368.0
1999,Број,Кантон Сарајево,Ж,,,,26284.0
1999,Број,Кантон 10,Ж,,,,2103.0
2000,Број,Федерација Босне и Херцеговине,Оба пола,,,,283785.0
2000,Број,Унско-сански кантон,Оба пола,,,,11514.0
2000,Број,Посавски кантон,Оба пола,,,,1759.0
2000,Број,Тузлански кантон,Оба пола,,,,51918.0
2000,Број,Зеничко-добојски кантон,Оба пола,,,,84090.0
2000,Број,Босанско-подрињски кантон,Оба пола,,,,
2000,Број,Средњобосански кантон,Оба пола,,,,28632.0
2000,Број,Херцеговачко-неретвански кантон,Оба пола,,,,25754.0
2000,Број,Западнохерцеговчки кантон,Оба пола,,,,1198.0
2000,Број,Кантон Сарајево,Оба пола,,,,76363.0
2000,Број,Кантон 10,Оба пола,,,,2557.0
2000,Број,Федерација Босне и Херцеговине,M,,,,150741.0
2000,Број,Унско-сански кантон,M,,,,3628.0
2000,Број,Посавски кантон,M,,,,900.0
2000,Број,Тузлански кантон,M,,,,25809.0
2000,Број,Зеничко-добојски кантон,M,,,,45290.0
2000,Број,Босанско-подрињски кантон,M,,,,
2000,Број,Средњобосански кантон,M,,,,11909.0
2000,Број,Херцеговачко-неретвански кантон,M,,,,10760.0
2000,Број,Западнохерцеговчки кантон,M,,,,830.0
2000,Број,Кантон Сарајево,M,,,,50388.0
2000,Број,Кантон 10,M,,,,1227.0
2000,Број,Федерација Босне и Херцеговине,Ж,,,,133044.0
2000,Број,Унско-сански кантон,Ж,,,,7886.0
2000,Број,Посавски кантон,Ж,,,,859.0
2000,Број,Тузлански кантон,Ж,,,,26109.0
2000,Број,Зеничко-добојски кантон,Ж,,,,38800.0
2000,Број,Босанско-подрињски кантон,Ж,,,,
2000,Број,Средњобосански кантон,Ж,,,,16723.0
2000,Број,Херцеговачко-неретвански кантон,Ж,,,,14994.0
2000,Број,Западнохерцеговчки кантон,Ж,,,,368.0
2000,Број,Кантон Сарајево,Ж,,,,25975.0
2000,Број,Кантон 10,Ж,,,,1330.0
2001,Број,Федерација Босне и Херцеговине,Оба пола,,,,290612.0
2001,Број,Унско-сански кантон,Оба пола,,,,11912.0
2001,Број,Посавски кантон,Оба пола,,,,1156.0
2001,Број,Тузлански кантон,Оба пола,,,,28365.0
2001,Број,Зеничко-добојски кантон,Оба пола,,,,94505.0
2001,Број,Босанско-подрињски кантон,Оба пола,,,,
2001,Број,Средњобосански кантон,Оба пола,,,,21221.0
2001,Број,Херцеговачко-неретвански кантон,Оба пола,,,,27091.0
2001,Број,Западнохерцеговчки кантон,Оба пола,,,,627.0
2001,Број,Кантон Сарајево,Оба пола,,,,103226.0
2001,Број,Кантон 10,Оба пола,,,,2509.0
2001,Број,Федерација Босне и Херцеговине,M,,,,174528.0
2001,Број,Унско-сански кантон,M,,,,6205.0
2001,Број,Посавски кантон,M,,,,481.0
2001,Број,Тузлански кантон,M,,,,11941.0
2001,Број,Зеничко-добојски кантон,M,,,,51720.0
2001,Број,Босанско-подрињски кантон,M,,,,
2001,Број,Средњобосански кантон,M,,,,9183.0
2001,Број,Херцеговачко-неретвански кантон,M,,,,12154.0
2001,Број,Западнохерцеговчки кантон,M,,,,304.0
2001,Број,Кантон Сарајево,M,,,,81369.0
2001,Број,Кантон 10,M,,,,1171.0
2001,Број,Федерација Босне и Херцеговине,Ж,,,,116084.0
2001,Број,Унско-сански кантон,Ж,,,,5707.0
2001,Број,Посавски кантон,Ж,,,,675.0
2001,Број,Тузлански кантон,Ж,,,,16424.0
2001,Број,Зеничко-добојски кантон,Ж,,,,42785.0
2001,Број,Босанско-подрињски кантон,Ж,,,,
2001,Број,Средњобосански кантон,Ж,,,,12038.0
2001,Број,Херцеговачко-неретвански кантон,Ж,,,,14937.0
2001,Број,Западнохерцеговчки кантон,Ж,,,,323.0
2001,Број,Кантон Сарајево,Ж,,,,21857.0
2001,Број,Кантон 10,Ж,,,,1338.0
2002,Број,Федерација Босне и Херцеговине,Оба пола,,,,278769.0
2002,Број,Унско-сански кантон,Оба пола,,,,13413.0
2002,Број,Посавски кантон,Оба пола,,,,445.0
2002,Број,Тузлански кантон,Оба пола,,,,27426.0
2002,Број,Зеничко-добојски кантон,Оба пола,,,,90861.0
2002,Број,Босанско-подрињски кантон,Оба пола,,,,
2002,Број,Средњобосански кантон,Оба пола,,,,25509.0
2002,Број,Херцеговачко-неретвански кантон,Оба пола,,,,33238.0
2002,Број,Западнохерцеговчки кантон,Оба пола,,,,1435.0
2002,Број,Кантон Сарајево,Оба пола,,,,84101.0
2002,Број,Кантон 10,Оба пола,,,,2341.0
2002,Број,Федерација Босне и Херцеговине,M,,,,149039.0
2002,Број,Унско-сански кантон,M,,,,6158.0
2002,Број,Посавски кантон,M,,,,209.0
2002,Број,Тузлански кантон,M,,,,11177.0
2002,Број,Зеничко-добојски кантон,M,,,,47241.0
2002,Број,Босанско-подрињски кантон,M,,,,
2002,Број,Средњобосански кантон,M,,,,12470.0
2002,Број,Херцеговачко-неретвански кантон,M,,,,14442.0
2002,Број,Западнохерцеговчки кантон,M,,,,799.0
2002,Број,Кантон Сарајево,M,,,,55462.0
2002,Број,Кантон 10,M,,,,1081.0
2002,Број,Федерација Босне и Херцеговине,Ж,,,,129730.0
2002,Број,Унско-сански кантон,Ж,,,,7255.0
2002,Број,Посавски кантон,Ж,,,,236.0
2002,Број,Тузлански кантон,Ж,,,,16249.0
2002,Број,Зеничко-добојски кантон,Ж,,,,43620.0
2002,Број,Босанско-подрињски кантон,Ж,,,,
2002,Број,Средњобосански кантон,Ж,,,,13039.0
2002,Број,Херцеговачко-неретвански кантон,Ж,,,,18796.0
2002,Број,Западнохерцеговчки кантон,Ж,,,,636.0
2002,Број,Кантон Сарајево,Ж,,,,28639.0
2002,Број,Кантон 10,Ж,,,,1260.0
2003,Број,Федерација Босне и Херцеговине,Оба пола,,,,289167.0
2003,Број,Унско-сански кантон,Оба пола,,,,31374.0
2003,Број,Посавски кантон,Оба пола,,,,63.0
2003,Број,Тузлански кантон,Оба пола,,,,28411.0
2003,Број,Зеничко-добојски кантон,Оба пола,,,,94539.0
2003,Број,Босанско-подрињски кантон,Оба пола,,,,
2003,Број,Средњобосански кантон,Оба пола,,,,17320.0
2003,Број,Херцеговачко-неретвански кантон,Оба пола,,,,31978.0
2003,Број,Западнохерцеговчки кантон,Оба пола,,,,1733.0
2003,Број,Кантон Сарајево,Оба пола,,,,81448.0
2003,Број,Кантон 10,Оба пола,,,,2301.0
2003,Број,Федерација Босне и Херцеговине,M,,,,156012.0
2003,Број,Унско-сански кантон,M,,,,21833.0
2003,Број,Посавски кантон,M,,,,26.0
2003,Број,Тузлански кантон,M,,,,11375.0
2003,Број,Зеничко-добојски кантон,M,,,,49827.0
2003,Број,Босанско-подрињски кантон,M,,,,
2003,Број,Средњобосански кантон,M,,,,8597.0
2003,Број,Херцеговачко-неретвански кантон,M,,,,14707.0
2003,Број,Западнохерцеговчки кантон,M,,,,1020.0
2003,Број,Кантон Сарајево,M,,,,47683.0
2003,Број,Кантон 10,M,,,,944.0
2003,Број,Федерација Босне и Херцеговине,Ж,,,,133155.0
2003,Број,Унско-сански кантон,Ж,,,,9541.0
2003,Број,Посавски кантон,Ж,,,,37.0
2003,Број,Тузлански кантон,Ж,,,,17036.0
2003,Број,Зеничко-добојски кантон,Ж,,,,44712.0
2003,Број,Босанско-подрињски кантон,Ж,,,,
2003,Број,Средњобосански кантон,Ж,,,,8723.0
2003,Број,Херцеговачко-неретвански кантон,Ж,,,,17271.0
2003,Број,Западнохерцеговчки кантон,Ж,,,,713.0
2003,Број,Кантон Сарајево,Ж,,,,33765.0
2003,Број,Кантон 10,Ж,,,,1357.0
2004,Број,Федерација Босне и Херцеговине,Оба пола,,,,270507.0
2004,Број,Унско-сански кантон,Оба пола,,,,15996.0
2004,Број,Посавски кантон,Оба пола,,,,94.0
2004,Број,Тузлански кантон,Оба пола,,,,29152.0
2004,Број,Зеничко-добојски кантон,Оба пола,,,,86461.0
2004,Број,Босанско-подрињски кантон,Оба пола,,,,
2004,Број,Средњобосански кантон,Оба пола,,,,15487.0
2004,Број,Херцеговачко-неретвански кантон,Оба пола,,,,26784.0
2004,Број,Западнохерцеговчки кантон,Оба пола,,,,1826.0
2004,Број,Кантон Сарајево,Оба пола,,,,92390.0
2004,Број,Кантон 10,Оба пола,,,,2317.0
2004,Број,Федерација Босне и Херцеговине,M,,,,140214.0
2004,Број,Унско-сански кантон,M,,,,4970.0
2004,Број,Посавски кантон,M,,,,35.0
2004,Број,Тузлански кантон,M,,,,13090.0
2004,Број,Зеничко-добојски кантон,M,,,,43327.0
2004,Број,Босанско-подрињски кантон,M,,,,
2004,Број,Средњобосански кантон,M,,,,7645.0
2004,Број,Херцеговачко-неретвански кантон,M,,,,13121.0
2004,Број,Западнохерцеговчки кантон,M,,,,1053.0
2004,Број,Кантон Сарајево,M,,,,56016.0
2004,Број,Кантон 10,M,,,,957.0
2004,Број,Федерација Босне и Херцеговине,Ж,,,,130293.0
2004,Број,Унско-сански кантон,Ж,,,,11026.0
2004,Број,Посавски кантон,Ж,,,,59.0
2004,Број,Тузлански кантон,Ж,,,,16062.0
2004,Број,Зеничко-добојски кантон,Ж,,,,43134.0
2004,Број,Босанско-подрињски кантон,Ж,,,,
2004,Број,Средњобосански кантон,Ж,,,,7842.0
2004,Број,Херцеговачко-неретвански кантон,Ж,,,,13663.0
2004,Број,Западнохерцеговчки кантон,Ж,,,,773.0
2004,Број,Кантон Сарајево,Ж,,,,36374.0
2004,Број,Кантон 10,Ж,,,,1360.0
2005,Број,Федерација Босне и Херцеговине,Оба пола,,,,249848.0
2005,Број,Унско-сански кантон,Оба пола,,,,17657.0
2005,Број,Посавски кантон,Оба пола,,,,120.0
2005,Број,Тузлански кантон,Оба пола,,,,31339.0
2005,Број,Зеничко-добојски кантон,Оба пола,,,,71895.0
2005,Број,Босанско-подрињски кантон,Оба пола,,,,
2005,Број,Средњобосански кантон,Оба пола,,,,16422.0
2005,Број,Херцеговачко-неретвански кантон,Оба пола,,,,19460.0
2005,Број,Западнохерцеговчки кантон,Оба пола,,,,1894.0
2005,Број,Кантон Сарајево,Оба пола,,,,88769.0
2005,Број,Кантон 10,Оба пола,,,,2292.0
2005,Број,Федерација Босне и Херцеговине,M,,,,126173.0
2005,Број,Унско-сански кантон,M,,,,5530.0
2005,Број,Посавски кантон,M,,,,51.0
2005,Број,Тузлански кантон,M,,,,13199.0
2005,Број,Зеничко-добојски кантон,M,,,,36270.0
2005,Број,Босанско-подрињски кантон,M,,,,
2005,Број,Средњобосански кантон,M,,,,7964.0
2005,Број,Херцеговачко-неретвански кантон,M,,,,8200.0
2005,Број,Западнохерцеговчки кантон,M,,,,1097.0
2005,Број,Кантон Сарајево,M,,,,52885.0
2005,Број,Кантон 10,M,,,,977.0
2005,Број,Федерација Босне и Херцеговине,Ж,,,,123675.0
2005,Број,Унско-сански кантон,Ж,,,,12127.0
2005,Број,Посавски кантон,Ж,,,,69.0
2005,Број,Тузлански кантон,Ж,,,,18140.0
2005,Број,Зеничко-добојски кантон,Ж,,,,35625.0
2005,Број,Босанско-подрињски кантон,Ж,,,,
2005,Број,Средњобосански кантон,Ж,,,,8458.0
2005,Број,Херцеговачко-неретвански кантон,Ж,,,,11260.0
2005,Број,Западнохерцеговчки кантон,Ж,,,,797.0
2005,Број,Кантон Сарајево,Ж,,,,35884.0
2005,Број,Кантон 10,Ж,,,,1315.0
2006,Број,Федерација Босне и Херцеговине,Оба пола,,,,333918.0
2006,Број,Унско-сански кантон,Оба пола,,,,21373.0
2006,Број,Посавски кантон,Оба пола,,,,136.0
2006,Број,Тузлански кантон,Оба пола,,,,48970.0
2006,Број,Зеничко-добојски кантон,Оба пола,,,,100693.0
2006,Број,Босанско-подрињски кантон,Оба пола,,,,
2006,Број,Средњобосански кантон,Оба пола,,,,18658.0
2006,Број,Херцеговачко-неретвански кантон,Оба пола,,,,21145.0
2006,Број,Западнохерцеговчки кантон,Оба пола,,,,2345.0
2006,Број,Кантон Сарајево,Оба пола,,,,117743.0
2006,Број,Кантон 10,Оба пола,,,,2855.0
2006,Број,Федерација Босне и Херцеговине,M,,,,188431.0
2006,Број,Унско-сански кантон,M,,,,8672.0
2006,Број,Посавски кантон,M,,,,136.0
2006,Број,Тузлански кантон,M,,,,26081.0
2006,Број,Зеничко-добојски кантон,M,,,,57897.0
2006,Број,Босанско-подрињски кантон,M,,,,
2006,Број,Средњобосански кантон,M,,,,8419.0
2006,Број,Херцеговачко-неретвански кантон,M,,,,10559.0
2006,Број,Западнохерцеговчки кантон,M,,,,1460.0
2006,Број,Кантон Сарајево,M,,,,73991.0
2006,Број,Кантон 10,M,,,,1219.0
2006,Број,Федерација Босне и Херцеговине,Ж,,,,145487.0
2006,Број,Унско-сански кантон,Ж,,,,12701.0
2006,Број,Посавски кантон,Ж,,,,0.0
2006,Број,Тузлански кантон,Ж,,,,22889.0
2006,Број,Зеничко-добојски кантон,Ж,,,,42796.0
2006,Број,Босанско-подрињски кантон,Ж,,,,
2006,Број,Средњобосански кантон,Ж,,,,10239.0
2006,Број,Херцеговачко-неретвански кантон,Ж,,,,10586.0
2006,Број,Западнохерцеговчки кантон,Ж,,,,885.0
2006,Број,Кантон Сарајево,Ж,,,,43752.0
2006,Број,Кантон 10,Ж,,,,1636.0
2007,Број,Федерација Босне и Херцеговине,Оба пола,,,,334660.0
2007,Број,Унско-сански кантон,Оба пола,,,,17226.0
2007,Број,Посавски кантон,Оба пола,,,,1287.0
2007,Број,Тузлански кантон,Оба пола,,,,46851.0
2007,Број,Зеничко-добојски кантон,Оба пола,,,,77762.0
2007,Број,Босанско-подрињски кантон,Оба пола,,,,
2007,Број,Средњобосански кантон,Оба пола,,,,19464.0
2007,Број,Херцеговачко-неретвански кантон,Оба пола,,,,21708.0
2007,Број,Западнохерцеговчки кантон,Оба пола,,,,2560.0
2007,Број,Кантон Сарајево,Оба пола,,,,144940.0
2007,Број,Кантон 10,Оба пола,,,,2862.0
2007,Број,Федерација Босне и Херцеговине,M,,,,183592.0
2007,Број,Унско-сански кантон,M,,,,7586.0
2007,Број,Посавски кантон,M,,,,481.0
2007,Број,Тузлански кантон,M,,,,21048.0
2007,Број,Зеничко-добојски кантон,M,,,,39940.0
2007,Број,Босанско-подрињски кантон,M,,,,
2007,Број,Средњобосански кантон,M,,,,8681.0
2007,Број,Херцеговачко-неретвански кантон,M,,,,9489.0
2007,Број,Западнохерцеговчки кантон,M,,,,1579.0
2007,Број,Кантон Сарајево,M,,,,93705.0
2007,Број,Кантон 10,M,,,,1083.0
2007,Број,Федерација Босне и Херцеговине,Ж,,,,151068.0
2007,Број,Унско-сански кантон,Ж,,,,9640.0
2007,Број,Посавски кантон,Ж,,,,806.0
2007,Број,Тузлански кантон,Ж,,,,25803.0
2007,Број,Зеничко-добојски кантон,Ж,,,,37822.0
2007,Број,Босанско-подрињски кантон,Ж,,,,
2007,Број,Средњобосански кантон,Ж,,,,10783.0
2007,Број,Херцеговачко-неретвански кантон,Ж,,,,12219.0
2007,Број,Западнохерцеговчки кантон,Ж,,,,981.0
2007,Број,Кантон Сарајево,Ж,,,,51235.0
2007,Број,Кантон 10,Ж,,,,1779.0
2008,Број,Федерација Босне и Херцеговине,Оба пола,,,,340152.0
2008,Број,Унско-сански кантон,Оба пола,,,,17453.0
2008,Број,Посавски кантон,Оба пола,,,,892.0
2008,Број,Тузлански кантон,Оба пола,,,,55890.0
2008,Број,Зеничко-добојски кантон,Оба пола,,,,70513.0
2008,Број,Босанско-подрињски кантон,Оба пола,,,,
2008,Број,Средњобосански кантон,Оба пола,,,,22556.0
2008,Број,Херцеговачко-неретвански кантон,Оба пола,,,,15078.0
2008,Број,Западнохерцеговчки кантон,Оба пола,,,,2765.0
2008,Број,Кантон Сарајево,Оба пола,,,,152336.0
2008,Број,Кантон 10,Оба пола,,,,2669.0
2008,Број,Федерација Босне и Херцеговине,M,,,,182103.0
2008,Број,Унско-сански кантон,M,,,,8106.0
2008,Број,Посавски кантон,M,,,,371.0
2008,Број,Тузлански кантон,M,,,,23290.0
2008,Број,Зеничко-добојски кантон,M,,,,35712.0
2008,Број,Босанско-подрињски кантон,M,,,,
2008,Број,Средњобосански кантон,M,,,,9089.0
2008,Број,Херцеговачко-неретвански кантон,M,,,,6274.0
2008,Број,Западнохерцеговчки кантон,M,,,,1620.0
2008,Број,Кантон Сарајево,M,,,,96671.0
2008,Број,Кантон 10,M,,,,970.0
2008,Број,Федерација Босне и Херцеговине,Ж,,,,158049.0
2008,Број,Унско-сански кантон,Ж,,,,9347.0
2008,Број,Посавски кантон,Ж,,,,521.0
2008,Број,Тузлански кантон,Ж,,,,32600.0
2008,Број,Зеничко-добојски кантон,Ж,,,,34801.0
2008,Број,Босанско-подрињски кантон,Ж,,,,
2008,Број,Средњобосански кантон,Ж,,,,13467.0
2008,Број,Херцеговачко-неретвански кантон,Ж,,,,8804.0
2008,Број,Западнохерцеговчки кантон,Ж,,,,1145.0
2008,Број,Кантон Сарајево,Ж,,,,55665.0
2008,Број,Кантон 10,Ж,,,,1699.0
2009,Број,Федерација Босне и Херцеговине,Оба пола,,,,403628.0
2009,Број,Унско-сански кантон,Оба пола,,,,20080.0
2009,Број,Посавски кантон,Оба пола,,,,538.0
2009,Број,Тузлански кантон,Оба пола,,,,68873.0
2009,Број,Зеничко-добојски кантон,Оба пола,,,,83298.0
2009,Број,Босанско-подрињски кантон,Оба пола,,,,
2009,Број,Средњобосански кантон,Оба пола,,,,22343.0
2009,Број,Херцеговачко-неретвански кантон,Оба пола,,,,14039.0
2009,Број,Западнохерцеговчки кантон,Оба пола,,,,2897.0
2009,Број,Кантон Сарајево,Оба пола,,,,188504.0
2009,Број,Кантон 10,Оба пола,,,,3056.0
2009,Број,Федерација Босне и Херцеговине,M,,,,198035.0
2009,Број,Унско-сански кантон,M,,,,7518.0
2009,Број,Посавски кантон,M,,,,210.0
2009,Број,Тузлански кантон,M,,,,32281.0
2009,Број,Зеничко-добојски кантон,M,,,,41961.0
2009,Број,Босанско-подрињски кантон,M,,,,
2009,Број,Средњобосански кантон,M,,,,9826.0
2009,Број,Херцеговачко-неретвански кантон,M,,,,5819.0
2009,Број,Западнохерцеговчки кантон,M,,,,1511.0
2009,Број,Кантон Сарајево,M,,,,97779.0
2009,Број,Кантон 10,M,,,,1130.0
2009,Број,Федерација Босне и Херцеговине,Ж,,,,205593.0
2009,Број,Унско-сански кантон,Ж,,,,12562.0
2009,Број,Посавски кантон,Ж,,,,328.0
2009,Број,Тузлански кантон,Ж,,,,36592.0
2009,Број,Зеничко-добојски кантон,Ж,,,,41337.0
2009,Број,Босанско-подрињски кантон,Ж,,,,
2009,Број,Средњобосански кантон,Ж,,,,12517.0
2009,Број,Херцеговачко-неретвански кантон,Ж,,,,8220.0
2009,Број,Западнохерцеговчки кантон,Ж,,,,1386.0
2009,Број,Кантон Сарајево,Ж,,,,90725.0
2009,Број,Кантон 10,Ж,,,,1926.0
2010,Број,Федерација Босне и Херцеговине,Оба пола,,,,368808.0
2010,Број,Унско-сански кантон,Оба пола,,,,19595.0
2010,Број,Посавски кантон,Оба пола,,,,830.0
2010,Број,Тузлански кантон,Оба пола,,,,68396.0
2010,Број,Зеничко-добојски кантон,Оба пола,,,,76610.0
2010,Број,Босанско-подрињски кантон,Оба пола,,,,
2010,Број,Средњобосански кантон,Оба пола,,,,17177.0
2010,Број,Херцеговачко-неретвански кантон,Оба пола,,,,14923.0
2010,Број,Западнохерцеговчки кантон,Оба пола,,,,3684.0
2010,Број,Кантон Сарајево,Оба пола,,,,164918.0
2010,Број,Кантон 10,Оба пола,,,,2675.0
2010,Број,Федерација Босне и Херцеговине,M,,,,174999.0
2010,Број,Унско-сански кантон,M,,,,7579.0
2010,Број,Посавски кантон,M,,,,295.0
2010,Број,Тузлански кантон,M,,,,29285.0
2010,Број,Зеничко-добојски кантон,M,,,,35188.0
2010,Број,Босанско-подрињски кантон,M,,,,
2010,Број,Средњобосански кантон,M,,,,7780.0
2010,Број,Херцеговачко-неретвански кантон,M,,,,3427.0
2010,Број,Западнохерцеговчки кантон,M,,,,2148.0
2010,Број,Кантон Сарајево,M,,,,88379.0
2010,Број,Кантон 10,M,,,,918.0
2010,Број,Федерација Босне и Херцеговине,Ж,,,,193809.0
2010,Број,Унско-сански кантон,Ж,,,,12016.0
2010,Број,Посавски кантон,Ж,,,,535.0
2010,Број,Тузлански кантон,Ж,,,,39111.0
2010,Број,Зеничко-добојски кантон,Ж,,,,41422.0
2010,Број,Босанско-подрињски кантон,Ж,,,,
2010,Број,Средњобосански кантон,Ж,,,,9397.0
2010,Број,Херцеговачко-неретвански кантон,Ж,,,,11496.0
2010,Број,Западнохерцеговчки кантон,Ж,,,,1536.0
2010,Број,Кантон Сарајево,Ж,,,,76539.0
2010,Број,Кантон 10,Ж,,,,1757.0
2011,Број,Федерација Босне и Херцеговине,Оба пола,,,,344976.0
2011,Број,Унско-сански кантон,Оба пола,,,,21212.0
2011,Број,Посавски кантон,Оба пола,,,,228.0
2011,Број,Тузлански кантон,Оба пола,,,,79042.0
2011,Број,Зеничко-добојски кантон,Оба пола,,,,73550.0
2011,Број,Босанско-подрињски кантон,Оба пола,,,,
2011,Број,Средњобосански кантон,Оба пола,,,,11560.0
2011,Број,Херцеговачко-неретвански кантон,Оба пола,,,,15304.0
2011,Број,Западнохерцеговчки кантон,Оба пола,,,,3174.0
2011,Број,Кантон Сарајево,Оба пола,,,,137012.0
2011,Број,Кантон 10,Оба пола,,,,3894.0
2011,Број,Федерација Босне и Херцеговине,M,,,,162768.0
2011,Број,Унско-сански кантон,M,,,,8760.0
2011,Број,Посавски кантон,M,,,,93.0
2011,Број,Тузлански кантон,M,,,,31106.0
2011,Број,Зеничко-добојски кантон,M,,,,35157.0
2011,Број,Босанско-подрињски кантон,M,,,,
2011,Број,Средњобосански кантон,M,,,,5787.0
2011,Број,Херцеговачко-неретвански кантон,M,,,,6800.0
2011,Број,Западнохерцеговчки кантон,M,,,,1583.0
2011,Број,Кантон Сарајево,M,,,,71509.0
2011,Број,Кантон 10,M,,,,1973.0
2011,Број,Федерација Босне и Херцеговине,Ж,,,,182208.0
2011,Број,Унско-сански кантон,Ж,,,,12452.0
2011,Број,Посавски кантон,Ж,,,,135.0
2011,Број,Тузлански кантон,Ж,,,,47936.0
2011,Број,Зеничко-добојски кантон,Ж,,,,38393.0
2011,Број,Босанско-подрињски кантон,Ж,,,,
2011,Број,Средњобосански кантон,Ж,,,,5773.0
2011,Број,Херцеговачко-неретвански кантон,Ж,,,,8504.0
2011,Број,Западнохерцеговчки кантон,Ж,,,,1591.0
2011,Број,Кантон Сарајево,Ж,,,,65503.0
2011,Број,Кантон 10,Ж,,,,1921.0
2012,Број,Федерација Босне и Херцеговине,Оба пола,,,,364552.0
2012,Број,Унско-сански кантон,Оба пола,,,,18348.0
2012,Број,Посавски кантон,Оба пола,,,,350.0
2012,Број,Тузлански кантон,Оба пола,,,,87038.0
2012,Број,Зеничко-добојски кантон,Оба пола,,,,61780.0
2012,Број,Босанско-подрињски кантон,Оба пола,,,,
2012,Број,Средњобосански кантон,Оба пола,,,,20320.0
2012,Број,Херцеговачко-неретвански кантон,Оба пола,,,,13180.0
2012,Број,Западнохерцеговчки кантон,Оба пола,,,,3944.0
2012,Број,Кантон Сарајево,Оба пола,,,,155065.0
2012,Број,Кантон 10,Оба пола,,,,4527.0
2012,Број,Федерација Босне и Херцеговине,M,,,,184723.0
2012,Број,Унско-сански кантон,M,,,,7074.0
2012,Број,Посавски кантон,M,,,,170.0
2012,Број,Тузлански кантон,M,,,,40077.0
2012,Број,Зеничко-добојски кантон,M,,,,28689.0
2012,Број,Босанско-подрињски кантон,M,,,,
2012,Број,Средњобосански кантон,M,,,,9341.0
2012,Број,Херцеговачко-неретвански кантон,M,,,,4865.0
2012,Број,Западнохерцеговчки кантон,M,,,,2260.0
2012,Број,Кантон Сарајево,M,,,,89973.0
2012,Број,Кантон 10,M,,,,2274.0
2012,Број,Федерација Босне и Херцеговине,Ж,,,,179829.0
2012,Број,Унско-сански кантон,Ж,,,,11274.0
2012,Број,Посавски кантон,Ж,,,,180.0
2012,Број,Тузлански кантон,Ж,,,,46961.0
2012,Број,Зеничко-добојски кантон,Ж,,,,33091.0
2012,Број,Босанско-подрињски кантон,Ж,,,,
2012,Број,Средњобосански кантон,Ж,,,,10979.0
2012,Број,Херцеговачко-неретвански кантон,Ж,,,,8315.0
2012,Број,Западнохерцеговчки кантон,Ж,,,,1684.0
2012,Број,Кантон Сарајево,Ж,,,,65092.0
2012,Број,Кантон 10,Ж,,,,2253.0
2013,Број,Федерација Босне и Херцеговине,Оба пола,,,,312990.0
2013,Број,Унско-сански кантон,Оба пола,,,,20984.0
2013,Број,Посавски кантон,Оба пола,,,,423.0
2013,Број,Тузлански кантон,Оба пола,,,,73700.0
2013,Број,Зеничко-добојски кантон,Оба пола,,,,64654.0
2013,Број,Босанско-подрињски кантон,Оба пола,,,,
2013,Број,Средњобосански кантон,Оба пола,,,,18573.0
2013,Број,Херцеговачко-неретвански кантон,Оба пола,,,,16085.0
2013,Број,Западнохерцеговчки кантон,Оба пола,,,,4371.0
2013,Број,Кантон Сарајево,Оба пола,,,,108806.0
2013,Број,Кантон 10,Оба пола,,,,5394.0
2013,Број,Федерација Босне и Херцеговине,M,,,,150170.0
2013,Број,Унско-сански кантон,M,,,,8082.0
2013,Број,Посавски кантон,M,,,,173.0
2013,Број,Тузлански кантон,M,,,,28461.0
2013,Број,Зеничко-добојски кантон,M,,,,29657.0
2013,Број,Босанско-подрињски кантон,M,,,,
2013,Број,Средњобосански кантон,M,,,,8949.0
2013,Број,Херцеговачко-неретвански кантон,M,,,,7054.0
2013,Број,Западнохерцеговчки кантон,M,,,,2151.0
2013,Број,Кантон Сарајево,M,,,,63206.0
2013,Број,Кантон 10,M,,,,2437.0
2013,Број,Федерација Босне и Херцеговине,Ж,,,,162820.0
2013,Број,Унско-сански кантон,Ж,,,,12902.0
2013,Број,Посавски кантон,Ж,,,,250.0
2013,Број,Тузлански кантон,Ж,,,,45239.0
2013,Број,Зеничко-добојски кантон,Ж,,,,34997.0
2013,Број,Босанско-подрињски кантон,Ж,,,,
2013,Број,Средњобосански кантон,Ж,,,,9624.0
2013,Број,Херцеговачко-неретвански кантон,Ж,,,,9031.0
2013,Број,Западнохерцеговчки кантон,Ж,,,,2220.0
2013,Број,Кантон Сарајево,Ж,,,,45600.0
2013,Број,Кантон 10,Ж,,,,2957.0
2014,Број,Федерација Босне и Херцеговине,Оба пола,,,,300743.0
2014,Број,Унско-сански кантон,Оба пола,,,,21524.0
2014,Број,Посавски кантон,Оба пола,,,,975.0
2014,Број,Тузлански кантон,Оба пола,,,,63748.0
2014,Број,Зеничко-добојски кантон,Оба пола,,,,59350.0
2014,Број,Босанско-подрињски кантон,Оба пола,,,,10433.0
2014,Број,Средњобосански кантон,Оба пола,,,,19890.0
2014,Број,Херцеговачко-неретвански кантон,Оба пола,,,,17882.0
2014,Број,Западнохерцеговчки кантон,Оба пола,,,,3530.0
2014,Број,Кантон Сарајево,Оба пола,,,,97948.0
2014,Број,Кантон 10,Оба пола,,,,5463.0
2014,Број,Федерација Босне и Херцеговине,M,,,,143250.0
2014,Број,Унско-сански кантон,M,,,,9405.0
2014,Број,Посавски кантон,M,,,,445.0
2014,Број,Тузлански кантон,M,,,,29484.0
2014,Број,Зеничко-добојски кантон,M,,,,26577.0
2014,Број,Босанско-подрињски кантон,M,,,,3283.0
2014,Број,Средњобосански кантон,M,,,,9722.0
2014,Број,Херцеговачко-неретвански кантон,M,,,,7567.0
2014,Број,Западнохерцеговчки кантон,M,,,,1564.0
2014,Број,Кантон Сарајево,M,,,,52841.0
2014,Број,Кантон 10,M,,,,2362.0
2014,Број,Федерација Босне и Херцеговине,Ж,,,,157493.0
2014,Број,Унско-сански кантон,Ж,,,,12119.0
2014,Број,Посавски кантон,Ж,,,,530.0
2014,Број,Тузлански кантон,Ж,,,,34264.0
2014,Број,Зеничко-добојски кантон,Ж,,,,32773.0
2014,Број,Босанско-подрињски кантон,Ж,,,,7150.0
2014,Број,Средњобосански кантон,Ж,,,,10168.0
2014,Број,Херцеговачко-неретвански кантон,Ж,,,,10315.0
2014,Број,Западнохерцеговчки кантон,Ж,,,,1966.0
2014,Број,Кантон Сарајево,Ж,,,,45107.0
2014,Број,Кантон 10,Ж,,,,3101.0
2015,Број,Федерација Босне и Херцеговине,Оба пола,,,,283575.0
2015,Број,Унско-сански кантон,Оба пола,,,,21810.0
2015,Број,Посавски кантон,Оба пола,,,,1041.0
2015,Број,Тузлански кантон,Оба пола,,,,63009.0
2015,Број,Зеничко-добојски кантон,Оба пола,,,,55022.0
2015,Број,Босанско-подрињски кантон,Оба пола,,,,11535.0
2015,Број,Средњобосански кантон,Оба пола,,,,17407.0
2015,Број,Херцеговачко-неретвански кантон,Оба пола,,,,17673.0
2015,Број,Западнохерцеговчки кантон,Оба пола,,,,3614.0
2015,Број,Кантон Сарајево,Оба пола,,,,86478.0
2015,Број,Кантон 10,Оба пола,,,,5986.0
2015,Број,Федерација Босне и Херцеговине,M,,,,139273.0
2015,Број,Унско-сански кантон,M,,,,10336.0
2015,Број,Посавски кантон,M,,,,425.0
2015,Број,Тузлански кантон,M,,,,27833.0
2015,Број,Зеничко-добојски кантон,M,,,,25681.0
2015,Број,Босанско-подрињски кантон,M,,,,4981.0
2015,Број,Средњобосански кантон,M,,,,8230.0
2015,Број,Херцеговачко-неретвански кантон,M,,,,7348.0
2015,Број,Западнохерцеговчки кантон,M,,,,1671.0
2015,Број,Кантон Сарајево,M,,,,50212.0
2015,Број,Кантон 10,M,,,,2556.0
2015,Број,Федерација Босне и Херцеговине,Ж,,,,144302.0
2015,Број,Унско-сански кантон,Ж,,,,11474.0
2015,Број,Посавски кантон,Ж,,,,616.0
2015,Број,Тузлански кантон,Ж,,,,35176.0
2015,Број,Зеничко-добојски кантон,Ж,,,,29341.0
2015,Број,Босанско-подрињски кантон,Ж,,,,6554.0
2015,Број,Средњобосански кантон,Ж,,,,9177.0
2015,Број,Херцеговачко-неретвански кантон,Ж,,,,10325.0
2015,Број,Западнохерцеговчки кантон,Ж,,,,1943.0
2015,Број,Кантон Сарајево,Ж,,,,36266.0
2015,Број,Кантон 10,Ж,,,,3430.0
2016,Број,Федерација Босне и Херцеговине,Оба пола,,,,295304.0
2016,Број,Унско-сански кантон,Оба пола,,,,21855.0
2016,Број,Посавски кантон,Оба пола,,,,1060.0
2016,Број,Тузлански кантон,Оба пола,,,,68369.0
2016,Број,Зеничко-добојски кантон,Оба пола,,,,48270.0
2016,Број,Босанско-подрињски кантон,Оба пола,,,,11194.0
2016,Број,Средњобосански кантон,Оба пола,,,,18371.0
2016,Број,Херцеговачко-неретвански кантон,Оба пола,,,,17707.0
2016,Број,Западнохерцеговчки кантон,Оба пола,,,,2187.0
2016,Број,Кантон Сарајево,Оба пола,,,,101740.0
2016,Број,Кантон 10,Оба пола,,,,4551.0
2016,Број,Федерација Босне и Херцеговине,M,,,,135801.0
2016,Број,Унско-сански кантон,M,,,,10051.0
2016,Број,Посавски кантон,M,,,,499.0
2016,Број,Тузлански кантон,M,,,,29440.0
2016,Број,Зеничко-добојски кантон,M,,,,23551.0
2016,Број,Босанско-подрињски кантон,M,,,,5162.0
2016,Број,Средњобосански кантон,M,,,,8627.0
2016,Број,Херцеговачко-неретвански кантон,M,,,,7663.0
2016,Број,Западнохерцеговчки кантон,M,,,,979.0
2016,Број,Кантон Сарајево,M,,,,47713.0
2016,Број,Кантон 10,M,,,,2116.0
2016,Број,Федерација Босне и Херцеговине,Ж,,,,159503.0
2016,Број,Унско-сански кантон,Ж,,,,11804.0
2016,Број,Посавски кантон,Ж,,,,561.0
2016,Број,Тузлански кантон,Ж,,,,38929.0
2016,Број,Зеничко-добојски кантон,Ж,,,,24719.0
2016,Број,Босанско-подрињски кантон,Ж,,,,6032.0
2016,Број,Средњобосански кантон,Ж,,,,9744.0
2016,Број,Херцеговачко-неретвански кантон,Ж,,,,10044.0
2016,Број,Западнохерцеговчки кантон,Ж,,,,1208.0
2016,Број,Кантон Сарајево,Ж,,,,54027.0
2016,Број,Кантон 10,Ж,,,,2435.0
2017,Број,Федерација Босне и Херцеговине,Оба пола,,,,272769.0
2017,Број,Унско-сански кантон,Оба пола,,,,21163.0
2017,Број,Посавски кантон,Оба пола,,,,1309.0
2017,Број,Тузлански кантон,Оба пола,,,,56420.0
2017,Број,Зеничко-добојски кантон,Оба пола,,,,48168.0
2017,Број,Босанско-подрињски кантон,Оба пола,,,,10088.0
2017,Број,Средњобосански кантон,Оба пола,,,,18006.0
2017,Број,Херцеговачко-неретвански кантон,Оба пола,,,,15978.0
2017,Број,Западнохерцеговчки кантон,Оба пола,,,,2445.0
2017,Број,Кантон Сарајево,Оба пола,,,,95028.0
2017,Број,Кантон 10,Оба пола,,,,4164.0
2017,Број,Федерација Босне и Херцеговине,M,,,,124731.0
2017,Број,Унско-сански кантон,M,,,,10694.0
2017,Број,Посавски кантон,M,,,,615.0
2017,Број,Тузлански кантон,M,,,,24534.0
2017,Број,Зеничко-добојски кантон,M,,,,22598.0
2017,Број,Босанско-подрињски кантон,M,,,,4588.0
2017,Број,Средњобосански кантон,M,,,,8052.0
2017,Број,Херцеговачко-неретвански кантон,M,,,,5238.0
2017,Број,Западнохерцеговчки кантон,M,,,,1062.0
2017,Број,Кантон Сарајево,M,,,,45327.0
2017,Број,Кантон 10,M,,,,2023.0
2017,Број,Федерација Босне и Херцеговине,Ж,,,,148038.0
2017,Број,Унско-сански кантон,Ж,,,,10469.0
2017,Број,Посавски кантон,Ж,,,,694.0
2017,Број,Тузлански кантон,Ж,,,,31886.0
2017,Број,Зеничко-добојски кантон,Ж,,,,25570.0
2017,Број,Босанско-подрињски кантон,Ж,,,,5500.0
2017,Број,Средњобосански кантон,Ж,,,,9954.0
2017,Број,Херцеговачко-неретвански кантон,Ж,,,,10740.0
2017,Број,Западнохерцеговчки кантон,Ж,,,,1383.0
2017,Број,Кантон Сарајево,Ж,,,,49701.0
2017,Број,Кантон 10,Ж,,,,2141.0
2018,Број,Федерација Босне и Херцеговине,Оба пола,,,,495614.0
2018,Број,Унско-сански кантон,Оба пола,,,,26314.0
2018,Број,Посавски кантон,Оба пола,,,,2532.0
2018,Број,Тузлански кантон,Оба пола,,,,92459.0
2018,Број,Зеничко-добојски кантон,Оба пола,,,,81918.0
2018,Број,Босанско-подрињски кантон,Оба пола,,,,14195.0
2018,Број,Средњобосански кантон,Оба пола,,,,27811.0
2018,Број,Херцеговачко-неретвански кантон,Оба пола,,,,29813.0
2018,Број,Западнохерцеговчки кантон,Оба пола,,,,4328.0
2018,Број,Кантон Сарајево,Оба пола,,,,208374.0
2018,Број,Кантон 10,Оба пола,,,,7870.0
2018,Број,Федерација Босне и Херцеговине,M,,,,324387.0
2018,Број,Унско-сански кантон,M,,,,17081.0
2018,Број,Посавски кантон,M,,,,1648.0
2018,Број,Тузлански кантон,M,,,,61012.0
2018,Број,Зеничко-добојски кантон,M,,,,53492.0
2018,Број,Босанско-подрињски кантон,M,,,,9490.0
2018,Број,Средњобосански кантон,M,,,,17738.0
2018,Број,Херцеговачко-неретвански кантон,M,,,,20533.0
2018,Број,Западнохерцеговчки кантон,M,,,,2962.0
2018,Број,Кантон Сарајево,M,,,,134532.0
2018,Број,Кантон 10,M,,,,5599.0
2018,Број,Федерација Босне и Херцеговине,Ж,,,,171227.0
2018,Број,Унско-сански кантон,Ж,,,,9233.0
2018,Број,Посавски кантон,Ж,,,,884.0
2018,Број,Тузлански кантон,Ж,,,,31447.0
2018,Број,Зеничко-добојски кантон,Ж,,,,28426.0
2018,Број,Босанско-подрињски кантон,Ж,,,,4705.0
2018,Број,Средњобосански кантон,Ж,,,,10073.0
2018,Број,Херцеговачко-неретвански кантон,Ж,,,,9280.0
2018,Број,Западнохерцеговчки кантон,Ж,,,,1366.0
2018,Број,Кантон Сарајево,Ж,,,,73842.0
2018,Број,Кантон 10,Ж,,,,1971.0
2019,Број,Федерација Босне и Херцеговине,Оба пола,,,,458855.0
2019,Број,Унско-сански кантон,Оба пола,,,,15231.0
2019,Број,Посавски кантон,Оба пола,,,,2093.0
2019,Број,Тузлански кантон,Оба пола,,,,89802.0
2019,Број,Зеничко-добојски кантон,Оба пола,,,,90368.0
2019,Број,Босанско-подрињски кантон,Оба пола,,,,13555.0
2019,Број,Средњобосански кантон,Оба пола,,,,25972.0
2019,Број,Херцеговачко-неретвански кантон,Оба пола,,,,51674.0
2019,Број,Западнохерцеговчки кантон,Оба пола,,,,4965.0
2019,Број,Кантон Сарајево,Оба пола,,,,158457.0
2019,Број,Кантон 10,Оба пола,,,,7338.0
2019,Број,Федерација Босне и Херцеговине,M,,,,300713.0
2019,Број,Унско-сански кантон,M,,,,10217.0
2019,Број,Посавски кантон,M,,,,1349.0
2019,Број,Тузлански кантон,M,,,,60188.0
2019,Број,Зеничко-добојски кантон,M,,,,57853.0
2019,Број,Босанско-подрињски кантон,M,,,,9165.0
2019,Број,Средњобосански кантон,M,,,,16657.0
2019,Број,Херцеговачко-неретвански кантон,M,,,,32715.0
2019,Број,Западнохерцеговчки кантон,M,,,,3403.0
2019,Број,Кантон Сарајево,M,,,,103803.0
2019,Број,Кантон 10,M,,,,5363.0
2019,Број,Федерација Босне и Херцеговине,Ж,,,,158142.0
2019,Број,Унско-сански кантон,Ж,,,,5014.0
2019,Број,Посавски кантон,Ж,,,,744.0
2019,Број,Тузлански кантон,Ж,,,,29614.0
2019,Број,Зеничко-добојски кантон,Ж,,,,32515.0
2019,Број,Босанско-подрињски кантон,Ж,,,,4390.0
2019,Број,Средњобосански кантон,Ж,,,,8715.0
2019,Број,Херцеговачко-неретвански кантон,Ж,,,,18959.0
2019,Број,Западнохерцеговчки кантон,Ж,,,,1562.0
2019,Број,Кантон Сарајево,Ж,,,,54654.0
2019,Број,Кантон 10,Ж,,,,1975.0
2020,Број,Федерација Босне и Херцеговине,Оба пола,,,,288778.0
2020,Број,Унско-сански кантон,Оба пола,,,,9894.0
2020,Број,Посавски кантон,Оба пола,,,,1429.0
2020,Број,Тузлански кантон,Оба пола,,,,56979.0
2020,Број,Зеничко-добојски кантон,Оба пола,,,,57823.0
2020,Број,Босанско-подрињски кантон,Оба пола,,,,9113.0
2020,Број,Средњобосански кантон,Оба пола,,,,16937.0
2020,Број,Херцеговачко-неретвански кантон,Оба пола,,,,18217.0
2020,Број,Западнохерцеговчки кантон,Оба пола,,,,3335.0
2020,Број,Кантон Сарајево,Оба пола,,,,110643.0
2020,Број,Кантон 10,Оба пола,,,,3488.0
2020,Број,Федерација Босне и Херцеговине,M,,,,139897.0
2020,Број,Унско-сански кантон,M,,,,4868.0
2020,Број,Посавски кантон,M,,,,686.0
2020,Број,Тузлански кантон,M,,,,27468.0
2020,Број,Зеничко-добојски кантон,M,,,,24975.0
2020,Број,Босанско-подрињски кантон,M,,,,4498.0
2020,Број,Средњобосански кантон,M,,,,8287.0
2020,Број,Херцеговачко-неретвански кантон,M,,,,3960.0
2020,Број,Западнохерцеговчки кантон,M,,,,1907.0
2020,Број,Кантон Сарајево,M,,,,60453.0
2020,Број,Кантон 10,M,,,,2795.0
2020,Број,Федерација Босне и Херцеговине,Ж,,,,148881.0
2020,Број,Унско-сански кантон,Ж,,,,5026.0
2020,Број,Посавски кантон,Ж,,,,743.0
2020,Број,Тузлански кантон,Ж,,,,29511.0
2020,Број,Зеничко-добојски кантон,Ж,,,,32848.0
2020,Број,Босанско-подрињски кантон,Ж,,,,4615.0
2020,Број,Средњобосански кантон,Ж,,,,8650.0
2020,Број,Херцеговачко-неретвански кантон,Ж,,,,14257.0
2020,Број,Западнохерцеговчки кантон,Ж,,,,1428.0
2020,Број,Кантон Сарајево,Ж,,,,50190.0
2020,Број,Кантон 10,Ж,,,,1613.0
2021,Број,Федерација Босне и Херцеговине,Оба пола,,,,298691.0
2021,Број,Унско-сански кантон,Оба пола,,,,10207.0
2021,Број,Посавски кантон,Оба пола,,,,1137.0
2021,Број,Тузлански кантон,Оба пола,,,,55776.0
2021,Број,Зеничко-добојски кантон,Оба пола,,,,53051.0
2021,Број,Босанско-подрињски кантон,Оба пола,,,,8450.0
2021,Број,Средњобосански кантон,Оба пола,,,,16215.0
2021,Број,Херцеговачко-неретвански кантон,Оба пола,,,,26064.0
2021,Број,Западнохерцеговчки кантон,Оба пола,,,,4548.0
2021,Број,Кантон Сарајево,Оба пола,,,,118941.0
2021,Број,Кантон 10,Оба пола,,,,4266.0
2021,Број,Федерација Босне и Херцеговине,M,,,,153743.0
2021,Број,Унско-сански кантон,M,,,,5055.0
2021,Број,Посавски кантон,M,,,,518.0
2021,Број,Тузлански кантон,M,,,,33633.0
2021,Број,Зеничко-добојски кантон,M,,,,23269.0
2021,Број,Босанско-подрињски кантон,M,,,,4030.0
2021,Број,Средњобосански кантон,M,,,,7707.0
2021,Број,Херцеговачко-неретвански кантон,M,,,,13127.0
2021,Број,Западнохерцеговчки кантон,M,,,,2959.0
2021,Број,Кантон Сарајево,M,,,,60810.0
2021,Број,Кантон 10,M,,,,2635.0
2021,Број,Федерација Босне и Херцеговине,Ж,,,,144948.0
2021,Број,Унско-сански кантон,Ж,,,,5152.0
2021,Број,Посавски кантон,Ж,,,,619.0
2021,Број,Тузлански кантон,Ж,,,,22143.0
2021,Број,Зеничко-добојски кантон,Ж,,,,29782.0
2021,Број,Босанско-подрињски кантон,Ж,,,,4420.0
2021,Број,Средњобосански кантон,Ж,,,,8544.0
2021,Број,Херцеговачко-неретвански кантон,Ж,,,,12937.0
2021,Број,Западнохерцеговчки кантон,Ж,,,,1589.0
2021,Број,Кантон Сарајево,Ж,,,,58131.0
2021,Број,Кантон 10,Ж,,,,1631.0
2022,Број,Федерација Босне и Херцеговине,Оба пола,,,,394098.0
2022,Број,Унско-сански кантон,Оба пола,,,,1189.0
2022,Број,Посавски кантон,Оба пола,,,,1746.0
2022,Број,Тузлански кантон,Оба пола,,,,57388.0
2022,Број,Зеничко-добојски кантон,Оба пола,,,,59726.0
2022,Број,Босанско-подрињски кантон,Оба пола,,,,8970.0
2022,Број,Средњобосански кантон,Оба пола,,,,16433.0
2022,Број,Херцеговачко-неретвански кантон,Оба пола,,,,14777.0
2022,Број,Западнохерцеговчки кантон,Оба пола,,,,5121.0
2022,Број,Кантон Сарајево,Оба пола,,,,213451.0
2022,Број,Кантон 10,Оба пола,,,,4587.0
2022,Број,Федерација Босне и Херцеговине,M,,,,189608.0
2022,Број,Унско-сански кантон,M,,,,5612.0
2022,Број,Посавски кантон,M,,,,804.0
2022,Број,Тузлански кантон,M,,,,38057.0
2022,Број,Зеничко-добојски кантон,M,,,,26855.0
2022,Број,Босанско-подрињски кантон,M,,,,3588.0
2022,Број,Средњобосански кантон,M,,,,7989.0
2022,Број,Херцеговачко-неретвански кантон,M,,,,5745.0
2022,Број,Западнохерцеговчки кантон,M,,,,2755.0
2022,Број,Кантон Сарајево,M,,,,95191.0
2022,Број,Кантон 10,M,,,,3012.0
2022,Број,Федерација Босне и Херцеговине,Ж,,,,204490.0
2022,Број,Унско-сански кантон,Ж,,,,6287.0
2022,Број,Посавски кантон,Ж,,,,942.0
2022,Број,Тузлански кантон,Ж,,,,19331.0
2022,Број,Зеничко-добојски кантон,Ж,,,,32871.0
2022,Број,Босанско-подрињски кантон,Ж,,,,5382.0
2022,Број,Средњобосански кантон,Ж,,,,8444.0
2022,Број,Херцеговачко-неретвански кантон,Ж,,,,9032.0
2022,Број,Западнохерцеговчки кантон,Ж,,,,2366.0
2022,Број,Кантон Сарајево,Ж,,,,118260.0
2022,Број,Кантон 10,Ж,,,,1575.0
2023,Број,Федерација Босне и Херцеговине,Оба пола,,,,396895.0
2023,Број,Унско-сански кантон,Оба пола,,,,13238.0
2023,Број,Посавски кантон,Оба пола,,,,1823.0
2023,Број,Тузлански кантон,Оба пола,,,,64681.0
2023,Број,Зеничко-добојски кантон,Оба пола,,,,64098.0
2023,Број,Босанско-подрињски кантон,Оба пола,,,,9750.0
2023,Број,Средњобосански кантон,Оба пола,,,,17967.0
2023,Број,Херцеговачко-неретвански кантон,Оба пола,,,,7860.0
2023,Број,Западнохерцеговчки кантон,Оба пола,,,,3384.0
2023,Број,Кантон Сарајево,Оба пола,,,,209485.0
2023,Број,Кантон 10,Оба пола,,,,4879.0
2023,Број,Федерација Босне и Херцеговине,M,,,,191116.0
2023,Број,Унско-сански кантон,M,,,,6304.0
2023,Број,Посавски кантон,M,,,,808.0
2023,Број,Тузлански кантон,M,,,,38852.0
2023,Број,Зеничко-добојски кантон,M,,,,30114.0
2023,Број,Босанско-подрињски кантон,M,,,,3900.0
2023,Број,Средњобосански кантон,M,,,,8938.0
2023,Број,Херцеговачко-неретвански кантон,M,,,,3335.0
2023,Број,Западнохерцеговчки кантон,M,,,,1762.0
2023,Број,Кантон Сарајево,M,,,,93956.0
2023,Број,Кантон 10,M,,,,3147.0
2023,Број,Федерација Босне и Херцеговине,Ж,,,,205779.0
2023,Број,Унско-сански кантон,Ж,,,,6934.0
2023,Број,Посавски кантон,Ж,,,,1015.0
2023,Број,Тузлански кантон,Ж,,,,25829.0
2023,Број,Зеничко-добојски кантон,Ж,,,,33984.0
2023,Број,Босанско-подрињски кантон,Ж,,,,5850.0
2023,Број,Средњобосански кантон,Ж,,,,8759.0
2023,Број,Херцеговачко-неретвански кантон,Ж,,,,4525.0
2023,Број,Западнохерцеговчки кантон,Ж,,,,1622.0
2023,Број,Кантон Сарајево,Ж,,,,115529.0
2023,Број,Кантон 10,Ж,,,,1732.0
