Year,UNIT_MEASURE,Admin_Area,Пол,Value
2010,Број,federation_of_bih,Оба пола,15622.0
2011,Број,federation_of_bih,Оба пола,15574.0
2012,Број,federation_of_bih,Оба пола,15224.0
2013,Број,federation_of_bih,Оба пола,15417.0
2014,Број,federation_of_bih,Оба пола,15461.0
2015,Број,federation_of_bih,Оба пола,14908.0
2016,Број,federation_of_bih,Оба пола,15153.0
2017,Број,federation_of_bih,Оба пола,15272.0
2018,Број,federation_of_bih,Оба пола,15455.0
2010,Број,federation_of_bih,M,4620.0
2011,Број,federation_of_bih,M,4624.0
2012,Број,federation_of_bih,M,4425.0
2013,Број,federation_of_bih,M,4439.0
2014,Број,federation_of_bih,M,4362.0
2015,Број,federation_of_bih,M,4172.0
2016,Број,federation_of_bih,M,4200.0
2017,Број,federation_of_bih,M,4187.0
2018,Број,federation_of_bih,M,4160.0
2010,Број,federation_of_bih,Ж,11002.0
2011,Број,federation_of_bih,Ж,10950.0
2012,Број,federation_of_bih,Ж,10799.0
2013,Број,federation_of_bih,Ж,10978.0
2014,Број,federation_of_bih,Ж,11099.0
2015,Број,federation_of_bih,Ж,10736.0
2016,Број,federation_of_bih,Ж,10953.0
2017,Број,federation_of_bih,Ж,11085.0
2018,Број,federation_of_bih,Ж,11295.0
2010,Број,una-sana_canton,Оба пола,
2011,Број,una-sana_canton,Оба пола,
2012,Број,una-sana_canton,Оба пола,
2013,Број,una-sana_canton,Оба пола,
2014,Број,una-sana_canton,Оба пола,
2015,Број,una-sana_canton,Оба пола,
2016,Број,una-sana_canton,Оба пола,
2017,Број,una-sana_canton,Оба пола,
2018,Број,una-sana_canton,Оба пола,
2010,Број,una-sana_canton,M,
2011,Број,una-sana_canton,M,
2012,Број,una-sana_canton,M,
2013,Број,una-sana_canton,M,
2014,Број,una-sana_canton,M,
2015,Број,una-sana_canton,M,
2016,Број,una-sana_canton,M,
2017,Број,una-sana_canton,M,
2018,Број,una-sana_canton,M,
2010,Број,una-sana_canton,Ж,
2011,Број,una-sana_canton,Ж,
2012,Број,una-sana_canton,Ж,
2013,Број,una-sana_canton,Ж,
2014,Број,una-sana_canton,Ж,
2015,Број,una-sana_canton,Ж,
2016,Број,una-sana_canton,Ж,
2017,Број,una-sana_canton,Ж,
2018,Број,una-sana_canton,Ж,
2010,Број,posavina_canton,Оба пола,
2011,Број,posavina_canton,Оба пола,
2012,Број,posavina_canton,Оба пола,
2013,Број,posavina_canton,Оба пола,
2014,Број,posavina_canton,Оба пола,
2015,Број,posavina_canton,Оба пола,
2016,Број,posavina_canton,Оба пола,
2017,Број,posavina_canton,Оба пола,
2018,Број,posavina_canton,Оба пола,
2010,Број,posavina_canton,M,
2011,Број,posavina_canton,M,
2012,Број,posavina_canton,M,
2013,Број,posavina_canton,M,
2014,Број,posavina_canton,M,
2015,Број,posavina_canton,M,
2016,Број,posavina_canton,M,
2017,Број,posavina_canton,M,
2018,Број,posavina_canton,M,
2010,Број,posavina_canton,Ж,
2011,Број,posavina_canton,Ж,
2012,Број,posavina_canton,Ж,
2013,Број,posavina_canton,Ж,
2014,Број,posavina_canton,Ж,
2015,Број,posavina_canton,Ж,
2016,Број,posavina_canton,Ж,
2017,Број,posavina_canton,Ж,
2018,Број,posavina_canton,Ж,
2010,Број,tuzla_canton,Оба пола,
2011,Број,tuzla_canton,Оба пола,
2012,Број,tuzla_canton,Оба пола,
2013,Број,tuzla_canton,Оба пола,
2014,Број,tuzla_canton,Оба пола,
2015,Број,tuzla_canton,Оба пола,
2016,Број,tuzla_canton,Оба пола,
2017,Број,tuzla_canton,Оба пола,
2018,Број,tuzla_canton,Оба пола,
2010,Број,tuzla_canton,M,
2011,Број,tuzla_canton,M,
2012,Број,tuzla_canton,M,
2013,Број,tuzla_canton,M,
2014,Број,tuzla_canton,M,
2015,Број,tuzla_canton,M,
2016,Број,tuzla_canton,M,
2017,Број,tuzla_canton,M,
2018,Број,tuzla_canton,M,
2010,Број,tuzla_canton,Ж,
2011,Број,tuzla_canton,Ж,
2012,Број,tuzla_canton,Ж,
2013,Број,tuzla_canton,Ж,
2014,Број,tuzla_canton,Ж,
2015,Број,tuzla_canton,Ж,
2016,Број,tuzla_canton,Ж,
2017,Број,tuzla_canton,Ж,
2018,Број,tuzla_canton,Ж,
2010,Број,zenica-doboj_canton,Оба пола,
2011,Број,zenica-doboj_canton,Оба пола,
2012,Број,zenica-doboj_canton,Оба пола,
2013,Број,zenica-doboj_canton,Оба пола,
2014,Број,zenica-doboj_canton,Оба пола,
2015,Број,zenica-doboj_canton,Оба пола,
2016,Број,zenica-doboj_canton,Оба пола,
2017,Број,zenica-doboj_canton,Оба пола,
2018,Број,zenica-doboj_canton,Оба пола,
2010,Број,zenica-doboj_canton,M,
2011,Број,zenica-doboj_canton,M,
2012,Број,zenica-doboj_canton,M,
2013,Број,zenica-doboj_canton,M,
2014,Број,zenica-doboj_canton,M,
2015,Број,zenica-doboj_canton,M,
2016,Број,zenica-doboj_canton,M,
2017,Број,zenica-doboj_canton,M,
2018,Број,zenica-doboj_canton,M,
2010,Број,zenica-doboj_canton,Ж,
2011,Број,zenica-doboj_canton,Ж,
2012,Број,zenica-doboj_canton,Ж,
2013,Број,zenica-doboj_canton,Ж,
2014,Број,zenica-doboj_canton,Ж,
2015,Број,zenica-doboj_canton,Ж,
2016,Број,zenica-doboj_canton,Ж,
2017,Број,zenica-doboj_canton,Ж,
2018,Број,zenica-doboj_canton,Ж,
2010,Број,bosnian-podrinje_canton,Оба пола,
2011,Број,bosnian-podrinje_canton,Оба пола,
2012,Број,bosnian-podrinje_canton,Оба пола,
2013,Број,bosnian-podrinje_canton,Оба пола,
2014,Број,bosnian-podrinje_canton,Оба пола,
2015,Број,bosnian-podrinje_canton,Оба пола,
2016,Број,bosnian-podrinje_canton,Оба пола,
2017,Број,bosnian-podrinje_canton,Оба пола,
2018,Број,bosnian-podrinje_canton,Оба пола,
2010,Број,bosnian-podrinje_canton,M,
2011,Број,bosnian-podrinje_canton,M,
2012,Број,bosnian-podrinje_canton,M,
2013,Број,bosnian-podrinje_canton,M,
2014,Број,bosnian-podrinje_canton,M,
2015,Број,bosnian-podrinje_canton,M,
2016,Број,bosnian-podrinje_canton,M,
2017,Број,bosnian-podrinje_canton,M,
2018,Број,bosnian-podrinje_canton,M,
2010,Број,bosnian-podrinje_canton,Ж,
2011,Број,bosnian-podrinje_canton,Ж,
2012,Број,bosnian-podrinje_canton,Ж,
2013,Број,bosnian-podrinje_canton,Ж,
2014,Број,bosnian-podrinje_canton,Ж,
2015,Број,bosnian-podrinje_canton,Ж,
2016,Број,bosnian-podrinje_canton,Ж,
2017,Број,bosnian-podrinje_canton,Ж,
2018,Број,bosnian-podrinje_canton,Ж,
2010,Број,central_bosnia_canton,Оба пола,
2011,Број,central_bosnia_canton,Оба пола,
2012,Број,central_bosnia_canton,Оба пола,
2013,Број,central_bosnia_canton,Оба пола,
2014,Број,central_bosnia_canton,Оба пола,
2015,Број,central_bosnia_canton,Оба пола,
2016,Број,central_bosnia_canton,Оба пола,
2017,Број,central_bosnia_canton,Оба пола,
2018,Број,central_bosnia_canton,Оба пола,
2010,Број,central_bosnia_canton,M,
2011,Број,central_bosnia_canton,M,
2012,Број,central_bosnia_canton,M,
2013,Број,central_bosnia_canton,M,
2014,Број,central_bosnia_canton,M,
2015,Број,central_bosnia_canton,M,
2016,Број,central_bosnia_canton,M,
2017,Број,central_bosnia_canton,M,
2018,Број,central_bosnia_canton,M,
2010,Број,central_bosnia_canton,Ж,
2011,Број,central_bosnia_canton,Ж,
2012,Број,central_bosnia_canton,Ж,
2013,Број,central_bosnia_canton,Ж,
2014,Број,central_bosnia_canton,Ж,
2015,Број,central_bosnia_canton,Ж,
2016,Број,central_bosnia_canton,Ж,
2017,Број,central_bosnia_canton,Ж,
2018,Број,central_bosnia_canton,Ж,
2010,Број,herzegovina-neretva_canton,Оба пола,
2011,Број,herzegovina-neretva_canton,Оба пола,
2012,Број,herzegovina-neretva_canton,Оба пола,
2013,Број,herzegovina-neretva_canton,Оба пола,
2014,Број,herzegovina-neretva_canton,Оба пола,
2015,Број,herzegovina-neretva_canton,Оба пола,
2016,Број,herzegovina-neretva_canton,Оба пола,
2017,Број,herzegovina-neretva_canton,Оба пола,
2018,Број,herzegovina-neretva_canton,Оба пола,
2010,Број,herzegovina-neretva_canton,M,
2011,Број,herzegovina-neretva_canton,M,
2012,Број,herzegovina-neretva_canton,M,
2013,Број,herzegovina-neretva_canton,M,
2014,Број,herzegovina-neretva_canton,M,
2015,Број,herzegovina-neretva_canton,M,
2016,Број,herzegovina-neretva_canton,M,
2017,Број,herzegovina-neretva_canton,M,
2018,Број,herzegovina-neretva_canton,M,
2010,Број,herzegovina-neretva_canton,Ж,
2011,Број,herzegovina-neretva_canton,Ж,
2012,Број,herzegovina-neretva_canton,Ж,
2013,Број,herzegovina-neretva_canton,Ж,
2014,Број,herzegovina-neretva_canton,Ж,
2015,Број,herzegovina-neretva_canton,Ж,
2016,Број,herzegovina-neretva_canton,Ж,
2017,Број,herzegovina-neretva_canton,Ж,
2018,Број,herzegovina-neretva_canton,Ж,
2010,Број,west_herzegovina_canton,Оба пола,
2011,Број,west_herzegovina_canton,Оба пола,
2012,Број,west_herzegovina_canton,Оба пола,
2013,Број,west_herzegovina_canton,Оба пола,
2014,Број,west_herzegovina_canton,Оба пола,
2015,Број,west_herzegovina_canton,Оба пола,
2016,Број,west_herzegovina_canton,Оба пола,
2017,Број,west_herzegovina_canton,Оба пола,
2018,Број,west_herzegovina_canton,Оба пола,
2010,Број,west_herzegovina_canton,M,
2011,Број,west_herzegovina_canton,M,
2012,Број,west_herzegovina_canton,M,
2013,Број,west_herzegovina_canton,M,
2014,Број,west_herzegovina_canton,M,
2015,Број,west_herzegovina_canton,M,
2016,Број,west_herzegovina_canton,M,
2017,Број,west_herzegovina_canton,M,
2018,Број,west_herzegovina_canton,M,
2010,Број,west_herzegovina_canton,Ж,
2011,Број,west_herzegovina_canton,Ж,
2012,Број,west_herzegovina_canton,Ж,
2013,Број,west_herzegovina_canton,Ж,
2014,Број,west_herzegovina_canton,Ж,
2015,Број,west_herzegovina_canton,Ж,
2016,Број,west_herzegovina_canton,Ж,
2017,Број,west_herzegovina_canton,Ж,
2018,Број,west_herzegovina_canton,Ж,
2010,Број,sarajevo_canton,Оба пола,
2011,Број,sarajevo_canton,Оба пола,
2012,Број,sarajevo_canton,Оба пола,
2013,Број,sarajevo_canton,Оба пола,
2014,Број,sarajevo_canton,Оба пола,
2015,Број,sarajevo_canton,Оба пола,
2016,Број,sarajevo_canton,Оба пола,
2017,Број,sarajevo_canton,Оба пола,
2018,Број,sarajevo_canton,Оба пола,
2010,Број,sarajevo_canton,M,
2011,Број,sarajevo_canton,M,
2012,Број,sarajevo_canton,M,
2013,Број,sarajevo_canton,M,
2014,Број,sarajevo_canton,M,
2015,Број,sarajevo_canton,M,
2016,Број,sarajevo_canton,M,
2017,Број,sarajevo_canton,M,
2018,Број,sarajevo_canton,M,
2010,Број,sarajevo_canton,Ж,
2011,Број,sarajevo_canton,Ж,
2012,Број,sarajevo_canton,Ж,
2013,Број,sarajevo_canton,Ж,
2014,Број,sarajevo_canton,Ж,
2015,Број,sarajevo_canton,Ж,
2016,Број,sarajevo_canton,Ж,
2017,Број,sarajevo_canton,Ж,
2018,Број,sarajevo_canton,Ж,
2010,Број,canton_10,Оба пола,
2011,Број,canton_10,Оба пола,
2012,Број,canton_10,Оба пола,
2013,Број,canton_10,Оба пола,
2014,Број,canton_10,Оба пола,
2015,Број,canton_10,Оба пола,
2016,Број,canton_10,Оба пола,
2017,Број,canton_10,Оба пола,
2018,Број,canton_10,Оба пола,
2010,Број,canton_10,M,
2011,Број,canton_10,M,
2012,Број,canton_10,M,
2013,Број,canton_10,M,
2014,Број,canton_10,M,
2015,Број,canton_10,M,
2016,Број,canton_10,M,
2017,Број,canton_10,M,
2018,Број,canton_10,M,
2010,Број,canton_10,Ж,
2011,Број,canton_10,Ж,
2012,Број,canton_10,Ж,
2013,Број,canton_10,Ж,
2014,Број,canton_10,Ж,
2015,Број,canton_10,Ж,
2016,Број,canton_10,Ж,
2017,Број,canton_10,Ж,
2018,Број,canton_10,Ж,
2017,Број,sarajevo_canton,Ж,
2018,Број,sarajevo_canton,Ж,
2019,Број,sarajevo_canton,Ж,
2010,Број,canton_10,Оба пола,
2011,Број,canton_10,Оба пола,
2012,Број,canton_10,Оба пола,
2013,Број,canton_10,Оба пола,
2014,Број,canton_10,Оба пола,
2015,Број,canton_10,Оба пола,
2016,Број,canton_10,Оба пола,
2017,Број,canton_10,Оба пола,
2018,Број,canton_10,Оба пола,
2019,Број,canton_10,Оба пола,
2010,Број,canton_10,M,
2011,Број,canton_10,M,
2012,Број,canton_10,M,
2013,Број,canton_10,M,
2014,Број,canton_10,M,
2015,Број,canton_10,M,
2016,Број,canton_10,M,
2017,Број,canton_10,M,
2018,Број,canton_10,M,
2019,Број,canton_10,M,
2010,Број,canton_10,Ж,
2011,Број,canton_10,Ж,
2012,Број,canton_10,Ж,
2013,Број,canton_10,Ж,
2014,Број,canton_10,Ж,
2015,Број,canton_10,Ж,
2016,Број,canton_10,Ж,
2017,Број,canton_10,Ж,
2018,Број,canton_10,Ж,
2019,Број,canton_10,Ж,
