Year,UNIT_MEASURE,Administrativna jedinica,Пол,Value
2010,Број,Federacija Bosne i Hercegovine,Оба пола,32648.0
2011,Број,Federacija Bosne i Hercegovine,Оба пола,35455.0
2012,Број,Federacija Bosne i Hercegovine,Оба пола,28648.0
2013,Број,Federacija Bosne i Hercegovine,Оба пола,21199.0
2014,Број,Federacija Bosne i Hercegovine,Оба пола,24320.0
2015,Број,Federacija Bosne i Hercegovine,Оба пола,
2016,Број,Federacija Bosne i Hercegovine,Оба пола,23972.0
2017,Број,Federacija Bosne i Hercegovine,Оба пола,23499.0
2018,Број,Federacija Bosne i Hercegovine,Оба пола,24693.0
2019,Број,Federacija Bosne i Hercegovine,Оба пола,21234.0
2010,Број,Federacija Bosne i Hercegovine,M,16647.0
2011,Број,Federacija Bosne i Hercegovine,M,18259.0
2012,Број,Federacija Bosne i Hercegovine,M,14859.0
2013,Број,Federacija Bosne i Hercegovine,M,10817.0
2014,Број,Federacija Bosne i Hercegovine,M,12257.0
2015,Број,Federacija Bosne i Hercegovine,M,
2016,Број,Federacija Bosne i Hercegovine,M,12303.0
2017,Број,Federacija Bosne i Hercegovine,M,11999.0
2018,Број,Federacija Bosne i Hercegovine,M,12619.0
2019,Број,Federacija Bosne i Hercegovine,M,10607.0
2010,Број,Federacija Bosne i Hercegovine,Ж,16001.0
2011,Број,Federacija Bosne i Hercegovine,Ж,17196.0
2012,Број,Federacija Bosne i Hercegovine,Ж,13789.0
2013,Број,Federacija Bosne i Hercegovine,Ж,10382.0
2014,Број,Federacija Bosne i Hercegovine,Ж,12063.0
2015,Број,Federacija Bosne i Hercegovine,Ж,
2016,Број,Federacija Bosne i Hercegovine,Ж,11669.0
2017,Број,Federacija Bosne i Hercegovine,Ж,11500.0
2018,Број,Federacija Bosne i Hercegovine,Ж,12074.0
2019,Број,Federacija Bosne i Hercegovine,Ж,10627.0
2010,Број,Unsko-sanski kanton,Оба пола,
2011,Број,Unsko-sanski kanton,Оба пола,
2012,Број,Unsko-sanski kanton,Оба пола,
2013,Број,Unsko-sanski kanton,Оба пола,
2014,Број,Unsko-sanski kanton,Оба пола,
2015,Број,Unsko-sanski kanton,Оба пола,
2016,Број,Unsko-sanski kanton,Оба пола,
2017,Број,Unsko-sanski kanton,Оба пола,
2018,Број,Unsko-sanski kanton,Оба пола,
2019,Број,Unsko-sanski kanton,Оба пола,
2010,Број,Unsko-sanski kanton,M,
2011,Број,Unsko-sanski kanton,M,
2012,Број,Unsko-sanski kanton,M,
2013,Број,Unsko-sanski kanton,M,
2014,Број,Unsko-sanski kanton,M,
2015,Број,Unsko-sanski kanton,M,
2016,Број,Unsko-sanski kanton,M,
2017,Број,Unsko-sanski kanton,M,
2018,Број,Unsko-sanski kanton,M,
2019,Број,Unsko-sanski kanton,M,
2010,Број,Unsko-sanski kanton,Ж,
2011,Број,Unsko-sanski kanton,Ж,
2012,Број,Unsko-sanski kanton,Ж,
2013,Број,Unsko-sanski kanton,Ж,
2014,Број,Unsko-sanski kanton,Ж,
2015,Број,Unsko-sanski kanton,Ж,
2016,Број,Unsko-sanski kanton,Ж,
2017,Број,Unsko-sanski kanton,Ж,
2018,Број,Unsko-sanski kanton,Ж,
2019,Број,Unsko-sanski kanton,Ж,
2010,Број,Posavski kanton,Оба пола,
2011,Број,Posavski kanton,Оба пола,
2012,Број,Posavski kanton,Оба пола,
2013,Број,Posavski kanton,Оба пола,
2014,Број,Posavski kanton,Оба пола,
2015,Број,Posavski kanton,Оба пола,
2016,Број,Posavski kanton,Оба пола,
2017,Број,Posavski kanton,Оба пола,
2018,Број,Posavski kanton,Оба пола,
2019,Број,Posavski kanton,Оба пола,
2010,Број,Posavski kanton,M,
2011,Број,Posavski kanton,M,
2012,Број,Posavski kanton,M,
2013,Број,Posavski kanton,M,
2014,Број,Posavski kanton,M,
2015,Број,Posavski kanton,M,
2016,Број,Posavski kanton,M,
2017,Број,Posavski kanton,M,
2018,Број,Posavski kanton,M,
2019,Број,Posavski kanton,M,
2010,Број,Posavski kanton,Ж,
2011,Број,Posavski kanton,Ж,
2012,Број,Posavski kanton,Ж,
2013,Број,Posavski kanton,Ж,
2014,Број,Posavski kanton,Ж,
2015,Број,Posavski kanton,Ж,
2016,Број,Posavski kanton,Ж,
2017,Број,Posavski kanton,Ж,
2018,Број,Posavski kanton,Ж,
2019,Број,Posavski kanton,Ж,
2010,Број,Tuzlanski kanton,Оба пола,
2011,Број,Tuzlanski kanton,Оба пола,
2012,Број,Tuzlanski kanton,Оба пола,
2013,Број,Tuzlanski kanton,Оба пола,
2014,Број,Tuzlanski kanton,Оба пола,
2015,Број,Tuzlanski kanton,Оба пола,
2016,Број,Tuzlanski kanton,Оба пола,
2017,Број,Tuzlanski kanton,Оба пола,
2018,Број,Tuzlanski kanton,Оба пола,
2019,Број,Tuzlanski kanton,Оба пола,
2010,Број,Tuzlanski kanton,M,
2011,Број,Tuzlanski kanton,M,
2012,Број,Tuzlanski kanton,M,
2013,Број,Tuzlanski kanton,M,
2014,Број,Tuzlanski kanton,M,
2015,Број,Tuzlanski kanton,M,
2016,Број,Tuzlanski kanton,M,
2017,Број,Tuzlanski kanton,M,
2018,Број,Tuzlanski kanton,M,
2019,Број,Tuzlanski kanton,M,
2010,Број,Tuzlanski kanton,Ж,
2011,Број,Tuzlanski kanton,Ж,
2012,Број,Tuzlanski kanton,Ж,
2013,Број,Tuzlanski kanton,Ж,
2014,Број,Tuzlanski kanton,Ж,
2015,Број,Tuzlanski kanton,Ж,
2016,Број,Tuzlanski kanton,Ж,
2017,Број,Tuzlanski kanton,Ж,
2018,Број,Tuzlanski kanton,Ж,
2019,Број,Tuzlanski kanton,Ж,
2010,Број,Zeničko-dobojski kanton,Оба пола,
2011,Број,Zeničko-dobojski kanton,Оба пола,
2012,Број,Zeničko-dobojski kanton,Оба пола,
2013,Број,Zeničko-dobojski kanton,Оба пола,
2014,Број,Zeničko-dobojski kanton,Оба пола,
2015,Број,Zeničko-dobojski kanton,Оба пола,
2016,Број,Zeničko-dobojski kanton,Оба пола,
2017,Број,Zeničko-dobojski kanton,Оба пола,
2018,Број,Zeničko-dobojski kanton,Оба пола,
2019,Број,Zeničko-dobojski kanton,Оба пола,
2010,Број,Zeničko-dobojski kanton,M,
2011,Број,Zeničko-dobojski kanton,M,
2012,Број,Zeničko-dobojski kanton,M,
2013,Број,Zeničko-dobojski kanton,M,
2014,Број,Zeničko-dobojski kanton,M,
2015,Број,Zeničko-dobojski kanton,M,
2016,Број,Zeničko-dobojski kanton,M,
2017,Број,Zeničko-dobojski kanton,M,
2018,Број,Zeničko-dobojski kanton,M,
2019,Број,Zeničko-dobojski kanton,M,
2010,Број,Zeničko-dobojski kanton,Ж,
2011,Број,Zeničko-dobojski kanton,Ж,
2012,Број,Zeničko-dobojski kanton,Ж,
2013,Број,Zeničko-dobojski kanton,Ж,
2014,Број,Zeničko-dobojski kanton,Ж,
2015,Број,Zeničko-dobojski kanton,Ж,
2016,Број,Zeničko-dobojski kanton,Ж,
2017,Број,Zeničko-dobojski kanton,Ж,
2018,Број,Zeničko-dobojski kanton,Ж,
2019,Број,Zeničko-dobojski kanton,Ж,
2010,Број,Bosansko-podrinjski kanton,Оба пола,
2011,Број,Bosansko-podrinjski kanton,Оба пола,
2012,Број,Bosansko-podrinjski kanton,Оба пола,
2013,Број,Bosansko-podrinjski kanton,Оба пола,
2014,Број,Bosansko-podrinjski kanton,Оба пола,
2015,Број,Bosansko-podrinjski kanton,Оба пола,
2016,Број,Bosansko-podrinjski kanton,Оба пола,
2017,Број,Bosansko-podrinjski kanton,Оба пола,
2018,Број,Bosansko-podrinjski kanton,Оба пола,
2019,Број,Bosansko-podrinjski kanton,Оба пола,
2010,Број,Bosansko-podrinjski kanton,M,
2011,Број,Bosansko-podrinjski kanton,M,
2012,Број,Bosansko-podrinjski kanton,M,
2013,Број,Bosansko-podrinjski kanton,M,
2014,Број,Bosansko-podrinjski kanton,M,
2015,Број,Bosansko-podrinjski kanton,M,
2016,Број,Bosansko-podrinjski kanton,M,
2017,Број,Bosansko-podrinjski kanton,M,
2018,Број,Bosansko-podrinjski kanton,M,
2019,Број,Bosansko-podrinjski kanton,M,
2010,Број,Bosansko-podrinjski kanton,Ж,
2011,Број,Bosansko-podrinjski kanton,Ж,
2012,Број,Bosansko-podrinjski kanton,Ж,
2013,Број,Bosansko-podrinjski kanton,Ж,
2014,Број,Bosansko-podrinjski kanton,Ж,
2015,Број,Bosansko-podrinjski kanton,Ж,
2016,Број,Bosansko-podrinjski kanton,Ж,
2017,Број,Bosansko-podrinjski kanton,Ж,
2018,Број,Bosansko-podrinjski kanton,Ж,
2019,Број,Bosansko-podrinjski kanton,Ж,
2010,Број,Srednjobosanski kanton,Оба пола,
2011,Број,Srednjobosanski kanton,Оба пола,
2012,Број,Srednjobosanski kanton,Оба пола,
2013,Број,Srednjobosanski kanton,Оба пола,
2014,Број,Srednjobosanski kanton,Оба пола,
2015,Број,Srednjobosanski kanton,Оба пола,
2016,Број,Srednjobosanski kanton,Оба пола,
2017,Број,Srednjobosanski kanton,Оба пола,
2018,Број,Srednjobosanski kanton,Оба пола,
2019,Број,Srednjobosanski kanton,Оба пола,
2010,Број,Srednjobosanski kanton,M,
2011,Број,Srednjobosanski kanton,M,
2012,Број,Srednjobosanski kanton,M,
2013,Број,Srednjobosanski kanton,M,
2014,Број,Srednjobosanski kanton,M,
2015,Број,Srednjobosanski kanton,M,
2016,Број,Srednjobosanski kanton,M,
2017,Број,Srednjobosanski kanton,M,
2018,Број,Srednjobosanski kanton,M,
2019,Број,Srednjobosanski kanton,M,
2010,Број,Srednjobosanski kanton,Ж,
2011,Број,Srednjobosanski kanton,Ж,
2012,Број,Srednjobosanski kanton,Ж,
2013,Број,Srednjobosanski kanton,Ж,
2014,Број,Srednjobosanski kanton,Ж,
2015,Број,Srednjobosanski kanton,Ж,
2016,Број,Srednjobosanski kanton,Ж,
2017,Број,Srednjobosanski kanton,Ж,
2018,Број,Srednjobosanski kanton,Ж,
2019,Број,Srednjobosanski kanton,Ж,
2010,Број,Hercegovačko-neretvanski kanton,Оба пола,
2011,Број,Hercegovačko-neretvanski kanton,Оба пола,
2012,Број,Hercegovačko-neretvanski kanton,Оба пола,
2013,Број,Hercegovačko-neretvanski kanton,Оба пола,
2014,Број,Hercegovačko-neretvanski kanton,Оба пола,
2015,Број,Hercegovačko-neretvanski kanton,Оба пола,
2016,Број,Hercegovačko-neretvanski kanton,Оба пола,
2017,Број,Hercegovačko-neretvanski kanton,Оба пола,
2018,Број,Hercegovačko-neretvanski kanton,Оба пола,
2019,Број,Hercegovačko-neretvanski kanton,Оба пола,
2010,Број,Hercegovačko-neretvanski kanton,M,
2011,Број,Hercegovačko-neretvanski kanton,M,
2012,Број,Hercegovačko-neretvanski kanton,M,
2013,Број,Hercegovačko-neretvanski kanton,M,
2014,Број,Hercegovačko-neretvanski kanton,M,
2015,Број,Hercegovačko-neretvanski kanton,M,
2016,Број,Hercegovačko-neretvanski kanton,M,
2017,Број,Hercegovačko-neretvanski kanton,M,
2018,Број,Hercegovačko-neretvanski kanton,M,
2019,Број,Hercegovačko-neretvanski kanton,M,
2010,Број,Hercegovačko-neretvanski kanton,Ж,
2011,Број,Hercegovačko-neretvanski kanton,Ж,
2012,Број,Hercegovačko-neretvanski kanton,Ж,
2013,Број,Hercegovačko-neretvanski kanton,Ж,
2014,Број,Hercegovačko-neretvanski kanton,Ж,
2015,Број,Hercegovačko-neretvanski kanton,Ж,
2016,Број,Hercegovačko-neretvanski kanton,Ж,
2017,Број,Hercegovačko-neretvanski kanton,Ж,
2018,Број,Hercegovačko-neretvanski kanton,Ж,
2019,Број,Hercegovačko-neretvanski kanton,Ж,
2010,Број,Zapadno-hercegovački kanton,Оба пола,
2011,Број,Zapadno-hercegovački kanton,Оба пола,
2012,Број,Zapadno-hercegovački kanton,Оба пола,
2013,Број,Zapadno-hercegovački kanton,Оба пола,
2014,Број,Zapadno-hercegovački kanton,Оба пола,
2015,Број,Zapadno-hercegovački kanton,Оба пола,
2016,Број,Zapadno-hercegovački kanton,Оба пола,
2017,Број,Zapadno-hercegovački kanton,Оба пола,
2018,Број,Zapadno-hercegovački kanton,Оба пола,
2019,Број,Zapadno-hercegovački kanton,Оба пола,
2010,Број,Zapadno-hercegovački kanton,M,
2011,Број,Zapadno-hercegovački kanton,M,
2012,Број,Zapadno-hercegovački kanton,M,
2013,Број,Zapadno-hercegovački kanton,M,
2014,Број,Zapadno-hercegovački kanton,M,
2015,Број,Zapadno-hercegovački kanton,M,
2016,Број,Zapadno-hercegovački kanton,M,
2017,Број,Zapadno-hercegovački kanton,M,
2018,Број,Zapadno-hercegovački kanton,M,
2019,Број,Zapadno-hercegovački kanton,M,
2010,Број,Zapadno-hercegovački kanton,Ж,
2011,Број,Zapadno-hercegovački kanton,Ж,
2012,Број,Zapadno-hercegovački kanton,Ж,
2013,Број,Zapadno-hercegovački kanton,Ж,
2014,Број,Zapadno-hercegovački kanton,Ж,
2015,Број,Zapadno-hercegovački kanton,Ж,
2016,Број,Zapadno-hercegovački kanton,Ж,
2017,Број,Zapadno-hercegovački kanton,Ж,
2018,Број,Zapadno-hercegovački kanton,Ж,
2019,Број,Zapadno-hercegovački kanton,Ж,
2010,Број,Kanton Sarajevo,Оба пола,
2011,Број,Kanton Sarajevo,Оба пола,
2012,Број,Kanton Sarajevo,Оба пола,
2013,Број,Kanton Sarajevo,Оба пола,
2014,Број,Kanton Sarajevo,Оба пола,
2015,Број,Kanton Sarajevo,Оба пола,
2016,Број,Kanton Sarajevo,Оба пола,
2017,Број,Kanton Sarajevo,Оба пола,
2018,Број,Kanton Sarajevo,Оба пола,
2019,Број,Kanton Sarajevo,Оба пола,
2010,Број,Kanton Sarajevo,M,
2011,Број,Kanton Sarajevo,M,
2012,Број,Kanton Sarajevo,M,
2013,Број,Kanton Sarajevo,M,
2014,Број,Kanton Sarajevo,M,
2015,Број,Kanton Sarajevo,M,
2016,Број,Kanton Sarajevo,M,
2017,Број,Kanton Sarajevo,M,
2018,Број,Kanton Sarajevo,M,
2019,Број,Kanton Sarajevo,M,
2010,Број,Kanton Sarajevo,Ж,
2011,Број,Kanton Sarajevo,Ж,
2012,Број,Kanton Sarajevo,Ж,
2013,Број,Kanton Sarajevo,Ж,
2014,Број,Kanton Sarajevo,Ж,
2015,Број,Kanton Sarajevo,Ж,
2016,Број,Kanton Sarajevo,Ж,
2017,Број,Kanton Sarajevo,Ж,
2018,Број,Kanton Sarajevo,Ж,
2019,Број,Kanton Sarajevo,Ж,
2010,Број,Kanton 10,Оба пола,
2011,Број,Kanton 10,Оба пола,
2012,Број,Kanton 10,Оба пола,
2013,Број,Kanton 10,Оба пола,
2014,Број,Kanton 10,Оба пола,
2015,Број,Kanton 10,Оба пола,
2016,Број,Kanton 10,Оба пола,
2017,Број,Kanton 10,Оба пола,
2018,Број,Kanton 10,Оба пола,
2019,Број,Kanton 10,Оба пола,
2010,Број,Kanton 10,M,
2011,Број,Kanton 10,M,
2012,Број,Kanton 10,M,
2013,Број,Kanton 10,M,
2014,Број,Kanton 10,M,
2015,Број,Kanton 10,M,
2016,Број,Kanton 10,M,
2017,Број,Kanton 10,M,
2018,Број,Kanton 10,M,
2019,Број,Kanton 10,M,
2010,Број,Kanton 10,Ж,
2011,Број,Kanton 10,Ж,
2012,Број,Kanton 10,Ж,
2013,Број,Kanton 10,Ж,
2014,Број,Kanton 10,Ж,
2015,Број,Kanton 10,Ж,
2016,Број,Kanton 10,Ж,
2017,Број,Kanton 10,Ж,
2018,Број,Kanton 10,Ж,
2019,Број,Kanton 10,Ж,
