Year,UNIT_MEASURE,Admin_Area,Пол,Value
2010,Број,federation_of_bih,Оба пола,32648.0
2011,Број,federation_of_bih,Оба пола,35455.0
2012,Број,federation_of_bih,Оба пола,28648.0
2013,Број,federation_of_bih,Оба пола,21199.0
2014,Број,federation_of_bih,Оба пола,24320.0
2015,Број,federation_of_bih,Оба пола,
2016,Број,federation_of_bih,Оба пола,23972.0
2017,Број,federation_of_bih,Оба пола,23499.0
2018,Број,federation_of_bih,Оба пола,24693.0
2019,Број,federation_of_bih,Оба пола,21234.0
2010,Број,federation_of_bih,M,16647.0
2011,Број,federation_of_bih,M,18259.0
2012,Број,federation_of_bih,M,14859.0
2013,Број,federation_of_bih,M,10817.0
2014,Број,federation_of_bih,M,12257.0
2015,Број,federation_of_bih,M,
2016,Број,federation_of_bih,M,12303.0
2017,Број,federation_of_bih,M,11999.0
2018,Број,federation_of_bih,M,12619.0
2019,Број,federation_of_bih,M,10607.0
2010,Број,federation_of_bih,Ж,16001.0
2011,Број,federation_of_bih,Ж,17196.0
2012,Број,federation_of_bih,Ж,13789.0
2013,Број,federation_of_bih,Ж,10382.0
2014,Број,federation_of_bih,Ж,12063.0
2015,Број,federation_of_bih,Ж,
2016,Број,federation_of_bih,Ж,11669.0
2017,Број,federation_of_bih,Ж,11500.0
2018,Број,federation_of_bih,Ж,12074.0
2019,Број,federation_of_bih,Ж,10627.0
2010,Број,una-sana_canton,Оба пола,
2011,Број,una-sana_canton,Оба пола,
2012,Број,una-sana_canton,Оба пола,
2013,Број,una-sana_canton,Оба пола,
2014,Број,una-sana_canton,Оба пола,
2015,Број,una-sana_canton,Оба пола,
2016,Број,una-sana_canton,Оба пола,
2017,Број,una-sana_canton,Оба пола,
2018,Број,una-sana_canton,Оба пола,
2019,Број,una-sana_canton,Оба пола,
2010,Број,una-sana_canton,M,
2011,Број,una-sana_canton,M,
2012,Број,una-sana_canton,M,
2013,Број,una-sana_canton,M,
2014,Број,una-sana_canton,M,
2015,Број,una-sana_canton,M,
2016,Број,una-sana_canton,M,
2017,Број,una-sana_canton,M,
2018,Број,una-sana_canton,M,
2019,Број,una-sana_canton,M,
2010,Број,una-sana_canton,Ж,
2011,Број,una-sana_canton,Ж,
2012,Број,una-sana_canton,Ж,
2013,Број,una-sana_canton,Ж,
2014,Број,una-sana_canton,Ж,
2015,Број,una-sana_canton,Ж,
2016,Број,una-sana_canton,Ж,
2017,Број,una-sana_canton,Ж,
2018,Број,una-sana_canton,Ж,
2019,Број,una-sana_canton,Ж,
2010,Број,posavina_canton,Оба пола,
2011,Број,posavina_canton,Оба пола,
2012,Број,posavina_canton,Оба пола,
2013,Број,posavina_canton,Оба пола,
2014,Број,posavina_canton,Оба пола,
2015,Број,posavina_canton,Оба пола,
2016,Број,posavina_canton,Оба пола,
2017,Број,posavina_canton,Оба пола,
2018,Број,posavina_canton,Оба пола,
2019,Број,posavina_canton,Оба пола,
2010,Број,posavina_canton,M,
2011,Број,posavina_canton,M,
2012,Број,posavina_canton,M,
2013,Број,posavina_canton,M,
2014,Број,posavina_canton,M,
2015,Број,posavina_canton,M,
2016,Број,posavina_canton,M,
2017,Број,posavina_canton,M,
2018,Број,posavina_canton,M,
2019,Број,posavina_canton,M,
2010,Број,posavina_canton,Ж,
2011,Број,posavina_canton,Ж,
2012,Број,posavina_canton,Ж,
2013,Број,posavina_canton,Ж,
2014,Број,posavina_canton,Ж,
2015,Број,posavina_canton,Ж,
2016,Број,posavina_canton,Ж,
2017,Број,posavina_canton,Ж,
2018,Број,posavina_canton,Ж,
2019,Број,posavina_canton,Ж,
2010,Број,tuzla_canton,Оба пола,
2011,Број,tuzla_canton,Оба пола,
2012,Број,tuzla_canton,Оба пола,
2013,Број,tuzla_canton,Оба пола,
2014,Број,tuzla_canton,Оба пола,
2015,Број,tuzla_canton,Оба пола,
2016,Број,tuzla_canton,Оба пола,
2017,Број,tuzla_canton,Оба пола,
2018,Број,tuzla_canton,Оба пола,
2019,Број,tuzla_canton,Оба пола,
2010,Број,tuzla_canton,M,
2011,Број,tuzla_canton,M,
2012,Број,tuzla_canton,M,
2013,Број,tuzla_canton,M,
2014,Број,tuzla_canton,M,
2015,Број,tuzla_canton,M,
2016,Број,tuzla_canton,M,
2017,Број,tuzla_canton,M,
2018,Број,tuzla_canton,M,
2019,Број,tuzla_canton,M,
2010,Број,tuzla_canton,Ж,
2011,Број,tuzla_canton,Ж,
2012,Број,tuzla_canton,Ж,
2013,Број,tuzla_canton,Ж,
2014,Број,tuzla_canton,Ж,
2015,Број,tuzla_canton,Ж,
2016,Број,tuzla_canton,Ж,
2017,Број,tuzla_canton,Ж,
2018,Број,tuzla_canton,Ж,
2019,Број,tuzla_canton,Ж,
2010,Број,zenica-doboj_canton,Оба пола,
2011,Број,zenica-doboj_canton,Оба пола,
2012,Број,zenica-doboj_canton,Оба пола,
2013,Број,zenica-doboj_canton,Оба пола,
2014,Број,zenica-doboj_canton,Оба пола,
2015,Број,zenica-doboj_canton,Оба пола,
2016,Број,zenica-doboj_canton,Оба пола,
2017,Број,zenica-doboj_canton,Оба пола,
2018,Број,zenica-doboj_canton,Оба пола,
2019,Број,zenica-doboj_canton,Оба пола,
2010,Број,zenica-doboj_canton,M,
2011,Број,zenica-doboj_canton,M,
2012,Број,zenica-doboj_canton,M,
2013,Број,zenica-doboj_canton,M,
2014,Број,zenica-doboj_canton,M,
2015,Број,zenica-doboj_canton,M,
2016,Број,zenica-doboj_canton,M,
2017,Број,zenica-doboj_canton,M,
2018,Број,zenica-doboj_canton,M,
2019,Број,zenica-doboj_canton,M,
2010,Број,zenica-doboj_canton,Ж,
2011,Број,zenica-doboj_canton,Ж,
2012,Број,zenica-doboj_canton,Ж,
2013,Број,zenica-doboj_canton,Ж,
2014,Број,zenica-doboj_canton,Ж,
2015,Број,zenica-doboj_canton,Ж,
2016,Број,zenica-doboj_canton,Ж,
2017,Број,zenica-doboj_canton,Ж,
2018,Број,zenica-doboj_canton,Ж,
2019,Број,zenica-doboj_canton,Ж,
2010,Број,bosnian-podrinje_canton,Оба пола,
2011,Број,bosnian-podrinje_canton,Оба пола,
2012,Број,bosnian-podrinje_canton,Оба пола,
2013,Број,bosnian-podrinje_canton,Оба пола,
2014,Број,bosnian-podrinje_canton,Оба пола,
2015,Број,bosnian-podrinje_canton,Оба пола,
2016,Број,bosnian-podrinje_canton,Оба пола,
2017,Број,bosnian-podrinje_canton,Оба пола,
2018,Број,bosnian-podrinje_canton,Оба пола,
2019,Број,bosnian-podrinje_canton,Оба пола,
2010,Број,bosnian-podrinje_canton,M,
2011,Број,bosnian-podrinje_canton,M,
2012,Број,bosnian-podrinje_canton,M,
2013,Број,bosnian-podrinje_canton,M,
2014,Број,bosnian-podrinje_canton,M,
2015,Број,bosnian-podrinje_canton,M,
2016,Број,bosnian-podrinje_canton,M,
2017,Број,bosnian-podrinje_canton,M,
2018,Број,bosnian-podrinje_canton,M,
2019,Број,bosnian-podrinje_canton,M,
2010,Број,bosnian-podrinje_canton,Ж,
2011,Број,bosnian-podrinje_canton,Ж,
2012,Број,bosnian-podrinje_canton,Ж,
2013,Број,bosnian-podrinje_canton,Ж,
2014,Број,bosnian-podrinje_canton,Ж,
2015,Број,bosnian-podrinje_canton,Ж,
2016,Број,bosnian-podrinje_canton,Ж,
2017,Број,bosnian-podrinje_canton,Ж,
2018,Број,bosnian-podrinje_canton,Ж,
2019,Број,bosnian-podrinje_canton,Ж,
2010,Број,central_bosnia_canton,Оба пола,
2011,Број,central_bosnia_canton,Оба пола,
2012,Број,central_bosnia_canton,Оба пола,
2013,Број,central_bosnia_canton,Оба пола,
2014,Број,central_bosnia_canton,Оба пола,
2015,Број,central_bosnia_canton,Оба пола,
2016,Број,central_bosnia_canton,Оба пола,
2017,Број,central_bosnia_canton,Оба пола,
2018,Број,central_bosnia_canton,Оба пола,
2019,Број,central_bosnia_canton,Оба пола,
2010,Број,central_bosnia_canton,M,
2011,Број,central_bosnia_canton,M,
2012,Број,central_bosnia_canton,M,
2013,Број,central_bosnia_canton,M,
2014,Број,central_bosnia_canton,M,
2015,Број,central_bosnia_canton,M,
2016,Број,central_bosnia_canton,M,
2017,Број,central_bosnia_canton,M,
2018,Број,central_bosnia_canton,M,
2019,Број,central_bosnia_canton,M,
2010,Број,central_bosnia_canton,Ж,
2011,Број,central_bosnia_canton,Ж,
2012,Број,central_bosnia_canton,Ж,
2013,Број,central_bosnia_canton,Ж,
2014,Број,central_bosnia_canton,Ж,
2015,Број,central_bosnia_canton,Ж,
2016,Број,central_bosnia_canton,Ж,
2017,Број,central_bosnia_canton,Ж,
2018,Број,central_bosnia_canton,Ж,
2019,Број,central_bosnia_canton,Ж,
2010,Број,herzegovina-neretva_canton,Оба пола,
2011,Број,herzegovina-neretva_canton,Оба пола,
2012,Број,herzegovina-neretva_canton,Оба пола,
2013,Број,herzegovina-neretva_canton,Оба пола,
2014,Број,herzegovina-neretva_canton,Оба пола,
2015,Број,herzegovina-neretva_canton,Оба пола,
2016,Број,herzegovina-neretva_canton,Оба пола,
2017,Број,herzegovina-neretva_canton,Оба пола,
2018,Број,herzegovina-neretva_canton,Оба пола,
2019,Број,herzegovina-neretva_canton,Оба пола,
2010,Број,herzegovina-neretva_canton,M,
2011,Број,herzegovina-neretva_canton,M,
2012,Број,herzegovina-neretva_canton,M,
2013,Број,herzegovina-neretva_canton,M,
2014,Број,herzegovina-neretva_canton,M,
2015,Број,herzegovina-neretva_canton,M,
2016,Број,herzegovina-neretva_canton,M,
2017,Број,herzegovina-neretva_canton,M,
2018,Број,herzegovina-neretva_canton,M,
2019,Број,herzegovina-neretva_canton,M,
2010,Број,herzegovina-neretva_canton,Ж,
2011,Број,herzegovina-neretva_canton,Ж,
2012,Број,herzegovina-neretva_canton,Ж,
2013,Број,herzegovina-neretva_canton,Ж,
2014,Број,herzegovina-neretva_canton,Ж,
2015,Број,herzegovina-neretva_canton,Ж,
2016,Број,herzegovina-neretva_canton,Ж,
2017,Број,herzegovina-neretva_canton,Ж,
2018,Број,herzegovina-neretva_canton,Ж,
2019,Број,herzegovina-neretva_canton,Ж,
2010,Број,west_herzegovina_canton,Оба пола,
2011,Број,west_herzegovina_canton,Оба пола,
2012,Број,west_herzegovina_canton,Оба пола,
2013,Број,west_herzegovina_canton,Оба пола,
2014,Број,west_herzegovina_canton,Оба пола,
2015,Број,west_herzegovina_canton,Оба пола,
2016,Број,west_herzegovina_canton,Оба пола,
2017,Број,west_herzegovina_canton,Оба пола,
2018,Број,west_herzegovina_canton,Оба пола,
2019,Број,west_herzegovina_canton,Оба пола,
2010,Број,west_herzegovina_canton,M,
2011,Број,west_herzegovina_canton,M,
2012,Број,west_herzegovina_canton,M,
2013,Број,west_herzegovina_canton,M,
2014,Број,west_herzegovina_canton,M,
2015,Број,west_herzegovina_canton,M,
2016,Број,west_herzegovina_canton,M,
2017,Број,west_herzegovina_canton,M,
2018,Број,west_herzegovina_canton,M,
2019,Број,west_herzegovina_canton,M,
2010,Број,west_herzegovina_canton,Ж,
2011,Број,west_herzegovina_canton,Ж,
2012,Број,west_herzegovina_canton,Ж,
2013,Број,west_herzegovina_canton,Ж,
2014,Број,west_herzegovina_canton,Ж,
2015,Број,west_herzegovina_canton,Ж,
2016,Број,west_herzegovina_canton,Ж,
2017,Број,west_herzegovina_canton,Ж,
2018,Број,west_herzegovina_canton,Ж,
2019,Број,west_herzegovina_canton,Ж,
2010,Број,sarajevo_canton,Оба пола,
2011,Број,sarajevo_canton,Оба пола,
2012,Број,sarajevo_canton,Оба пола,
2013,Број,sarajevo_canton,Оба пола,
2014,Број,sarajevo_canton,Оба пола,
2015,Број,sarajevo_canton,Оба пола,
2016,Број,sarajevo_canton,Оба пола,
2017,Број,sarajevo_canton,Оба пола,
2018,Број,sarajevo_canton,Оба пола,
2019,Број,sarajevo_canton,Оба пола,
2010,Број,sarajevo_canton,M,
2011,Број,sarajevo_canton,M,
2012,Број,sarajevo_canton,M,
2013,Број,sarajevo_canton,M,
2014,Број,sarajevo_canton,M,
2015,Број,sarajevo_canton,M,
2016,Број,sarajevo_canton,M,
2017,Број,sarajevo_canton,M,
2018,Број,sarajevo_canton,M,
2019,Број,sarajevo_canton,M,
2010,Број,sarajevo_canton,Ж,
2011,Број,sarajevo_canton,Ж,
2012,Број,sarajevo_canton,Ж,
2013,Број,sarajevo_canton,Ж,
2014,Број,sarajevo_canton,Ж,
2015,Број,sarajevo_canton,Ж,
2016,Број,sarajevo_canton,Ж,
2017,Број,sarajevo_canton,Ж,
2018,Број,sarajevo_canton,Ж,
2019,Број,sarajevo_canton,Ж,
2010,Број,canton_10,Оба пола,
2011,Број,canton_10,Оба пола,
2012,Број,canton_10,Оба пола,
2013,Број,canton_10,Оба пола,
2014,Број,canton_10,Оба пола,
2015,Број,canton_10,Оба пола,
2016,Број,canton_10,Оба пола,
2017,Број,canton_10,Оба пола,
2018,Број,canton_10,Оба пола,
2019,Број,canton_10,Оба пола,
2010,Број,canton_10,M,
2011,Број,canton_10,M,
2012,Број,canton_10,M,
2013,Број,canton_10,M,
2014,Број,canton_10,M,
2015,Број,canton_10,M,
2016,Број,canton_10,M,
2017,Број,canton_10,M,
2018,Број,canton_10,M,
2019,Број,canton_10,M,
2010,Број,canton_10,Ж,
2011,Број,canton_10,Ж,
2012,Број,canton_10,Ж,
2013,Број,canton_10,Ж,
2014,Број,canton_10,Ж,
2015,Број,canton_10,Ж,
2016,Број,canton_10,Ж,
2017,Број,canton_10,Ж,
2018,Број,canton_10,Ж,
2019,Број,canton_10,Ж,
