Year,UNIT_MEASURE,Врста школе,Пол,Value
2011,Број,Укупно,Оба пола,35349
2012,Број,Укупно,Оба пола,34791
2013,Број,Укупно,Оба пола,40630
2014,Број,Укупно,Оба пола,43991
2015,Број,Укупно,Оба пола,43318
2016,Број,Укупно,Оба пола,35897
2017,Број,Укупно,Оба пола,31761
2018,Број,Укупно,Оба пола,32963
2019,Број,Укупно,Оба пола,32540
2020,Број,Укупно,Оба пола,31140
2011,Број,Гимназија,Оба пола,8863
2012,Број,Гимназија,Оба пола,8101
2013,Број,Гимназија,Оба пола,9732
2014,Број,Гимназија,Оба пола,10855
2015,Број,Гимназија,Оба пола,11920
2016,Број,Гимназија,Оба пола,9210
2017,Број,Гимназија,Оба пола,7893
2018,Број,Гимназија,Оба пола,7799
2019,Број,Гимназија,Оба пола,7462
2020,Број,Гимназија,Оба пола,7010
2011,Број,Техничке школе,Оба пола,17510
2012,Број,Техничке школе,Оба пола,16553
2013,Број,Техничке школе,Оба пола,19679
2014,Број,Техничке школе,Оба пола,21299
2015,Број,Техничке школе,Оба пола,21426
2016,Број,Техничке школе,Оба пола,18617
2017,Број,Техничке школе,Оба пола,15815
2018,Број,Техничке школе,Оба пола,16988
2019,Број,Техничке школе,Оба пола,17092
2020,Број,Техничке школе,Оба пола,16116
2011,Број,Школе умјетности,Оба пола,276
2012,Број,Школе умјетности,Оба пола,293
2013,Број,Школе умјетности,Оба пола,316
2014,Број,Школе умјетности,Оба пола,318
2015,Број,Школе умјетности,Оба пола,357
2016,Број,Школе умјетности,Оба пола,288
2017,Број,Школе умјетности,Оба пола,214
2018,Број,Школе умјетности,Оба пола,302
2019,Број,Школе умјетности,Оба пола,281
2020,Број,Школе умјетности,Оба пола,241
2011,Број,Вјерске школе,Оба пола,447
2012,Број,Вјерске школе,Оба пола,356
2013,Број,Вјерске школе,Оба пола,460
2014,Број,Вјерске школе,Оба пола,517
2015,Број,Вјерске школе,Оба пола,602
2016,Број,Вјерске школе,Оба пола,503
2017,Број,Вјерске школе,Оба пола,476
2018,Број,Вјерске школе,Оба пола,530
2019,Број,Вјерске школе,Оба пола,553
2020,Број,Вјерске школе,Оба пола,518
2011,Број,Школе за стручно образовање,Оба пола,8154
2012,Број,Школе за стручно образовање,Оба пола,9386
2013,Број,Школе за стручно образовање,Оба пола,10331
2014,Број,Школе за стручно образовање,Оба пола,10806
2015,Број,Школе за стручно образовање,Оба пола,8890
2016,Број,Школе за стручно образовање,Оба пола,7161
2017,Број,Школе за стручно образовање,Оба пола,7260
2018,Број,Школе за стручно образовање,Оба пола,7224
2019,Број,Школе за стручно образовање,Оба пола,7018
2020,Број,Школе за стручно образовање,Оба пола,7149
2011,Број,Средње школе за дјецу са посебним потребама,Оба пола,99
2012,Број,Средње школе за дјецу са посебним потребама,Оба пола,102
2013,Број,Средње школе за дјецу са посебним потребама,Оба пола,112
2014,Број,Средње школе за дјецу са посебним потребама,Оба пола,196
2015,Број,Средње школе за дјецу са посебним потребама,Оба пола,123
2016,Број,Средње школе за дјецу са посебним потребама,Оба пола,118
2017,Број,Средње школе за дјецу са посебним потребама,Оба пола,103
2018,Број,Средње школе за дјецу са посебним потребама,Оба пола,120
2019,Број,Средње школе за дјецу са посебним потребама,Оба пола,134
2020,Број,Средње школе за дјецу са посебним потребама,Оба пола,106
2011,Број,Укупно,M,18022
2012,Број,Укупно,M,18153
2013,Број,Укупно,M,20895
2014,Број,Укупно,M,22589
2015,Број,Укупно,M,22230
2016,Број,Укупно,M,18464
2017,Број,Укупно,M,16307
2018,Број,Укупно,M,16580
2019,Број,Укупно,M,16519
2020,Број,Укупно,M,15982
2011,Број,Гимназија,M,3246
2012,Број,Гимназија,M,3021
2013,Број,Гимназија,M,3642
2014,Број,Гимназија,M,3946
2015,Број,Гимназија,M,4428
2016,Број,Гимназија,M,3412
2017,Број,Гимназија,M,2895
2018,Број,Гимназија,M,2869
2019,Број,Гимназија,M,2819
2020,Број,Гимназија,M,2538
2011,Број,Техничке школе,M,8794
2012,Број,Техничке школе,M,8333
2013,Број,Техничке школе,M,9735
2014,Број,Техничке школе,M,10569
2015,Број,Техничке школе,M,10911
2016,Број,Техничке школе,M,9580
2017,Број,Техничке школе,M,7882
2018,Број,Техничке школе,M,8200
2019,Број,Техничке школе,M,8309
2020,Број,Техничке школе,M,7844
2011,Број,Школе умјетности,M,113
2012,Број,Школе умјетности,M,120
2013,Број,Школе умјетности,M,137
2014,Број,Школе умјетности,M,133
2015,Број,Школе умјетности,M,161
2016,Број,Школе умјетности,M,111
2017,Број,Школе умјетности,M,80
2018,Број,Школе умјетности,M,108
2019,Број,Школе умјетности,M,111
2020,Број,Школе умјетности,M,80
2011,Број,Вјерске школе,M,228
2012,Број,Вјерске школе,M,176
2013,Број,Вјерске школе,M,209
2014,Број,Вјерске школе,M,260
2015,Број,Вјерске школе,M,296
2016,Број,Вјерске школе,M,242
2017,Број,Вјерске школе,M,241
2018,Број,Вјерске школе,M,253
2019,Број,Вјерске школе,M,251
2020,Број,Вјерске школе,M,259
2011,Број,Школе за стручно образовање,M,5576
2012,Број,Школе за стручно образовање,M,6443
2013,Број,Школе за стручно образовање,M,7094
2014,Број,Школе за стручно образовање,M,7549
2015,Број,Школе за стручно образовање,M,6355
2016,Број,Школе за стручно образовање,M,5047
2017,Број,Школе за стручно образовање,M,5142
2018,Број,Школе за стручно образовање,M,5068
2019,Број,Школе за стручно образовање,M,4947
2020,Број,Школе за стручно образовање,M,5195
2011,Број,Средње школе за дјецу са посебним потребама,M,65
2012,Број,Средње школе за дјецу са посебним потребама,M,60
2013,Број,Средње школе за дјецу са посебним потребама,M,78
2014,Број,Средње школе за дјецу са посебним потребама,M,132
2015,Број,Средње школе за дјецу са посебним потребама,M,79
2016,Број,Средње школе за дјецу са посебним потребама,M,72
2017,Број,Средње школе за дјецу са посебним потребама,M,67
2018,Број,Средње школе за дјецу са посебним потребама,M,82
2019,Број,Средње школе за дјецу са посебним потребама,M,82
2020,Број,Средње школе за дјецу са посебним потребама,M,66
2011,Број,Укупно,Ж,17327
2012,Број,Укупно,Ж,16638
2013,Број,Укупно,Ж,19735
2014,Број,Укупно,Ж,21402
2015,Број,Укупно,Ж,21088
2016,Број,Укупно,Ж,17433
2017,Број,Укупно,Ж,15454
2018,Број,Укупно,Ж,16383
2019,Број,Укупно,Ж,16021
2020,Број,Укупно,Ж,15158
2011,Број,Гимназија,Ж,5617
2012,Број,Гимназија,Ж,5080
2013,Број,Гимназија,Ж,6090
2014,Број,Гимназија,Ж,6909
2015,Број,Гимназија,Ж,7492
2016,Број,Гимназија,Ж,5798
2017,Број,Гимназија,Ж,4998
2018,Број,Гимназија,Ж,4930
2019,Број,Гимназија,Ж,4643
2020,Број,Гимназија,Ж,4472
2011,Број,Техничке школе,Ж,8716
2012,Број,Техничке школе,Ж,8220
2013,Број,Техничке школе,Ж,9944
2014,Број,Техничке школе,Ж,10730
2015,Број,Техничке школе,Ж,10515
2016,Број,Техничке школе,Ж,9037
2017,Број,Техничке школе,Ж,7933
2018,Број,Техничке школе,Ж,8788
2019,Број,Техничке школе,Ж,8783
2020,Број,Техничке школе,Ж,8272
2011,Број,Школе умјетности,Ж,163
2012,Број,Школе умјетности,Ж,173
2013,Број,Школе умјетности,Ж,179
2014,Број,Школе умјетности,Ж,185
2015,Број,Школе умјетности,Ж,196
2016,Број,Школе умјетности,Ж,177
2017,Број,Школе умјетности,Ж,134
2018,Број,Школе умјетности,Ж,194
2019,Број,Школе умјетности,Ж,170
2020,Број,Школе умјетности,Ж,161
2011,Број,Вјерске школе,Ж,219
2012,Број,Вјерске школе,Ж,180
2013,Број,Вјерске школе,Ж,251
2014,Број,Вјерске школе,Ж,257
2015,Број,Вјерске школе,Ж,306
2016,Број,Вјерске школе,Ж,261
2017,Број,Вјерске школе,Ж,235
2018,Број,Вјерске школе,Ж,277
2019,Број,Вјерске школе,Ж,302
2020,Број,Вјерске школе,Ж,259
2011,Број,Школе за стручно образовање,Ж,2578
2012,Број,Школе за стручно образовање,Ж,2943
2013,Број,Школе за стручно образовање,Ж,3237
2014,Број,Школе за стручно образовање,Ж,3257
2015,Број,Школе за стручно образовање,Ж,2535
2016,Број,Школе за стручно образовање,Ж,2114
2017,Број,Школе за стручно образовање,Ж,2118
2018,Број,Школе за стручно образовање,Ж,2156
2019,Број,Школе за стручно образовање,Ж,2071
2020,Број,Школе за стручно образовање,Ж,1954
2011,Број,Средње школе за дјецу са посебним потребама,Ж,34
2012,Број,Средње школе за дјецу са посебним потребама,Ж,42
2013,Број,Средње школе за дјецу са посебним потребама,Ж,34
2014,Број,Средње школе за дјецу са посебним потребама,Ж,64
2015,Број,Средње школе за дјецу са посебним потребама,Ж,44
2016,Број,Средње школе за дјецу са посебним потребама,Ж,46
2017,Број,Средње школе за дјецу са посебним потребама,Ж,36
2018,Број,Средње школе за дјецу са посебним потребама,Ж,38
2019,Број,Средње школе за дјецу са посебним потребама,Ж,52
2020,Број,Средње школе за дјецу са посебним потребама,Ж,40
