Year,UNIT_MEASURE,Административно подручје,Пол,Value
2016,Број,federation_of_bih,Оба пола,
2016,Број,federation_of_bih,M,
2016,Број,federation_of_bih,Ж,
2017,Број,federation_of_bih,Оба пола,
2017,Број,federation_of_bih,M,
2017,Број,federation_of_bih,Ж,
2018,Број,federation_of_bih,Оба пола,
2018,Број,federation_of_bih,M,
2018,Број,federation_of_bih,Ж,
2019,Број,federation_of_bih,Оба пола,
2019,Број,federation_of_bih,M,
2019,Број,federation_of_bih,Ж,
2020,Број,federation_of_bih,Оба пола,
2020,Број,federation_of_bih,M,
2020,Број,federation_of_bih,Ж,
2016,Број,una-sana_canton,Оба пола,
2016,Број,una-sana_canton,M,
2016,Број,una-sana_canton,Ж,
2017,Број,una-sana_canton,Оба пола,
2017,Број,una-sana_canton,M,
2017,Број,una-sana_canton,Ж,
2018,Број,una-sana_canton,Оба пола,
2018,Број,una-sana_canton,M,
2018,Број,una-sana_canton,Ж,
2019,Број,una-sana_canton,Оба пола,
2019,Број,una-sana_canton,M,
2019,Број,una-sana_canton,Ж,
2020,Број,una-sana_canton,Оба пола,
2020,Број,una-sana_canton,M,
2020,Број,una-sana_canton,Ж,
2016,Број,posavina_canton,Оба пола,
2016,Број,posavina_canton,M,
2016,Број,posavina_canton,Ж,
2017,Број,posavina_canton,Оба пола,
2017,Број,posavina_canton,M,
2017,Број,posavina_canton,Ж,
2018,Број,posavina_canton,Оба пола,
2018,Број,posavina_canton,M,
2018,Број,posavina_canton,Ж,
2019,Број,posavina_canton,Оба пола,
2019,Број,posavina_canton,M,
2019,Број,posavina_canton,Ж,
2020,Број,posavina_canton,Оба пола,
2020,Број,posavina_canton,M,
2020,Број,posavina_canton,Ж,
2016,Број,tuzla_canton,Оба пола,
2016,Број,tuzla_canton,M,
2016,Број,tuzla_canton,Ж,
2017,Број,tuzla_canton,Оба пола,
2017,Број,tuzla_canton,M,
2017,Број,tuzla_canton,Ж,
2018,Број,tuzla_canton,Оба пола,
2018,Број,tuzla_canton,M,
2018,Број,tuzla_canton,Ж,
2019,Број,tuzla_canton,Оба пола,
2019,Број,tuzla_canton,M,
2019,Број,tuzla_canton,Ж,
2020,Број,tuzla_canton,Оба пола,
2020,Број,tuzla_canton,M,
2020,Број,tuzla_canton,Ж,
2016,Број,zenica-doboj_canton,Оба пола,
2016,Број,zenica-doboj_canton,M,
2016,Број,zenica-doboj_canton,Ж,
2017,Број,zenica-doboj_canton,Оба пола,
2017,Број,zenica-doboj_canton,M,
2017,Број,zenica-doboj_canton,Ж,
2018,Број,zenica-doboj_canton,Оба пола,
2018,Број,zenica-doboj_canton,M,
2018,Број,zenica-doboj_canton,Ж,
2019,Број,zenica-doboj_canton,Оба пола,
2019,Број,zenica-doboj_canton,M,
2019,Број,zenica-doboj_canton,Ж,
2020,Број,zenica-doboj_canton,Оба пола,
2020,Број,zenica-doboj_canton,M,
2020,Број,zenica-doboj_canton,Ж,
2016,Број,bosnian-podrinje_canton,Оба пола,
2016,Број,bosnian-podrinje_canton,M,
2016,Број,bosnian-podrinje_canton,Ж,
2017,Број,bosnian-podrinje_canton,Оба пола,
2017,Број,bosnian-podrinje_canton,M,
2017,Број,bosnian-podrinje_canton,Ж,
2018,Број,bosnian-podrinje_canton,Оба пола,
2018,Број,bosnian-podrinje_canton,M,
2018,Број,bosnian-podrinje_canton,Ж,
2019,Број,bosnian-podrinje_canton,Оба пола,
2019,Број,bosnian-podrinje_canton,M,
2019,Број,bosnian-podrinje_canton,Ж,
2020,Број,bosnian-podrinje_canton,Оба пола,
2020,Број,bosnian-podrinje_canton,M,
2020,Број,bosnian-podrinje_canton,Ж,
2016,Број,central_bosnia_canton,Оба пола,
2016,Број,central_bosnia_canton,M,
2016,Број,central_bosnia_canton,Ж,
2017,Број,central_bosnia_canton,Оба пола,
2017,Број,central_bosnia_canton,M,
2017,Број,central_bosnia_canton,Ж,
2018,Број,central_bosnia_canton,Оба пола,
2018,Број,central_bosnia_canton,M,
2018,Број,central_bosnia_canton,Ж,
2019,Број,central_bosnia_canton,Оба пола,
2019,Број,central_bosnia_canton,M,
2019,Број,central_bosnia_canton,Ж,
2020,Број,central_bosnia_canton,Оба пола,
2020,Број,central_bosnia_canton,M,
2020,Број,central_bosnia_canton,Ж,
2016,Број,herzegovina-neretva_canton,Оба пола,
2016,Број,herzegovina-neretva_canton,M,
2016,Број,herzegovina-neretva_canton,Ж,
2017,Број,herzegovina-neretva_canton,Оба пола,
2017,Број,herzegovina-neretva_canton,M,
2017,Број,herzegovina-neretva_canton,Ж,
2018,Број,herzegovina-neretva_canton,Оба пола,
2018,Број,herzegovina-neretva_canton,M,
2018,Број,herzegovina-neretva_canton,Ж,
2019,Број,herzegovina-neretva_canton,Оба пола,
2019,Број,herzegovina-neretva_canton,M,
2019,Број,herzegovina-neretva_canton,Ж,
2020,Број,herzegovina-neretva_canton,Оба пола,
2020,Број,herzegovina-neretva_canton,M,
2020,Број,herzegovina-neretva_canton,Ж,
2016,Број,west_herzegovina_canton,Оба пола,
2016,Број,west_herzegovina_canton,M,
2016,Број,west_herzegovina_canton,Ж,
2017,Број,west_herzegovina_canton,Оба пола,
2017,Број,west_herzegovina_canton,M,
2017,Број,west_herzegovina_canton,Ж,
2018,Број,west_herzegovina_canton,Оба пола,
2018,Број,west_herzegovina_canton,M,
2018,Број,west_herzegovina_canton,Ж,
2019,Број,west_herzegovina_canton,Оба пола,
2019,Број,west_herzegovina_canton,M,
2019,Број,west_herzegovina_canton,Ж,
2020,Број,west_herzegovina_canton,Оба пола,
2020,Број,west_herzegovina_canton,M,
2020,Број,west_herzegovina_canton,Ж,
2016,Број,sarajevo_canton,Оба пола,
2016,Број,sarajevo_canton,M,
2016,Број,sarajevo_canton,Ж,
2017,Број,sarajevo_canton,Оба пола,
2017,Број,sarajevo_canton,M,
2017,Број,sarajevo_canton,Ж,
2018,Број,sarajevo_canton,Оба пола,
2018,Број,sarajevo_canton,M,
2018,Број,sarajevo_canton,Ж,
2019,Број,sarajevo_canton,Оба пола,
2019,Број,sarajevo_canton,M,
2019,Број,sarajevo_canton,Ж,
2020,Број,sarajevo_canton,Оба пола,
2020,Број,sarajevo_canton,M,
2020,Број,sarajevo_canton,Ж,
2016,Број,canton_10,Оба пола,
2016,Број,canton_10,M,
2016,Број,canton_10,Ж,
2017,Број,canton_10,Оба пола,
2017,Број,canton_10,M,
2017,Број,canton_10,Ж,
2018,Број,canton_10,Оба пола,
2018,Број,canton_10,M,
2018,Број,canton_10,Ж,
2019,Број,canton_10,Оба пола,
2019,Број,canton_10,M,
2019,Број,canton_10,Ж,
2020,Број,canton_10,Оба пола,
2020,Број,canton_10,M,
2020,Број,canton_10,Ж,
