Year,UNIT_MEASURE,Административна јединица,Пол,Value
2010,Број,Федерација Босне и Херцеговине,Оба пола,11350
2011,Број,Федерација Босне и Херцеговине,Оба пола,11209
2012,Број,Федерација Босне и Херцеговине,Оба пола,12231
2013,Број,Федерација Босне и Херцеговине,Оба пола,13491
2014,Број,Федерација Босне и Херцеговине,Оба пола,12183
2015,Број,Федерација Босне и Херцеговине,Оба пола,11846
2016,Број,Федерација Босне и Херцеговине,Оба пола,12149
2017,Број,Федерација Босне и Херцеговине,Оба пола,12060
2018,Број,Федерација Босне и Херцеговине,Оба пола,11747
2019,Број,Федерација Босне и Херцеговине,Оба пола,12359
2020,Број,Федерација Босне и Херцеговине,Оба пола,11476
2021,Број,Федерација Босне и Херцеговине,Оба пола,11537
2022,Број,Федерација Босне и Херцеговине,Оба пола,10374
2010,Број,Федерација Босне и Херцеговине,M,4143
2011,Број,Федерација Босне и Херцеговине,M,4291
2012,Број,Федерација Босне и Херцеговине,M,4650
2013,Број,Федерација Босне и Херцеговине,M,5150
2014,Број,Федерација Босне и Херцеговине,M,4700
2015,Број,Федерација Босне и Херцеговине,M,4611
2016,Број,Федерација Босне и Херцеговине,M,4767
2017,Број,Федерација Босне и Херцеговине,M,4798
2018,Број,Федерација Босне и Херцеговине,M,4682
2019,Број,Федерација Босне и Херцеговине,M,4803
2020,Број,Федерација Босне и Херцеговине,M,4403
2021,Број,Федерација Босне и Херцеговине,M,4230
2022,Број,Федерација Босне и Херцеговине,M,3731
2010,Број,Федерација Босне и Херцеговине,Ж,7207
2011,Број,Федерација Босне и Херцеговине,Ж,6918
2012,Број,Федерација Босне и Херцеговине,Ж,7581
2013,Број,Федерација Босне и Херцеговине,Ж,8341
2014,Број,Федерација Босне и Херцеговине,Ж,7483
2015,Број,Федерација Босне и Херцеговине,Ж,7235
2016,Број,Федерација Босне и Херцеговине,Ж,7382
2017,Број,Федерација Босне и Херцеговине,Ж,7262
2018,Број,Федерација Босне и Херцеговине,Ж,7065
2019,Број,Федерација Босне и Херцеговине,Ж,7556
2020,Број,Федерација Босне и Херцеговине,Ж,7073
2021,Број,Федерација Босне и Херцеговине,Ж,7307
2022,Број,Федерација Босне и Херцеговине,Ж,6643
2010,Број,Унско-сански кантон,Оба пола,729
2011,Број,Унско-сански кантон,Оба пола,409
2012,Број,Унско-сански кантон,Оба пола,603
2013,Број,Унско-сански кантон,Оба пола,588
2014,Број,Унско-сански кантон,Оба пола,514
2015,Број,Унско-сански кантон,Оба пола,481
2016,Број,Унско-сански кантон,Оба пола,417
2017,Број,Унско-сански кантон,Оба пола,432
2018,Број,Унско-сански кантон,Оба пола,423
2019,Број,Унско-сански кантон,Оба пола,330
2020,Број,Унско-сански кантон,Оба пола,272
2021,Број,Унско-сански кантон,Оба пола,384
2022,Број,Унско-сански кантон,Оба пола,314
2010,Број,Унско-сански кантон,M,249
2011,Број,Унско-сански кантон,M,179
2012,Број,Унско-сански кантон,M,204
2013,Број,Унско-сански кантон,M,219
2014,Број,Унско-сански кантон,M,195
2015,Број,Унско-сански кантон,M,210
2016,Број,Унско-сански кантон,M,158
2017,Број,Унско-сански кантон,M,181
2018,Број,Унско-сански кантон,M,178
2019,Број,Унско-сански кантон,M,105
2020,Број,Унско-сански кантон,M,91
2021,Број,Унско-сански кантон,M,108
2022,Број,Унско-сански кантон,M,84
2010,Број,Унско-сански кантон,Ж,480
2011,Број,Унско-сански кантон,Ж,230
2012,Број,Унско-сански кантон,Ж,399
2013,Број,Унско-сански кантон,Ж,369
2014,Број,Унско-сански кантон,Ж,319
2015,Број,Унско-сански кантон,Ж,271
2016,Број,Унско-сански кантон,Ж,259
2017,Број,Унско-сански кантон,Ж,251
2018,Број,Унско-сански кантон,Ж,245
2019,Број,Унско-сански кантон,Ж,225
2020,Број,Унско-сански кантон,Ж,181
2021,Број,Унско-сански кантон,Ж,276
2022,Број,Унско-сански кантон,Ж,230
2010,Број,Тузлански кантон,Оба пола,1938
2011,Број,Тузлански кантон,Оба пола,2032
2012,Број,Тузлански кантон,Оба пола,2046
2013,Број,Тузлански кантон,Оба пола,2050
2014,Број,Тузлански кантон,Оба пола,1943
2015,Број,Тузлански кантон,Оба пола,1773
2016,Број,Тузлански кантон,Оба пола,1548
2017,Број,Тузлански кантон,Оба пола,1441
2018,Број,Тузлански кантон,Оба пола,1449
2019,Број,Тузлански кантон,Оба пола,1656
2020,Број,Тузлански кантон,Оба пола,1496
2021,Број,Тузлански кантон,Оба пола,1404
2022,Број,Тузлански кантон,Оба пола,1346
2010,Број,Тузлански кантон,M,646
2011,Број,Тузлански кантон,M,698
2012,Број,Тузлански кантон,M,738
2013,Број,Тузлански кантон,M,732
2014,Број,Тузлански кантон,M,682
2015,Број,Тузлански кантон,M,595
2016,Број,Тузлански кантон,M,581
2017,Број,Тузлански кантон,M,540
2018,Број,Тузлански кантон,M,539
2019,Број,Тузлански кантон,M,569
2020,Број,Тузлански кантон,M,525
2021,Број,Тузлански кантон,M,485
2022,Број,Тузлански кантон,M,464
2010,Број,Тузлански кантон,Ж,1292
2011,Број,Тузлански кантон,Ж,1334
2012,Број,Тузлански кантон,Ж,1308
2013,Број,Тузлански кантон,Ж,1318
2014,Број,Тузлански кантон,Ж,1261
2015,Број,Тузлански кантон,Ж,1178
2016,Број,Тузлански кантон,Ж,967
2017,Број,Тузлански кантон,Ж,901
2018,Број,Тузлански кантон,Ж,910
2019,Број,Тузлански кантон,Ж,1087
2020,Број,Тузлански кантон,Ж,971
2021,Број,Тузлански кантон,Ж,919
2022,Број,Тузлански кантон,Ж,882
2010,Број,Зеничко-добојски кантон,Оба пола,235
2011,Број,Зеничко-добојски кантон,Оба пола,348
2012,Број,Зеничко-добојски кантон,Оба пола,596
2013,Број,Зеничко-добојски кантон,Оба пола,567
2014,Број,Зеничко-добојски кантон,Оба пола,271
2015,Број,Зеничко-добојски кантон,Оба пола,412
2016,Број,Зеничко-добојски кантон,Оба пола,445
2017,Број,Зеничко-добојски кантон,Оба пола,508
2018,Број,Зеничко-добојски кантон,Оба пола,519
2019,Број,Зеничко-добојски кантон,Оба пола,472
2020,Број,Зеничко-добојски кантон,Оба пола,454
2021,Број,Зеничко-добојски кантон,Оба пола,443
2022,Број,Зеничко-добојски кантон,Оба пола,398
2010,Број,Зеничко-добојски кантон,M,85
2011,Број,Зеничко-добојски кантон,M,107
2012,Број,Зеничко-добојски кантон,M,161
2013,Број,Зеничко-добојски кантон,M,170
2014,Број,Зеничко-добојски кантон,M,95
2015,Број,Зеничко-добојски кантон,M,111
2016,Број,Зеничко-добојски кантон,M,153
2017,Број,Зеничко-добојски кантон,M,159
2018,Број,Зеничко-добојски кантон,M,189
2019,Број,Зеничко-добојски кантон,M,148
2020,Број,Зеничко-добојски кантон,M,133
2021,Број,Зеничко-добојски кантон,M,156
2022,Број,Зеничко-добојски кантон,M,97
2010,Број,Зеничко-добојски кантон,Ж,150
2011,Број,Зеничко-добојски кантон,Ж,241
2012,Број,Зеничко-добојски кантон,Ж,435
2013,Број,Зеничко-добојски кантон,Ж,397
2014,Број,Зеничко-добојски кантон,Ж,176
2015,Број,Зеничко-добојски кантон,Ж,301
2016,Број,Зеничко-добојски кантон,Ж,292
2017,Број,Зеничко-добојски кантон,Ж,349
2018,Број,Зеничко-добојски кантон,Ж,330
2019,Број,Зеничко-добојски кантон,Ж,324
2020,Број,Зеничко-добојски кантон,Ж,321
2021,Број,Зеничко-добојски кантон,Ж,287
2022,Број,Зеничко-добојски кантон,Ж,301
2017,Број,Босанско-подрињски кантон,Оба пола,5
2018,Број,Босанско-подрињски кантон,Оба пола,15
2019,Број,Босанско-подрињски кантон,Оба пола,3
2020,Број,Босанско-подрињски кантон,Оба пола,11
2021,Број,Босанско-подрињски кантон,Оба пола,33
2022,Број,Босанско-подрињски кантон,Оба пола,6
2017,Број,Босанско-подрињски кантон,M,4
2018,Број,Босанско-подрињски кантон,M,3
2019,Број,Босанско-подрињски кантон,M,3
2020,Број,Босанско-подрињски кантон,M,7
2021,Број,Босанско-подрињски кантон,M,10
2022,Број,Босанско-подрињски кантон,M,2
2017,Број,Босанско-подрињски кантон,Ж,1
2018,Број,Босанско-подрињски кантон,Ж,12
2020,Број,Босанско-подрињски кантон,Ж,4
2021,Број,Босанско-подрињски кантон,Ж,23
2022,Број,Босанско-подрињски кантон,Ж,4
2011,Број,Средњобосански кантон,Оба пола,135
2012,Број,Средњобосански кантон,Оба пола,472
2013,Број,Средњобосански кантон,Оба пола,910
2014,Број,Средњобосански кантон,Оба пола,867
2015,Број,Средњобосански кантон,Оба пола,1044
2016,Број,Средњобосански кантон,Оба пола,1188
2017,Број,Средњобосански кантон,Оба пола,1479
2018,Број,Средњобосански кантон,Оба пола,1244
2019,Број,Средњобосански кантон,Оба пола,1482
2020,Број,Средњобосански кантон,Оба пола,1461
2021,Број,Средњобосански кантон,Оба пола,1390
2022,Број,Средњобосански кантон,Оба пола,1546
2011,Број,Средњобосански кантон,M,64
2012,Број,Средњобосански кантон,M,279
2013,Број,Средњобосански кантон,M,478
2014,Број,Средњобосански кантон,M,484
2015,Број,Средњобосански кантон,M,547
2016,Број,Средњобосански кантон,M,732
2017,Број,Средњобосански кантон,M,932
2018,Број,Средњобосански кантон,M,769
2019,Број,Средњобосански кантон,M,925
2020,Број,Средњобосански кантон,M,842
2021,Број,Средњобосански кантон,M,801
2022,Број,Средњобосански кантон,M,835
2011,Број,Средњобосански кантон,Ж,71
2012,Број,Средњобосански кантон,Ж,193
2013,Број,Средњобосански кантон,Ж,432
2014,Број,Средњобосански кантон,Ж,383
2015,Број,Средњобосански кантон,Ж,497
2016,Број,Средњобосански кантон,Ж,456
2017,Број,Средњобосански кантон,Ж,547
2018,Број,Средњобосански кантон,Ж,475
2019,Број,Средњобосански кантон,Ж,557
2020,Број,Средњобосански кантон,Ж,619
2021,Број,Средњобосански кантон,Ж,589
2022,Број,Средњобосански кантон,Ж,711
2010,Број,Херцеговачко-неретвански кантон,Оба пола,2138
2011,Број,Херцеговачко-неретвански кантон,Оба пола,2421
2012,Број,Херцеговачко-неретвански кантон,Оба пола,2422
2013,Број,Херцеговачко-неретвански кантон,Оба пола,2952
2014,Број,Херцеговачко-неретвански кантон,Оба пола,3088
2015,Број,Херцеговачко-неретвански кантон,Оба пола,2767
2016,Број,Херцеговачко-неретвански кантон,Оба пола,2774
2017,Број,Херцеговачко-неретвански кантон,Оба пола,2918
2018,Број,Херцеговачко-неретвански кантон,Оба пола,2622
2019,Број,Херцеговачко-неретвански кантон,Оба пола,3082
2020,Број,Херцеговачко-неретвански кантон,Оба пола,2612
2021,Број,Херцеговачко-неретвански кантон,Оба пола,2867
2022,Број,Херцеговачко-неретвански кантон,Оба пола,2242
2010,Број,Херцеговачко-неретвански кантон,M,719
2011,Број,Херцеговачко-неретвански кантон,M,823
2012,Број,Херцеговачко-неретвански кантон,M,815
2013,Број,Херцеговачко-неретвански кантон,M,873
2014,Број,Херцеговачко-неретвански кантон,M,982
2015,Број,Херцеговачко-неретвански кантон,M,929
2016,Број,Херцеговачко-неретвански кантон,M,935
2017,Број,Херцеговачко-неретвански кантон,M,910
2018,Број,Херцеговачко-неретвански кантон,M,879
2019,Број,Херцеговачко-неретвански кантон,M,1024
2020,Број,Херцеговачко-неретвански кантон,M,783
2021,Број,Херцеговачко-неретвански кантон,M,903
2022,Број,Херцеговачко-неретвански кантон,M,739
2010,Број,Херцеговачко-неретвански кантон,Ж,1419
2011,Број,Херцеговачко-неретвански кантон,Ж,1598
2012,Број,Херцеговачко-неретвански кантон,Ж,1607
2013,Број,Херцеговачко-неретвански кантон,Ж,2079
2014,Број,Херцеговачко-неретвански кантон,Ж,2106
2015,Број,Херцеговачко-неретвански кантон,Ж,1838
2016,Број,Херцеговачко-неретвански кантон,Ж,1839
2017,Број,Херцеговачко-неретвански кантон,Ж,2008
2018,Број,Херцеговачко-неретвански кантон,Ж,1743
2019,Број,Херцеговачко-неретвански кантон,Ж,2058
2020,Број,Херцеговачко-неретвански кантон,Ж,1829
2021,Број,Херцеговачко-неретвански кантон,Ж,1964
2022,Број,Херцеговачко-неретвански кантон,Ж,1503
2010,Број,Западнохерцеговчки кантон,Оба пола,19
2011,Број,Западнохерцеговчки кантон,Оба пола,13
2012,Број,Западнохерцеговчки кантон,Оба пола,19
2013,Број,Западнохерцеговчки кантон,Оба пола,17
2014,Број,Западнохерцеговчки кантон,Оба пола,9
2015,Број,Западнохерцеговчки кантон,Оба пола,16
2016,Број,Западнохерцеговчки кантон,Оба пола,15
2017,Број,Западнохерцеговчки кантон,Оба пола,25
2018,Број,Западнохерцеговчки кантон,Оба пола,16
2019,Број,Западнохерцеговчки кантон,Оба пола,6
2020,Број,Западнохерцеговчки кантон,Оба пола,17
2021,Број,Западнохерцеговчки кантон,Оба пола,31
2022,Број,Западнохерцеговчки кантон,Оба пола,27
2010,Број,Западнохерцеговчки кантон,M,6
2011,Број,Западнохерцеговчки кантон,M,6
2012,Број,Западнохерцеговчки кантон,M,8
2013,Број,Западнохерцеговчки кантон,M,8
2014,Број,Западнохерцеговчки кантон,M,4
2015,Број,Западнохерцеговчки кантон,M,5
2016,Број,Западнохерцеговчки кантон,M,7
2017,Број,Западнохерцеговчки кантон,M,6
2018,Број,Западнохерцеговчки кантон,M,6
2019,Број,Западнохерцеговчки кантон,M,2
2020,Број,Западнохерцеговчки кантон,M,7
2021,Број,Западнохерцеговчки кантон,M,10
2022,Број,Западнохерцеговчки кантон,M,7
2010,Број,Западнохерцеговчки кантон,Ж,13
2011,Број,Западнохерцеговчки кантон,Ж,7
2012,Број,Западнохерцеговчки кантон,Ж,11
2013,Број,Западнохерцеговчки кантон,Ж,9
2014,Број,Западнохерцеговчки кантон,Ж,5
2015,Број,Западнохерцеговчки кантон,Ж,11
2016,Број,Западнохерцеговчки кантон,Ж,8
2017,Број,Западнохерцеговчки кантон,Ж,19
2018,Број,Западнохерцеговчки кантон,Ж,10
2019,Број,Западнохерцеговчки кантон,Ж,4
2020,Број,Западнохерцеговчки кантон,Ж,10
2021,Број,Западнохерцеговчки кантон,Ж,21
2022,Број,Западнохерцеговчки кантон,Ж,20
2010,Број,Кантон Сарајево,Оба пола,5026
2011,Број,Кантон Сарајево,Оба пола,5158
2012,Број,Кантон Сарајево,Оба пола,5891
2013,Број,Кантон Сарајево,Оба пола,6109
2014,Број,Кантон Сарајево,Оба пола,5322
2015,Број,Кантон Сарајево,Оба пола,5151
2016,Број,Кантон Сарајево,Оба пола,5551
2017,Број,Кантон Сарајево,Оба пола,5018
2018,Број,Кантон Сарајево,Оба пола,5215
2019,Број,Кантон Сарајево,Оба пола,5144
2020,Број,Кантон Сарајево,Оба пола,5153
2021,Број,Кантон Сарајево,Оба пола,4985
2022,Број,Кантон Сарајево,Оба пола,4495
2010,Број,Кантон Сарајево,M,2018
2011,Број,Кантон Сарајево,M,2180
2012,Број,Кантон Сарајево,M,2340
2013,Број,Кантон Сарајево,M,2531
2014,Број,Кантон Сарајево,M,2183
2015,Број,Кантон Сарајево,M,2130
2016,Број,Кантон Сарајево,M,2085
2017,Број,Кантон Сарајево,M,1937
2018,Број,Кантон Сарајево,M,2011
2019,Број,Кантон Сарајево,M,1924
2020,Број,Кантон Сарајево,M,2015
2021,Број,Кантон Сарајево,M,1757
2022,Број,Кантон Сарајево,M,1503
2010,Број,Кантон Сарајево,Ж,3008
2011,Број,Кантон Сарајево,Ж,2978
2012,Број,Кантон Сарајево,Ж,3551
2013,Број,Кантон Сарајево,Ж,3578
2014,Број,Кантон Сарајево,Ж,3139
2015,Број,Кантон Сарајево,Ж,3021
2016,Број,Кантон Сарајево,Ж,3466
2017,Број,Кантон Сарајево,Ж,3081
2018,Број,Кантон Сарајево,Ж,3204
2019,Број,Кантон Сарајево,Ж,3220
2020,Број,Кантон Сарајево,Ж,3138
2021,Број,Кантон Сарајево,Ж,3228
2022,Број,Кантон Сарајево,Ж,2992
