Year,UNIT_MEASURE,Пол,Value
2010,Број,Оба пола,
2011,Број,Оба пола,
2012,Број,Оба пола,
2013,Број,Оба пола,
2014,Број,Оба пола,
2015,Број,Оба пола,
2016,Број,Оба пола,
2017,Број,Оба пола,
2018,Број,Оба пола,
2019,Број,Оба пола,
2010,Број,M,
2011,Број,M,
2012,Број,M,
2013,Број,M,
2014,Број,M,
2015,Број,M,
2016,Број,M,
2017,Број,M,
2018,Број,M,
2019,Број,M,
2010,Број,Ж,
2011,Број,Ж,
2012,Број,Ж,
2013,Број,Ж,
2014,Број,Ж,
2015,Број,Ж,
2016,Број,Ж,
2017,Број,Ж,
2018,Број,Ж,
2019,Број,Ж,
