Year,UNIT_MEASURE,Квартал,Пол,Старосна доб,Value
2021,%,I квартал,Оба пола,15 - 89,46.2
2021,%,I квартал,Оба пола,15 - 24,33.1
2021,%,I квартал,Оба пола,25 - 49,73.4
2021,%,I квартал,Оба пола,50 - 64,41.4
2021,%,I квартал,Оба пола,15 - 64,56.2
2021,%,I квартал,Оба пола,20 - 64,60.4
2021,%,I квартал,Оба пола,25 - 34,74.5
2021,%,I квартал,Оба пола,15 - 74,49.4
2021,%,I квартал,M,15 - 89,59.8
2021,%,I квартал,M,15 - 24,40.7
2021,%,I квартал,M,25 - 49,88.9
2021,%,I квартал,M,50 - 64,57.9
2021,%,I квартал,M,15 - 64,70.7
2021,%,I квартал,M,20 - 64,76.0
2021,%,I квартал,M,25 - 34,89.2
2021,%,I квартал,M,15 - 74,63.1
2021,%,I квартал,Ж,15 - 89,33.3
2021,%,I квартал,Ж,15 - 24,25.1
2021,%,I квартал,Ж,25 - 49,57.4
2021,%,I квартал,Ж,50 - 64,26.0
2021,%,I квартал,Ж,15 - 64,41.7
2021,%,I квартал,Ж,20 - 64,44.8
2021,%,I квартал,Ж,25 - 34,59.0
2021,%,I квартал,Ж,15 - 74,36.1
2021,%,II квартал,Оба пола,15 - 89,46.7
2021,%,II квартал,Оба пола,15 - 24,32.2
2021,%,II квартал,Оба пола,25 - 49,74.8
2021,%,II квартал,Оба пола,50 - 64,41.5
2021,%,II квартал,Оба пола,15 - 64,56.8
2021,%,II квартал,Оба пола,20 - 64,61.0
2021,%,II квартал,Оба пола,25 - 34,74.5
2021,%,II квартал,Оба пола,15 - 74,49.9
2021,%,II квартал,M,15 - 89,59.8
2021,%,II квартал,M,15 - 24,39.5
2021,%,II квартал,M,25 - 49,89.4
2021,%,II квартал,M,50 - 64,57.6
2021,%,II квартал,M,15 - 64,70.7
2021,%,II квартал,M,20 - 64,76.0
2021,%,II квартал,M,25 - 34,88.3
2021,%,II квартал,M,15 - 74,63.1
2021,%,II квартал,Ж,15 - 89,34.2
2021,%,II квартал,Ж,15 - 24,24.5
2021,%,II квартал,Ж,25 - 49,59.8
2021,%,II квартал,Ж,50 - 64,26.3
2021,%,II квартал,Ж,15 - 64,42.9
2021,%,II квартал,Ж,20 - 64,46.1
2021,%,II квартал,Ж,25 - 34,60.0
2021,%,II квартал,Ж,15 - 74,37.1
2021,%,III квартал,Оба пола,15 - 89,46.5
2021,%,III квартал,Оба пола,15 - 24,30.8
2021,%,III квартал,Оба пола,25 - 49,74.2
2021,%,III квартал,Оба пола,50 - 64,42.7
2021,%,III квартал,Оба пола,15 - 64,56.6
2021,%,III квартал,Оба пола,20 - 64,60.8
2021,%,III квартал,Оба пола,25 - 34,73.9
2021,%,III квартал,Оба пола,15 - 74,49.8
2021,%,III квартал,M,15 - 89,60.0
2021,%,III квартал,M,15 - 24,38.1
2021,%,III квартал,M,25 - 49,89.6
2021,%,III квартал,M,50 - 64,59.2
2021,%,III квартал,M,15 - 64,71.0
2021,%,III квартал,M,20 - 64,76.5
2021,%,III квартал,M,25 - 34,88.8
2021,%,III квартал,M,15 - 74,63.3
2021,%,III квартал,Ж,15 - 89,33.7
2021,%,III квартал,Ж,15 - 24,23.1
2021,%,III квартал,Ж,25 - 49,58.3
2021,%,III квартал,Ж,50 - 64,27.2
2021,%,III квартал,Ж,15 - 64,42.2
2021,%,III квартал,Ж,20 - 64,45.1
2021,%,III квартал,Ж,25 - 34,58.4
2021,%,III квартал,Ж,15 - 74,36.5
2021,%,IV квартал,Оба пола,15 - 89,47.1
2021,%,IV квартал,Оба пола,15 - 24,31.1
2021,%,IV квартал,Оба пола,25 - 49,74.8
2021,%,IV квартал,Оба пола,50 - 64,43.8
2021,%,IV квартал,Оба пола,15 - 64,57.3
2021,%,IV квартал,Оба пола,20 - 64,61.6
2021,%,IV квартал,Оба пола,25 - 34,76.3
2021,%,IV квартал,Оба пола,15 - 74,50.4
2021,%,IV квартал,M,15 - 89,60.5
2021,%,IV квартал,M,15 - 24,38.6
2021,%,IV квартал,M,25 - 49,89.3
2021,%,IV квартал,M,50 - 64,61.4
2021,%,IV квартал,M,15 - 64,71.6
2021,%,IV квартал,M,20 - 64,77.1
2021,%,IV квартал,M,25 - 34,89.8
2021,%,IV квартал,M,15 - 74,63.9
2021,%,IV квартал,Ж,15 - 89,34.3
2021,%,IV квартал,Ж,15 - 24,23.2
2021,%,IV квартал,Ж,25 - 49,59.8
2021,%,IV квартал,Ж,50 - 64,27.3
2021,%,IV квартал,Ж,15 - 64,43.0
2021,%,IV квартал,Ж,20 - 64,46.1
2021,%,IV квартал,Ж,25 - 34,62.2
2021,%,IV квартал,Ж,15 - 74,37.2
2022,%,I квартал,Оба пола,15 - 89,48.1
2022,%,I квартал,Оба пола,15 - 24,30.4
2022,%,I квартал,Оба пола,25 - 49,77.0
2022,%,I квартал,Оба пола,50 - 64,44.0
2022,%,I квартал,Оба пола,15 - 64,58.7
2022,%,I квартал,Оба пола,20 - 64,63.1
2022,%,I квартал,Оба пола,25 - 34,77.8
2022,%,I квартал,Оба пола,15 - 74,51.4
2022,%,I квартал,M,15 - 89,60.8
2022,%,I квартал,M,15 - 24,36.8
2022,%,I квартал,M,25 - 49,90.1
2022,%,I квартал,M,50 - 64,61.5
2022,%,I квартал,M,15 - 64,72.1
2022,%,I квартал,M,20 - 64,77.5
2022,%,I квартал,M,25 - 34,89.3
2022,%,I квартал,M,15 - 74,64.1
2022,%,I квартал,Ж,15 - 89,36.1
2022,%,I квартал,Ж,15 - 24,23.6
2022,%,I квартал,Ж,25 - 49,63.6
2022,%,I квартал,Ж,50 - 64,27.6
2022,%,I квартал,Ж,15 - 64,45.3
2022,%,I квартал,Ж,20 - 64,48.7
2022,%,I квартал,Ж,25 - 34,65.8
2022,%,I квартал,Ж,15 - 74,39.1
2022,%,II квартал,Оба пола,15 - 89,48.0
2022,%,II квартал,Оба пола,15 - 24,31.3
2022,%,II квартал,Оба пола,25 - 49,76.4
2022,%,II квартал,Оба пола,50 - 64,44.0
2022,%,II квартал,Оба пола,15 - 64,58.5
2022,%,II квартал,Оба пола,20 - 64,62.9
2022,%,II квартал,Оба пола,25 - 34,76.2
2022,%,II квартал,Оба пола,15 - 74,51.3
2022,%,II квартал,M,15 - 89,60.7
2022,%,II квартал,M,15 - 24,36.7
2022,%,II квартал,M,25 - 49,90.7
2022,%,II квартал,M,50 - 64,60.7
2022,%,II квартал,M,15 - 64,72.1
2022,%,II квартал,M,20 - 64,77.7
2022,%,II квартал,M,25 - 34,89.1
2022,%,II квартал,M,15 - 74,64.0
2022,%,II квартал,Ж,15 - 89,35.9
2022,%,II квартал,Ж,15 - 24,25.6
2022,%,II квартал,Ж,25 - 49,61.7
2022,%,II квартал,Ж,50 - 64,28.3
2022,%,II квартал,Ж,15 - 64,44.8
2022,%,II квартал,Ж,20 - 64,48.2
2022,%,II квартал,Ж,25 - 34,62.7
2022,%,II квартал,Ж,15 - 74,38.9
2022,%,III квартал,Оба пола,15 - 89,47.7
2022,%,III квартал,Оба пола,15 - 24,29.9
2022,%,III квартал,Оба пола,25 - 49,75.8
2022,%,III квартал,Оба пола,50 - 64,44.4
2022,%,III квартал,Оба пола,15 - 64,58.1
2022,%,III квартал,Оба пола,20 - 64,62.5
2022,%,III квартал,Оба пола,25 - 34,75.8
2022,%,III квартал,Оба пола,15 - 74,51.0
2022,%,III квартал,M,15 - 89,61.5
2022,%,III квартал,M,15 - 24,36.7
2022,%,III квартал,M,25 - 49,91.1
2022,%,III квартал,M,50 - 64,62.8
2022,%,III квартал,M,15 - 64,73.0
2022,%,III квартал,M,20 - 64,78.6
2022,%,III квартал,M,25 - 34,90.1
2022,%,III квартал,M,15 - 74,64.9
2022,%,III квартал,Ж,15 - 89,34.5
2022,%,III квартал,Ж,15 - 24,22.7
2022,%,III квартал,Ж,25 - 49,60.1
2022,%,III квартал,Ж,50 - 64,27.2
2022,%,III квартал,Ж,15 - 64,43.2
2022,%,III квартал,Ж,20 - 64,46.4
2022,%,III квартал,Ж,25 - 34,60.8
2022,%,III квартал,Ж,15 - 74,37.4
2022,%,IV квартал,Оба пола,15 - 89,47.7
2022,%,IV квартал,Оба пола,15 - 24,28.8
2022,%,IV квартал,Оба пола,25 - 49,75.8
2022,%,IV квартал,Оба пола,50 - 64,45.3
2022,%,IV квартал,Оба пола,15 - 64,58.2
2022,%,IV квартал,Оба пола,20 - 64,62.6
2022,%,IV квартал,Оба пола,25 - 34,75.2
2022,%,IV квартал,Оба пола,15 - 74,51.0
2022,%,IV квартал,M,15 - 89,61.3
2022,%,IV квартал,M,15 - 24,37.1
2022,%,IV квартал,M,25 - 49,90.3
2022,%,IV квартал,M,50 - 64,63.2
2022,%,IV квартал,M,15 - 64,72.8
2022,%,IV квартал,M,20 - 64,78.3
2022,%,IV квартал,M,25 - 34,88.8
2022,%,IV квартал,M,15 - 74,64.7
2022,%,IV квартал,Ж,15 - 89,34.7
2022,%,IV квартал,Ж,15 - 24,20.0
2022,%,IV квартал,Ж,25 - 49,60.9
2022,%,IV квартал,Ж,50 - 64,28.4
2022,%,IV квартал,Ж,15 - 64,43.5
2022,%,IV квартал,Ж,20 - 64,46.9
2022,%,IV квартал,Ж,25 - 34,60.8
2022,%,IV квартал,Ж,15 - 74,37.6
2023,%,I квартал,Оба пола,15 - 89,74.5
2023,%,I квартал,Оба пола,15 - 24,25.7
2023,%,I квартал,Оба пола,25 - 49,75.9
2023,%,I квартал,Оба пола,50 - 64,45.7
2023,%,I квартал,Оба пола,15 - 64,58.1
2023,%,I квартал,Оба пола,20 - 64,62.6
2023,%,I квартал,Оба пола,25 - 34,75.2
2023,%,I квартал,Оба пола,15 - 74,50.9
2023,%,I квартал,M,15 - 89,60.6
2023,%,I квартал,M,15 - 24,32.9
2023,%,I квартал,M,25 - 49,89.9
2023,%,I квартал,M,50 - 64,63.0
2023,%,I квартал,M,15 - 64,72.1
2023,%,I квартал,M,20 - 64,77.8
2023,%,I квартал,M,25 - 34,87.1
2023,%,I квартал,M,15 - 74,64.0
2023,%,I квартал,Ж,15 - 89,35.0
2023,%,I квартал,Ж,15 - 24,18.0
2023,%,I квартал,Ж,25 - 49,61.5
2023,%,I квартал,Ж,50 - 64,29.3
2023,%,I квартал,Ж,15 - 64,44.0
2023,%,I квартал,Ж,20 - 64,47.5
2023,%,I квартал,Ж,25 - 34,62.7
2023,%,I квартал,Ж,15 - 74,38.0
2023,%,II квартал,Оба пола,15 - 89,48.3
2023,%,II квартал,Оба пола,15 - 24,25.5
2023,%,II квартал,Оба пола,25 - 49,77.1
2023,%,II квартал,Оба пола,50 - 64,47.0
2023,%,II квартал,Оба пола,15 - 64,59.1
2023,%,II квартал,Оба пола,20 - 64,63.7
2023,%,II квартал,Оба пола,25 - 34,76.7
2023,%,II квартал,Оба пола,15 - 74,51.7
2023,%,II квартал,M,15 - 89,61.0
2023,%,II квартал,M,15 - 24,32.4
2023,%,II квартал,M,25 - 49,91.4
2023,%,II квартал,M,50 - 64,62.8
2023,%,II квартал,M,15 - 64,72.8
2023,%,II квартал,M,20 - 64,78.4
2023,%,II квартал,M,25 - 34,89.1
2023,%,II квартал,M,15 - 74,64.5
2023,%,II квартал,Ж,15 - 89,36.1
2023,%,II квартал,Ж,15 - 24,18.3
2023,%,II квартал,Ж,25 - 49,62.3
2023,%,II квартал,Ж,50 - 64,32.1
2023,%,II квартал,Ж,15 - 64,45.4
2023,%,II квартал,Ж,20 - 64,48.9
2023,%,II квартал,Ж,25 - 34,63.7
2023,%,II квартал,Ж,15 - 74,39.2
2023,%,III квартал,Оба пола,15 - 89,49.0
2023,%,III квартал,Оба пола,15 - 24,30.0
2023,%,III квартал,Оба пола,25 - 49,77.7
2023,%,III квартал,Оба пола,50 - 64,46.8
2023,%,III квартал,Оба пола,15 - 64,60.1
2023,%,III квартал,Оба пола,20 - 64,64.4
2023,%,III квартал,Оба пола,25 - 34,78.4
2023,%,III квартал,Оба пола,15 - 74,52.5
2023,%,III квартал,M,15 - 89,62.2
2023,%,III квартал,M,15 - 24,39.3
2023,%,III квартал,M,25 - 49,92.9
2023,%,III квартал,M,50 - 64,61.4
2023,%,III квартал,M,15 - 64,74.3
2023,%,III квартал,M,20 - 64,79.4
2023,%,III квартал,M,25 - 34,92.7
2023,%,III квартал,M,15 - 74,65.7
2023,%,III квартал,Ж,15 - 89,36.5
2023,%,III квартал,Ж,15 - 24,20.4
2023,%,III квартал,Ж,25 - 49,62.0
2023,%,III квартал,Ж,50 - 64,33.1
2023,%,III квартал,Ж,15 - 64,45.9
2023,%,III квартал,Ж,20 - 64,49.3
2023,%,III квартал,Ж,25 - 34,63.4
2023,%,III квартал,Ж,15 - 74,39.6
2023,%,IV квартал,Оба пола,15 - 89,49.4
2023,%,IV квартал,Оба пола,15 - 24,29.9
2023,%,IV квартал,Оба пола,25 - 49,78.0
2023,%,IV квартал,Оба пола,50 - 64,47.6
2023,%,IV квартал,Оба пола,15 - 64,60.5
2023,%,IV квартал,Оба пола,20 - 64,64.8
2023,%,IV квартал,Оба пола,25 - 34,78.4
2023,%,IV квартал,Оба пола,15 - 74,52.9
2023,%,IV квартал,M,15 - 89,62.5
2023,%,IV квартал,M,15 - 24,37.2
2023,%,IV квартал,M,25 - 49,93.4
2023,%,IV квартал,M,50 - 64,62.2
2023,%,IV квартал,M,15 - 64,74.4
2023,%,IV квартал,M,20 - 64,79.7
2023,%,IV квартал,M,25 - 34,94.1
2023,%,IV квартал,M,15 - 74,66.0
2023,%,IV квартал,Ж,15 - 89,36.9
2023,%,IV квартал,Ж,15 - 24,22.2
2023,%,IV квартал,Ж,25 - 49,62.2
2023,%,IV квартал,Ж,50 - 64,33.8
2023,%,IV квартал,Ж,15 - 64,46.5
2023,%,IV квартал,Ж,20 - 64,49.9
2023,%,IV квартал,Ж,25 - 34,61.9
2023,%,IV квартал,Ж,15 - 74,40.0
