Year,UNIT_MEASURE,Sex,Admin_Area,Births,Value
1996,NUMBER,T,federation_of_bih,LIVE_BIRTH,32614
1996,NUMBER,T,una-sana_canton,LIVE_BIRTH,4646
1996,NUMBER,T,posavina_canton,LIVE_BIRTH,43
1996,NUMBER,T,tuzla_canton,LIVE_BIRTH,6825
1996,NUMBER,T,zenica-doboj_canton,LIVE_BIRTH,7375
1996,NUMBER,T,bosnian-podrinje_canton,LIVE_BIRTH,495
1996,NUMBER,T,central_bosnia_canton,LIVE_BIRTH,4350
1996,NUMBER,T,herzegovina-neretva_canton,LIVE_BIRTH,2913
1996,NUMBER,T,west_herzegovina_canton,LIVE_BIRTH,950
1996,NUMBER,T,sarajevo_canton,LIVE_BIRTH,4154
1996,NUMBER,T,canton_10,LIVE_BIRTH,863
1996,NUMBER,M,federation_of_bih,LIVE_BIRTH,17120
1996,NUMBER,M,una-sana_canton,LIVE_BIRTH,2518
1996,NUMBER,M,posavina_canton,LIVE_BIRTH,23
1996,NUMBER,M,tuzla_canton,LIVE_BIRTH,3515
1996,NUMBER,M,zenica-doboj_canton,LIVE_BIRTH,3937
1996,NUMBER,M,bosnian-podrinje_canton,LIVE_BIRTH,249
1996,NUMBER,M,central_bosnia_canton,LIVE_BIRTH,2285
1996,NUMBER,M,herzegovina-neretva_canton,LIVE_BIRTH,1506
1996,NUMBER,M,west_herzegovina_canton,LIVE_BIRTH,506
1996,NUMBER,M,sarajevo_canton,LIVE_BIRTH,2133
1996,NUMBER,M,canton_10,LIVE_BIRTH,448
1996,NUMBER,F,federation_of_bih,LIVE_BIRTH,15494
1996,NUMBER,F,una-sana_canton,LIVE_BIRTH,2128
1996,NUMBER,F,posavina_canton,LIVE_BIRTH,20
1996,NUMBER,F,tuzla_canton,LIVE_BIRTH,3310
1996,NUMBER,F,zenica-doboj_canton,LIVE_BIRTH,3438
1996,NUMBER,F,bosnian-podrinje_canton,LIVE_BIRTH,246
1996,NUMBER,F,central_bosnia_canton,LIVE_BIRTH,2065
1996,NUMBER,F,herzegovina-neretva_canton,LIVE_BIRTH,1407
1996,NUMBER,F,west_herzegovina_canton,LIVE_BIRTH,444
1996,NUMBER,F,sarajevo_canton,LIVE_BIRTH,2021
1996,NUMBER,F,canton_10,LIVE_BIRTH,415
1997,NUMBER,T,federation_of_bih,LIVE_BIRTH,33003
1997,NUMBER,T,una-sana_canton,LIVE_BIRTH,5682
1997,NUMBER,T,posavina_canton,LIVE_BIRTH,22
1997,NUMBER,T,tuzla_canton,LIVE_BIRTH,5901
1997,NUMBER,T,zenica-doboj_canton,LIVE_BIRTH,6764
1997,NUMBER,T,bosnian-podrinje_canton,LIVE_BIRTH,482
1997,NUMBER,T,central_bosnia_canton,LIVE_BIRTH,4134
1997,NUMBER,T,herzegovina-neretva_canton,LIVE_BIRTH,2745
1997,NUMBER,T,west_herzegovina_canton,LIVE_BIRTH,1082
1997,NUMBER,T,sarajevo_canton,LIVE_BIRTH,5245
1997,NUMBER,T,canton_10,LIVE_BIRTH,946
1997,NUMBER,M,federation_of_bih,LIVE_BIRTH,17251
1997,NUMBER,M,una-sana_canton,LIVE_BIRTH,2930
1997,NUMBER,M,posavina_canton,LIVE_BIRTH,13
1997,NUMBER,M,tuzla_canton,LIVE_BIRTH,3097
1997,NUMBER,M,zenica-doboj_canton,LIVE_BIRTH,3486
1997,NUMBER,M,bosnian-podrinje_canton,LIVE_BIRTH,255
1997,NUMBER,M,central_bosnia_canton,LIVE_BIRTH,2200
1997,NUMBER,M,herzegovina-neretva_canton,LIVE_BIRTH,1482
1997,NUMBER,M,west_herzegovina_canton,LIVE_BIRTH,584
1997,NUMBER,M,sarajevo_canton,LIVE_BIRTH,2734
1997,NUMBER,M,canton_10,LIVE_BIRTH,470
1997,NUMBER,F,federation_of_bih,LIVE_BIRTH,15752
1997,NUMBER,F,una-sana_canton,LIVE_BIRTH,2752
1997,NUMBER,F,posavina_canton,LIVE_BIRTH,9
1997,NUMBER,F,tuzla_canton,LIVE_BIRTH,2804
1997,NUMBER,F,zenica-doboj_canton,LIVE_BIRTH,3278
1997,NUMBER,F,bosnian-podrinje_canton,LIVE_BIRTH,227
1997,NUMBER,F,central_bosnia_canton,LIVE_BIRTH,1934
1997,NUMBER,F,herzegovina-neretva_canton,LIVE_BIRTH,1263
1997,NUMBER,F,west_herzegovina_canton,LIVE_BIRTH,498
1997,NUMBER,F,sarajevo_canton,LIVE_BIRTH,2511
1997,NUMBER,F,canton_10,LIVE_BIRTH,476
1998,NUMBER,T,federation_of_bih,LIVE_BIRTH,30427
1998,NUMBER,T,una-sana_canton,LIVE_BIRTH,5158
1998,NUMBER,T,posavina_canton,LIVE_BIRTH,30
1998,NUMBER,T,tuzla_canton,LIVE_BIRTH,5858
1998,NUMBER,T,zenica-doboj_canton,LIVE_BIRTH,6068
1998,NUMBER,T,bosnian-podrinje_canton,LIVE_BIRTH,406
1998,NUMBER,T,central_bosnia_canton,LIVE_BIRTH,3765
1998,NUMBER,T,herzegovina-neretva_canton,LIVE_BIRTH,2526
1998,NUMBER,T,west_herzegovina_canton,LIVE_BIRTH,913
1998,NUMBER,T,sarajevo_canton,LIVE_BIRTH,4890
1998,NUMBER,T,canton_10,LIVE_BIRTH,813
1998,NUMBER,M,federation_of_bih,LIVE_BIRTH,15811
1998,NUMBER,M,una-sana_canton,LIVE_BIRTH,442
1998,NUMBER,M,posavina_canton,LIVE_BIRTH,14
1998,NUMBER,M,tuzla_canton,LIVE_BIRTH,3032
1998,NUMBER,M,zenica-doboj_canton,LIVE_BIRTH,3169
1998,NUMBER,M,bosnian-podrinje_canton,LIVE_BIRTH,216
1998,NUMBER,M,central_bosnia_canton,LIVE_BIRTH,1904
1998,NUMBER,M,herzegovina-neretva_canton,LIVE_BIRTH,1272
1998,NUMBER,M,west_herzegovina_canton,LIVE_BIRTH,470
1998,NUMBER,M,sarajevo_canton,LIVE_BIRTH,2558
1998,NUMBER,M,canton_10,LIVE_BIRTH,442
1998,NUMBER,F,federation_of_bih,LIVE_BIRTH,14616
1998,NUMBER,F,una-sana_canton,LIVE_BIRTH,371
1998,NUMBER,F,posavina_canton,LIVE_BIRTH,16
1998,NUMBER,F,tuzla_canton,LIVE_BIRTH,2826
1998,NUMBER,F,zenica-doboj_canton,LIVE_BIRTH,2899
1998,NUMBER,F,bosnian-podrinje_canton,LIVE_BIRTH,190
1998,NUMBER,F,central_bosnia_canton,LIVE_BIRTH,1861
1998,NUMBER,F,herzegovina-neretva_canton,LIVE_BIRTH,1254
1998,NUMBER,F,west_herzegovina_canton,LIVE_BIRTH,443
1998,NUMBER,F,sarajevo_canton,LIVE_BIRTH,2332
1998,NUMBER,F,canton_10,LIVE_BIRTH,371
1999,NUMBER,T,federation_of_bih,LIVE_BIRTH,27614
1999,NUMBER,T,una-sana_canton,LIVE_BIRTH,4675
1999,NUMBER,T,posavina_canton,LIVE_BIRTH,302
1999,NUMBER,T,tuzla_canton,LIVE_BIRTH,5627
1999,NUMBER,T,zenica-doboj_canton,LIVE_BIRTH,5124
1999,NUMBER,T,bosnian-podrinje_canton,LIVE_BIRTH,360
1999,NUMBER,T,central_bosnia_canton,LIVE_BIRTH,3439
1999,NUMBER,T,herzegovina-neretva_canton,LIVE_BIRTH,2012
1999,NUMBER,T,west_herzegovina_canton,LIVE_BIRTH,654
1999,NUMBER,T,sarajevo_canton,LIVE_BIRTH,4621
1999,NUMBER,T,canton_10,LIVE_BIRTH,800
1999,NUMBER,M,federation_of_bih,LIVE_BIRTH,14046
1999,NUMBER,M,una-sana_canton,LIVE_BIRTH,2366
1999,NUMBER,M,posavina_canton,LIVE_BIRTH,159
1999,NUMBER,M,tuzla_canton,LIVE_BIRTH,2885
1999,NUMBER,M,zenica-doboj_canton,LIVE_BIRTH,2648
1999,NUMBER,M,bosnian-podrinje_canton,LIVE_BIRTH,183
1999,NUMBER,M,central_bosnia_canton,LIVE_BIRTH,1747
1999,NUMBER,M,herzegovina-neretva_canton,LIVE_BIRTH,1013
1999,NUMBER,M,west_herzegovina_canton,LIVE_BIRTH,1013
1999,NUMBER,M,sarajevo_canton,LIVE_BIRTH,2338
1999,NUMBER,M,canton_10,LIVE_BIRTH,394
1999,NUMBER,F,federation_of_bih,LIVE_BIRTH,13568
1999,NUMBER,F,una-sana_canton,LIVE_BIRTH,2309
1999,NUMBER,F,posavina_canton,LIVE_BIRTH,143
1999,NUMBER,F,tuzla_canton,LIVE_BIRTH,2742
1999,NUMBER,F,zenica-doboj_canton,LIVE_BIRTH,2476
1999,NUMBER,F,bosnian-podrinje_canton,LIVE_BIRTH,177
1999,NUMBER,F,central_bosnia_canton,LIVE_BIRTH,1692
1999,NUMBER,F,herzegovina-neretva_canton,LIVE_BIRTH,999
1999,NUMBER,F,west_herzegovina_canton,LIVE_BIRTH,999
1999,NUMBER,F,sarajevo_canton,LIVE_BIRTH,2283
1999,NUMBER,F,canton_10,LIVE_BIRTH,406
2000,NUMBER,T,federation_of_bih,LIVE_BIRTH,25255
2000,NUMBER,T,una-sana_canton,LIVE_BIRTH,3722
2000,NUMBER,T,posavina_canton,LIVE_BIRTH,344
2000,NUMBER,T,tuzla_canton,LIVE_BIRTH,5373
2000,NUMBER,T,zenica-doboj_canton,LIVE_BIRTH,4708
2000,NUMBER,T,bosnian-podrinje_canton,LIVE_BIRTH,306
2000,NUMBER,T,central_bosnia_canton,LIVE_BIRTH,3119
2000,NUMBER,T,herzegovina-neretva_canton,LIVE_BIRTH,2118
2000,NUMBER,T,west_herzegovina_canton,LIVE_BIRTH,572
2000,NUMBER,T,sarajevo_canton,LIVE_BIRTH,4268
2000,NUMBER,T,canton_10,LIVE_BIRTH,725
2000,NUMBER,M,federation_of_bih,LIVE_BIRTH,13026
2000,NUMBER,M,una-sana_canton,LIVE_BIRTH,1901
2000,NUMBER,M,posavina_canton,LIVE_BIRTH,195
2000,NUMBER,M,tuzla_canton,LIVE_BIRTH,2739
2000,NUMBER,M,zenica-doboj_canton,LIVE_BIRTH,2408
2000,NUMBER,M,bosnian-podrinje_canton,LIVE_BIRTH,152
2000,NUMBER,M,central_bosnia_canton,LIVE_BIRTH,1628
2000,NUMBER,M,herzegovina-neretva_canton,LIVE_BIRTH,1130
2000,NUMBER,M,west_herzegovina_canton,LIVE_BIRTH,287
2000,NUMBER,M,sarajevo_canton,LIVE_BIRTH,2206
2000,NUMBER,M,canton_10,LIVE_BIRTH,380
2000,NUMBER,F,federation_of_bih,LIVE_BIRTH,12229
2000,NUMBER,F,una-sana_canton,LIVE_BIRTH,1821
2000,NUMBER,F,posavina_canton,LIVE_BIRTH,149
2000,NUMBER,F,tuzla_canton,LIVE_BIRTH,2634
2000,NUMBER,F,zenica-doboj_canton,LIVE_BIRTH,2300
2000,NUMBER,F,bosnian-podrinje_canton,LIVE_BIRTH,154
2000,NUMBER,F,central_bosnia_canton,LIVE_BIRTH,1491
2000,NUMBER,F,herzegovina-neretva_canton,LIVE_BIRTH,988
2000,NUMBER,F,west_herzegovina_canton,LIVE_BIRTH,285
2000,NUMBER,F,sarajevo_canton,LIVE_BIRTH,2062
2000,NUMBER,F,canton_10,LIVE_BIRTH,345
2001,NUMBER,T,federation_of_bih,LIVE_BIRTH,23881
2001,NUMBER,T,una-sana_canton,LIVE_BIRTH,3497
2001,NUMBER,T,posavina_canton,LIVE_BIRTH,338
2001,NUMBER,T,tuzla_canton,LIVE_BIRTH,5162
2001,NUMBER,T,zenica-doboj_canton,LIVE_BIRTH,4481
2001,NUMBER,T,bosnian-podrinje_canton,LIVE_BIRTH,296
2001,NUMBER,T,central_bosnia_canton,LIVE_BIRTH,2979
2001,NUMBER,T,herzegovina-neretva_canton,LIVE_BIRTH,2043
2001,NUMBER,T,west_herzegovina_canton,LIVE_BIRTH,569
2001,NUMBER,T,sarajevo_canton,LIVE_BIRTH,3878
2001,NUMBER,T,canton_10,LIVE_BIRTH,638
2001,NUMBER,M,federation_of_bih,LIVE_BIRTH,12278
2001,NUMBER,M,una-sana_canton,LIVE_BIRTH,1802
2001,NUMBER,M,posavina_canton,LIVE_BIRTH,181
2001,NUMBER,M,tuzla_canton,LIVE_BIRTH,2678
2001,NUMBER,M,zenica-doboj_canton,LIVE_BIRTH,2292
2001,NUMBER,M,bosnian-podrinje_canton,LIVE_BIRTH,140
2001,NUMBER,M,central_bosnia_canton,LIVE_BIRTH,1561
2001,NUMBER,M,herzegovina-neretva_canton,LIVE_BIRTH,1008
2001,NUMBER,M,west_herzegovina_canton,LIVE_BIRTH,300
2001,NUMBER,M,sarajevo_canton,LIVE_BIRTH,1999
2001,NUMBER,M,canton_10,LIVE_BIRTH,317
2001,NUMBER,F,federation_of_bih,LIVE_BIRTH,11603
2001,NUMBER,F,una-sana_canton,LIVE_BIRTH,1695
2001,NUMBER,F,posavina_canton,LIVE_BIRTH,157
2001,NUMBER,F,tuzla_canton,LIVE_BIRTH,2484
2001,NUMBER,F,zenica-doboj_canton,LIVE_BIRTH,2189
2001,NUMBER,F,bosnian-podrinje_canton,LIVE_BIRTH,156
2001,NUMBER,F,central_bosnia_canton,LIVE_BIRTH,1418
2001,NUMBER,F,herzegovina-neretva_canton,LIVE_BIRTH,1035
2001,NUMBER,F,west_herzegovina_canton,LIVE_BIRTH,269
2001,NUMBER,F,sarajevo_canton,LIVE_BIRTH,1879
2001,NUMBER,F,canton_10,LIVE_BIRTH,321
2002,NUMBER,T,federation_of_bih,LIVE_BIRTH,23058
2002,NUMBER,T,una-sana_canton,LIVE_BIRTH,3208
2002,NUMBER,T,posavina_canton,LIVE_BIRTH,363
2002,NUMBER,T,tuzla_canton,LIVE_BIRTH,5079
2002,NUMBER,T,zenica-doboj_canton,LIVE_BIRTH,4195
2002,NUMBER,T,bosnian-podrinje_canton,LIVE_BIRTH,230
2002,NUMBER,T,central_bosnia_canton,LIVE_BIRTH,2873
2002,NUMBER,T,herzegovina-neretva_canton,LIVE_BIRTH,2130
2002,NUMBER,T,west_herzegovina_canton,LIVE_BIRTH,569
2002,NUMBER,T,sarajevo_canton,LIVE_BIRTH,3840
2002,NUMBER,T,canton_10,LIVE_BIRTH,571
2002,NUMBER,M,federation_of_bih,LIVE_BIRTH,11829
2002,NUMBER,M,una-sana_canton,LIVE_BIRTH,1650
2002,NUMBER,M,posavina_canton,LIVE_BIRTH,184
2002,NUMBER,M,tuzla_canton,LIVE_BIRTH,2575
2002,NUMBER,M,zenica-doboj_canton,LIVE_BIRTH,2140
2002,NUMBER,M,bosnian-podrinje_canton,LIVE_BIRTH,126
2002,NUMBER,M,central_bosnia_canton,LIVE_BIRTH,1491
2002,NUMBER,M,herzegovina-neretva_canton,LIVE_BIRTH,1092
2002,NUMBER,M,west_herzegovina_canton,LIVE_BIRTH,273
2002,NUMBER,M,sarajevo_canton,LIVE_BIRTH,2009
2002,NUMBER,M,canton_10,LIVE_BIRTH,289
2002,NUMBER,F,federation_of_bih,LIVE_BIRTH,11229
2002,NUMBER,F,una-sana_canton,LIVE_BIRTH,1558
2002,NUMBER,F,posavina_canton,LIVE_BIRTH,179
2002,NUMBER,F,tuzla_canton,LIVE_BIRTH,2504
2002,NUMBER,F,zenica-doboj_canton,LIVE_BIRTH,2055
2002,NUMBER,F,bosnian-podrinje_canton,LIVE_BIRTH,104
2002,NUMBER,F,central_bosnia_canton,LIVE_BIRTH,1382
2002,NUMBER,F,herzegovina-neretva_canton,LIVE_BIRTH,1038
2002,NUMBER,F,west_herzegovina_canton,LIVE_BIRTH,296
2002,NUMBER,F,sarajevo_canton,LIVE_BIRTH,1831
2002,NUMBER,F,canton_10,LIVE_BIRTH,282
2003,NUMBER,T,federation_of_bih,LIVE_BIRTH,22953
2003,NUMBER,T,una-sana_canton,LIVE_BIRTH,3156
2003,NUMBER,T,posavina_canton,LIVE_BIRTH,313
2003,NUMBER,T,tuzla_canton,LIVE_BIRTH,4931
2003,NUMBER,T,zenica-doboj_canton,LIVE_BIRTH,4106
2003,NUMBER,T,bosnian-podrinje_canton,LIVE_BIRTH,206
2003,NUMBER,T,central_bosnia_canton,LIVE_BIRTH,2871
2003,NUMBER,T,herzegovina-neretva_canton,LIVE_BIRTH,2131
2003,NUMBER,T,west_herzegovina_canton,LIVE_BIRTH,795
2003,NUMBER,T,sarajevo_canton,LIVE_BIRTH,3881
2003,NUMBER,T,canton_10,LIVE_BIRTH,563
2003,NUMBER,M,federation_of_bih,LIVE_BIRTH,11961
2003,NUMBER,M,una-sana_canton,LIVE_BIRTH,1631
2003,NUMBER,M,posavina_canton,LIVE_BIRTH,157
2003,NUMBER,M,tuzla_canton,LIVE_BIRTH,2527
2003,NUMBER,M,zenica-doboj_canton,LIVE_BIRTH,2124
2003,NUMBER,M,bosnian-podrinje_canton,LIVE_BIRTH,106
2003,NUMBER,M,central_bosnia_canton,LIVE_BIRTH,1505
2003,NUMBER,M,herzegovina-neretva_canton,LIVE_BIRTH,1122
2003,NUMBER,M,west_herzegovina_canton,LIVE_BIRTH,427
2003,NUMBER,M,sarajevo_canton,LIVE_BIRTH,2083
2003,NUMBER,M,canton_10,LIVE_BIRTH,279
2003,NUMBER,F,federation_of_bih,LIVE_BIRTH,10992
2003,NUMBER,F,una-sana_canton,LIVE_BIRTH,1525
2003,NUMBER,F,posavina_canton,LIVE_BIRTH,156
2003,NUMBER,F,tuzla_canton,LIVE_BIRTH,2404
2003,NUMBER,F,zenica-doboj_canton,LIVE_BIRTH,1982
2003,NUMBER,F,bosnian-podrinje_canton,LIVE_BIRTH,100
2003,NUMBER,F,central_bosnia_canton,LIVE_BIRTH,1366
2003,NUMBER,F,herzegovina-neretva_canton,LIVE_BIRTH,1009
2003,NUMBER,F,west_herzegovina_canton,LIVE_BIRTH,368
2003,NUMBER,F,sarajevo_canton,LIVE_BIRTH,1798
2003,NUMBER,F,canton_10,LIVE_BIRTH,284
2004,NUMBER,T,federation_of_bih,LIVE_BIRTH,22098
2004,NUMBER,T,una-sana_canton,LIVE_BIRTH,2954
2004,NUMBER,T,posavina_canton,LIVE_BIRTH,308
2004,NUMBER,T,tuzla_canton,LIVE_BIRTH,4683
2004,NUMBER,T,zenica-doboj_canton,LIVE_BIRTH,3984
2004,NUMBER,T,bosnian-podrinje_canton,LIVE_BIRTH,204
2004,NUMBER,T,central_bosnia_canton,LIVE_BIRTH,2750
2004,NUMBER,T,herzegovina-neretva_canton,LIVE_BIRTH,1983
2004,NUMBER,T,west_herzegovina_canton,LIVE_BIRTH,772
2004,NUMBER,T,sarajevo_canton,LIVE_BIRTH,3863
2004,NUMBER,T,canton_10,LIVE_BIRTH,597
2004,NUMBER,M,federation_of_bih,LIVE_BIRTH,11476
2004,NUMBER,M,una-sana_canton,LIVE_BIRTH,1550
2004,NUMBER,M,posavina_canton,LIVE_BIRTH,142
2004,NUMBER,M,tuzla_canton,LIVE_BIRTH,2371
2004,NUMBER,M,zenica-doboj_canton,LIVE_BIRTH,2030
2004,NUMBER,M,bosnian-podrinje_canton,LIVE_BIRTH,109
2004,NUMBER,M,central_bosnia_canton,LIVE_BIRTH,1452
2004,NUMBER,M,herzegovina-neretva_canton,LIVE_BIRTH,969
2004,NUMBER,M,west_herzegovina_canton,LIVE_BIRTH,416
2004,NUMBER,M,sarajevo_canton,LIVE_BIRTH,2035
2004,NUMBER,M,canton_10,LIVE_BIRTH,318
2004,NUMBER,F,federation_of_bih,LIVE_BIRTH,10774
2004,NUMBER,F,una-sana_canton,LIVE_BIRTH,1404
2004,NUMBER,F,posavina_canton,LIVE_BIRTH,166
2004,NUMBER,F,tuzla_canton,LIVE_BIRTH,2312
2004,NUMBER,F,zenica-doboj_canton,LIVE_BIRTH,1954
2004,NUMBER,F,bosnian-podrinje_canton,LIVE_BIRTH,95
2004,NUMBER,F,central_bosnia_canton,LIVE_BIRTH,1298
2004,NUMBER,F,herzegovina-neretva_canton,LIVE_BIRTH,1014
2004,NUMBER,F,west_herzegovina_canton,LIVE_BIRTH,356
2004,NUMBER,F,sarajevo_canton,LIVE_BIRTH,1828
2004,NUMBER,F,canton_10,LIVE_BIRTH,279
2005,NUMBER,T,federation_of_bih,LIVE_BIRTH,21795
2005,NUMBER,T,una-sana_canton,LIVE_BIRTH,2891
2005,NUMBER,T,posavina_canton,LIVE_BIRTH,284
2005,NUMBER,T,tuzla_canton,LIVE_BIRTH,4674
2005,NUMBER,T,zenica-doboj_canton,LIVE_BIRTH,3912
2005,NUMBER,T,bosnian-podrinje_canton,LIVE_BIRTH,205
2005,NUMBER,T,central_bosnia_canton,LIVE_BIRTH,2668
2005,NUMBER,T,herzegovina-neretva_canton,LIVE_BIRTH,1929
2005,NUMBER,T,west_herzegovina_canton,LIVE_BIRTH,667
2005,NUMBER,T,sarajevo_canton,LIVE_BIRTH,4004
2005,NUMBER,T,canton_10,LIVE_BIRTH,561
2005,NUMBER,M,federation_of_bih,LIVE_BIRTH,11213
2005,NUMBER,M,una-sana_canton,LIVE_BIRTH,1447
2005,NUMBER,M,posavina_canton,LIVE_BIRTH,142
2005,NUMBER,M,tuzla_canton,LIVE_BIRTH,2462
2005,NUMBER,M,zenica-doboj_canton,LIVE_BIRTH,1984
2005,NUMBER,M,bosnian-podrinje_canton,LIVE_BIRTH,105
2005,NUMBER,M,central_bosnia_canton,LIVE_BIRTH,1357
2005,NUMBER,M,herzegovina-neretva_canton,LIVE_BIRTH,993
2005,NUMBER,M,west_herzegovina_canton,LIVE_BIRTH,360
2005,NUMBER,M,sarajevo_canton,LIVE_BIRTH,2066
2005,NUMBER,M,canton_10,LIVE_BIRTH,297
2005,NUMBER,F,federation_of_bih,LIVE_BIRTH,10582
2005,NUMBER,F,una-sana_canton,LIVE_BIRTH,1444
2005,NUMBER,F,posavina_canton,LIVE_BIRTH,142
2005,NUMBER,F,tuzla_canton,LIVE_BIRTH,2212
2005,NUMBER,F,zenica-doboj_canton,LIVE_BIRTH,1928
2005,NUMBER,F,bosnian-podrinje_canton,LIVE_BIRTH,100
2005,NUMBER,F,central_bosnia_canton,LIVE_BIRTH,1311
2005,NUMBER,F,herzegovina-neretva_canton,LIVE_BIRTH,936
2005,NUMBER,F,west_herzegovina_canton,LIVE_BIRTH,307
2005,NUMBER,F,sarajevo_canton,LIVE_BIRTH,1938
2005,NUMBER,F,canton_10,LIVE_BIRTH,264
2006,NUMBER,T,federation_of_bih,LIVE_BIRTH,21503
2006,NUMBER,T,una-sana_canton,LIVE_BIRTH,2790
2006,NUMBER,T,posavina_canton,LIVE_BIRTH,265
2006,NUMBER,T,tuzla_canton,LIVE_BIRTH,4652
2006,NUMBER,T,zenica-doboj_canton,LIVE_BIRTH,3842
2006,NUMBER,T,bosnian-podrinje_canton,LIVE_BIRTH,175
2006,NUMBER,T,central_bosnia_canton,LIVE_BIRTH,2616
2006,NUMBER,T,herzegovina-neretva_canton,LIVE_BIRTH,1826
2006,NUMBER,T,west_herzegovina_canton,LIVE_BIRTH,656
2006,NUMBER,T,sarajevo_canton,LIVE_BIRTH,4131
2006,NUMBER,T,canton_10,LIVE_BIRTH,550
2006,NUMBER,M,federation_of_bih,LIVE_BIRTH,11150
2006,NUMBER,M,una-sana_canton,LIVE_BIRTH,1469
2006,NUMBER,M,posavina_canton,LIVE_BIRTH,140
2006,NUMBER,M,tuzla_canton,LIVE_BIRTH,2414
2006,NUMBER,M,zenica-doboj_canton,LIVE_BIRTH,1976
2006,NUMBER,M,bosnian-podrinje_canton,LIVE_BIRTH,97
2006,NUMBER,M,central_bosnia_canton,LIVE_BIRTH,1351
2006,NUMBER,M,herzegovina-neretva_canton,LIVE_BIRTH,951
2006,NUMBER,M,west_herzegovina_canton,LIVE_BIRTH,327
2006,NUMBER,M,sarajevo_canton,LIVE_BIRTH,2130
2006,NUMBER,M,canton_10,LIVE_BIRTH,295
2006,NUMBER,F,federation_of_bih,LIVE_BIRTH,10353
2006,NUMBER,F,una-sana_canton,LIVE_BIRTH,1321
2006,NUMBER,F,posavina_canton,LIVE_BIRTH,125
2006,NUMBER,F,tuzla_canton,LIVE_BIRTH,2238
2006,NUMBER,F,zenica-doboj_canton,LIVE_BIRTH,1866
2006,NUMBER,F,bosnian-podrinje_canton,LIVE_BIRTH,78
2006,NUMBER,F,central_bosnia_canton,LIVE_BIRTH,1265
2006,NUMBER,F,herzegovina-neretva_canton,LIVE_BIRTH,875
2006,NUMBER,F,west_herzegovina_canton,LIVE_BIRTH,329
2006,NUMBER,F,sarajevo_canton,LIVE_BIRTH,2001
2006,NUMBER,F,canton_10,LIVE_BIRTH,255
2007,NUMBER,T,federation_of_bih,LIVE_BIRTH,21628
2007,NUMBER,T,una-sana_canton,LIVE_BIRTH,2841
2007,NUMBER,T,posavina_canton,LIVE_BIRTH,278
2007,NUMBER,T,tuzla_canton,LIVE_BIRTH,4616
2007,NUMBER,T,zenica-doboj_canton,LIVE_BIRTH,3881
2007,NUMBER,T,bosnian-podrinje_canton,LIVE_BIRTH,173
2007,NUMBER,T,central_bosnia_canton,LIVE_BIRTH,2605
2007,NUMBER,T,herzegovina-neretva_canton,LIVE_BIRTH,1767
2007,NUMBER,T,west_herzegovina_canton,LIVE_BIRTH,691
2007,NUMBER,T,sarajevo_canton,LIVE_BIRTH,4283
2007,NUMBER,T,canton_10,LIVE_BIRTH,493
2007,NUMBER,M,federation_of_bih,LIVE_BIRTH,11249
2007,NUMBER,M,una-sana_canton,LIVE_BIRTH,1519
2007,NUMBER,M,posavina_canton,LIVE_BIRTH,154
2007,NUMBER,M,tuzla_canton,LIVE_BIRTH,2360
2007,NUMBER,M,zenica-doboj_canton,LIVE_BIRTH,2023
2007,NUMBER,M,bosnian-podrinje_canton,LIVE_BIRTH,77
2007,NUMBER,M,central_bosnia_canton,LIVE_BIRTH,1369
2007,NUMBER,M,herzegovina-neretva_canton,LIVE_BIRTH,925
2007,NUMBER,M,west_herzegovina_canton,LIVE_BIRTH,355
2007,NUMBER,M,sarajevo_canton,LIVE_BIRTH,2200
2007,NUMBER,M,canton_10,LIVE_BIRTH,267
2007,NUMBER,F,federation_of_bih,LIVE_BIRTH,10379
2007,NUMBER,F,una-sana_canton,LIVE_BIRTH,1322
2007,NUMBER,F,posavina_canton,LIVE_BIRTH,124
2007,NUMBER,F,tuzla_canton,LIVE_BIRTH,2256
2007,NUMBER,F,zenica-doboj_canton,LIVE_BIRTH,1858
2007,NUMBER,F,bosnian-podrinje_canton,LIVE_BIRTH,96
2007,NUMBER,F,central_bosnia_canton,LIVE_BIRTH,1236
2007,NUMBER,F,herzegovina-neretva_canton,LIVE_BIRTH,842
2007,NUMBER,F,west_herzegovina_canton,LIVE_BIRTH,336
2007,NUMBER,F,sarajevo_canton,LIVE_BIRTH,2083
2007,NUMBER,F,canton_10,LIVE_BIRTH,226
2008,NUMBER,T,federation_of_bih,LIVE_BIRTH,22819
2008,NUMBER,T,una-sana_canton,LIVE_BIRTH,2990
2008,NUMBER,T,posavina_canton,LIVE_BIRTH,251
2008,NUMBER,T,tuzla_canton,LIVE_BIRTH,4801
2008,NUMBER,T,zenica-doboj_canton,LIVE_BIRTH,4253
2008,NUMBER,T,bosnian-podrinje_canton,LIVE_BIRTH,210
2008,NUMBER,T,central_bosnia_canton,LIVE_BIRTH,2564
2008,NUMBER,T,herzegovina-neretva_canton,LIVE_BIRTH,1916
2008,NUMBER,T,west_herzegovina_canton,LIVE_BIRTH,751
2008,NUMBER,T,sarajevo_canton,LIVE_BIRTH,4621
2008,NUMBER,T,canton_10,LIVE_BIRTH,462
2008,NUMBER,M,federation_of_bih,LIVE_BIRTH,11682
2008,NUMBER,M,una-sana_canton,LIVE_BIRTH,1481
2008,NUMBER,M,posavina_canton,LIVE_BIRTH,127
2008,NUMBER,M,tuzla_canton,LIVE_BIRTH,2440
2008,NUMBER,M,zenica-doboj_canton,LIVE_BIRTH,2187
2008,NUMBER,M,bosnian-podrinje_canton,LIVE_BIRTH,119
2008,NUMBER,M,central_bosnia_canton,LIVE_BIRTH,1322
2008,NUMBER,M,herzegovina-neretva_canton,LIVE_BIRTH,1015
2008,NUMBER,M,west_herzegovina_canton,LIVE_BIRTH,381
2008,NUMBER,M,sarajevo_canton,LIVE_BIRTH,2373
2008,NUMBER,M,canton_10,LIVE_BIRTH,237
2008,NUMBER,F,federation_of_bih,LIVE_BIRTH,11137
2008,NUMBER,F,una-sana_canton,LIVE_BIRTH,1509
2008,NUMBER,F,posavina_canton,LIVE_BIRTH,124
2008,NUMBER,F,tuzla_canton,LIVE_BIRTH,2361
2008,NUMBER,F,zenica-doboj_canton,LIVE_BIRTH,2066
2008,NUMBER,F,bosnian-podrinje_canton,LIVE_BIRTH,91
2008,NUMBER,F,central_bosnia_canton,LIVE_BIRTH,1242
2008,NUMBER,F,herzegovina-neretva_canton,LIVE_BIRTH,901
2008,NUMBER,F,west_herzegovina_canton,LIVE_BIRTH,370
2008,NUMBER,F,sarajevo_canton,LIVE_BIRTH,2248
2008,NUMBER,F,canton_10,LIVE_BIRTH,225
2009,NUMBER,T,federation_of_bih,LIVE_BIRTH,22807
2009,NUMBER,T,una-sana_canton,LIVE_BIRTH,2842
2009,NUMBER,T,posavina_canton,LIVE_BIRTH,255
2009,NUMBER,T,tuzla_canton,LIVE_BIRTH,4898
2009,NUMBER,T,zenica-doboj_canton,LIVE_BIRTH,4186
2009,NUMBER,T,bosnian-podrinje_canton,LIVE_BIRTH,236
2009,NUMBER,T,central_bosnia_canton,LIVE_BIRTH,2462
2009,NUMBER,T,herzegovina-neretva_canton,LIVE_BIRTH,1870
2009,NUMBER,T,west_herzegovina_canton,LIVE_BIRTH,722
2009,NUMBER,T,sarajevo_canton,LIVE_BIRTH,4898
2009,NUMBER,T,canton_10,LIVE_BIRTH,438
2009,NUMBER,M,federation_of_bih,LIVE_BIRTH,11823
2009,NUMBER,M,una-sana_canton,LIVE_BIRTH,1468
2009,NUMBER,M,posavina_canton,LIVE_BIRTH,135
2009,NUMBER,M,tuzla_canton,LIVE_BIRTH,2552
2009,NUMBER,M,zenica-doboj_canton,LIVE_BIRTH,2192
2009,NUMBER,M,bosnian-podrinje_canton,LIVE_BIRTH,125
2009,NUMBER,M,central_bosnia_canton,LIVE_BIRTH,1280
2009,NUMBER,M,herzegovina-neretva_canton,LIVE_BIRTH,931
2009,NUMBER,M,west_herzegovina_canton,LIVE_BIRTH,368
2009,NUMBER,M,sarajevo_canton,LIVE_BIRTH,2548
2009,NUMBER,M,canton_10,LIVE_BIRTH,224
2009,NUMBER,F,federation_of_bih,LIVE_BIRTH,10984
2009,NUMBER,F,una-sana_canton,LIVE_BIRTH,1374
2009,NUMBER,F,posavina_canton,LIVE_BIRTH,120
2009,NUMBER,F,tuzla_canton,LIVE_BIRTH,2346
2009,NUMBER,F,zenica-doboj_canton,LIVE_BIRTH,1994
2009,NUMBER,F,bosnian-podrinje_canton,LIVE_BIRTH,111
2009,NUMBER,F,central_bosnia_canton,LIVE_BIRTH,1182
2009,NUMBER,F,herzegovina-neretva_canton,LIVE_BIRTH,939
2009,NUMBER,F,west_herzegovina_canton,LIVE_BIRTH,354
2009,NUMBER,F,sarajevo_canton,LIVE_BIRTH,2350
2009,NUMBER,F,canton_10,LIVE_BIRTH,214
2010,NUMBER,T,federation_of_bih,LIVE_BIRTH,22305
2010,NUMBER,T,una-sana_canton,LIVE_BIRTH,2673
2010,NUMBER,T,posavina_canton,LIVE_BIRTH,241
2010,NUMBER,T,tuzla_canton,LIVE_BIRTH,4826
2010,NUMBER,T,zenica-doboj_canton,LIVE_BIRTH,3980
2010,NUMBER,T,bosnian-podrinje_canton,LIVE_BIRTH,231
2010,NUMBER,T,central_bosnia_canton,LIVE_BIRTH,2444
2010,NUMBER,T,herzegovina-neretva_canton,LIVE_BIRTH,1903
2010,NUMBER,T,west_herzegovina_canton,LIVE_BIRTH,789
2010,NUMBER,T,sarajevo_canton,LIVE_BIRTH,4704
2010,NUMBER,T,canton_10,LIVE_BIRTH,514
2010,NUMBER,M,federation_of_bih,LIVE_BIRTH,11520
2010,NUMBER,M,una-sana_canton,LIVE_BIRTH,1361
2010,NUMBER,M,posavina_canton,LIVE_BIRTH,132
2010,NUMBER,M,tuzla_canton,LIVE_BIRTH,2512
2010,NUMBER,M,zenica-doboj_canton,LIVE_BIRTH,2008
2010,NUMBER,M,bosnian-podrinje_canton,LIVE_BIRTH,113
2010,NUMBER,M,central_bosnia_canton,LIVE_BIRTH,1282
2010,NUMBER,M,herzegovina-neretva_canton,LIVE_BIRTH,1018
2010,NUMBER,M,west_herzegovina_canton,LIVE_BIRTH,398
2010,NUMBER,M,sarajevo_canton,LIVE_BIRTH,2423
2010,NUMBER,M,canton_10,LIVE_BIRTH,273
2010,NUMBER,F,federation_of_bih,LIVE_BIRTH,10785
2010,NUMBER,F,una-sana_canton,LIVE_BIRTH,1312
2010,NUMBER,F,posavina_canton,LIVE_BIRTH,109
2010,NUMBER,F,tuzla_canton,LIVE_BIRTH,2314
2010,NUMBER,F,zenica-doboj_canton,LIVE_BIRTH,1972
2010,NUMBER,F,bosnian-podrinje_canton,LIVE_BIRTH,118
2010,NUMBER,F,central_bosnia_canton,LIVE_BIRTH,1162
2010,NUMBER,F,herzegovina-neretva_canton,LIVE_BIRTH,885
2010,NUMBER,F,west_herzegovina_canton,LIVE_BIRTH,391
2010,NUMBER,F,sarajevo_canton,LIVE_BIRTH,2281
2010,NUMBER,F,canton_10,LIVE_BIRTH,241
2011,NUMBER,T,federation_of_bih,LIVE_BIRTH,21161
2011,NUMBER,T,una-sana_canton,LIVE_BIRTH,2496
2011,NUMBER,T,posavina_canton,LIVE_BIRTH,228
2011,NUMBER,T,tuzla_canton,LIVE_BIRTH,4417
2011,NUMBER,T,zenica-doboj_canton,LIVE_BIRTH,3760
2011,NUMBER,T,bosnian-podrinje_canton,LIVE_BIRTH,191
2011,NUMBER,T,central_bosnia_canton,LIVE_BIRTH,2300
2011,NUMBER,T,herzegovina-neretva_canton,LIVE_BIRTH,1817
2011,NUMBER,T,west_herzegovina_canton,LIVE_BIRTH,772
2011,NUMBER,T,sarajevo_canton,LIVE_BIRTH,4722
2011,NUMBER,T,canton_10,LIVE_BIRTH,458
2011,NUMBER,M,federation_of_bih,LIVE_BIRTH,10981
2011,NUMBER,M,una-sana_canton,LIVE_BIRTH,1312
2011,NUMBER,M,posavina_canton,LIVE_BIRTH,112
2011,NUMBER,M,tuzla_canton,LIVE_BIRTH,2305
2011,NUMBER,M,zenica-doboj_canton,LIVE_BIRTH,1945
2011,NUMBER,M,bosnian-podrinje_canton,LIVE_BIRTH,99
2011,NUMBER,M,central_bosnia_canton,LIVE_BIRTH,1219
2011,NUMBER,M,herzegovina-neretva_canton,LIVE_BIRTH,946
2011,NUMBER,M,west_herzegovina_canton,LIVE_BIRTH,401
2011,NUMBER,M,sarajevo_canton,LIVE_BIRTH,2411
2011,NUMBER,M,canton_10,LIVE_BIRTH,231
2011,NUMBER,F,federation_of_bih,LIVE_BIRTH,10180
2011,NUMBER,F,una-sana_canton,LIVE_BIRTH,1184
2011,NUMBER,F,posavina_canton,LIVE_BIRTH,116
2011,NUMBER,F,tuzla_canton,LIVE_BIRTH,2112
2011,NUMBER,F,zenica-doboj_canton,LIVE_BIRTH,1815
2011,NUMBER,F,bosnian-podrinje_canton,LIVE_BIRTH,92
2011,NUMBER,F,central_bosnia_canton,LIVE_BIRTH,1081
2011,NUMBER,F,herzegovina-neretva_canton,LIVE_BIRTH,871
2011,NUMBER,F,west_herzegovina_canton,LIVE_BIRTH,371
2011,NUMBER,F,sarajevo_canton,LIVE_BIRTH,2311
2011,NUMBER,F,canton_10,LIVE_BIRTH,227
2012,NUMBER,T,federation_of_bih,LIVE_BIRTH,21389
2012,NUMBER,T,una-sana_canton,LIVE_BIRTH,2351
2012,NUMBER,T,posavina_canton,LIVE_BIRTH,220
2012,NUMBER,T,tuzla_canton,LIVE_BIRTH,4587
2012,NUMBER,T,zenica-doboj_canton,LIVE_BIRTH,3807
2012,NUMBER,T,bosnian-podrinje_canton,LIVE_BIRTH,216
2012,NUMBER,T,central_bosnia_canton,LIVE_BIRTH,2361
2012,NUMBER,T,herzegovina-neretva_canton,LIVE_BIRTH,1901
2012,NUMBER,T,west_herzegovina_canton,LIVE_BIRTH,798
2012,NUMBER,T,sarajevo_canton,LIVE_BIRTH,4682
2012,NUMBER,T,canton_10,LIVE_BIRTH,466
2012,NUMBER,M,federation_of_bih,LIVE_BIRTH,11110
2012,NUMBER,M,una-sana_canton,LIVE_BIRTH,1227
2012,NUMBER,M,posavina_canton,LIVE_BIRTH,125
2012,NUMBER,M,tuzla_canton,LIVE_BIRTH,2351
2012,NUMBER,M,zenica-doboj_canton,LIVE_BIRTH,1995
2012,NUMBER,M,bosnian-podrinje_canton,LIVE_BIRTH,121
2012,NUMBER,M,central_bosnia_canton,LIVE_BIRTH,1207
2012,NUMBER,M,herzegovina-neretva_canton,LIVE_BIRTH,985
2012,NUMBER,M,west_herzegovina_canton,LIVE_BIRTH,397
2012,NUMBER,M,sarajevo_canton,LIVE_BIRTH,2465
2012,NUMBER,M,canton_10,LIVE_BIRTH,237
2012,NUMBER,F,federation_of_bih,LIVE_BIRTH,10279
2012,NUMBER,F,una-sana_canton,LIVE_BIRTH,1124
2012,NUMBER,F,posavina_canton,LIVE_BIRTH,95
2012,NUMBER,F,tuzla_canton,LIVE_BIRTH,2236
2012,NUMBER,F,zenica-doboj_canton,LIVE_BIRTH,1812
2012,NUMBER,F,bosnian-podrinje_canton,LIVE_BIRTH,95
2012,NUMBER,F,central_bosnia_canton,LIVE_BIRTH,1154
2012,NUMBER,F,herzegovina-neretva_canton,LIVE_BIRTH,916
2012,NUMBER,F,west_herzegovina_canton,LIVE_BIRTH,401
2012,NUMBER,F,sarajevo_canton,LIVE_BIRTH,2217
2012,NUMBER,F,canton_10,LIVE_BIRTH,229
2013,NUMBER,T,federation_of_bih,LIVE_BIRTH,20083
2013,NUMBER,T,una-sana_canton,LIVE_BIRTH,2174
2013,NUMBER,T,posavina_canton,LIVE_BIRTH,167
2013,NUMBER,T,tuzla_canton,LIVE_BIRTH,4323
2013,NUMBER,T,zenica-doboj_canton,LIVE_BIRTH,3416
2013,NUMBER,T,bosnian-podrinje_canton,LIVE_BIRTH,236
2013,NUMBER,T,central_bosnia_canton,LIVE_BIRTH,2184
2013,NUMBER,T,herzegovina-neretva_canton,LIVE_BIRTH,1831
2013,NUMBER,T,west_herzegovina_canton,LIVE_BIRTH,773
2013,NUMBER,T,sarajevo_canton,LIVE_BIRTH,4550
2013,NUMBER,T,canton_10,LIVE_BIRTH,429
2013,NUMBER,M,federation_of_bih,LIVE_BIRTH,10358
2013,NUMBER,M,una-sana_canton,LIVE_BIRTH,1108
2013,NUMBER,M,posavina_canton,LIVE_BIRTH,85
2013,NUMBER,M,tuzla_canton,LIVE_BIRTH,2243
2013,NUMBER,M,zenica-doboj_canton,LIVE_BIRTH,1799
2013,NUMBER,M,bosnian-podrinje_canton,LIVE_BIRTH,132
2013,NUMBER,M,central_bosnia_canton,LIVE_BIRTH,1126
2013,NUMBER,M,herzegovina-neretva_canton,LIVE_BIRTH,939
2013,NUMBER,M,west_herzegovina_canton,LIVE_BIRTH,399
2013,NUMBER,M,sarajevo_canton,LIVE_BIRTH,2305
2013,NUMBER,M,canton_10,LIVE_BIRTH,222
2013,NUMBER,F,federation_of_bih,LIVE_BIRTH,9725
2013,NUMBER,F,una-sana_canton,LIVE_BIRTH,1066
2013,NUMBER,F,posavina_canton,LIVE_BIRTH,82
2013,NUMBER,F,tuzla_canton,LIVE_BIRTH,2080
2013,NUMBER,F,zenica-doboj_canton,LIVE_BIRTH,1617
2013,NUMBER,F,bosnian-podrinje_canton,LIVE_BIRTH,104
2013,NUMBER,F,central_bosnia_canton,LIVE_BIRTH,1058
2013,NUMBER,F,herzegovina-neretva_canton,LIVE_BIRTH,892
2013,NUMBER,F,west_herzegovina_canton,LIVE_BIRTH,374
2013,NUMBER,F,sarajevo_canton,LIVE_BIRTH,2245
2013,NUMBER,F,canton_10,LIVE_BIRTH,207
2014,NUMBER,T,federation_of_bih,LIVE_BIRTH,19823
2014,NUMBER,T,una-sana_canton,LIVE_BIRTH,2154
2014,NUMBER,T,posavina_canton,LIVE_BIRTH,212
2014,NUMBER,T,tuzla_canton,LIVE_BIRTH,4069
2014,NUMBER,T,zenica-doboj_canton,LIVE_BIRTH,3391
2014,NUMBER,T,bosnian-podrinje_canton,LIVE_BIRTH,268
2014,NUMBER,T,central_bosnia_canton,LIVE_BIRTH,2090
2014,NUMBER,T,herzegovina-neretva_canton,LIVE_BIRTH,1824
2014,NUMBER,T,west_herzegovina_canton,LIVE_BIRTH,816
2014,NUMBER,T,sarajevo_canton,LIVE_BIRTH,4566
2014,NUMBER,T,canton_10,LIVE_BIRTH,433
2014,NUMBER,M,federation_of_bih,LIVE_BIRTH,10156
2014,NUMBER,M,una-sana_canton,LIVE_BIRTH,1112
2014,NUMBER,M,posavina_canton,LIVE_BIRTH,107
2014,NUMBER,M,tuzla_canton,LIVE_BIRTH,2091
2014,NUMBER,M,zenica-doboj_canton,LIVE_BIRTH,1724
2014,NUMBER,M,bosnian-podrinje_canton,LIVE_BIRTH,134
2014,NUMBER,M,central_bosnia_canton,LIVE_BIRTH,1088
2014,NUMBER,M,herzegovina-neretva_canton,LIVE_BIRTH,921
2014,NUMBER,M,west_herzegovina_canton,LIVE_BIRTH,403
2014,NUMBER,M,sarajevo_canton,LIVE_BIRTH,2355
2014,NUMBER,M,canton_10,LIVE_BIRTH,221
2014,NUMBER,F,federation_of_bih,LIVE_BIRTH,9667
2014,NUMBER,F,una-sana_canton,LIVE_BIRTH,1042
2014,NUMBER,F,posavina_canton,LIVE_BIRTH,105
2014,NUMBER,F,tuzla_canton,LIVE_BIRTH,1978
2014,NUMBER,F,zenica-doboj_canton,LIVE_BIRTH,1667
2014,NUMBER,F,bosnian-podrinje_canton,LIVE_BIRTH,134
2014,NUMBER,F,central_bosnia_canton,LIVE_BIRTH,1002
2014,NUMBER,F,herzegovina-neretva_canton,LIVE_BIRTH,903
2014,NUMBER,F,west_herzegovina_canton,LIVE_BIRTH,413
2014,NUMBER,F,sarajevo_canton,LIVE_BIRTH,2211
2014,NUMBER,F,canton_10,LIVE_BIRTH,212
2015,NUMBER,T,federation_of_bih,LIVE_BIRTH,19317
2015,NUMBER,T,una-sana_canton,LIVE_BIRTH,2096
2015,NUMBER,T,posavina_canton,LIVE_BIRTH,193
2015,NUMBER,T,tuzla_canton,LIVE_BIRTH,3888
2015,NUMBER,T,zenica-doboj_canton,LIVE_BIRTH,3438
2015,NUMBER,T,bosnian-podrinje_canton,LIVE_BIRTH,214
2015,NUMBER,T,central_bosnia_canton,LIVE_BIRTH,1965
2015,NUMBER,T,herzegovina-neretva_canton,LIVE_BIRTH,1762
2015,NUMBER,T,west_herzegovina_canton,LIVE_BIRTH,734
2015,NUMBER,T,sarajevo_canton,LIVE_BIRTH,4619
2015,NUMBER,T,canton_10,LIVE_BIRTH,408
2015,NUMBER,M,federation_of_bih,LIVE_BIRTH,9868
2015,NUMBER,M,una-sana_canton,LIVE_BIRTH,1098
2015,NUMBER,M,posavina_canton,LIVE_BIRTH,108
2015,NUMBER,M,tuzla_canton,LIVE_BIRTH,1919
2015,NUMBER,M,zenica-doboj_canton,LIVE_BIRTH,1782
2015,NUMBER,M,bosnian-podrinje_canton,LIVE_BIRTH,114
2015,NUMBER,M,central_bosnia_canton,LIVE_BIRTH,1047
2015,NUMBER,M,herzegovina-neretva_canton,LIVE_BIRTH,913
2015,NUMBER,M,west_herzegovina_canton,LIVE_BIRTH,390
2015,NUMBER,M,sarajevo_canton,LIVE_BIRTH,2304
2015,NUMBER,M,canton_10,LIVE_BIRTH,193
2015,NUMBER,F,federation_of_bih,LIVE_BIRTH,9449
2015,NUMBER,F,una-sana_canton,LIVE_BIRTH,998
2015,NUMBER,F,posavina_canton,LIVE_BIRTH,85
2015,NUMBER,F,tuzla_canton,LIVE_BIRTH,1969
2015,NUMBER,F,zenica-doboj_canton,LIVE_BIRTH,1656
2015,NUMBER,F,bosnian-podrinje_canton,LIVE_BIRTH,100
2015,NUMBER,F,central_bosnia_canton,LIVE_BIRTH,918
2015,NUMBER,F,herzegovina-neretva_canton,LIVE_BIRTH,849
2015,NUMBER,F,west_herzegovina_canton,LIVE_BIRTH,344
2015,NUMBER,F,sarajevo_canton,LIVE_BIRTH,2315
2015,NUMBER,F,canton_10,LIVE_BIRTH,215
2016,NUMBER,T,federation_of_bih,LIVE_BIRTH,19655
2016,NUMBER,T,una-sana_canton,LIVE_BIRTH,2105
2016,NUMBER,T,posavina_canton,LIVE_BIRTH,144
2016,NUMBER,T,tuzla_canton,LIVE_BIRTH,3903
2016,NUMBER,T,zenica-doboj_canton,LIVE_BIRTH,3452
2016,NUMBER,T,bosnian-podrinje_canton,LIVE_BIRTH,234
2016,NUMBER,T,central_bosnia_canton,LIVE_BIRTH,2135
2016,NUMBER,T,herzegovina-neretva_canton,LIVE_BIRTH,1833
2016,NUMBER,T,west_herzegovina_canton,LIVE_BIRTH,709
2016,NUMBER,T,sarajevo_canton,LIVE_BIRTH,4774
2016,NUMBER,T,canton_10,LIVE_BIRTH,366
2016,NUMBER,M,federation_of_bih,LIVE_BIRTH,10214
2016,NUMBER,M,una-sana_canton,LIVE_BIRTH,1090
2016,NUMBER,M,posavina_canton,LIVE_BIRTH,75
2016,NUMBER,M,tuzla_canton,LIVE_BIRTH,1995
2016,NUMBER,M,zenica-doboj_canton,LIVE_BIRTH,1816
2016,NUMBER,M,bosnian-podrinje_canton,LIVE_BIRTH,131
2016,NUMBER,M,central_bosnia_canton,LIVE_BIRTH,1106
2016,NUMBER,M,herzegovina-neretva_canton,LIVE_BIRTH,915
2016,NUMBER,M,west_herzegovina_canton,LIVE_BIRTH,371
2016,NUMBER,M,sarajevo_canton,LIVE_BIRTH,2516
2016,NUMBER,M,canton_10,LIVE_BIRTH,199
2016,NUMBER,F,federation_of_bih,LIVE_BIRTH,9441
2016,NUMBER,F,una-sana_canton,LIVE_BIRTH,1015
2016,NUMBER,F,posavina_canton,LIVE_BIRTH,69
2016,NUMBER,F,tuzla_canton,LIVE_BIRTH,1908
2016,NUMBER,F,zenica-doboj_canton,LIVE_BIRTH,1636
2016,NUMBER,F,bosnian-podrinje_canton,LIVE_BIRTH,103
2016,NUMBER,F,central_bosnia_canton,LIVE_BIRTH,1029
2016,NUMBER,F,herzegovina-neretva_canton,LIVE_BIRTH,918
2016,NUMBER,F,west_herzegovina_canton,LIVE_BIRTH,338
2016,NUMBER,F,sarajevo_canton,LIVE_BIRTH,2258
2016,NUMBER,F,canton_10,LIVE_BIRTH,167
2017,NUMBER,T,federation_of_bih,LIVE_BIRTH,19824
2017,NUMBER,T,una-sana_canton,LIVE_BIRTH,2057
2017,NUMBER,T,posavina_canton,LIVE_BIRTH,154
2017,NUMBER,T,tuzla_canton,LIVE_BIRTH,3966
2017,NUMBER,T,zenica-doboj_canton,LIVE_BIRTH,3585
2017,NUMBER,T,bosnian-podrinje_canton,LIVE_BIRTH,241
2017,NUMBER,T,central_bosnia_canton,LIVE_BIRTH,2167
2017,NUMBER,T,herzegovina-neretva_canton,LIVE_BIRTH,1712
2017,NUMBER,T,west_herzegovina_canton,LIVE_BIRTH,709
2017,NUMBER,T,sarajevo_canton,LIVE_BIRTH,4856
2017,NUMBER,T,canton_10,LIVE_BIRTH,377
2017,NUMBER,M,federation_of_bih,LIVE_BIRTH,10247
2017,NUMBER,M,una-sana_canton,LIVE_BIRTH,1051
2017,NUMBER,M,posavina_canton,LIVE_BIRTH,75
2017,NUMBER,M,tuzla_canton,LIVE_BIRTH,2036
2017,NUMBER,M,zenica-doboj_canton,LIVE_BIRTH,1827
2017,NUMBER,M,bosnian-podrinje_canton,LIVE_BIRTH,133
2017,NUMBER,M,central_bosnia_canton,LIVE_BIRTH,1189
2017,NUMBER,M,herzegovina-neretva_canton,LIVE_BIRTH,919
2017,NUMBER,M,west_herzegovina_canton,LIVE_BIRTH,364
2017,NUMBER,M,sarajevo_canton,LIVE_BIRTH,2459
2017,NUMBER,M,canton_10,LIVE_BIRTH,194
2017,NUMBER,F,federation_of_bih,LIVE_BIRTH,9577
2017,NUMBER,F,una-sana_canton,LIVE_BIRTH,1006
2017,NUMBER,F,posavina_canton,LIVE_BIRTH,79
2017,NUMBER,F,tuzla_canton,LIVE_BIRTH,1930
2017,NUMBER,F,zenica-doboj_canton,LIVE_BIRTH,1758
2017,NUMBER,F,bosnian-podrinje_canton,LIVE_BIRTH,108
2017,NUMBER,F,central_bosnia_canton,LIVE_BIRTH,978
2017,NUMBER,F,herzegovina-neretva_canton,LIVE_BIRTH,793
2017,NUMBER,F,west_herzegovina_canton,LIVE_BIRTH,345
2017,NUMBER,F,sarajevo_canton,LIVE_BIRTH,2397
2017,NUMBER,F,canton_10,LIVE_BIRTH,183
2018,NUMBER,T,federation_of_bih,LIVE_BIRTH,18899
2018,NUMBER,T,una-sana_canton,LIVE_BIRTH,1804
2018,NUMBER,T,posavina_canton,LIVE_BIRTH,151
2018,NUMBER,T,tuzla_canton,LIVE_BIRTH,3723
2018,NUMBER,T,zenica-doboj_canton,LIVE_BIRTH,3488
2018,NUMBER,T,bosnian-podrinje_canton,LIVE_BIRTH,240
2018,NUMBER,T,central_bosnia_canton,LIVE_BIRTH,2040
2018,NUMBER,T,herzegovina-neretva_canton,LIVE_BIRTH,1790
2018,NUMBER,T,west_herzegovina_canton,LIVE_BIRTH,760
2018,NUMBER,T,sarajevo_canton,LIVE_BIRTH,4530
2018,NUMBER,T,canton_10,LIVE_BIRTH,373
2018,NUMBER,M,federation_of_bih,LIVE_BIRTH,9742
2018,NUMBER,M,una-sana_canton,LIVE_BIRTH,975
2018,NUMBER,M,posavina_canton,LIVE_BIRTH,68
2018,NUMBER,M,tuzla_canton,LIVE_BIRTH,1895
2018,NUMBER,M,zenica-doboj_canton,LIVE_BIRTH,1760
2018,NUMBER,M,bosnian-podrinje_canton,LIVE_BIRTH,125
2018,NUMBER,M,central_bosnia_canton,LIVE_BIRTH,1059
2018,NUMBER,M,herzegovina-neretva_canton,LIVE_BIRTH,914
2018,NUMBER,M,west_herzegovina_canton,LIVE_BIRTH,397
2018,NUMBER,M,sarajevo_canton,LIVE_BIRTH,2340
2018,NUMBER,M,canton_10,LIVE_BIRTH,209
2019,NUMBER,M,federation_of_bih,LIVE_BIRTH,9342
2018,NUMBER,F,federation_of_bih,LIVE_BIRTH,9157
2018,NUMBER,F,una-sana_canton,LIVE_BIRTH,829
2018,NUMBER,F,posavina_canton,LIVE_BIRTH,83
2018,NUMBER,F,tuzla_canton,LIVE_BIRTH,1828
2018,NUMBER,F,zenica-doboj_canton,LIVE_BIRTH,1728
2018,NUMBER,F,bosnian-podrinje_canton,LIVE_BIRTH,115
2018,NUMBER,F,central_bosnia_canton,LIVE_BIRTH,981
2018,NUMBER,F,herzegovina-neretva_canton,LIVE_BIRTH,876
2018,NUMBER,F,west_herzegovina_canton,LIVE_BIRTH,363
2018,NUMBER,F,sarajevo_canton,LIVE_BIRTH,2190
2018,NUMBER,F,canton_10,LIVE_BIRTH,164
2019,NUMBER,T,federation_of_bih,LIVE_BIRTH,18019
2019,NUMBER,T,una-sana_canton,LIVE_BIRTH,1735
2019,NUMBER,T,posavina_canton,LIVE_BIRTH,124
2019,NUMBER,T,tuzla_canton,LIVE_BIRTH,3636
2019,NUMBER,T,zenica-doboj_canton,LIVE_BIRTH,3337
2019,NUMBER,T,bosnian-podrinje_canton,LIVE_BIRTH,200
2019,NUMBER,T,central_bosnia_canton,LIVE_BIRTH,1929
2019,NUMBER,T,herzegovina-neretva_canton,LIVE_BIRTH,1632
2019,NUMBER,T,west_herzegovina_canton,LIVE_BIRTH,729
2019,NUMBER,T,sarajevo_canton,LIVE_BIRTH,4339
2019,NUMBER,T,canton_10,LIVE_BIRTH,358
2019,NUMBER,M,federation_of_bih,LIVE_BIRTH,9342
2019,NUMBER,M,una-sana_canton,LIVE_BIRTH,876
2019,NUMBER,M,posavina_canton,LIVE_BIRTH,68
2019,NUMBER,M,tuzla_canton,LIVE_BIRTH,1887
2019,NUMBER,M,zenica-doboj_canton,LIVE_BIRTH,1733
2019,NUMBER,M,bosnian-podrinje_canton,LIVE_BIRTH,100
2019,NUMBER,M,central_bosnia_canton,LIVE_BIRTH,1041
2019,NUMBER,M,herzegovina-neretva_canton,LIVE_BIRTH,823
2019,NUMBER,M,west_herzegovina_canton,LIVE_BIRTH,381
2019,NUMBER,M,sarajevo_canton,LIVE_BIRTH,2249
2019,NUMBER,M,canton_10,LIVE_BIRTH,184
2019,NUMBER,F,federation_of_bih,LIVE_BIRTH,8677
2019,NUMBER,F,una-sana_canton,LIVE_BIRTH,859
2019,NUMBER,F,posavina_canton,LIVE_BIRTH,56
2019,NUMBER,F,tuzla_canton,LIVE_BIRTH,1749
2019,NUMBER,F,zenica-doboj_canton,LIVE_BIRTH,1604
2019,NUMBER,F,bosnian-podrinje_canton,LIVE_BIRTH,100
2019,NUMBER,F,central_bosnia_canton,LIVE_BIRTH,888
2019,NUMBER,F,herzegovina-neretva_canton,LIVE_BIRTH,809
2019,NUMBER,F,west_herzegovina_canton,LIVE_BIRTH,348
2019,NUMBER,F,sarajevo_canton,LIVE_BIRTH,2090
2019,NUMBER,F,canton_10,LIVE_BIRTH,174
2020,NUMBER,T,federation_of_bih,LIVE_BIRTH,17211
2020,NUMBER,T,una-sana_canton,LIVE_BIRTH,1552
2020,NUMBER,T,posavina_canton,LIVE_BIRTH,128
2020,NUMBER,T,tuzla_canton,LIVE_BIRTH,3425
2020,NUMBER,T,zenica-doboj_canton,LIVE_BIRTH,3259
2020,NUMBER,T,bosnian-podrinje_canton,LIVE_BIRTH,173
2020,NUMBER,T,central_bosnia_canton,LIVE_BIRTH,1854
2020,NUMBER,T,herzegovina-neretva_canton,LIVE_BIRTH,1532
2020,NUMBER,T,west_herzegovina_canton,LIVE_BIRTH,756
2020,NUMBER,T,sarajevo_canton,LIVE_BIRTH,4206
2020,NUMBER,T,canton_10,LIVE_BIRTH,326
2020,NUMBER,M,federation_of_bih,LIVE_BIRTH,8901
2020,NUMBER,M,una-sana_canton,LIVE_BIRTH,808
2020,NUMBER,M,posavina_canton,LIVE_BIRTH,69
2020,NUMBER,M,tuzla_canton,LIVE_BIRTH,1775
2020,NUMBER,M,zenica-doboj_canton,LIVE_BIRTH,1683
2020,NUMBER,M,bosnian-podrinje_canton,LIVE_BIRTH,88
2020,NUMBER,M,central_bosnia_canton,LIVE_BIRTH,978
2020,NUMBER,M,herzegovina-neretva_canton,LIVE_BIRTH,805
2020,NUMBER,M,west_herzegovina_canton,LIVE_BIRTH,373
2020,NUMBER,M,sarajevo_canton,LIVE_BIRTH,2164
2020,NUMBER,M,canton_10,LIVE_BIRTH,158
2020,NUMBER,F,federation_of_bih,LIVE_BIRTH,8310
2020,NUMBER,F,una-sana_canton,LIVE_BIRTH,744
2020,NUMBER,F,posavina_canton,LIVE_BIRTH,59
2020,NUMBER,F,tuzla_canton,LIVE_BIRTH,1650
2020,NUMBER,F,zenica-doboj_canton,LIVE_BIRTH,1576
2020,NUMBER,F,bosnian-podrinje_canton,LIVE_BIRTH,85
2020,NUMBER,F,central_bosnia_canton,LIVE_BIRTH,876
2020,NUMBER,F,herzegovina-neretva_canton,LIVE_BIRTH,727
2020,NUMBER,F,west_herzegovina_canton,LIVE_BIRTH,383
2020,NUMBER,F,sarajevo_canton,LIVE_BIRTH,2042
2020,NUMBER,F,canton_10,LIVE_BIRTH,168
2021,NUMBER,T,federation_of_bih,LIVE_BIRTH,16873
2021,NUMBER,T,una-sana_canton,LIVE_BIRTH,1397
2021,NUMBER,T,posavina_canton,LIVE_BIRTH,139
2021,NUMBER,T,tuzla_canton,LIVE_BIRTH,3354
2021,NUMBER,T,zenica-doboj_canton,LIVE_BIRTH,3172
2021,NUMBER,T,bosnian-podrinje_canton,LIVE_BIRTH,150
2021,NUMBER,T,central_bosnia_canton,LIVE_BIRTH,1825
2021,NUMBER,T,herzegovina-neretva_canton,LIVE_BIRTH,1593
2021,NUMBER,T,west_herzegovina_canton,LIVE_BIRTH,815
2021,NUMBER,T,sarajevo_canton,LIVE_BIRTH,4093
2021,NUMBER,T,canton_10,LIVE_BIRTH,335
2021,NUMBER,M,federation_of_bih,LIVE_BIRTH,8621
2021,NUMBER,M,una-sana_canton,LIVE_BIRTH,720
2021,NUMBER,M,posavina_canton,LIVE_BIRTH,71
2021,NUMBER,M,tuzla_canton,LIVE_BIRTH,1714
2021,NUMBER,M,zenica-doboj_canton,LIVE_BIRTH,1637
2021,NUMBER,M,bosnian-podrinje_canton,LIVE_BIRTH,78
2021,NUMBER,M,central_bosnia_canton,LIVE_BIRTH,904
2021,NUMBER,M,herzegovina-neretva_canton,LIVE_BIRTH,802
2021,NUMBER,M,west_herzegovina_canton,LIVE_BIRTH,427
2021,NUMBER,M,sarajevo_canton,LIVE_BIRTH,2080
2021,NUMBER,M,canton_10,LIVE_BIRTH,188
2021,NUMBER,F,federation_of_bih,LIVE_BIRTH,8252
2021,NUMBER,F,una-sana_canton,LIVE_BIRTH,677
2021,NUMBER,F,posavina_canton,LIVE_BIRTH,68
2021,NUMBER,F,tuzla_canton,LIVE_BIRTH,1640
2021,NUMBER,F,zenica-doboj_canton,LIVE_BIRTH,1535
2021,NUMBER,F,bosnian-podrinje_canton,LIVE_BIRTH,72
2021,NUMBER,F,central_bosnia_canton,LIVE_BIRTH,921
2021,NUMBER,F,herzegovina-neretva_canton,LIVE_BIRTH,791
2021,NUMBER,F,west_herzegovina_canton,LIVE_BIRTH,388
2021,NUMBER,F,sarajevo_canton,LIVE_BIRTH,2013
2021,NUMBER,F,canton_10,LIVE_BIRTH,147
2022,NUMBER,T,federation_of_bih,LIVE_BIRTH,16538
2022,NUMBER,T,una-sana_canton,LIVE_BIRTH,1426
2022,NUMBER,T,posavina_canton,LIVE_BIRTH,124
2022,NUMBER,T,tuzla_canton,LIVE_BIRTH,3266
2022,NUMBER,T,zenica-doboj_canton,LIVE_BIRTH,3038
2022,NUMBER,T,bosnian-podrinje_canton,LIVE_BIRTH,152
2022,NUMBER,T,central_bosnia_canton,LIVE_BIRTH,1701
2022,NUMBER,T,herzegovina-neretva_canton,LIVE_BIRTH,1500
2022,NUMBER,T,west_herzegovina_canton,LIVE_BIRTH,849
2022,NUMBER,T,sarajevo_canton,LIVE_BIRTH,4146
2022,NUMBER,T,canton_10,LIVE_BIRTH,336
2022,NUMBER,M,federation_of_bih,LIVE_BIRTH,8525
2022,NUMBER,M,una-sana_canton,LIVE_BIRTH,723
2022,NUMBER,M,posavina_canton,LIVE_BIRTH,66
2022,NUMBER,M,tuzla_canton,LIVE_BIRTH,1669
2022,NUMBER,M,zenica-doboj_canton,LIVE_BIRTH,1558
2022,NUMBER,M,bosnian-podrinje_canton,LIVE_BIRTH,85
2022,NUMBER,M,central_bosnia_canton,LIVE_BIRTH,931
2022,NUMBER,M,herzegovina-neretva_canton,LIVE_BIRTH,793
2022,NUMBER,M,west_herzegovina_canton,LIVE_BIRTH,432
2022,NUMBER,M,sarajevo_canton,LIVE_BIRTH,2094
2022,NUMBER,M,canton_10,LIVE_BIRTH,174
2022,NUMBER,F,federation_of_bih,LIVE_BIRTH,8013
2022,NUMBER,F,una-sana_canton,LIVE_BIRTH,703
2022,NUMBER,F,posavina_canton,LIVE_BIRTH,58
2022,NUMBER,F,tuzla_canton,LIVE_BIRTH,1597
2022,NUMBER,F,zenica-doboj_canton,LIVE_BIRTH,1480
2022,NUMBER,F,bosnian-podrinje_canton,LIVE_BIRTH,67
2022,NUMBER,F,central_bosnia_canton,LIVE_BIRTH,770
2022,NUMBER,F,herzegovina-neretva_canton,LIVE_BIRTH,707
2022,NUMBER,F,west_herzegovina_canton,LIVE_BIRTH,417
2022,NUMBER,F,sarajevo_canton,LIVE_BIRTH,2052
2022,NUMBER,F,canton_10,LIVE_BIRTH,162
2023,NUMBER,T,federation_of_bih,LIVE_BIRTH,16174
2023,NUMBER,T,una-sana_canton,LIVE_BIRTH,1285
2023,NUMBER,T,posavina_canton,LIVE_BIRTH,120
2023,NUMBER,T,tuzla_canton,LIVE_BIRTH,3233
2023,NUMBER,T,zenica-doboj_canton,LIVE_BIRTH,3026
2023,NUMBER,T,bosnian-podrinje_canton,LIVE_BIRTH,196
2023,NUMBER,T,central_bosnia_canton,LIVE_BIRTH,1670
2023,NUMBER,T,herzegovina-neretva_canton,LIVE_BIRTH,1385
2023,NUMBER,T,west_herzegovina_canton,LIVE_BIRTH,876
2023,NUMBER,T,sarajevo_canton,LIVE_BIRTH,4089
2023,NUMBER,T,canton_10,LIVE_BIRTH,294
2023,NUMBER,M,federation_of_bih,LIVE_BIRTH,8588
2023,NUMBER,M,una-sana_canton,LIVE_BIRTH,679
2023,NUMBER,M,posavina_canton,LIVE_BIRTH,61
2023,NUMBER,M,tuzla_canton,LIVE_BIRTH,1744
2023,NUMBER,M,zenica-doboj_canton,LIVE_BIRTH,1576
2023,NUMBER,M,bosnian-podrinje_canton,LIVE_BIRTH,111
2023,NUMBER,M,central_bosnia_canton,LIVE_BIRTH,903
2023,NUMBER,M,herzegovina-neretva_canton,LIVE_BIRTH,746
2023,NUMBER,M,west_herzegovina_canton,LIVE_BIRTH,468
2023,NUMBER,M,sarajevo_canton,LIVE_BIRTH,2157
2023,NUMBER,M,canton_10,LIVE_BIRTH,143
2023,NUMBER,F,federation_of_bih,LIVE_BIRTH,7586
2023,NUMBER,F,una-sana_canton,LIVE_BIRTH,606
2023,NUMBER,F,posavina_canton,LIVE_BIRTH,59
2023,NUMBER,F,tuzla_canton,LIVE_BIRTH,1489
2023,NUMBER,F,zenica-doboj_canton,LIVE_BIRTH,1450
2023,NUMBER,F,bosnian-podrinje_canton,LIVE_BIRTH,85
2023,NUMBER,F,central_bosnia_canton,LIVE_BIRTH,767
2023,NUMBER,F,herzegovina-neretva_canton,LIVE_BIRTH,639
2023,NUMBER,F,west_herzegovina_canton,LIVE_BIRTH,408
2023,NUMBER,F,sarajevo_canton,LIVE_BIRTH,1932
2023,NUMBER,F,canton_10,LIVE_BIRTH,151
1996,NUMBER,T,federation_of_bih,DEATHS,13753
1996,NUMBER,T,una-sana_canton,DEATHS,1663
1996,NUMBER,T,posavina_canton,DEATHS,130
1996,NUMBER,T,tuzla_canton,DEATHS,2351
1996,NUMBER,T,zenica-doboj_canton,DEATHS,2625
1996,NUMBER,T,bosnian-podrinje_canton,DEATHS,210
1996,NUMBER,T,central_bosnia_canton,DEATHS,1604
1996,NUMBER,T,herzegovina-neretva_canton,DEATHS,1426
1996,NUMBER,T,west_herzegovina_canton,DEATHS,674
1996,NUMBER,T,sarajevo_canton,DEATHS,2538
1996,NUMBER,T,canton_10,DEATHS,532
1996,NUMBER,M,federation_of_bih,DEATHS,7645
1996,NUMBER,M,una-sana_canton,DEATHS,980
1996,NUMBER,M,posavina_canton,DEATHS,73
1996,NUMBER,M,tuzla_canton,DEATHS,1330
1996,NUMBER,M,zenica-doboj_canton,DEATHS,1439
1996,NUMBER,M,bosnian-podrinje_canton,DEATHS,112
1996,NUMBER,M,central_bosnia_canton,DEATHS,919
1996,NUMBER,M,herzegovina-neretva_canton,DEATHS,760
1996,NUMBER,M,west_herzegovina_canton,DEATHS,323
1996,NUMBER,M,sarajevo_canton,DEATHS,1424
1996,NUMBER,M,canton_10,DEATHS,285
1996,NUMBER,F,una-sana_canton,DEATHS,683
1996,NUMBER,F,federation_of_bih,DEATHS,6108
1996,NUMBER,F,posavina_canton,DEATHS,57
1996,NUMBER,F,tuzla_canton,DEATHS,1021
1996,NUMBER,F,zenica-doboj_canton,DEATHS,1186
1996,NUMBER,F,bosnian-podrinje_canton,DEATHS,98
1996,NUMBER,F,central_bosnia_canton,DEATHS,685
1996,NUMBER,F,herzegovina-neretva_canton,DEATHS,666
1996,NUMBER,F,west_herzegovina_canton,DEATHS,351
1996,NUMBER,F,sarajevo_canton,DEATHS,1114
1996,NUMBER,F,canton_10,DEATHS,247
1997,NUMBER,T,federation_of_bih,DEATHS,15609
1997,NUMBER,T,una-sana_canton,DEATHS,1914
1997,NUMBER,T,posavina_canton,DEATHS,148
1997,NUMBER,T,tuzla_canton,DEATHS,2562
1997,NUMBER,T,zenica-doboj_canton,DEATHS,2562
1997,NUMBER,T,bosnian-podrinje_canton,DEATHS,232
1997,NUMBER,T,central_bosnia_canton,DEATHS,1786
1997,NUMBER,T,herzegovina-neretva_canton,DEATHS,1700
1997,NUMBER,T,west_herzegovina_canton,DEATHS,728
1997,NUMBER,T,sarajevo_canton,DEATHS,2945
1997,NUMBER,T,canton_10,DEATHS,570
1997,NUMBER,M,federation_of_bih,DEATHS,8387
1997,NUMBER,M,una-sana_canton,DEATHS,1015
1997,NUMBER,M,posavina_canton,DEATHS,81
1997,NUMBER,M,tuzla_canton,DEATHS,1427
1997,NUMBER,M,zenica-doboj_canton,DEATHS,1675
1997,NUMBER,M,bosnian-podrinje_canton,DEATHS,120
1997,NUMBER,M,central_bosnia_canton,DEATHS,966
1997,NUMBER,M,herzegovina-neretva_canton,DEATHS,881
1997,NUMBER,M,west_herzegovina_canton,DEATHS,336
1997,NUMBER,M,sarajevo_canton,DEATHS,1581
1997,NUMBER,M,canton_10,DEATHS,305
1997,NUMBER,F,federation_of_bih,DEATHS,7222
1997,NUMBER,F,una-sana_canton,DEATHS,899
1997,NUMBER,F,posavina_canton,DEATHS,67
1997,NUMBER,F,tuzla_canton,DEATHS,1135
1997,NUMBER,F,zenica-doboj_canton,DEATHS,1349
1997,NUMBER,F,bosnian-podrinje_canton,DEATHS,112
1997,NUMBER,F,central_bosnia_canton,DEATHS,820
1997,NUMBER,F,herzegovina-neretva_canton,DEATHS,819
1997,NUMBER,F,west_herzegovina_canton,DEATHS,392
1997,NUMBER,F,sarajevo_canton,DEATHS,1364
1997,NUMBER,F,canton_10,DEATHS,265
1998,NUMBER,T,federation_of_bih,DEATHS,15564
1998,NUMBER,T,una-sana_canton,DEATHS,1997
1998,NUMBER,T,posavina_canton,DEATHS,127
1998,NUMBER,T,tuzla_canton,DEATHS,2547
1998,NUMBER,T,zenica-doboj_canton,DEATHS,3038
1998,NUMBER,T,bosnian-podrinje_canton,DEATHS,251
1998,NUMBER,T,central_bosnia_canton,DEATHS,1816
1998,NUMBER,T,herzegovina-neretva_canton,DEATHS,1649
1998,NUMBER,T,west_herzegovina_canton,DEATHS,663
1998,NUMBER,T,sarajevo_canton,DEATHS,2885
1998,NUMBER,T,canton_10,DEATHS,591
1998,NUMBER,M,federation_of_bih,DEATHS,8353
1998,NUMBER,M,una-sana_canton,DEATHS,1051
1998,NUMBER,M,posavina_canton,DEATHS,66
1998,NUMBER,M,tuzla_canton,DEATHS,1442
1998,NUMBER,M,zenica-doboj_canton,DEATHS,1614
1998,NUMBER,M,bosnian-podrinje_canton,DEATHS,145
1998,NUMBER,M,central_bosnia_canton,DEATHS,1005
1998,NUMBER,M,herzegovina-neretva_canton,DEATHS,865
1998,NUMBER,M,west_herzegovina_canton,DEATHS,319
1998,NUMBER,M,sarajevo_canton,DEATHS,1535
1998,NUMBER,M,canton_10,DEATHS,309
1998,NUMBER,F,federation_of_bih,DEATHS,7211
1998,NUMBER,F,una-sana_canton,DEATHS,946
1998,NUMBER,F,posavina_canton,DEATHS,61
1998,NUMBER,F,tuzla_canton,DEATHS,1105
1998,NUMBER,F,zenica-doboj_canton,DEATHS,1422
1998,NUMBER,F,bosnian-podrinje_canton,DEATHS,106
1998,NUMBER,F,central_bosnia_canton,DEATHS,811
1998,NUMBER,F,herzegovina-neretva_canton,DEATHS,784
1998,NUMBER,F,west_herzegovina_canton,DEATHS,344
1998,NUMBER,F,sarajevo_canton,DEATHS,1350
1998,NUMBER,F,canton_10,DEATHS,282
1999,NUMBER,T,federation_of_bih,DEATHS,15586
1999,NUMBER,T,una-sana_canton,DEATHS,1949
1999,NUMBER,T,posavina_canton,DEATHS,231
1999,NUMBER,T,tuzla_canton,DEATHS,2612
1999,NUMBER,T,zenica-doboj_canton,DEATHS,3087
1999,NUMBER,T,bosnian-podrinje_canton,DEATHS,241
1999,NUMBER,T,central_bosnia_canton,DEATHS,1797
1999,NUMBER,T,herzegovina-neretva_canton,DEATHS,1579
1999,NUMBER,T,west_herzegovina_canton,DEATHS,604
1999,NUMBER,T,sarajevo_canton,DEATHS,2929
1999,NUMBER,T,canton_10,DEATHS,557
1999,NUMBER,M,federation_of_bih,DEATHS,8235
1999,NUMBER,M,una-sana_canton,DEATHS,1013
1999,NUMBER,M,posavina_canton,DEATHS,129
1999,NUMBER,M,tuzla_canton,DEATHS,1417
1999,NUMBER,M,zenica-doboj_canton,DEATHS,1628
1999,NUMBER,M,bosnian-podrinje_canton,DEATHS,133
1999,NUMBER,M,central_bosnia_canton,DEATHS,957
1999,NUMBER,M,herzegovina-neretva_canton,DEATHS,816
1999,NUMBER,M,west_herzegovina_canton,DEATHS,285
1999,NUMBER,M,sarajevo_canton,DEATHS,1557
1999,NUMBER,M,canton_10,DEATHS,300
1999,NUMBER,F,federation_of_bih,DEATHS,7351
1999,NUMBER,F,una-sana_canton,DEATHS,936
1999,NUMBER,F,posavina_canton,DEATHS,102
1999,NUMBER,F,tuzla_canton,DEATHS,1195
1999,NUMBER,F,zenica-doboj_canton,DEATHS,1459
1999,NUMBER,F,bosnian-podrinje_canton,DEATHS,108
1999,NUMBER,F,central_bosnia_canton,DEATHS,840
1999,NUMBER,F,herzegovina-neretva_canton,DEATHS,763
1999,NUMBER,F,west_herzegovina_canton,DEATHS,319
1999,NUMBER,F,sarajevo_canton,DEATHS,1372
1999,NUMBER,F,canton_10,DEATHS,257
2000,NUMBER,T,federation_of_bih,DEATHS,16985
2000,NUMBER,T,una-sana_canton,DEATHS,2005
2000,NUMBER,T,posavina_canton,DEATHS,315
2000,NUMBER,T,tuzla_canton,DEATHS,2884
2000,NUMBER,T,zenica-doboj_canton,DEATHS,3308
2000,NUMBER,T,bosnian-podrinje_canton,DEATHS,270
2000,NUMBER,T,central_bosnia_canton,DEATHS,1847
2000,NUMBER,T,herzegovina-neretva_canton,DEATHS,1697
2000,NUMBER,T,west_herzegovina_canton,DEATHS,576
2000,NUMBER,T,sarajevo_canton,DEATHS,3436
2000,NUMBER,T,canton_10,DEATHS,647
2000,NUMBER,M,federation_of_bih,DEATHS,8917
2000,NUMBER,M,una-sana_canton,DEATHS,1062
2000,NUMBER,M,posavina_canton,DEATHS,176
2000,NUMBER,M,tuzla_canton,DEATHS,1534
2000,NUMBER,M,zenica-doboj_canton,DEATHS,1738
2000,NUMBER,M,bosnian-podrinje_canton,DEATHS,138
2000,NUMBER,M,central_bosnia_canton,DEATHS,958
2000,NUMBER,M,herzegovina-neretva_canton,DEATHS,900
2000,NUMBER,M,west_herzegovina_canton,DEATHS,303
2000,NUMBER,M,sarajevo_canton,DEATHS,1777
2000,NUMBER,M,canton_10,DEATHS,331
2000,NUMBER,F,federation_of_bih,DEATHS,8068
2000,NUMBER,F,una-sana_canton,DEATHS,943
2000,NUMBER,F,posavina_canton,DEATHS,139
2000,NUMBER,F,tuzla_canton,DEATHS,1350
2000,NUMBER,F,zenica-doboj_canton,DEATHS,1570
2000,NUMBER,F,bosnian-podrinje_canton,DEATHS,132
2000,NUMBER,F,central_bosnia_canton,DEATHS,889
2000,NUMBER,F,herzegovina-neretva_canton,DEATHS,797
2000,NUMBER,F,west_herzegovina_canton,DEATHS,273
2000,NUMBER,F,sarajevo_canton,DEATHS,1659
2000,NUMBER,F,canton_10,DEATHS,316
2001,NUMBER,T,federation_of_bih,DEATHS,16756
2001,NUMBER,T,una-sana_canton,DEATHS,1941
2001,NUMBER,T,posavina_canton,DEATHS,362
2001,NUMBER,T,tuzla_canton,DEATHS,2850
2001,NUMBER,T,zenica-doboj_canton,DEATHS,3076
2001,NUMBER,T,bosnian-podrinje_canton,DEATHS,232
2001,NUMBER,T,central_bosnia_canton,DEATHS,1900
2001,NUMBER,T,herzegovina-neretva_canton,DEATHS,1700
2001,NUMBER,T,west_herzegovina_canton,DEATHS,593
2001,NUMBER,T,sarajevo_canton,DEATHS,3440
2001,NUMBER,T,canton_10,DEATHS,662
2001,NUMBER,M,federation_of_bih,DEATHS,8830
2001,NUMBER,M,una-sana_canton,DEATHS,1029
2001,NUMBER,M,posavina_canton,DEATHS,204
2001,NUMBER,M,tuzla_canton,DEATHS,1506
2001,NUMBER,M,zenica-doboj_canton,DEATHS,1629
2001,NUMBER,M,bosnian-podrinje_canton,DEATHS,112
2001,NUMBER,M,central_bosnia_canton,DEATHS,975
2001,NUMBER,M,herzegovina-neretva_canton,DEATHS,900
2001,NUMBER,M,west_herzegovina_canton,DEATHS,291
2001,NUMBER,M,sarajevo_canton,DEATHS,1843
2001,NUMBER,M,canton_10,DEATHS,341
2001,NUMBER,F,federation_of_bih,DEATHS,7926
2001,NUMBER,F,una-sana_canton,DEATHS,912
2001,NUMBER,F,posavina_canton,DEATHS,158
2001,NUMBER,F,tuzla_canton,DEATHS,1344
2001,NUMBER,F,zenica-doboj_canton,DEATHS,1447
2001,NUMBER,F,bosnian-podrinje_canton,DEATHS,120
2001,NUMBER,F,central_bosnia_canton,DEATHS,925
2001,NUMBER,F,herzegovina-neretva_canton,DEATHS,800
2001,NUMBER,F,west_herzegovina_canton,DEATHS,302
2001,NUMBER,F,sarajevo_canton,DEATHS,1597
2001,NUMBER,F,canton_10,DEATHS,321
2002,NUMBER,T,federation_of_bih,DEATHS,16988
2002,NUMBER,T,una-sana_canton,DEATHS,2009
2002,NUMBER,T,posavina_canton,DEATHS,416
2002,NUMBER,T,tuzla_canton,DEATHS,3062
2002,NUMBER,T,zenica-doboj_canton,DEATHS,3005
2002,NUMBER,T,bosnian-podrinje_canton,DEATHS,236
2002,NUMBER,T,central_bosnia_canton,DEATHS,1967
2002,NUMBER,T,herzegovina-neretva_canton,DEATHS,1653
2002,NUMBER,T,west_herzegovina_canton,DEATHS,553
2002,NUMBER,T,sarajevo_canton,DEATHS,3391
2002,NUMBER,T,canton_10,DEATHS,696
2002,NUMBER,M,federation_of_bih,DEATHS,8757
2002,NUMBER,M,una-sana_canton,DEATHS,1016
2002,NUMBER,M,posavina_canton,DEATHS,221
2002,NUMBER,M,tuzla_canton,DEATHS,1566
2002,NUMBER,M,zenica-doboj_canton,DEATHS,1577
2002,NUMBER,M,bosnian-podrinje_canton,DEATHS,136
2002,NUMBER,M,central_bosnia_canton,DEATHS,1027
2002,NUMBER,M,west_herzegovina_canton,DEATHS,273
2002,NUMBER,M,herzegovina-neretva_canton,DEATHS,849
2002,NUMBER,M,sarajevo_canton,DEATHS,1731
2002,NUMBER,M,canton_10,DEATHS,361
2002,NUMBER,F,federation_of_bih,DEATHS,8231
2002,NUMBER,F,una-sana_canton,DEATHS,993
2002,NUMBER,F,posavina_canton,DEATHS,195
2002,NUMBER,F,tuzla_canton,DEATHS,1496
2002,NUMBER,F,zenica-doboj_canton,DEATHS,1428
2002,NUMBER,F,bosnian-podrinje_canton,DEATHS,100
2002,NUMBER,F,central_bosnia_canton,DEATHS,940
2002,NUMBER,F,herzegovina-neretva_canton,DEATHS,804
2002,NUMBER,F,west_herzegovina_canton,DEATHS,280
2002,NUMBER,F,sarajevo_canton,DEATHS,1660
2002,NUMBER,F,canton_10,DEATHS,335
2003,NUMBER,T,federation_of_bih,DEATHS,18049
2003,NUMBER,T,una-sana_canton,DEATHS,2092
2003,NUMBER,T,posavina_canton,DEATHS,405
2003,NUMBER,T,tuzla_canton,DEATHS,3320
2003,NUMBER,T,zenica-doboj_canton,DEATHS,3046
2003,NUMBER,T,bosnian-podrinje_canton,DEATHS,254
2003,NUMBER,T,central_bosnia_canton,DEATHS,2092
2003,NUMBER,T,herzegovina-neretva_canton,DEATHS,1844
2003,NUMBER,T,west_herzegovina_canton,DEATHS,722
2003,NUMBER,T,sarajevo_canton,DEATHS,3528
2003,NUMBER,T,canton_10,DEATHS,746
2003,NUMBER,M,federation_of_bih,DEATHS,9344
2003,NUMBER,M,una-sana_canton,DEATHS,1089
2003,NUMBER,M,posavina_canton,DEATHS,232
2003,NUMBER,M,tuzla_canton,DEATHS,1714
2003,NUMBER,M,zenica-doboj_canton,DEATHS,1582
2003,NUMBER,M,bosnian-podrinje_canton,DEATHS,127
2003,NUMBER,M,central_bosnia_canton,DEATHS,1087
2003,NUMBER,M,herzegovina-neretva_canton,DEATHS,968
2003,NUMBER,M,west_herzegovina_canton,DEATHS,354
2003,NUMBER,M,sarajevo_canton,DEATHS,1820
2003,NUMBER,M,canton_10,DEATHS,371
2003,NUMBER,F,federation_of_bih,DEATHS,8705
2003,NUMBER,F,una-sana_canton,DEATHS,1003
2003,NUMBER,F,posavina_canton,DEATHS,173
2003,NUMBER,F,tuzla_canton,DEATHS,1606
2003,NUMBER,F,zenica-doboj_canton,DEATHS,1464
2003,NUMBER,F,bosnian-podrinje_canton,DEATHS,127
2003,NUMBER,F,central_bosnia_canton,DEATHS,1005
2003,NUMBER,F,herzegovina-neretva_canton,DEATHS,876
2003,NUMBER,F,west_herzegovina_canton,DEATHS,368
2003,NUMBER,F,sarajevo_canton,DEATHS,1708
2003,NUMBER,F,canton_10,DEATHS,375
2004,NUMBER,T,federation_of_bih,DEATHS,18122
2004,NUMBER,T,una-sana_canton,DEATHS,2160
2004,NUMBER,T,posavina_canton,DEATHS,403
2004,NUMBER,T,tuzla_canton,DEATHS,3374
2004,NUMBER,T,zenica-doboj_canton,DEATHS,3068
2004,NUMBER,T,bosnian-podrinje_canton,DEATHS,259
2004,NUMBER,T,central_bosnia_canton,DEATHS,2141
2004,NUMBER,T,herzegovina-neretva_canton,DEATHS,1740
2004,NUMBER,T,west_herzegovina_canton,DEATHS,703
2004,NUMBER,T,sarajevo_canton,DEATHS,3563
2004,NUMBER,T,canton_10,DEATHS,711
2004,NUMBER,M,federation_of_bih,DEATHS,9258
2004,NUMBER,M,una-sana_canton,DEATHS,1077
2004,NUMBER,M,posavina_canton,DEATHS,207
2004,NUMBER,M,tuzla_canton,DEATHS,1790
2004,NUMBER,M,zenica-doboj_canton,DEATHS,1575
2004,NUMBER,M,bosnian-podrinje_canton,DEATHS,127
2004,NUMBER,M,central_bosnia_canton,DEATHS,1080
2004,NUMBER,M,herzegovina-neretva_canton,DEATHS,873
2004,NUMBER,M,west_herzegovina_canton,DEATHS,336
2004,NUMBER,M,sarajevo_canton,DEATHS,1827
2004,NUMBER,M,canton_10,DEATHS,366
2004,NUMBER,F,federation_of_bih,DEATHS,8864
2004,NUMBER,F,una-sana_canton,DEATHS,1083
2004,NUMBER,F,posavina_canton,DEATHS,196
2004,NUMBER,F,tuzla_canton,DEATHS,1584
2004,NUMBER,F,zenica-doboj_canton,DEATHS,1493
2004,NUMBER,F,bosnian-podrinje_canton,DEATHS,132
2004,NUMBER,F,central_bosnia_canton,DEATHS,1061
2004,NUMBER,F,herzegovina-neretva_canton,DEATHS,867
2004,NUMBER,F,west_herzegovina_canton,DEATHS,367
2004,NUMBER,F,sarajevo_canton,DEATHS,1736
2004,NUMBER,F,canton_10,DEATHS,345
2005,NUMBER,T,federation_of_bih,DEATHS,19099
2005,NUMBER,T,una-sana_canton,DEATHS,2222
2005,NUMBER,T,posavina_canton,DEATHS,462
2005,NUMBER,T,tuzla_canton,DEATHS,3519
2005,NUMBER,T,zenica-doboj_canton,DEATHS,3204
2005,NUMBER,T,bosnian-podrinje_canton,DEATHS,240
2005,NUMBER,T,central_bosnia_canton,DEATHS,2197
2005,NUMBER,T,herzegovina-neretva_canton,DEATHS,2030
2005,NUMBER,T,west_herzegovina_canton,DEATHS,732
2005,NUMBER,T,sarajevo_canton,DEATHS,3751
2005,NUMBER,T,canton_10,DEATHS,742
2005,NUMBER,M,federation_of_bih,DEATHS,9934
2005,NUMBER,M,una-sana_canton,DEATHS,1123
2005,NUMBER,M,posavina_canton,DEATHS,268
2005,NUMBER,M,tuzla_canton,DEATHS,1886
2005,NUMBER,M,zenica-doboj_canton,DEATHS,1673
2005,NUMBER,M,bosnian-podrinje_canton,DEATHS,127
2005,NUMBER,M,central_bosnia_canton,DEATHS,1130
2005,NUMBER,M,herzegovina-neretva_canton,DEATHS,1110
2005,NUMBER,M,west_herzegovina_canton,DEATHS,342
2005,NUMBER,M,sarajevo_canton,DEATHS,1912
2005,NUMBER,M,canton_10,DEATHS,363
2005,NUMBER,F,federation_of_bih,DEATHS,9165
2005,NUMBER,F,una-sana_canton,DEATHS,1099
2005,NUMBER,F,posavina_canton,DEATHS,194
2005,NUMBER,F,tuzla_canton,DEATHS,1633
2005,NUMBER,F,zenica-doboj_canton,DEATHS,1531
2005,NUMBER,F,bosnian-podrinje_canton,DEATHS,113
2005,NUMBER,F,central_bosnia_canton,DEATHS,1067
2005,NUMBER,F,herzegovina-neretva_canton,DEATHS,920
2005,NUMBER,F,west_herzegovina_canton,DEATHS,390
2005,NUMBER,F,sarajevo_canton,DEATHS,1839
2005,NUMBER,F,canton_10,DEATHS,379
2006,NUMBER,T,federation_of_bih,DEATHS,18497
2006,NUMBER,T,una-sana_canton,DEATHS,2099
2006,NUMBER,T,posavina_canton,DEATHS,410
2006,NUMBER,T,tuzla_canton,DEATHS,3341
2006,NUMBER,T,zenica-doboj_canton,DEATHS,3173
2006,NUMBER,T,bosnian-podrinje_canton,DEATHS,274
2006,NUMBER,T,central_bosnia_canton,DEATHS,2140
2006,NUMBER,T,herzegovina-neretva_canton,DEATHS,1889
2006,NUMBER,T,west_herzegovina_canton,DEATHS,698
2006,NUMBER,T,sarajevo_canton,DEATHS,3705
2006,NUMBER,T,canton_10,DEATHS,768
2006,NUMBER,M,federation_of_bih,DEATHS,9538
2006,NUMBER,M,una-sana_canton,DEATHS,1050
2006,NUMBER,M,posavina_canton,DEATHS,214
2006,NUMBER,M,tuzla_canton,DEATHS,1823
2006,NUMBER,M,zenica-doboj_canton,DEATHS,1649
2006,NUMBER,M,bosnian-podrinje_canton,DEATHS,131
2006,NUMBER,M,central_bosnia_canton,DEATHS,1133
2006,NUMBER,M,herzegovina-neretva_canton,DEATHS,964
2006,NUMBER,M,west_herzegovina_canton,DEATHS,321
2006,NUMBER,M,sarajevo_canton,DEATHS,1873
2006,NUMBER,M,canton_10,DEATHS,380
2006,NUMBER,F,federation_of_bih,DEATHS,8959
2006,NUMBER,F,una-sana_canton,DEATHS,1049
2006,NUMBER,F,posavina_canton,DEATHS,196
2006,NUMBER,F,tuzla_canton,DEATHS,1518
2006,NUMBER,F,zenica-doboj_canton,DEATHS,1524
2006,NUMBER,F,bosnian-podrinje_canton,DEATHS,143
2006,NUMBER,F,central_bosnia_canton,DEATHS,1007
2006,NUMBER,F,herzegovina-neretva_canton,DEATHS,925
2006,NUMBER,F,west_herzegovina_canton,DEATHS,377
2006,NUMBER,F,sarajevo_canton,DEATHS,1832
2006,NUMBER,F,canton_10,DEATHS,388
2007,NUMBER,T,federation_of_bih,DEATHS,19280
2007,NUMBER,T,una-sana_canton,DEATHS,2156
2007,NUMBER,T,posavina_canton,DEATHS,496
2007,NUMBER,T,tuzla_canton,DEATHS,3584
2007,NUMBER,T,zenica-doboj_canton,DEATHS,3289
2007,NUMBER,T,bosnian-podrinje_canton,DEATHS,285
2007,NUMBER,T,central_bosnia_canton,DEATHS,2166
2007,NUMBER,T,herzegovina-neretva_canton,DEATHS,2036
2007,NUMBER,T,west_herzegovina_canton,DEATHS,706
2007,NUMBER,T,sarajevo_canton,DEATHS,3825
2007,NUMBER,T,canton_10,DEATHS,737
2007,NUMBER,M,federation_of_bih,DEATHS,9921
2007,NUMBER,M,una-sana_canton,DEATHS,1112
2007,NUMBER,M,posavina_canton,DEATHS,246
2007,NUMBER,M,tuzla_canton,DEATHS,1849
2007,NUMBER,M,zenica-doboj_canton,DEATHS,1767
2007,NUMBER,M,bosnian-podrinje_canton,DEATHS,154
2007,NUMBER,M,central_bosnia_canton,DEATHS,1112
2007,NUMBER,M,herzegovina-neretva_canton,DEATHS,1058
2007,NUMBER,M,west_herzegovina_canton,DEATHS,336
2007,NUMBER,M,sarajevo_canton,DEATHS,1922
2007,NUMBER,M,canton_10,DEATHS,365
2007,NUMBER,F,federation_of_bih,DEATHS,9359
2007,NUMBER,F,una-sana_canton,DEATHS,1044
2007,NUMBER,F,posavina_canton,DEATHS,250
2007,NUMBER,F,tuzla_canton,DEATHS,1735
2007,NUMBER,F,zenica-doboj_canton,DEATHS,1522
2007,NUMBER,F,bosnian-podrinje_canton,DEATHS,131
2007,NUMBER,F,central_bosnia_canton,DEATHS,1054
2007,NUMBER,F,herzegovina-neretva_canton,DEATHS,978
2007,NUMBER,F,west_herzegovina_canton,DEATHS,370
2007,NUMBER,F,sarajevo_canton,DEATHS,1903
2007,NUMBER,F,canton_10,DEATHS,372
2008,NUMBER,T,federation_of_bih,DEATHS,19306
2008,NUMBER,T,una-sana_canton,DEATHS,2105
2008,NUMBER,T,posavina_canton,DEATHS,447
2008,NUMBER,T,tuzla_canton,DEATHS,3693
2008,NUMBER,T,zenica-doboj_canton,DEATHS,3194
2008,NUMBER,T,bosnian-podrinje_canton,DEATHS,248
2008,NUMBER,T,central_bosnia_canton,DEATHS,2199
2008,NUMBER,T,herzegovina-neretva_canton,DEATHS,2100
2008,NUMBER,T,west_herzegovina_canton,DEATHS,733
2008,NUMBER,T,sarajevo_canton,DEATHS,3839
2008,NUMBER,T,canton_10,DEATHS,748
2008,NUMBER,M,federation_of_bih,DEATHS,9982
2008,NUMBER,M,una-sana_canton,DEATHS,1079
2008,NUMBER,M,posavina_canton,DEATHS,248
2008,NUMBER,M,tuzla_canton,DEATHS,1887
2008,NUMBER,M,zenica-doboj_canton,DEATHS,1673
2008,NUMBER,M,bosnian-podrinje_canton,DEATHS,128
2008,NUMBER,M,central_bosnia_canton,DEATHS,1140
2008,NUMBER,M,herzegovina-neretva_canton,DEATHS,1097
2008,NUMBER,M,west_herzegovina_canton,DEATHS,386
2008,NUMBER,M,sarajevo_canton,DEATHS,1964
2008,NUMBER,M,canton_10,DEATHS,380
2008,NUMBER,F,federation_of_bih,DEATHS,9324
2008,NUMBER,F,una-sana_canton,DEATHS,1026
2008,NUMBER,F,posavina_canton,DEATHS,199
2008,NUMBER,F,tuzla_canton,DEATHS,1806
2008,NUMBER,F,zenica-doboj_canton,DEATHS,1521
2008,NUMBER,F,bosnian-podrinje_canton,DEATHS,120
2008,NUMBER,F,central_bosnia_canton,DEATHS,1059
2008,NUMBER,F,herzegovina-neretva_canton,DEATHS,1003
2008,NUMBER,F,west_herzegovina_canton,DEATHS,347
2008,NUMBER,F,sarajevo_canton,DEATHS,1875
2008,NUMBER,F,canton_10,DEATHS,368
2009,NUMBER,T,federation_of_bih,DEATHS,19829
2009,NUMBER,T,una-sana_canton,DEATHS,2157
2009,NUMBER,T,posavina_canton,DEATHS,491
2009,NUMBER,T,tuzla_canton,DEATHS,3885
2009,NUMBER,T,zenica-doboj_canton,DEATHS,3189
2009,NUMBER,T,bosnian-podrinje_canton,DEATHS,290
2009,NUMBER,T,central_bosnia_canton,DEATHS,2162
2009,NUMBER,T,herzegovina-neretva_canton,DEATHS,2111
2009,NUMBER,T,west_herzegovina_canton,DEATHS,772
2009,NUMBER,T,sarajevo_canton,DEATHS,4013
2009,NUMBER,T,canton_10,DEATHS,759
2009,NUMBER,M,federation_of_bih,DEATHS,10077
2009,NUMBER,M,una-sana_canton,DEATHS,1042
2009,NUMBER,M,posavina_canton,DEATHS,241
2009,NUMBER,M,tuzla_canton,DEATHS,2012
2009,NUMBER,M,zenica-doboj_canton,DEATHS,1673
2009,NUMBER,M,bosnian-podrinje_canton,DEATHS,152
2009,NUMBER,M,central_bosnia_canton,DEATHS,1142
2009,NUMBER,M,herzegovina-neretva_canton,DEATHS,1119
2009,NUMBER,M,west_herzegovina_canton,DEATHS,357
2009,NUMBER,M,sarajevo_canton,DEATHS,1964
2009,NUMBER,M,canton_10,DEATHS,375
2009,NUMBER,F,federation_of_bih,DEATHS,9752
2009,NUMBER,F,una-sana_canton,DEATHS,1115
2009,NUMBER,F,posavina_canton,DEATHS,250
2009,NUMBER,F,tuzla_canton,DEATHS,1873
2009,NUMBER,F,zenica-doboj_canton,DEATHS,1516
2009,NUMBER,F,bosnian-podrinje_canton,DEATHS,138
2009,NUMBER,F,central_bosnia_canton,DEATHS,1020
2009,NUMBER,F,herzegovina-neretva_canton,DEATHS,992
2009,NUMBER,F,west_herzegovina_canton,DEATHS,415
2009,NUMBER,F,sarajevo_canton,DEATHS,2049
2009,NUMBER,F,canton_10,DEATHS,384
2010,NUMBER,T,federation_of_bih,DEATHS,20256
2010,NUMBER,T,una-sana_canton,DEATHS,2129
2010,NUMBER,T,posavina_canton,DEATHS,482
2010,NUMBER,T,tuzla_canton,DEATHS,3930
2010,NUMBER,T,zenica-doboj_canton,DEATHS,3334
2010,NUMBER,T,bosnian-podrinje_canton,DEATHS,265
2010,NUMBER,T,central_bosnia_canton,DEATHS,2273
2010,NUMBER,T,herzegovina-neretva_canton,DEATHS,2190
2010,NUMBER,T,west_herzegovina_canton,DEATHS,770
2010,NUMBER,T,sarajevo_canton,DEATHS,4137
2010,NUMBER,T,canton_10,DEATHS,746
2010,NUMBER,M,federation_of_bih,DEATHS,10220
2010,NUMBER,M,una-sana_canton,DEATHS,1043
2010,NUMBER,M,posavina_canton,DEATHS,245
2010,NUMBER,M,tuzla_canton,DEATHS,2012
2010,NUMBER,M,zenica-doboj_canton,DEATHS,1692
2010,NUMBER,M,bosnian-podrinje_canton,DEATHS,134
2010,NUMBER,M,central_bosnia_canton,DEATHS,1150
2010,NUMBER,M,herzegovina-neretva_canton,DEATHS,1135
2010,NUMBER,M,west_herzegovina_canton,DEATHS,367
2010,NUMBER,M,sarajevo_canton,DEATHS,2073
2010,NUMBER,M,canton_10,DEATHS,369
2010,NUMBER,F,federation_of_bih,DEATHS,10036
2010,NUMBER,F,una-sana_canton,DEATHS,1086
2010,NUMBER,F,posavina_canton,DEATHS,237
2010,NUMBER,F,tuzla_canton,DEATHS,1918
2010,NUMBER,F,zenica-doboj_canton,DEATHS,1642
2010,NUMBER,F,bosnian-podrinje_canton,DEATHS,131
2010,NUMBER,F,central_bosnia_canton,DEATHS,1123
2010,NUMBER,F,herzegovina-neretva_canton,DEATHS,1055
2010,NUMBER,F,west_herzegovina_canton,DEATHS,403
2010,NUMBER,F,sarajevo_canton,DEATHS,2064
2010,NUMBER,F,canton_10,DEATHS,377
2011,NUMBER,T,federation_of_bih,DEATHS,19979
2011,NUMBER,T,una-sana_canton,DEATHS,2140
2011,NUMBER,T,posavina_canton,DEATHS,479
2011,NUMBER,T,tuzla_canton,DEATHS,3813
2011,NUMBER,T,zenica-doboj_canton,DEATHS,3280
2011,NUMBER,T,bosnian-podrinje_canton,DEATHS,269
2011,NUMBER,T,central_bosnia_canton,DEATHS,2232
2011,NUMBER,T,herzegovina-neretva_canton,DEATHS,2075
2011,NUMBER,T,west_herzegovina_canton,DEATHS,765
2011,NUMBER,T,sarajevo_canton,DEATHS,4119
2011,NUMBER,T,canton_10,DEATHS,807
2011,NUMBER,M,federation_of_bih,DEATHS,10234
2011,NUMBER,M,una-sana_canton,DEATHS,1066
2011,NUMBER,M,posavina_canton,DEATHS,243
2011,NUMBER,M,tuzla_canton,DEATHS,2013
2011,NUMBER,M,zenica-doboj_canton,DEATHS,1713
2011,NUMBER,M,bosnian-podrinje_canton,DEATHS,134
2011,NUMBER,M,central_bosnia_canton,DEATHS,1162
2011,NUMBER,M,herzegovina-neretva_canton,DEATHS,1060
2011,NUMBER,M,west_herzegovina_canton,DEATHS,351
2011,NUMBER,M,sarajevo_canton,DEATHS,2086
2011,NUMBER,M,canton_10,DEATHS,406
2011,NUMBER,F,federation_of_bih,DEATHS,9745
2011,NUMBER,F,una-sana_canton,DEATHS,1074
2011,NUMBER,F,posavina_canton,DEATHS,236
2011,NUMBER,F,tuzla_canton,DEATHS,1800
2011,NUMBER,F,zenica-doboj_canton,DEATHS,1567
2011,NUMBER,F,bosnian-podrinje_canton,DEATHS,135
2011,NUMBER,F,central_bosnia_canton,DEATHS,1070
2011,NUMBER,F,herzegovina-neretva_canton,DEATHS,1015
2011,NUMBER,F,west_herzegovina_canton,DEATHS,414
2011,NUMBER,F,sarajevo_canton,DEATHS,2033
2011,NUMBER,F,canton_10,DEATHS,401
2012,NUMBER,T,federation_of_bih,DEATHS,20621
2012,NUMBER,T,una-sana_canton,DEATHS,2209
2012,NUMBER,T,posavina_canton,DEATHS,477
2012,NUMBER,T,tuzla_canton,DEATHS,3906
2012,NUMBER,T,zenica-doboj_canton,DEATHS,3373
2012,NUMBER,T,bosnian-podrinje_canton,DEATHS,262
2012,NUMBER,T,central_bosnia_canton,DEATHS,2296
2012,NUMBER,T,herzegovina-neretva_canton,DEATHS,2189
2012,NUMBER,T,west_herzegovina_canton,DEATHS,845
2012,NUMBER,T,sarajevo_canton,DEATHS,4267
2012,NUMBER,T,canton_10,DEATHS,797
2012,NUMBER,M,federation_of_bih,DEATHS,10599
2012,NUMBER,M,una-sana_canton,DEATHS,1104
2012,NUMBER,M,posavina_canton,DEATHS,240
2012,NUMBER,M,tuzla_canton,DEATHS,2068
2012,NUMBER,M,zenica-doboj_canton,DEATHS,1738
2012,NUMBER,M,bosnian-podrinje_canton,DEATHS,127
2012,NUMBER,M,central_bosnia_canton,DEATHS,1273
2012,NUMBER,M,herzegovina-neretva_canton,DEATHS,1126
2012,NUMBER,M,west_herzegovina_canton,DEATHS,424
2012,NUMBER,M,sarajevo_canton,DEATHS,2101
2012,NUMBER,M,canton_10,DEATHS,398
2012,NUMBER,F,federation_of_bih,DEATHS,10022
2012,NUMBER,F,una-sana_canton,DEATHS,1105
2012,NUMBER,F,posavina_canton,DEATHS,237
2012,NUMBER,F,tuzla_canton,DEATHS,1838
2012,NUMBER,F,zenica-doboj_canton,DEATHS,1635
2012,NUMBER,F,bosnian-podrinje_canton,DEATHS,135
2012,NUMBER,F,central_bosnia_canton,DEATHS,1023
2012,NUMBER,F,herzegovina-neretva_canton,DEATHS,1063
2012,NUMBER,F,west_herzegovina_canton,DEATHS,421
2012,NUMBER,F,sarajevo_canton,DEATHS,2166
2012,NUMBER,F,canton_10,DEATHS,399
2013,NUMBER,T,federation_of_bih,DEATHS,20269
2013,NUMBER,T,una-sana_canton,DEATHS,2265
2013,NUMBER,T,posavina_canton,DEATHS,469
2013,NUMBER,T,tuzla_canton,DEATHS,3761
2013,NUMBER,T,zenica-doboj_canton,DEATHS,3348
2013,NUMBER,T,bosnian-podrinje_canton,DEATHS,282
2013,NUMBER,T,central_bosnia_canton,DEATHS,2213
2013,NUMBER,T,herzegovina-neretva_canton,DEATHS,2166
2013,NUMBER,T,west_herzegovina_canton,DEATHS,883
2013,NUMBER,T,sarajevo_canton,DEATHS,4031
2013,NUMBER,T,canton_10,DEATHS,851
2013,NUMBER,M,federation_of_bih,DEATHS,10250
2013,NUMBER,M,una-sana_canton,DEATHS,1143
2013,NUMBER,M,posavina_canton,DEATHS,254
2013,NUMBER,M,tuzla_canton,DEATHS,1920
2013,NUMBER,M,zenica-doboj_canton,DEATHS,1758
2013,NUMBER,M,bosnian-podrinje_canton,DEATHS,124
2013,NUMBER,M,central_bosnia_canton,DEATHS,1134
2013,NUMBER,M,herzegovina-neretva_canton,DEATHS,1075
2013,NUMBER,M,west_herzegovina_canton,DEATHS,459
2013,NUMBER,M,sarajevo_canton,DEATHS,1976
2013,NUMBER,M,canton_10,DEATHS,407
2013,NUMBER,F,federation_of_bih,DEATHS,10019
2013,NUMBER,F,una-sana_canton,DEATHS,1122
2013,NUMBER,F,posavina_canton,DEATHS,215
2013,NUMBER,F,tuzla_canton,DEATHS,1841
2013,NUMBER,F,zenica-doboj_canton,DEATHS,1590
2013,NUMBER,F,bosnian-podrinje_canton,DEATHS,158
2013,NUMBER,F,central_bosnia_canton,DEATHS,1079
2013,NUMBER,F,herzegovina-neretva_canton,DEATHS,1091
2013,NUMBER,F,west_herzegovina_canton,DEATHS,424
2013,NUMBER,F,sarajevo_canton,DEATHS,2055
2013,NUMBER,F,canton_10,DEATHS,444
2014,NUMBER,T,federation_of_bih,DEATHS,20030
2014,NUMBER,T,una-sana_canton,DEATHS,2103
2014,NUMBER,T,posavina_canton,DEATHS,505
2014,NUMBER,T,tuzla_canton,DEATHS,3503
2014,NUMBER,T,zenica-doboj_canton,DEATHS,3356
2014,NUMBER,T,bosnian-podrinje_canton,DEATHS,322
2014,NUMBER,T,central_bosnia_canton,DEATHS,2198
2014,NUMBER,T,herzegovina-neretva_canton,DEATHS,2164
2014,NUMBER,T,west_herzegovina_canton,DEATHS,863
2014,NUMBER,T,sarajevo_canton,DEATHS,4215
2014,NUMBER,T,canton_10,DEATHS,801
2014,NUMBER,M,federation_of_bih,DEATHS,10184
2014,NUMBER,M,una-sana_canton,DEATHS,1040
2014,NUMBER,M,posavina_canton,DEATHS,245
2014,NUMBER,M,tuzla_canton,DEATHS,1834
2014,NUMBER,M,zenica-doboj_canton,DEATHS,1727
2014,NUMBER,M,bosnian-podrinje_canton,DEATHS,164
2014,NUMBER,M,central_bosnia_canton,DEATHS,1138
2014,NUMBER,M,herzegovina-neretva_canton,DEATHS,1108
2014,NUMBER,M,west_herzegovina_canton,DEATHS,404
2014,NUMBER,M,sarajevo_canton,DEATHS,2110
2014,NUMBER,M,canton_10,DEATHS,414
2014,NUMBER,F,federation_of_bih,DEATHS,9846
2014,NUMBER,F,una-sana_canton,DEATHS,1063
2014,NUMBER,F,posavina_canton,DEATHS,260
2014,NUMBER,F,tuzla_canton,DEATHS,1669
2014,NUMBER,F,zenica-doboj_canton,DEATHS,1629
2014,NUMBER,F,bosnian-podrinje_canton,DEATHS,158
2014,NUMBER,F,central_bosnia_canton,DEATHS,1060
2014,NUMBER,F,herzegovina-neretva_canton,DEATHS,1056
2014,NUMBER,F,west_herzegovina_canton,DEATHS,459
2014,NUMBER,F,sarajevo_canton,DEATHS,2105
2014,NUMBER,F,canton_10,DEATHS,387
2015,NUMBER,T,federation_of_bih,DEATHS,21474
2015,NUMBER,T,una-sana_canton,DEATHS,2197
2015,NUMBER,T,posavina_canton,DEATHS,465
2015,NUMBER,T,tuzla_canton,DEATHS,4093
2015,NUMBER,T,zenica-doboj_canton,DEATHS,3525
2015,NUMBER,T,bosnian-podrinje_canton,DEATHS,313
2015,NUMBER,T,central_bosnia_canton,DEATHS,2280
2015,NUMBER,T,herzegovina-neretva_canton,DEATHS,2368
2015,NUMBER,T,west_herzegovina_canton,DEATHS,895
2015,NUMBER,T,sarajevo_canton,DEATHS,4469
2015,NUMBER,T,canton_10,DEATHS,869
2015,NUMBER,M,federation_of_bih,DEATHS,10722
2015,NUMBER,M,una-sana_canton,DEATHS,1075
2015,NUMBER,M,posavina_canton,DEATHS,230
2015,NUMBER,M,tuzla_canton,DEATHS,2044
2015,NUMBER,M,zenica-doboj_canton,DEATHS,1815
2015,NUMBER,M,bosnian-podrinje_canton,DEATHS,150
2015,NUMBER,M,central_bosnia_canton,DEATHS,1173
2015,NUMBER,M,herzegovina-neretva_canton,DEATHS,1194
2015,NUMBER,M,west_herzegovina_canton,DEATHS,448
2015,NUMBER,M,sarajevo_canton,DEATHS,2197
2015,NUMBER,M,canton_10,DEATHS,396
2015,NUMBER,F,federation_of_bih,DEATHS,10752
2015,NUMBER,F,una-sana_canton,DEATHS,1122
2015,NUMBER,F,posavina_canton,DEATHS,235
2015,NUMBER,F,tuzla_canton,DEATHS,2049
2015,NUMBER,F,zenica-doboj_canton,DEATHS,1710
2015,NUMBER,F,bosnian-podrinje_canton,DEATHS,163
2015,NUMBER,F,central_bosnia_canton,DEATHS,1107
2015,NUMBER,F,herzegovina-neretva_canton,DEATHS,1174
2015,NUMBER,F,west_herzegovina_canton,DEATHS,447
2015,NUMBER,F,sarajevo_canton,DEATHS,2272
2015,NUMBER,F,canton_10,DEATHS,473
2016,NUMBER,T,federation_of_bih,DEATHS,21105
2016,NUMBER,T,una-sana_canton,DEATHS,2190
2016,NUMBER,T,posavina_canton,DEATHS,502
2016,NUMBER,T,tuzla_canton,DEATHS,4053
2016,NUMBER,T,zenica-doboj_canton,DEATHS,3444
2016,NUMBER,T,bosnian-podrinje_canton,DEATHS,318
2016,NUMBER,T,central_bosnia_canton,DEATHS,2342
2016,NUMBER,T,herzegovina-neretva_canton,DEATHS,2222
2016,NUMBER,T,west_herzegovina_canton,DEATHS,887
2016,NUMBER,T,sarajevo_canton,DEATHS,4295
2016,NUMBER,T,canton_10,DEATHS,852
2016,NUMBER,M,federation_of_bih,DEATHS,10538
2016,NUMBER,M,una-sana_canton,DEATHS,1074
2016,NUMBER,M,posavina_canton,DEATHS,261
2016,NUMBER,M,tuzla_canton,DEATHS,2029
2016,NUMBER,M,zenica-doboj_canton,DEATHS,1807
2016,NUMBER,M,bosnian-podrinje_canton,DEATHS,171
2016,NUMBER,M,central_bosnia_canton,DEATHS,1223
2016,NUMBER,M,herzegovina-neretva_canton,DEATHS,1069
2016,NUMBER,M,west_herzegovina_canton,DEATHS,433
2016,NUMBER,M,sarajevo_canton,DEATHS,2042
2016,NUMBER,M,canton_10,DEATHS,429
2016,NUMBER,F,federation_of_bih,DEATHS,10567
2016,NUMBER,F,una-sana_canton,DEATHS,1116
2016,NUMBER,F,posavina_canton,DEATHS,241
2016,NUMBER,F,tuzla_canton,DEATHS,2024
2016,NUMBER,F,zenica-doboj_canton,DEATHS,1637
2016,NUMBER,F,bosnian-podrinje_canton,DEATHS,147
2016,NUMBER,F,central_bosnia_canton,DEATHS,1119
2016,NUMBER,F,herzegovina-neretva_canton,DEATHS,1153
2016,NUMBER,F,west_herzegovina_canton,DEATHS,454
2016,NUMBER,F,sarajevo_canton,DEATHS,2253
2016,NUMBER,F,canton_10,DEATHS,423
2017,NUMBER,T,federation_of_bih,DEATHS,21689
2017,NUMBER,T,una-sana_canton,DEATHS,2205
2017,NUMBER,T,posavina_canton,DEATHS,434
2017,NUMBER,T,tuzla_canton,DEATHS,4350
2017,NUMBER,T,zenica-doboj_canton,DEATHS,3537
2017,NUMBER,T,bosnian-podrinje_canton,DEATHS,282
2017,NUMBER,T,central_bosnia_canton,DEATHS,2406
2017,NUMBER,T,herzegovina-neretva_canton,DEATHS,2339
2017,NUMBER,T,west_herzegovina_canton,DEATHS,892
2017,NUMBER,T,sarajevo_canton,DEATHS,4400
2017,NUMBER,T,canton_10,DEATHS,844
2017,NUMBER,M,federation_of_bih,DEATHS,10979
2017,NUMBER,M,una-sana_canton,DEATHS,1060
2017,NUMBER,M,posavina_canton,DEATHS,223
2017,NUMBER,M,tuzla_canton,DEATHS,2256
2017,NUMBER,M,zenica-doboj_canton,DEATHS,1812
2017,NUMBER,M,bosnian-podrinje_canton,DEATHS,145
2017,NUMBER,M,central_bosnia_canton,DEATHS,1252
2017,NUMBER,M,herzegovina-neretva_canton,DEATHS,1214
2017,NUMBER,M,west_herzegovina_canton,DEATHS,433
2017,NUMBER,M,sarajevo_canton,DEATHS,2161
2017,NUMBER,M,canton_10,DEATHS,423
2017,NUMBER,F,federation_of_bih,DEATHS,10710
2017,NUMBER,F,una-sana_canton,DEATHS,1145
2017,NUMBER,F,posavina_canton,DEATHS,211
2017,NUMBER,F,tuzla_canton,DEATHS,2094
2017,NUMBER,F,zenica-doboj_canton,DEATHS,1725
2017,NUMBER,F,bosnian-podrinje_canton,DEATHS,137
2017,NUMBER,F,central_bosnia_canton,DEATHS,1154
2017,NUMBER,F,herzegovina-neretva_canton,DEATHS,1125
2017,NUMBER,F,west_herzegovina_canton,DEATHS,459
2017,NUMBER,F,sarajevo_canton,DEATHS,2239
2017,NUMBER,F,canton_10,DEATHS,421
2018,NUMBER,T,federation_of_bih,DEATHS,21442
2018,NUMBER,T,una-sana_canton,DEATHS,2260
2018,NUMBER,T,posavina_canton,DEATHS,496
2018,NUMBER,T,tuzla_canton,DEATHS,4233
2018,NUMBER,T,zenica-doboj_canton,DEATHS,3421
2018,NUMBER,T,bosnian-podrinje_canton,DEATHS,276
2018,NUMBER,T,central_bosnia_canton,DEATHS,2416
2018,NUMBER,T,herzegovina-neretva_canton,DEATHS,2234
2018,NUMBER,T,west_herzegovina_canton,DEATHS,857
2018,NUMBER,T,sarajevo_canton,DEATHS,4437
2018,NUMBER,T,canton_10,DEATHS,812
2018,NUMBER,M,federation_of_bih,DEATHS,10756
2018,NUMBER,M,una-sana_canton,DEATHS,1162
2018,NUMBER,M,posavina_canton,DEATHS,265
2018,NUMBER,M,tuzla_canton,DEATHS,2150
2018,NUMBER,M,zenica-doboj_canton,DEATHS,1730
2018,NUMBER,M,bosnian-podrinje_canton,DEATHS,130
2018,NUMBER,M,central_bosnia_canton,DEATHS,1207
2018,NUMBER,M,herzegovina-neretva_canton,DEATHS,1112
2018,NUMBER,M,west_herzegovina_canton,DEATHS,391
2018,NUMBER,M,sarajevo_canton,DEATHS,2184
2018,NUMBER,M,canton_10,DEATHS,425
2018,NUMBER,F,federation_of_bih,DEATHS,10686
2018,NUMBER,F,una-sana_canton,DEATHS,1098
2018,NUMBER,F,posavina_canton,DEATHS,231
2018,NUMBER,F,tuzla_canton,DEATHS,2083
2018,NUMBER,F,zenica-doboj_canton,DEATHS,1691
2018,NUMBER,F,bosnian-podrinje_canton,DEATHS,146
2018,NUMBER,F,central_bosnia_canton,DEATHS,1209
2018,NUMBER,F,herzegovina-neretva_canton,DEATHS,1122
2018,NUMBER,F,west_herzegovina_canton,DEATHS,466
2018,NUMBER,F,sarajevo_canton,DEATHS,2253
2018,NUMBER,F,canton_10,DEATHS,387
2019,NUMBER,T,federation_of_bih,DEATHS,22024
2019,NUMBER,T,una-sana_canton,DEATHS,2328
2019,NUMBER,T,posavina_canton,DEATHS,485
2019,NUMBER,T,tuzla_canton,DEATHS,4339
2019,NUMBER,T,zenica-doboj_canton,DEATHS,3640
2019,NUMBER,T,bosnian-podrinje_canton,DEATHS,322
2019,NUMBER,T,central_bosnia_canton,DEATHS,2470
2019,NUMBER,T,herzegovina-neretva_canton,DEATHS,2276
2019,NUMBER,T,west_herzegovina_canton,DEATHS,875
2019,NUMBER,T,sarajevo_canton,DEATHS,4425
2019,NUMBER,T,canton_10,DEATHS,864
2019,NUMBER,M,federation_of_bih,DEATHS,11140
2019,NUMBER,M,una-sana_canton,DEATHS,1190
2019,NUMBER,M,posavina_canton,DEATHS,253
2019,NUMBER,M,tuzla_canton,DEATHS,2209
2019,NUMBER,M,zenica-doboj_canton,DEATHS,1877
2019,NUMBER,M,bosnian-podrinje_canton,DEATHS,157
2019,NUMBER,M,central_bosnia_canton,DEATHS,1217
2019,NUMBER,M,herzegovina-neretva_canton,DEATHS,1136
2019,NUMBER,M,west_herzegovina_canton,DEATHS,439
2019,NUMBER,M,sarajevo_canton,DEATHS,2232
2019,NUMBER,M,canton_10,DEATHS,430
2019,NUMBER,F,federation_of_bih,DEATHS,10884
2019,NUMBER,F,una-sana_canton,DEATHS,1138
2019,NUMBER,F,posavina_canton,DEATHS,232
2019,NUMBER,F,tuzla_canton,DEATHS,2130
2019,NUMBER,F,zenica-doboj_canton,DEATHS,1763
2019,NUMBER,F,bosnian-podrinje_canton,DEATHS,165
2019,NUMBER,F,central_bosnia_canton,DEATHS,1253
2019,NUMBER,F,herzegovina-neretva_canton,DEATHS,1140
2019,NUMBER,F,west_herzegovina_canton,DEATHS,436
2019,NUMBER,F,sarajevo_canton,DEATHS,2193
2019,NUMBER,F,canton_10,DEATHS,434
2020,NUMBER,T,federation_of_bih,DEATHS,26026
2020,NUMBER,T,una-sana_canton,DEATHS,2677
2020,NUMBER,T,posavina_canton,DEATHS,572
2020,NUMBER,T,tuzla_canton,DEATHS,5259
2020,NUMBER,T,zenica-doboj_canton,DEATHS,4571
2020,NUMBER,T,bosnian-podrinje_canton,DEATHS,357
2020,NUMBER,T,central_bosnia_canton,DEATHS,2868
2020,NUMBER,T,herzegovina-neretva_canton,DEATHS,2471
2020,NUMBER,T,west_herzegovina_canton,DEATHS,1064
2020,NUMBER,T,sarajevo_canton,DEATHS,5254
2020,NUMBER,T,canton_10,DEATHS,933
2020,NUMBER,M,federation_of_bih,DEATHS,13525
2020,NUMBER,M,una-sana_canton,DEATHS,1382
2020,NUMBER,M,posavina_canton,DEATHS,284
2020,NUMBER,M,tuzla_canton,DEATHS,2691
2020,NUMBER,M,zenica-doboj_canton,DEATHS,2431
2020,NUMBER,M,bosnian-podrinje_canton,DEATHS,196
2020,NUMBER,M,central_bosnia_canton,DEATHS,1539
2020,NUMBER,M,herzegovina-neretva_canton,DEATHS,1271
2020,NUMBER,M,west_herzegovina_canton,DEATHS,552
2020,NUMBER,M,sarajevo_canton,DEATHS,2704
2020,NUMBER,M,canton_10,DEATHS,475
2020,NUMBER,F,federation_of_bih,DEATHS,12501
2020,NUMBER,F,una-sana_canton,DEATHS,1295
2020,NUMBER,F,posavina_canton,DEATHS,288
2020,NUMBER,F,tuzla_canton,DEATHS,2568
2020,NUMBER,F,zenica-doboj_canton,DEATHS,2140
2020,NUMBER,F,bosnian-podrinje_canton,DEATHS,161
2020,NUMBER,F,central_bosnia_canton,DEATHS,1329
2020,NUMBER,F,herzegovina-neretva_canton,DEATHS,1200
2020,NUMBER,F,west_herzegovina_canton,DEATHS,512
2020,NUMBER,F,sarajevo_canton,DEATHS,2550
2020,NUMBER,F,canton_10,DEATHS,458
2021,NUMBER,T,federation_of_bih,DEATHS,29086
2021,NUMBER,T,una-sana_canton,DEATHS,2806
2021,NUMBER,T,posavina_canton,DEATHS,587
2021,NUMBER,T,tuzla_canton,DEATHS,5769
2021,NUMBER,T,zenica-doboj_canton,DEATHS,4986
2021,NUMBER,T,bosnian-podrinje_canton,DEATHS,388
2021,NUMBER,T,central_bosnia_canton,DEATHS,3048
2021,NUMBER,T,herzegovina-neretva_canton,DEATHS,2995
2021,NUMBER,T,west_herzegovina_canton,DEATHS,1208
2021,NUMBER,T,sarajevo_canton,DEATHS,6241
2021,NUMBER,T,canton_10,DEATHS,1058
2021,NUMBER,M,federation_of_bih,DEATHS,14853
2021,NUMBER,M,una-sana_canton,DEATHS,1393
2021,NUMBER,M,posavina_canton,DEATHS,290
2021,NUMBER,M,tuzla_canton,DEATHS,2921
2021,NUMBER,M,zenica-doboj_canton,DEATHS,2625
2021,NUMBER,M,bosnian-podrinje_canton,DEATHS,191
2021,NUMBER,M,central_bosnia_canton,DEATHS,1594
2021,NUMBER,M,herzegovina-neretva_canton,DEATHS,1553
2021,NUMBER,M,west_herzegovina_canton,DEATHS,623
2021,NUMBER,M,sarajevo_canton,DEATHS,3122
2021,NUMBER,M,canton_10,DEATHS,541
2021,NUMBER,F,federation_of_bih,DEATHS,14233
2021,NUMBER,F,una-sana_canton,DEATHS,1413
2021,NUMBER,F,posavina_canton,DEATHS,297
2021,NUMBER,F,tuzla_canton,DEATHS,2848
2021,NUMBER,F,zenica-doboj_canton,DEATHS,2361
2021,NUMBER,F,bosnian-podrinje_canton,DEATHS,197
2021,NUMBER,F,central_bosnia_canton,DEATHS,1454
2021,NUMBER,F,herzegovina-neretva_canton,DEATHS,1442
2021,NUMBER,F,west_herzegovina_canton,DEATHS,585
2021,NUMBER,F,sarajevo_canton,DEATHS,3119
2021,NUMBER,F,canton_10,DEATHS,517
2022,NUMBER,T,federation_of_bih,DEATHS,23187
2022,NUMBER,T,una-sana_canton,DEATHS,2270
2022,NUMBER,T,posavina_canton,DEATHS,464
2022,NUMBER,T,tuzla_canton,DEATHS,4657
2022,NUMBER,T,zenica-doboj_canton,DEATHS,3729
2022,NUMBER,T,bosnian-podrinje_canton,DEATHS,339
2022,NUMBER,T,central_bosnia_canton,DEATHS,2604
2022,NUMBER,T,herzegovina-neretva_canton,DEATHS,2409
2022,NUMBER,T,west_herzegovina_canton,DEATHS,1033
2022,NUMBER,T,sarajevo_canton,DEATHS,4839
2022,NUMBER,T,canton_10,DEATHS,843
2022,NUMBER,M,federation_of_bih,DEATHS,11711
2022,NUMBER,M,una-sana_canton,DEATHS,1089
2022,NUMBER,M,posavina_canton,DEATHS,231
2022,NUMBER,M,tuzla_canton,DEATHS,2390
2022,NUMBER,M,zenica-doboj_canton,DEATHS,1885
2022,NUMBER,M,bosnian-podrinje_canton,DEATHS,170
2022,NUMBER,M,central_bosnia_canton,DEATHS,1352
2022,NUMBER,M,herzegovina-neretva_canton,DEATHS,1216
2022,NUMBER,M,west_herzegovina_canton,DEATHS,536
2022,NUMBER,M,sarajevo_canton,DEATHS,2411
2022,NUMBER,M,canton_10,DEATHS,431
2022,NUMBER,F,federation_of_bih,DEATHS,11476
2022,NUMBER,F,una-sana_canton,DEATHS,1181
2022,NUMBER,F,posavina_canton,DEATHS,233
2022,NUMBER,F,tuzla_canton,DEATHS,2267
2022,NUMBER,F,zenica-doboj_canton,DEATHS,1844
2022,NUMBER,F,bosnian-podrinje_canton,DEATHS,169
2022,NUMBER,F,central_bosnia_canton,DEATHS,1252
2022,NUMBER,F,herzegovina-neretva_canton,DEATHS,1193
2022,NUMBER,F,west_herzegovina_canton,DEATHS,497
2022,NUMBER,F,sarajevo_canton,DEATHS,2428
2022,NUMBER,F,canton_10,DEATHS,412
1996,NUMBER,T,federation_of_bih,natural_change,18861
1996,NUMBER,T,una-sana_canton,natural_change,2983
1996,NUMBER,T,posavina_canton,natural_change,-87
1996,NUMBER,T,tuzla_canton,natural_change,4474
1996,NUMBER,T,zenica-doboj_canton,natural_change,4750
1996,NUMBER,T,bosnian-podrinje_canton,natural_change,285
1996,NUMBER,T,central_bosnia_canton,natural_change,2746
1996,NUMBER,T,herzegovina-neretva_canton,natural_change,1487
1996,NUMBER,T,west_herzegovina_canton,natural_change,276
1996,NUMBER,T,sarajevo_canton,natural_change,1616
1996,NUMBER,T,canton_10,natural_change,331
1997,NUMBER,T,federation_of_bih,natural_change,17394
1997,NUMBER,T,una-sana_canton,natural_change,3768
1997,NUMBER,T,posavina_canton,natural_change,-126
1997,NUMBER,T,tuzla_canton,natural_change,3339
1997,NUMBER,T,zenica-doboj_canton,natural_change,3740
1997,NUMBER,T,bosnian-podrinje_canton,natural_change,250
1997,NUMBER,T,central_bosnia_canton,natural_change,2348
1997,NUMBER,T,herzegovina-neretva_canton,natural_change,1045
1997,NUMBER,T,west_herzegovina_canton,natural_change,354
1997,NUMBER,T,sarajevo_canton,natural_change,2300
1997,NUMBER,T,canton_10,natural_change,376
1998,NUMBER,T,federation_of_bih,natural_change,14863
1998,NUMBER,T,una-sana_canton,natural_change,3161
1998,NUMBER,T,posavina_canton,natural_change,-97
1998,NUMBER,T,tuzla_canton,natural_change,3311
1998,NUMBER,T,zenica-doboj_canton,natural_change,3030
1998,NUMBER,T,bosnian-podrinje_canton,natural_change,155
1998,NUMBER,T,central_bosnia_canton,natural_change,1949
1998,NUMBER,T,herzegovina-neretva_canton,natural_change,877
1998,NUMBER,T,west_herzegovina_canton,natural_change,250
1998,NUMBER,T,sarajevo_canton,natural_change,2005
1998,NUMBER,T,canton_10,natural_change,222
1999,NUMBER,T,federation_of_bih,natural_change,12028
1999,NUMBER,T,una-sana_canton,natural_change,2726
1999,NUMBER,T,posavina_canton,natural_change,71
1999,NUMBER,T,tuzla_canton,natural_change,3015
1999,NUMBER,T,zenica-doboj_canton,natural_change,2037
1999,NUMBER,T,bosnian-podrinje_canton,natural_change,119
1999,NUMBER,T,central_bosnia_canton,natural_change,1642
1999,NUMBER,T,herzegovina-neretva_canton,natural_change,433
1999,NUMBER,T,west_herzegovina_canton,natural_change,50
1999,NUMBER,T,sarajevo_canton,natural_change,1692
1999,NUMBER,T,canton_10,natural_change,243
2000,NUMBER,T,federation_of_bih,natural_change,8270
2000,NUMBER,T,una-sana_canton,natural_change,1717
2000,NUMBER,T,posavina_canton,natural_change,29
2000,NUMBER,T,tuzla_canton,natural_change,2489
2000,NUMBER,T,zenica-doboj_canton,natural_change,1400
2000,NUMBER,T,bosnian-podrinje_canton,natural_change,36
2000,NUMBER,T,central_bosnia_canton,natural_change,1272
2000,NUMBER,T,herzegovina-neretva_canton,natural_change,421
2000,NUMBER,T,west_herzegovina_canton,natural_change,-4
2000,NUMBER,T,sarajevo_canton,natural_change,832
2000,NUMBER,T,canton_10,natural_change,78
2001,NUMBER,T,federation_of_bih,natural_change,7125
2001,NUMBER,T,una-sana_canton,natural_change,1556
2001,NUMBER,T,posavina_canton,natural_change,-24
2001,NUMBER,T,tuzla_canton,natural_change,2312
2001,NUMBER,T,zenica-doboj_canton,natural_change,1405
2001,NUMBER,T,bosnian-podrinje_canton,natural_change,64
2001,NUMBER,T,central_bosnia_canton,natural_change,1079
2001,NUMBER,T,herzegovina-neretva_canton,natural_change,343
2001,NUMBER,T,west_herzegovina_canton,natural_change,-24
2001,NUMBER,T,sarajevo_canton,natural_change,438
2001,NUMBER,T,canton_10,natural_change,-24
2002,NUMBER,T,federation_of_bih,natural_change,6070
2002,NUMBER,T,una-sana_canton,natural_change,1199
2002,NUMBER,T,posavina_canton,natural_change,-53
2002,NUMBER,T,tuzla_canton,natural_change,2017
2002,NUMBER,T,zenica-doboj_canton,natural_change,1190
2002,NUMBER,T,bosnian-podrinje_canton,natural_change,-6
2002,NUMBER,T,central_bosnia_canton,natural_change,906
2002,NUMBER,T,herzegovina-neretva_canton,natural_change,477
2002,NUMBER,T,west_herzegovina_canton,natural_change,16
2002,NUMBER,T,sarajevo_canton,natural_change,449
2002,NUMBER,T,canton_10,natural_change,-125
2003,NUMBER,T,federation_of_bih,natural_change,4904
2003,NUMBER,T,una-sana_canton,natural_change,1064
2003,NUMBER,T,posavina_canton,natural_change,-92
2003,NUMBER,T,tuzla_canton,natural_change,1611
2003,NUMBER,T,zenica-doboj_canton,natural_change,1060
2003,NUMBER,T,bosnian-podrinje_canton,natural_change,-48
2003,NUMBER,T,central_bosnia_canton,natural_change,779
2003,NUMBER,T,herzegovina-neretva_canton,natural_change,287
2003,NUMBER,T,west_herzegovina_canton,natural_change,73
2003,NUMBER,T,sarajevo_canton,natural_change,353
2003,NUMBER,T,canton_10,natural_change,-183
2004,NUMBER,T,federation_of_bih,natural_change,3976
2004,NUMBER,T,una-sana_canton,natural_change,794
2004,NUMBER,T,posavina_canton,natural_change,-95
2004,NUMBER,T,tuzla_canton,natural_change,1309
2004,NUMBER,T,zenica-doboj_canton,natural_change,916
2004,NUMBER,T,bosnian-podrinje_canton,natural_change,-55
2004,NUMBER,T,central_bosnia_canton,natural_change,609
2004,NUMBER,T,herzegovina-neretva_canton,natural_change,243
2004,NUMBER,T,west_herzegovina_canton,natural_change,69
2004,NUMBER,T,sarajevo_canton,natural_change,300
2004,NUMBER,T,canton_10,natural_change,-114
2005,NUMBER,T,federation_of_bih,natural_change,2696
2005,NUMBER,T,una-sana_canton,natural_change,669
2005,NUMBER,T,posavina_canton,natural_change,-178
2005,NUMBER,T,tuzla_canton,natural_change,1155
2005,NUMBER,T,zenica-doboj_canton,natural_change,708
2005,NUMBER,T,bosnian-podrinje_canton,natural_change,-35
2005,NUMBER,T,central_bosnia_canton,natural_change,471
2005,NUMBER,T,herzegovina-neretva_canton,natural_change,-101
2005,NUMBER,T,west_herzegovina_canton,natural_change,-65
2005,NUMBER,T,sarajevo_canton,natural_change,253
2005,NUMBER,T,canton_10,natural_change,-181
2006,NUMBER,T,federation_of_bih,natural_change,3006
2006,NUMBER,T,una-sana_canton,natural_change,691
2006,NUMBER,T,posavina_canton,natural_change,-145
2006,NUMBER,T,tuzla_canton,natural_change,1311
2006,NUMBER,T,zenica-doboj_canton,natural_change,669
2006,NUMBER,T,bosnian-podrinje_canton,natural_change,-99
2006,NUMBER,T,central_bosnia_canton,natural_change,476
2006,NUMBER,T,herzegovina-neretva_canton,natural_change,-63
2006,NUMBER,T,west_herzegovina_canton,natural_change,-42
2006,NUMBER,T,sarajevo_canton,natural_change,426
2006,NUMBER,T,canton_10,natural_change,-218
2007,NUMBER,T,federation_of_bih,natural_change,2348
2007,NUMBER,T,una-sana_canton,natural_change,685
2007,NUMBER,T,posavina_canton,natural_change,-218
2007,NUMBER,T,tuzla_canton,natural_change,1032
2007,NUMBER,T,zenica-doboj_canton,natural_change,592
2007,NUMBER,T,bosnian-podrinje_canton,natural_change,-112
2007,NUMBER,T,central_bosnia_canton,natural_change,439
2007,NUMBER,T,herzegovina-neretva_canton,natural_change,-269
2007,NUMBER,T,west_herzegovina_canton,natural_change,-15
2007,NUMBER,T,sarajevo_canton,natural_change,458
2007,NUMBER,T,canton_10,natural_change,-244
2008,NUMBER,T,federation_of_bih,natural_change,3513
2008,NUMBER,T,una-sana_canton,natural_change,885
2008,NUMBER,T,posavina_canton,natural_change,-196
2008,NUMBER,T,tuzla_canton,natural_change,1108
2008,NUMBER,T,zenica-doboj_canton,natural_change,1059
2008,NUMBER,T,bosnian-podrinje_canton,natural_change,-38
2008,NUMBER,T,central_bosnia_canton,natural_change,365
2008,NUMBER,T,herzegovina-neretva_canton,natural_change,-184
2008,NUMBER,T,west_herzegovina_canton,natural_change,18
2008,NUMBER,T,sarajevo_canton,natural_change,782
2008,NUMBER,T,canton_10,natural_change,-286
2009,NUMBER,T,federation_of_bih,natural_change,2978
2009,NUMBER,T,una-sana_canton,natural_change,685
2009,NUMBER,T,posavina_canton,natural_change,-236
2009,NUMBER,T,tuzla_canton,natural_change,1013
2009,NUMBER,T,zenica-doboj_canton,natural_change,997
2009,NUMBER,T,bosnian-podrinje_canton,natural_change,-54
2009,NUMBER,T,central_bosnia_canton,natural_change,300
2009,NUMBER,T,herzegovina-neretva_canton,natural_change,-241
2009,NUMBER,T,west_herzegovina_canton,natural_change,-50
2009,NUMBER,T,sarajevo_canton,natural_change,885
2009,NUMBER,T,canton_10,natural_change,-321
2010,NUMBER,T,federation_of_bih,natural_change,2049
2010,NUMBER,T,una-sana_canton,natural_change,544
2010,NUMBER,T,posavina_canton,natural_change,-241
2010,NUMBER,T,tuzla_canton,natural_change,896
2010,NUMBER,T,zenica-doboj_canton,natural_change,646
2010,NUMBER,T,bosnian-podrinje_canton,natural_change,-34
2010,NUMBER,T,central_bosnia_canton,natural_change,171
2010,NUMBER,T,herzegovina-neretva_canton,natural_change,-287
2010,NUMBER,T,west_herzegovina_canton,natural_change,19
2010,NUMBER,T,sarajevo_canton,natural_change,567
2010,NUMBER,T,canton_10,natural_change,-232
2011,NUMBER,T,federation_of_bih,natural_change,1182
2011,NUMBER,T,una-sana_canton,natural_change,356
2011,NUMBER,T,posavina_canton,natural_change,-251
2011,NUMBER,T,tuzla_canton,natural_change,604
2011,NUMBER,T,zenica-doboj_canton,natural_change,480
2011,NUMBER,T,bosnian-podrinje_canton,natural_change,-78
2011,NUMBER,T,central_bosnia_canton,natural_change,68
2011,NUMBER,T,herzegovina-neretva_canton,natural_change,-258
2011,NUMBER,T,west_herzegovina_canton,natural_change,7
2011,NUMBER,T,sarajevo_canton,natural_change,603
2011,NUMBER,T,canton_10,natural_change,-349
2012,NUMBER,T,federation_of_bih,natural_change,768
2012,NUMBER,T,una-sana_canton,natural_change,142
2012,NUMBER,T,posavina_canton,natural_change,-257
2012,NUMBER,T,tuzla_canton,natural_change,681
2012,NUMBER,T,zenica-doboj_canton,natural_change,434
2012,NUMBER,T,bosnian-podrinje_canton,natural_change,-46
2012,NUMBER,T,central_bosnia_canton,natural_change,65
2012,NUMBER,T,herzegovina-neretva_canton,natural_change,-288
2012,NUMBER,T,west_herzegovina_canton,natural_change,-47
2012,NUMBER,T,sarajevo_canton,natural_change,415
2012,NUMBER,T,canton_10,natural_change,-331
2013,NUMBER,T,federation_of_bih,natural_change,-186
2013,NUMBER,T,una-sana_canton,natural_change,-91
2013,NUMBER,T,posavina_canton,natural_change,-302
2013,NUMBER,T,tuzla_canton,natural_change,562
2013,NUMBER,T,zenica-doboj_canton,natural_change,68
2013,NUMBER,T,bosnian-podrinje_canton,natural_change,-46
2013,NUMBER,T,central_bosnia_canton,natural_change,-29
2013,NUMBER,T,herzegovina-neretva_canton,natural_change,-335
2013,NUMBER,T,west_herzegovina_canton,natural_change,-110
2013,NUMBER,T,sarajevo_canton,natural_change,519
2013,NUMBER,T,canton_10,natural_change,-422
2014,NUMBER,T,federation_of_bih,natural_change,-207
2014,NUMBER,T,una-sana_canton,natural_change,51
2014,NUMBER,T,posavina_canton,natural_change,-293
2014,NUMBER,T,tuzla_canton,natural_change,566
2014,NUMBER,T,zenica-doboj_canton,natural_change,35
2014,NUMBER,T,bosnian-podrinje_canton,natural_change,-54
2014,NUMBER,T,central_bosnia_canton,natural_change,-108
2014,NUMBER,T,herzegovina-neretva_canton,natural_change,-340
2014,NUMBER,T,west_herzegovina_canton,natural_change,-47
2014,NUMBER,T,sarajevo_canton,natural_change,351
2014,NUMBER,T,canton_10,natural_change,-368
2015,NUMBER,T,federation_of_bih,natural_change,-2157
2015,NUMBER,T,una-sana_canton,natural_change,-101
2015,NUMBER,T,posavina_canton,natural_change,-272
2015,NUMBER,T,tuzla_canton,natural_change,-205
2015,NUMBER,T,zenica-doboj_canton,natural_change,-87
2015,NUMBER,T,bosnian-podrinje_canton,natural_change,-99
2015,NUMBER,T,central_bosnia_canton,natural_change,-315
2015,NUMBER,T,herzegovina-neretva_canton,natural_change,-606
2015,NUMBER,T,west_herzegovina_canton,natural_change,-161
2015,NUMBER,T,sarajevo_canton,natural_change,150
2015,NUMBER,T,canton_10,natural_change,-461
2016,NUMBER,T,federation_of_bih,natural_change,-1450
2016,NUMBER,T,una-sana_canton,natural_change,-85
2016,NUMBER,T,posavina_canton,natural_change,-358
2016,NUMBER,T,tuzla_canton,natural_change,-150
2016,NUMBER,T,zenica-doboj_canton,natural_change,8
2016,NUMBER,T,bosnian-podrinje_canton,natural_change,-84
2016,NUMBER,T,central_bosnia_canton,natural_change,-207
2016,NUMBER,T,herzegovina-neretva_canton,natural_change,-389
2016,NUMBER,T,west_herzegovina_canton,natural_change,-178
2016,NUMBER,T,sarajevo_canton,natural_change,479
2016,NUMBER,T,canton_10,natural_change,-486
2017,NUMBER,T,federation_of_bih,natural_change,-1865
2017,NUMBER,T,una-sana_canton,natural_change,-148
2017,NUMBER,T,posavina_canton,natural_change,-280
2017,NUMBER,T,tuzla_canton,natural_change,-384
2017,NUMBER,T,zenica-doboj_canton,natural_change,48
2017,NUMBER,T,bosnian-podrinje_canton,natural_change,-41
2017,NUMBER,T,central_bosnia_canton,natural_change,-239
2017,NUMBER,T,herzegovina-neretva_canton,natural_change,-627
2017,NUMBER,T,west_herzegovina_canton,natural_change,-183
2017,NUMBER,T,sarajevo_canton,natural_change,456
2017,NUMBER,T,canton_10,natural_change,-467
2018,NUMBER,T,federation_of_bih,natural_change,-2543
2018,NUMBER,T,una-sana_canton,natural_change,-456
2018,NUMBER,T,posavina_canton,natural_change,-345
2018,NUMBER,T,tuzla_canton,natural_change,-510
2018,NUMBER,T,zenica-doboj_canton,natural_change,67
2018,NUMBER,T,bosnian-podrinje_canton,natural_change,-36
2018,NUMBER,T,central_bosnia_canton,natural_change,-376
2018,NUMBER,T,herzegovina-neretva_canton,natural_change,-444
2018,NUMBER,T,west_herzegovina_canton,natural_change,-97
2018,NUMBER,T,sarajevo_canton,natural_change,93
2018,NUMBER,T,canton_10,natural_change,-439
2019,NUMBER,T,federation_of_bih,natural_change,-4005
2019,NUMBER,T,una-sana_canton,natural_change,-593
2019,NUMBER,T,posavina_canton,natural_change,-361
2019,NUMBER,T,tuzla_canton,natural_change,-703
2019,NUMBER,T,zenica-doboj_canton,natural_change,-303
2019,NUMBER,T,bosnian-podrinje_canton,natural_change,-122
2019,NUMBER,T,central_bosnia_canton,natural_change,-541
2019,NUMBER,T,herzegovina-neretva_canton,natural_change,-644
2019,NUMBER,T,west_herzegovina_canton,natural_change,-146
2019,NUMBER,T,sarajevo_canton,natural_change,-86
2019,NUMBER,T,canton_10,natural_change,-506
2020,NUMBER,T,federation_of_bih,natural_change,-8815
2020,NUMBER,T,una-sana_canton,natural_change,-1125
2020,NUMBER,T,posavina_canton,natural_change,-444
2020,NUMBER,T,tuzla_canton,natural_change,-1834
2020,NUMBER,T,zenica-doboj_canton,natural_change,-1312
2020,NUMBER,T,bosnian-podrinje_canton,natural_change,-184
2020,NUMBER,T,central_bosnia_canton,natural_change,-1014
2020,NUMBER,T,herzegovina-neretva_canton,natural_change,-939
2020,NUMBER,T,west_herzegovina_canton,natural_change,-308
2020,NUMBER,T,sarajevo_canton,natural_change,-1048
2020,NUMBER,T,canton_10,natural_change,-607
2021,NUMBER,T,federation_of_bih,natural_change,-12213
2021,NUMBER,T,una-sana_canton,natural_change,-1409
2021,NUMBER,T,posavina_canton,natural_change,-448
2021,NUMBER,T,tuzla_canton,natural_change,-2415
2021,NUMBER,T,zenica-doboj_canton,natural_change,-1814
2021,NUMBER,T,bosnian-podrinje_canton,natural_change,-238
2021,NUMBER,T,central_bosnia_canton,natural_change,-1223
2021,NUMBER,T,herzegovina-neretva_canton,natural_change,-1402
2021,NUMBER,T,west_herzegovina_canton,natural_change,-393
2021,NUMBER,T,sarajevo_canton,natural_change,-2148
2021,NUMBER,T,canton_10,natural_change,-723
2022,NUMBER,T,federation_of_bih,natural_change,-6649
2022,NUMBER,T,una-sana_canton,natural_change,-844
2022,NUMBER,T,posavina_canton,natural_change,-340
2022,NUMBER,T,tuzla_canton,natural_change,-1391
2022,NUMBER,T,zenica-doboj_canton,natural_change,-691
2022,NUMBER,T,bosnian-podrinje_canton,natural_change,-187
2022,NUMBER,T,central_bosnia_canton,natural_change,-903
2022,NUMBER,T,herzegovina-neretva_canton,natural_change,-909
2022,NUMBER,T,west_herzegovina_canton,natural_change,-184
2022,NUMBER,T,sarajevo_canton,natural_change,-693
2022,NUMBER,T,canton_10,natural_change,-507
