Year,UNIT_MEASURE,Admin_Area,HH_size,Value
2013,NUMBER,federation_of_bih,T,715665
2013,NUMBER,federation_of_bih,1,125942
2013,NUMBER,federation_of_bih,2,167372
2013,NUMBER,federation_of_bih,3,148905
2013,NUMBER,federation_of_bih,4,154944
2013,NUMBER,federation_of_bih,5,67486
2013,NUMBER,federation_of_bih,6,30205
2013,NUMBER,federation_of_bih,7,11533
2013,NUMBER,federation_of_bih,8+,9278
2013,NUMBER,una-sana_canton,T,78255
2013,NUMBER,una-sana_canton,1,11192
2013,NUMBER,una-sana_canton,2,15317
2013,NUMBER,una-sana_canton,3,14714
2013,NUMBER,una-sana_canton,4,17510
2013,NUMBER,una-sana_canton,5,9711
2013,NUMBER,una-sana_canton,6,5226
2013,NUMBER,una-sana_canton,7,2332
2013,NUMBER,una-sana_canton,8+,2253
2013,NUMBER,posavina_canton,T,13312
2013,NUMBER,posavina_canton,1,2537
2013,NUMBER,posavina_canton,2,2808
2013,NUMBER,posavina_canton,3,2366
2013,NUMBER,posavina_canton,4,2606
2013,NUMBER,posavina_canton,5,1588
2013,NUMBER,posavina_canton,6,803
2013,NUMBER,posavina_canton,7,321
2013,NUMBER,posavina_canton,8+,283
2013,NUMBER,tuzla_canton,T,150598
2013,NUMBER,tuzla_canton,1,25880
2013,NUMBER,tuzla_canton,2,37907
2013,NUMBER,tuzla_canton,3,34556
2013,NUMBER,tuzla_canton,4,33863
2013,NUMBER,tuzla_canton,5,11199
2013,NUMBER,tuzla_canton,6,4894
2013,NUMBER,tuzla_canton,7,1427
2013,NUMBER,tuzla_canton,8+,872
2013,NUMBER,zenica-doboj_canton,T,121139
2013,NUMBER,zenica-doboj_canton,1,20383
2013,NUMBER,zenica-doboj_canton,2,29234
2013,NUMBER,zenica-doboj_canton,3,27207
2013,NUMBER,zenica-doboj_canton,4,28049
2013,NUMBER,zenica-doboj_canton,5,10450
2013,NUMBER,zenica-doboj_canton,6,3802
2013,NUMBER,zenica-doboj_canton,7,1245
2013,NUMBER,zenica-doboj_canton,8+,769
2013,NUMBER,bosnian-podrinje_canton,T,8670
2013,NUMBER,bosnian-podrinje_canton,1,1937
2013,NUMBER,bosnian-podrinje_canton,2,2413
2013,NUMBER,bosnian-podrinje_canton,3,1732
2013,NUMBER,bosnian-podrinje_canton,4,1719
2013,NUMBER,bosnian-podrinje_canton,5,565
2013,NUMBER,bosnian-podrinje_canton,6,206
2013,NUMBER,bosnian-podrinje_canton,7,71
2013,NUMBER,bosnian-podrinje_canton,8+,27
2013,NUMBER,central_bosnia_canton,T,77881
2013,NUMBER,central_bosnia_canton,1,12274
2013,NUMBER,central_bosnia_canton,2,16738
2013,NUMBER,central_bosnia_canton,3,15345
2013,NUMBER,central_bosnia_canton,4,17704
2013,NUMBER,central_bosnia_canton,5,9194
2013,NUMBER,central_bosnia_canton,6,4056
2013,NUMBER,central_bosnia_canton,7,1496
2013,NUMBER,central_bosnia_canton,8+,1074
2013,NUMBER,herzegovina-neretva_canton,T,68117
2013,NUMBER,herzegovina-neretva_canton,1,11555
2013,NUMBER,herzegovina-neretva_canton,2,14958
2013,NUMBER,herzegovina-neretva_canton,3,13109
2013,NUMBER,herzegovina-neretva_canton,4,14116
2013,NUMBER,herzegovina-neretva_canton,5,7861
2013,NUMBER,herzegovina-neretva_canton,6,3792
2013,NUMBER,herzegovina-neretva_canton,7,1576
2013,NUMBER,herzegovina-neretva_canton,8+,1150
2013,NUMBER,west_herzegovina_canton,T,25078
2013,NUMBER,west_herzegovina_canton,1,3477
2013,NUMBER,west_herzegovina_canton,2,4584
2013,NUMBER,west_herzegovina_canton,3,3831
2013,NUMBER,west_herzegovina_canton,4,4716
2013,NUMBER,west_herzegovina_canton,5,3764
2013,NUMBER,west_herzegovina_canton,6,2375
2013,NUMBER,west_herzegovina_canton,7,1193
2013,NUMBER,west_herzegovina_canton,8+,1138
2013,NUMBER,sarajevo_canton,T,148860
2013,NUMBER,sarajevo_canton,1,32661
2013,NUMBER,sarajevo_canton,2,38480
2013,NUMBER,sarajevo_canton,3,32297
2013,NUMBER,sarajevo_canton,4,30523
2013,NUMBER,sarajevo_canton,5,9905
2013,NUMBER,sarajevo_canton,6,3254
2013,NUMBER,sarajevo_canton,7,988
2013,NUMBER,sarajevo_canton,8+,752
2013,NUMBER,canton_10,T,23755
2013,NUMBER,canton_10,1,4046
2013,NUMBER,canton_10,2,4933
2013,NUMBER,canton_10,3,3748
2013,NUMBER,canton_10,4,4138
2013,NUMBER,canton_10,5,3249
2013,NUMBER,canton_10,6,1797
2013,NUMBER,canton_10,7,884
2013,NUMBER,canton_10,8+,960
2023,NUMBER,federation_of_bih,T,715665
2023,NUMBER,una-sana_canton,T,78255
2023,NUMBER,bihac,T,18293
2023,NUMBER,bosanska_krupa,T,7672
2023,NUMBER,bosanski_petrovac,T,2797
2023,NUMBER,buzim,T,4326
2023,NUMBER,cazin,T,16682
2023,NUMBER,kljuc,T,4990
2023,NUMBER,sanski_most,T,11845
2023,NUMBER,velika_kladusa,T,11650
2023,NUMBER,posavina_canton,T,13312
2023,NUMBER,domaljevac-samac,T,1312
2023,NUMBER,odzak,T,5808
2023,NUMBER,orasje,T,6192
2023,NUMBER,tuzla_canton,T,150598
2023,NUMBER,banovici,T,7636
2023,NUMBER,celic,T,3203
2023,NUMBER,doboj-istok,T,3167
2023,NUMBER,gracanica,T,15082
2023,NUMBER,gradacac,T,11881
2023,NUMBER,kalesija,T,9780
2023,NUMBER,kladanj,T,3847
2023,NUMBER,lukavac,T,16654
2023,NUMBER,sapna,T,3085
2023,NUMBER,srebrenik,T,13187
2023,NUMBER,teocak,T,2020
2023,NUMBER,tuzla,T,42625
2023,NUMBER,zivinice,T,18431
2023,NUMBER,zenica-doboj_canton,T,121139
2023,NUMBER,breza,T,5058
2023,NUMBER,doboj-jug,T,1307
2023,NUMBER,kakanj,T,12237
2023,NUMBER,maglaj,T,7687
2023,NUMBER,olovo,T,3492
2023,NUMBER,tesanj,T,13425
2023,NUMBER,usora,T,1936
2023,NUMBER,vares,T,3580
2023,NUMBER,visoko,T,12900
2023,NUMBER,zavidovici,T,12088
2023,NUMBER,zenica,T,38601
2023,NUMBER,zepce,T,8828
2023,NUMBER,bosnian-podrinje_canton,T,8670
2023,NUMBER,foca-fbih,T,747
2023,NUMBER,gorazde,T,7573
2023,NUMBER,pale-fbih,T,350
2023,NUMBER,central_bosnia_canton,T,77881
2023,NUMBER,bugojno,T,9429
2023,NUMBER,busovaca,T,5620
2023,NUMBER,dobretici,T,473
2023,NUMBER,donji_vakuf,T,4182
2023,NUMBER,fojnica,T,3908
2023,NUMBER,gornji_vakuf-uskoplje,T,5685
2023,NUMBER,jajce,T,8040
2023,NUMBER,kiseljak,T,6800
2023,NUMBER,kresevo,T,1845
2023,NUMBER,novi_travnik,T,7265
2023,NUMBER,travnik,T,16444
2023,NUMBER,vitez,T,8190
2023,NUMBER,herzegovina-neretva_canton,T,68117
2023,NUMBER,capljina,T,7916
2023,NUMBER,citluk,T,4666
2023,NUMBER,mostar,T,34128
2023,NUMBER,jablanica,T,3167
2023,NUMBER,konjic,T,8380
2023,NUMBER,neum,T,1394
2023,NUMBER,prozor,T,3653
2023,NUMBER,ravno,T,929
2023,NUMBER,stolac,T,3884
2023,NUMBER,west_herzegovina_canton,T,25078
2023,NUMBER,grude,T,4502
2023,NUMBER,ljubuski,T,7444
2023,NUMBER,posusje,T,5153
2023,NUMBER,siroki_brijeg,T,7979
2023,NUMBER,sarajevo_canton,T,148860
2023,NUMBER,centar_sarajevo,T,21482
2023,NUMBER,hadzici,T,7530
2023,NUMBER,ilidza,T,22295
2023,NUMBER,ilijas,T,6383
2023,NUMBER,novi_grad_sarajevo,T,42274
2023,NUMBER,novo_sarajevo,T,25688
2023,NUMBER,stari_grad_sarajevo,T,13750
2023,NUMBER,trnovo-fbih,T,647
2023,NUMBER,vogosca,T,8811
2023,NUMBER,canton_10,T,23755
2023,NUMBER,bosansko_grahovo,T,1038
2023,NUMBER,drvar,T,3033
2023,NUMBER,glamoc,T,1437
2023,NUMBER,kupres,T,1488
2023,NUMBER,livno,T,9028
2023,NUMBER,tomislavgrad,T,7731
2023,NUMBER,federation_of_bih,1,125942
2023,NUMBER,una-sana_canton,1,11192
2023,NUMBER,bihac,1,3136
2023,NUMBER,bosanska_krupa,1,1176
2023,NUMBER,bosanski_petrovac,1,759
2023,NUMBER,buzim,1,290
2023,NUMBER,cazin,1,1558
2023,NUMBER,kljuc,1,788
2023,NUMBER,sanski_most,1,1809
2023,NUMBER,velika_kladusa,1,1676
2023,NUMBER,posavina_canton,1,2537
2023,NUMBER,domaljevac-samac,1,207
2023,NUMBER,odzak,1,1124
2023,NUMBER,orasje,1,1206
2023,NUMBER,tuzla_canton,1,25880
2023,NUMBER,banovici,1,1063
2023,NUMBER,celic,1,517
2023,NUMBER,doboj-istok,1,410
2023,NUMBER,gracanica,1,2276
2023,NUMBER,gradacac,1,1672
2023,NUMBER,kalesija,1,1146
2023,NUMBER,kladanj,1,528
2023,NUMBER,lukavac,1,3319
2023,NUMBER,sapna,1,366
2023,NUMBER,srebrenik,1,2075
2023,NUMBER,teocak,1,251
2023,NUMBER,tuzla,1,9810
2023,NUMBER,zivinice,1,2447
2023,NUMBER,zenica-doboj_canton,1,20383
2023,NUMBER,breza,1,937
2023,NUMBER,doboj-jug,1,166
2023,NUMBER,kakanj,1,1922
2023,NUMBER,maglaj,1,1351
2023,NUMBER,olovo,1,584
2023,NUMBER,tesanj,1,1819
2023,NUMBER,usora,1,298
2023,NUMBER,vares,1,1016
2023,NUMBER,visoko,1,1952
2023,NUMBER,zavidovici,1,1917
2023,NUMBER,zenica,1,7253
2023,NUMBER,zepce,1,1168
2023,NUMBER,bosnian-podrinje_canton,1,1937
2023,NUMBER,foca-fbih,1,225
2023,NUMBER,gorazde,1,1599
2023,NUMBER,pale-fbih,1,113
2023,NUMBER,central_bosnia_canton,1,12274
2023,NUMBER,bugojno,1,1438
2023,NUMBER,busovaca,1,885
2023,NUMBER,dobretici,1,73
2023,NUMBER,donji_vakuf,1,569
2023,NUMBER,fojnica,1,721
2023,NUMBER,gornji_vakuf-uskoplje,1,675
2023,NUMBER,jajce,1,1281
2023,NUMBER,kiseljak,1,1199
2023,NUMBER,kresevo,1,439
2023,NUMBER,novi_travnik,1,1080
2023,NUMBER,travnik,1,2579
2023,NUMBER,vitez,1,1335
2023,NUMBER,herzegovina-neretva_canton,1,11555
2023,NUMBER,capljina,1,1420
2023,NUMBER,citluk,1,591
2023,NUMBER,mostar,1,6277
2023,NUMBER,jablanica,1,448
2023,NUMBER,konjic,1,1518
2023,NUMBER,neum,1,242
2023,NUMBER,prozor,1,434
2023,NUMBER,ravno,1,137
2023,NUMBER,stolac,1,488
2023,NUMBER,west_herzegovina_canton,1,3477
2023,NUMBER,grude,1,668
2023,NUMBER,ljubuski,1,1127
2023,NUMBER,posusje,1,581
2023,NUMBER,siroki_brijeg,1,1101
2023,NUMBER,sarajevo_canton,1,32661
2023,NUMBER,centar_sarajevo,1,5731
2023,NUMBER,hadzici,1,1198
2023,NUMBER,ilidza,1,4040
2023,NUMBER,ilijas,1,1017
2023,NUMBER,novi_grad_sarajevo,1,8666
2023,NUMBER,novo_sarajevo,1,6987
2023,NUMBER,stari_grad_sarajevo,1,3401
2023,NUMBER,trnovo-fbih,1,196
2023,NUMBER,vogosca,1,1425
2023,NUMBER,canton_10,1,4046
2023,NUMBER,bosansko_grahovo,1,352
2023,NUMBER,drvar,1,1018
2023,NUMBER,glamoc,1,404
2023,NUMBER,kupres,1,223
2023,NUMBER,livno,1,1215
2023,NUMBER,tomislavgrad,1,834
2023,NUMBER,federation_of_bih,2,167372
2023,NUMBER,una-sana_canton,2,15317
2023,NUMBER,bihac,2,4422
2023,NUMBER,bosanska_krupa,2,1645
2023,NUMBER,bosanski_petrovac,2,794
2023,NUMBER,buzim,2,469
2023,NUMBER,cazin,2,2366
2023,NUMBER,kljuc,2,1032
2023,NUMBER,sanski_most,2,2315
2023,NUMBER,velika_kladusa,2,2274
2023,NUMBER,posavina_canton,2,2808
2023,NUMBER,domaljevac-samac,2,230
2023,NUMBER,odzak,2,1281
2023,NUMBER,orasje,2,1297
2023,NUMBER,tuzla_canton,2,37907
2023,NUMBER,banovici,2,1878
2023,NUMBER,celic,2,718
2023,NUMBER,doboj-istok,2,746
2023,NUMBER,gracanica,2,3828
2023,NUMBER,gradacac,2,2571
2023,NUMBER,kalesija,2,1939
2023,NUMBER,kladanj,2,816
2023,NUMBER,lukavac,2,4793
2023,NUMBER,sapna,2,559
2023,NUMBER,srebrenik,2,3340
2023,NUMBER,teocak,2,325
2023,NUMBER,tuzla,2,12230
2023,NUMBER,zivinice,2,4164
2023,NUMBER,zenica-doboj_canton,2,29234
2023,NUMBER,breza,2,1337
2023,NUMBER,doboj-jug,2,281
2023,NUMBER,kakanj,2,2844
2023,NUMBER,maglaj,2,1858
2023,NUMBER,olovo,2,919
2023,NUMBER,tesanj,2,2857
2023,NUMBER,usora,2,397
2023,NUMBER,vares,2,996
2023,NUMBER,visoko,2,2945
2023,NUMBER,zavidovici,2,3024
2023,NUMBER,zenica,2,9980
2023,NUMBER,zepce,2,1796
2023,NUMBER,bosnian-podrinje_canton,2,2413
2023,NUMBER,foca-fbih,2,211
2023,NUMBER,gorazde,2,2101
2023,NUMBER,pale-fbih,2,101
2023,NUMBER,central_bosnia_canton,2,16738
2023,NUMBER,bugojno,2,1991
2023,NUMBER,busovaca,2,1156
2023,NUMBER,dobretici,2,112
2023,NUMBER,donji_vakuf,2,843
2023,NUMBER,fojnica,2,954
2023,NUMBER,gornji_vakuf-uskoplje,2,1030
2023,NUMBER,jajce,2,1683
2023,NUMBER,kiseljak,2,1636
2023,NUMBER,kresevo,2,426
2023,NUMBER,novi_travnik,2,1518
2023,NUMBER,travnik,2,3618
2023,NUMBER,vitez,2,1771
2023,NUMBER,herzegovina-neretva_canton,2,14958
2023,NUMBER,capljina,2,1653
2023,NUMBER,citluk,2,846
2023,NUMBER,mostar,2,7817
2023,NUMBER,jablanica,2,718
2023,NUMBER,konjic,2,2047
2023,NUMBER,neum,2,312
2023,NUMBER,prozor,2,640
2023,NUMBER,ravno,2,197
2023,NUMBER,stolac,2,728
2023,NUMBER,west_herzegovina_canton,2,4584
2023,NUMBER,grude,2,843
2023,NUMBER,ljubuski,2,1323
2023,NUMBER,posusje,2,832
2023,NUMBER,siroki_brijeg,2,1586
2023,NUMBER,sarajevo_canton,2,38480
2023,NUMBER,centar_sarajevo,2,5977
2023,NUMBER,hadzici,2,1673
2023,NUMBER,ilidza,2,5455
2023,NUMBER,ilijas,2,1516
2023,NUMBER,novi_grad_sarajevo,2,10926
2023,NUMBER,novo_sarajevo,2,7065
2023,NUMBER,stari_grad_sarajevo,2,3523
2023,NUMBER,trnovo-fbih,2,246
2023,NUMBER,vogosca,2,2099
2023,NUMBER,canton_10,2,4933
2023,NUMBER,bosansko_grahovo,2,335
2023,NUMBER,drvar,2,940
2023,NUMBER,glamoc,2,439
2023,NUMBER,kupres,2,311
2023,NUMBER,livno,2,1728
2023,NUMBER,tomislavgrad,2,1180
2023,NUMBER,federation_of_bih,3,148905
2023,NUMBER,una-sana_canton,3,14714
2023,NUMBER,bihac,3,3833
2023,NUMBER,bosanska_krupa,3,1460
2023,NUMBER,bosanski_petrovac,3,485
2023,NUMBER,buzim,3,615
2023,NUMBER,cazin,3,3075
2023,NUMBER,kljuc,3,929
2023,NUMBER,sanski_most,3,2089
2023,NUMBER,velika_kladusa,3,2228
2023,NUMBER,posavina_canton,3,2366
2023,NUMBER,domaljevac-samac,3,202
2023,NUMBER,odzak,3,1016
2023,NUMBER,orasje,3,1148
2023,NUMBER,tuzla_canton,3,34556
2023,NUMBER,banovici,3,1978
2023,NUMBER,celic,3,573
2023,NUMBER,doboj-istok,3,750
2023,NUMBER,gracanica,3,3624
2023,NUMBER,gradacac,3,2382
2023,NUMBER,kalesija,3,2034
2023,NUMBER,kladanj,3,822
2023,NUMBER,lukavac,3,4194
2023,NUMBER,sapna,3,497
2023,NUMBER,srebrenik,3,2980
2023,NUMBER,teocak,3,348
2023,NUMBER,tuzla,3,9991
2023,NUMBER,zivinice,3,4383
2023,NUMBER,zenica-doboj_canton,3,27207
2023,NUMBER,breza,3,1221
2023,NUMBER,doboj-jug,3,322
2023,NUMBER,kakanj,3,2667
2023,NUMBER,maglaj,3,1671
2023,NUMBER,olovo,3,789
2023,NUMBER,tesanj,3,2991
2023,NUMBER,usora,3,318
2023,NUMBER,vares,3,739
2023,NUMBER,visoko,3,2933
2023,NUMBER,zavidovici,3,2792
2023,NUMBER,zenica,3,9052
2023,NUMBER,zepce,3,1712
2023,NUMBER,bosnian-podrinje_canton,3,1732
2023,NUMBER,foca-fbih,3,108
2023,NUMBER,gorazde,3,1590
2023,NUMBER,pale-fbih,3,34
2023,NUMBER,central_bosnia_canton,3,15345
2023,NUMBER,bugojno,3,1770
2023,NUMBER,busovaca,3,1209
2023,NUMBER,dobretici,3,73
2023,NUMBER,donji_vakuf,3,829
2023,NUMBER,fojnica,3,814
2023,NUMBER,gornji_vakuf-uskoplje,3,994
2023,NUMBER,jajce,3,1438
2023,NUMBER,kiseljak,3,1355
2023,NUMBER,kresevo,3,330
2023,NUMBER,novi_travnik,3,1526
2023,NUMBER,travnik,3,3355
2023,NUMBER,vitez,3,1652
2023,NUMBER,herzegovina-neretva_canton,3,13109
2023,NUMBER,capljina,3,1426
2023,NUMBER,citluk,3,760
2023,NUMBER,mostar,3,6904
2023,NUMBER,jablanica,3,679
2023,NUMBER,konjic,3,1676
2023,NUMBER,neum,3,230
2023,NUMBER,prozor,3,569
2023,NUMBER,ravno,3,165
2023,NUMBER,stolac,3,700
2023,NUMBER,west_herzegovina_canton,3,3831
2023,NUMBER,grude,3,630
2023,NUMBER,ljubuski,3,1126
2023,NUMBER,posusje,3,810
2023,NUMBER,siroki_brijeg,3,1265
2023,NUMBER,sarajevo_canton,3,32297
2023,NUMBER,centar_sarajevo,3,4414
2023,NUMBER,hadzici,3,1608
2023,NUMBER,ilidza,3,4784
2023,NUMBER,ilijas,3,1399
2023,NUMBER,novi_grad_sarajevo,3,9682
2023,NUMBER,novo_sarajevo,3,5402
2023,NUMBER,stari_grad_sarajevo,3,2857
2023,NUMBER,trnovo-fbih,3,90
2023,NUMBER,vogosca,3,2061
2023,NUMBER,canton_10,3,3748
2023,NUMBER,bosansko_grahovo,3,162
2023,NUMBER,drvar,3,470
2023,NUMBER,glamoc,3,198
2023,NUMBER,kupres,3,281
2023,NUMBER,livno,3,1463
2023,NUMBER,tomislavgrad,3,1174
2023,NUMBER,federation_of_bih,4,154944
2023,NUMBER,una-sana_canton,4,17510
2023,NUMBER,bihac,4,3933
2023,NUMBER,bosanska_krupa,4,1672
2023,NUMBER,bosanski_petrovac,4,453
2023,NUMBER,buzim,4,1044
2023,NUMBER,cazin,4,4036
2023,NUMBER,kljuc,4,1144
2023,NUMBER,sanski_most,4,2706
2023,NUMBER,velika_kladusa,4,2522
2023,NUMBER,posavina_canton,4,2606
2023,NUMBER,domaljevac-samac,4,253
2023,NUMBER,odzak,4,1134
2023,NUMBER,orasje,4,1219
2023,NUMBER,tuzla_canton,4,33863
2023,NUMBER,banovici,4,1948
2023,NUMBER,celic,4,719
2023,NUMBER,doboj-istok,4,807
2023,NUMBER,gracanica,4,3457
2023,NUMBER,gradacac,4,2695
2023,NUMBER,kalesija,4,2687
2023,NUMBER,kladanj,4,1023
2023,NUMBER,lukavac,4,3309
2023,NUMBER,sapna,4,839
2023,NUMBER,srebrenik,4,3052
2023,NUMBER,teocak,4,485
2023,NUMBER,tuzla,4,7999
2023,NUMBER,zivinice,4,4843
2023,NUMBER,zenica-doboj_canton,4,28049
2023,NUMBER,breza,4,1102
2023,NUMBER,doboj-jug,4,337
2023,NUMBER,kakanj,4,3099
2023,NUMBER,maglaj,4,1746
2023,NUMBER,olovo,4,787
2023,NUMBER,tesanj,4,3473
2023,NUMBER,usora,4,461
2023,NUMBER,vares,4,588
2023,NUMBER,visoko,4,3164
2023,NUMBER,zavidovici,4,2920
2023,NUMBER,zenica,4,8336
2023,NUMBER,zepce,4,2036
2023,NUMBER,bosnian-podrinje_canton,4,1719
2023,NUMBER,foca-fbih,4,132
2023,NUMBER,gorazde,4,1529
2023,NUMBER,pale-fbih,4,58
2023,NUMBER,central_bosnia_canton,4,17704
2023,NUMBER,bugojno,4,2159
2023,NUMBER,busovaca,4,1372
2023,NUMBER,dobretici,4,93
2023,NUMBER,donji_vakuf,4,1043
2023,NUMBER,fojnica,4,867
2023,NUMBER,gornji_vakuf-uskoplje,4,1283
2023,NUMBER,jajce,4,1738
2023,NUMBER,kiseljak,4,1547
2023,NUMBER,kresevo,4,382
2023,NUMBER,novi_travnik,4,1661
2023,NUMBER,travnik,4,3594
2023,NUMBER,vitez,4,1965
2023,NUMBER,herzegovina-neretva_canton,4,14116
2023,NUMBER,capljina,4,1540
2023,NUMBER,citluk,4,807
2023,NUMBER,mostar,4,7152
2023,NUMBER,jablanica,4,781
2023,NUMBER,konjic,4,1888
2023,NUMBER,neum,4,263
2023,NUMBER,prozor,4,728
2023,NUMBER,ravno,4,181
2023,NUMBER,stolac,4,776
2023,NUMBER,west_herzegovina_canton,4,4716
2023,NUMBER,grude,4,768
2023,NUMBER,ljubuski,4,1365
2023,NUMBER,posusje,4,986
2023,NUMBER,siroki_brijeg,4,1597
2023,NUMBER,sarajevo_canton,4,30523
2023,NUMBER,centar_sarajevo,4,3832
2023,NUMBER,hadzici,4,1873
2023,NUMBER,ilidza,4,5079
2023,NUMBER,ilijas,4,1476
2023,NUMBER,novi_grad_sarajevo,4,8817
2023,NUMBER,novo_sarajevo,4,4557
2023,NUMBER,stari_grad_sarajevo,4,2674
2023,NUMBER,trnovo-fbih,4,63
2023,NUMBER,vogosca,4,2152
2023,NUMBER,canton_10,4,4138
2023,NUMBER,bosansko_grahovo,4,100
2023,NUMBER,drvar,4,390
2023,NUMBER,glamoc,4,172
2023,NUMBER,kupres,4,275
2023,NUMBER,livno,4,1740
2023,NUMBER,tomislavgrad,4,1461
2023,NUMBER,federation_of_bih,5,67486
2023,NUMBER,una-sana_canton,5,9711
2023,NUMBER,bihac,5,1737
2023,NUMBER,bosanska_krupa,5,911
2023,NUMBER,bosanski_petrovac,5,185
2023,NUMBER,buzim,5,800
2023,NUMBER,cazin,5,2592
2023,NUMBER,kljuc,5,586
2023,NUMBER,sanski_most,5,1405
2023,NUMBER,velika_kladusa,5,1495
2023,NUMBER,posavina_canton,5,1588
2023,NUMBER,domaljevac-samac,5,216
2023,NUMBER,odzak,5,644
2023,NUMBER,orasje,5,728
2023,NUMBER,tuzla_canton,5,11199
2023,NUMBER,banovici,5,510
2023,NUMBER,celic,5,376
2023,NUMBER,doboj-istok,5,278
2023,NUMBER,gracanica,5,1143
2023,NUMBER,gradacac,5,1367
2023,NUMBER,kalesija,5,1166
2023,NUMBER,kladanj,5,434
2023,NUMBER,lukavac,5,753
2023,NUMBER,sapna,5,413
2023,NUMBER,srebrenik,5,1047
2023,NUMBER,teocak,5,327
2023,NUMBER,tuzla,5,1782
2023,NUMBER,zivinice,5,1603
2023,NUMBER,zenica-doboj_canton,5,10450
2023,NUMBER,breza,5,329
2023,NUMBER,doboj-jug,5,145
2023,NUMBER,kakanj,5,1112
2023,NUMBER,maglaj,5,601
2023,NUMBER,olovo,5,294
2023,NUMBER,tesanj,5,1440
2023,NUMBER,usora,5,258
2023,NUMBER,vares,5,173
2023,NUMBER,visoko,5,1238
2023,NUMBER,zavidovici,5,955
2023,NUMBER,zenica,5,2672
2023,NUMBER,zepce,5,1233
2023,NUMBER,bosnian-podrinje_canton,5,565
2023,NUMBER,foca-fbih,5,43
2023,NUMBER,gorazde,5,499
2023,NUMBER,pale-fbih,5,23
2023,NUMBER,central_bosnia_canton,5,9194
2023,NUMBER,bugojno,5,1132
2023,NUMBER,busovaca,5,651
2023,NUMBER,dobretici,5,57
2023,NUMBER,donji_vakuf,5,527
2023,NUMBER,fojnica,5,380
2023,NUMBER,gornji_vakuf-uskoplje,5,863
2023,NUMBER,jajce,5,1004
2023,NUMBER,kiseljak,5,669
2023,NUMBER,kresevo,5,182
2023,NUMBER,novi_travnik,5,878
2023,NUMBER,travnik,5,1869
2023,NUMBER,vitez,5,982
2023,NUMBER,herzegovina-neretva_canton,5,7861
2023,NUMBER,capljina,5,978
2023,NUMBER,citluk,5,747
2023,NUMBER,mostar,5,3595
2023,NUMBER,jablanica,5,340
2023,NUMBER,konjic,5,803
2023,NUMBER,neum,5,185
2023,NUMBER,prozor,5,546
2023,NUMBER,ravno,5,123
2023,NUMBER,stolac,5,544
2023,NUMBER,west_herzegovina_canton,5,3764
2023,NUMBER,grude,5,663
2023,NUMBER,ljubuski,5,1081
2023,NUMBER,posusje,5,860
2023,NUMBER,siroki_brijeg,5,1160
2023,NUMBER,sarajevo_canton,5,9905
2023,NUMBER,centar_sarajevo,5,1042
2023,NUMBER,hadzici,5,735
2023,NUMBER,ilidza,5,1845
2023,NUMBER,ilijas,5,616
2023,NUMBER,novi_grad_sarajevo,5,2831
2023,NUMBER,novo_sarajevo,5,1204
2023,NUMBER,stari_grad_sarajevo,5,875
2023,NUMBER,trnovo-fbih,5,33
2023,NUMBER,vogosca,5,724
2023,NUMBER,canton_10,5,3249
2023,NUMBER,bosansko_grahovo,5,44
2023,NUMBER,drvar,5,143
2023,NUMBER,glamoc,5,123
2023,NUMBER,kupres,5,227
2023,NUMBER,livno,5,1297
2023,NUMBER,tomislavgrad,5,1415
2023,NUMBER,federation_of_bih,6,30205
2023,NUMBER,una-sana_canton,6,5226
2023,NUMBER,bihac,6,785
2023,NUMBER,bosanska_krupa,6,468
2023,NUMBER,bosanski_petrovac,6,86
2023,NUMBER,buzim,6,523
2023,NUMBER,cazin,6,1509
2023,NUMBER,kljuc,6,268
2023,NUMBER,sanski_most,6,767
2023,NUMBER,velika_kladusa,6,820
2023,NUMBER,posavina_canton,6,803
2023,NUMBER,domaljevac-samac,6,120
2023,NUMBER,odzak,6,332
2023,NUMBER,orasje,6,351
2023,NUMBER,tuzla_canton,6,4894
2023,NUMBER,banovici,6,188
2023,NUMBER,celic,6,180
2023,NUMBER,doboj-istok,6,126
2023,NUMBER,gracanica,6,563
2023,NUMBER,gradacac,6,815
2023,NUMBER,kalesija,6,537
2023,NUMBER,kladanj,6,157
2023,NUMBER,lukavac,6,185
2023,NUMBER,sapna,6,244
2023,NUMBER,srebrenik,6,455
2023,NUMBER,teocak,6,178
2023,NUMBER,tuzla,6,574
2023,NUMBER,zivinice,6,692
2023,NUMBER,zenica-doboj_canton,6,3802
2023,NUMBER,breza,6,99
2023,NUMBER,doboj-jug,6,36
2023,NUMBER,kakanj,6,413
2023,NUMBER,maglaj,6,304
2023,NUMBER,olovo,6,84
2023,NUMBER,tesanj,6,576
2023,NUMBER,usora,6,105
2023,NUMBER,vares,6,54
2023,NUMBER,visoko,6,449
2023,NUMBER,zavidovici,6,318
2023,NUMBER,zenica,6,868
2023,NUMBER,zepce,6,496
2023,NUMBER,bosnian-podrinje_canton,6,206
2023,NUMBER,foca-fbih,6,16
2023,NUMBER,gorazde,6,177
2023,NUMBER,pale-fbih,6,13
2023,NUMBER,central_bosnia_canton,6,4056
2023,NUMBER,bugojno,6,519
2023,NUMBER,busovaca,6,231
2023,NUMBER,dobretici,6,30
2023,NUMBER,donji_vakuf,6,251
2023,NUMBER,fojnica,6,117
2023,NUMBER,gornji_vakuf-uskoplje,6,484
2023,NUMBER,jajce,6,471
2023,NUMBER,kiseljak,6,281
2023,NUMBER,kresevo,6,64
2023,NUMBER,novi_travnik,6,382
2023,NUMBER,travnik,6,890
2023,NUMBER,vitez,6,336
2023,NUMBER,herzegovina-neretva_canton,6,3792
2023,NUMBER,capljina,6,542
2023,NUMBER,citluk,6,456
2023,NUMBER,mostar,6,1494
2023,NUMBER,jablanica,6,129
2023,NUMBER,konjic,6,302
2023,NUMBER,neum,6,96
2023,NUMBER,prozor,6,366
2023,NUMBER,ravno,6,75
2023,NUMBER,stolac,6,332
2023,NUMBER,west_herzegovina_canton,6,2375
2023,NUMBER,grude,6,431
2023,NUMBER,ljubuski,6,682
2023,NUMBER,posusje,6,570
2023,NUMBER,siroki_brijeg,6,692
2023,NUMBER,sarajevo_canton,6,3254
2023,NUMBER,centar_sarajevo,6,318
2023,NUMBER,hadzici,6,311
2023,NUMBER,ilidza,6,684
2023,NUMBER,ilijas,6,240
2023,NUMBER,novi_grad_sarajevo,6,856
2023,NUMBER,novo_sarajevo,6,322
2023,NUMBER,stari_grad_sarajevo,6,277
2023,NUMBER,trnovo-fbih,6,13
2023,NUMBER,vogosca,6,233
2023,NUMBER,canton_10,6,1797
2023,NUMBER,bosansko_grahovo,6,27
2023,NUMBER,drvar,6,55
2023,NUMBER,glamoc,6,61
2023,NUMBER,kupres,6,103
2023,NUMBER,livno,6,749
2023,NUMBER,tomislavgrad,6,802
2023,NUMBER,federation_of_bih,7,11533
2023,NUMBER,una-sana_canton,7,2332
2023,NUMBER,bihac,7,266
2023,NUMBER,bosanska_krupa,7,204
2023,NUMBER,bosanski_petrovac,7,20
2023,NUMBER,buzim,7,268
2023,NUMBER,cazin,7,766
2023,NUMBER,kljuc,7,123
2023,NUMBER,sanski_most,7,347
2023,NUMBER,velika_kladusa,7,338
2023,NUMBER,posavina_canton,7,321
2023,NUMBER,domaljevac-samac,7,36
2023,NUMBER,odzak,7,137
2023,NUMBER,orasje,7,148
2023,NUMBER,tuzla_canton,7,1427
2023,NUMBER,banovici,7,51
2023,NUMBER,celic,7,61
2023,NUMBER,doboj-istok,7,37
2023,NUMBER,gracanica,7,135
2023,NUMBER,gradacac,7,250
2023,NUMBER,kalesija,7,163
2023,NUMBER,kladanj,7,37
2023,NUMBER,lukavac,7,59
2023,NUMBER,sapna,7,91
2023,NUMBER,srebrenik,7,152
2023,NUMBER,teocak,7,57
2023,NUMBER,tuzla,7,142
2023,NUMBER,zivinice,7,192
2023,NUMBER,zenica-doboj_canton,7,1245
2023,NUMBER,breza,7,24
2023,NUMBER,doboj-jug,7,15
2023,NUMBER,kakanj,7,119
2023,NUMBER,maglaj,7,82
2023,NUMBER,olovo,7,27
2023,NUMBER,tesanj,7,194
2023,NUMBER,usora,7,50
2023,NUMBER,vares,7,7
2023,NUMBER,visoko,7,135
2023,NUMBER,zavidovici,7,102
2023,NUMBER,zenica,7,275
2023,NUMBER,zepce,7,215
2023,NUMBER,bosnian-podrinje_canton,7,71
2023,NUMBER,foca-fbih,7,9
2023,NUMBER,gorazde,7,56
2023,NUMBER,pale-fbih,7,6
2023,NUMBER,central_bosnia_canton,7,1496
2023,NUMBER,bugojno,7,226
2023,NUMBER,busovaca,7,78
2023,NUMBER,dobretici,7,19
2023,NUMBER,donji_vakuf,7,74
2023,NUMBER,fojnica,7,43
2023,NUMBER,gornji_vakuf-uskoplje,7,177
2023,NUMBER,jajce,7,219
2023,NUMBER,kiseljak,7,77
2023,NUMBER,kresevo,7,18
2023,NUMBER,novi_travnik,7,127
2023,NUMBER,travnik,7,337
2023,NUMBER,vitez,7,101
2023,NUMBER,herzegovina-neretva_canton,7,1576
2023,NUMBER,capljina,7,225
2023,NUMBER,citluk,7,260
2023,NUMBER,mostar,7,547
2023,NUMBER,jablanica,7,43
2023,NUMBER,konjic,7,101
2023,NUMBER,neum,7,28
2023,NUMBER,prozor,7,182
2023,NUMBER,ravno,7,28
2023,NUMBER,stolac,7,162
2023,NUMBER,west_herzegovina_canton,7,1193
2023,NUMBER,grude,7,237
2023,NUMBER,ljubuski,7,377
2023,NUMBER,posusje,7,248
2023,NUMBER,siroki_brijeg,7,331
2023,NUMBER,sarajevo_canton,7,988
2023,NUMBER,centar_sarajevo,7,99
2023,NUMBER,hadzici,7,79
2023,NUMBER,ilidza,7,222
2023,NUMBER,ilijas,7,69
2023,NUMBER,novi_grad_sarajevo,7,281
2023,NUMBER,novo_sarajevo,7,79
2023,NUMBER,stari_grad_sarajevo,7,88
2023,NUMBER,trnovo-fbih,7,2
2023,NUMBER,vogosca,7,69
2023,NUMBER,canton_10,7,884
2023,NUMBER,bosansko_grahovo,7,10
2023,NUMBER,drvar,7,14
2023,NUMBER,glamoc,7,22
2023,NUMBER,kupres,7,44
2023,NUMBER,livno,7,368
2023,NUMBER,tomislavgrad,7,426
2023,NUMBER,federation_of_bih,8+,9278
2023,NUMBER,una-sana_canton,8+,2253
2023,NUMBER,bihac,8+,181
2023,NUMBER,bosanska_krupa,8+,136
2023,NUMBER,bosanski_petrovac,8+,15
2023,NUMBER,buzim,8+,317
2023,NUMBER,cazin,8+,780
2023,NUMBER,kljuc,8+,120
2023,NUMBER,sanski_most,8+,407
2023,NUMBER,velika_kladusa,8+,297
2023,NUMBER,posavina_canton,8+,283
2023,NUMBER,domaljevac-samac,8+,48
2023,NUMBER,odzak,8+,140
2023,NUMBER,orasje,8+,95
2023,NUMBER,tuzla_canton,8+,872
2023,NUMBER,banovici,8+,20
2023,NUMBER,celic,8+,59
2023,NUMBER,doboj-istok,8+,13
2023,NUMBER,gracanica,8+,56
2023,NUMBER,gradacac,8+,129
2023,NUMBER,kalesija,8+,108
2023,NUMBER,kladanj,8+,30
2023,NUMBER,lukavac,8+,42
2023,NUMBER,sapna,8+,76
2023,NUMBER,srebrenik,8+,86
2023,NUMBER,teocak,8+,49
2023,NUMBER,tuzla,8+,97
2023,NUMBER,zivinice,8+,107
2023,NUMBER,zenica-doboj_canton,8+,769
2023,NUMBER,breza,8+,9
2023,NUMBER,doboj-jug,8+,5
2023,NUMBER,kakanj,8+,61
2023,NUMBER,maglaj,8+,74
2023,NUMBER,olovo,8+,8
2023,NUMBER,tesanj,8+,75
2023,NUMBER,usora,8+,49
2023,NUMBER,vares,8+,7
2023,NUMBER,visoko,8+,84
2023,NUMBER,zavidovici,8+,60
2023,NUMBER,zenica,8+,165
2023,NUMBER,zepce,8+,172
2023,NUMBER,bosnian-podrinje_canton,8+,27
2023,NUMBER,foca-fbih,8+,3
2023,NUMBER,gorazde,8+,22
2023,NUMBER,pale-fbih,8+,2
2023,NUMBER,central_bosnia_canton,8+,1074
2023,NUMBER,bugojno,8+,194
2023,NUMBER,busovaca,8+,38
2023,NUMBER,dobretici,8+,16
2023,NUMBER,donji_vakuf,8+,46
2023,NUMBER,fojnica,8+,12
2023,NUMBER,gornji_vakuf-uskoplje,8+,179
2023,NUMBER,jajce,8+,206
2023,NUMBER,kiseljak,8+,36
2023,NUMBER,kresevo,8+,4
2023,NUMBER,novi_travnik,8+,93
2023,NUMBER,travnik,8+,202
2023,NUMBER,vitez,8+,48
2023,NUMBER,herzegovina-neretva_canton,8+,1150
2023,NUMBER,capljina,8+,132
2023,NUMBER,citluk,8+,199
2023,NUMBER,mostar,8+,342
2023,NUMBER,jablanica,8+,29
2023,NUMBER,konjic,8+,45
2023,NUMBER,neum,8+,38
2023,NUMBER,prozor,8+,188
2023,NUMBER,ravno,8+,23
2023,NUMBER,stolac,8+,154
2023,NUMBER,west_herzegovina_canton,8+,1138
2023,NUMBER,grude,8+,262
2023,NUMBER,ljubuski,8+,363
2023,NUMBER,posusje,8+,266
2023,NUMBER,siroki_brijeg,8+,247
2023,NUMBER,sarajevo_canton,8+,752
2023,NUMBER,centar_sarajevo,8+,69
2023,NUMBER,hadzici,8+,53
2023,NUMBER,ilidza,8+,186
2023,NUMBER,ilijas,8+,50
2023,NUMBER,novi_grad_sarajevo,8+,215
2023,NUMBER,novo_sarajevo,8+,72
2023,NUMBER,stari_grad_sarajevo,8+,55
2023,NUMBER,trnovo-fbih,8+,4
2023,NUMBER,vogosca,8+,48
2023,NUMBER,canton_10,8+,960
2023,NUMBER,bosansko_grahovo,8+,8
2023,NUMBER,drvar,8+,3
2023,NUMBER,glamoc,8+,18
2023,NUMBER,kupres,8+,24
2023,NUMBER,livno,8+,468
2023,NUMBER,tomislavgrad,8+,439
