Year,UNIT-MEASURE,Admin_Area,Sex,highest_attainment,Value
2013,NUMBER,federation_of_bih,T,T,1862272
2013,NUMBER,federation_of_bih,T,no_education,82724
2013,NUMBER,federation_of_bih,T,incomplete_elementary,167956
2013,NUMBER,federation_of_bih,T,elementary_education,401188
2013,NUMBER,federation_of_bih,T,secondary_education,952320
2013,NUMBER,federation_of_bih,T,secondary_specialization,13254
2013,NUMBER,federation_of_bih,T,first_degree,56720
2013,NUMBER,federation_of_bih,T,university_degree,188110
2013,NUMBER,una-sana_canton,T,T,225229
2013,NUMBER,una-sana_canton,T,no_education,13280
2013,NUMBER,una-sana_canton,T,incomplete_elementary,23698
2013,NUMBER,una-sana_canton,T,elementary_education,65447
2013,NUMBER,una-sana_canton,T,secondary_education,101836
2013,NUMBER,una-sana_canton,T,secondary_specialization,827
2013,NUMBER,una-sana_canton,T,first_degree,6495
2013,NUMBER,una-sana_canton,T,university_degree,13646
2013,NUMBER,posavina_canton,T,T,37418
2013,NUMBER,posavina_canton,T,no_education,1877
2013,NUMBER,posavina_canton,T,incomplete_elementary,5411
2013,NUMBER,posavina_canton,T,elementary_education,8965
2013,NUMBER,posavina_canton,T,secondary_education,17468
2013,NUMBER,posavina_canton,T,secondary_specialization,200
2013,NUMBER,posavina_canton,T,first_degree,1001
2013,NUMBER,posavina_canton,T,university_degree,2496
2013,NUMBER,tuzla_canton,T,T,375224
2013,NUMBER,tuzla_canton,T,no_education,19235
2013,NUMBER,tuzla_canton,T,incomplete_elementary,40851
2013,NUMBER,tuzla_canton,T,elementary_education,86031
2013,NUMBER,tuzla_canton,T,secondary_education,191001
2013,NUMBER,tuzla_canton,T,secondary_specialization,2692
2013,NUMBER,tuzla_canton,T,first_degree,7370
2013,NUMBER,tuzla_canton,T,university_degree,28044
2013,NUMBER,zenica-doboj_canton,T,T,303990
2013,NUMBER,zenica-doboj_canton,T,no_education,13040
2013,NUMBER,zenica-doboj_canton,T,incomplete_elementary,31325
2013,NUMBER,zenica-doboj_canton,T,elementary_education,71548
2013,NUMBER,zenica-doboj_canton,T,secondary_education,156591
2013,NUMBER,zenica-doboj_canton,T,secondary_specialization,3593
2013,NUMBER,zenica-doboj_canton,T,first_degree,7050
2013,NUMBER,zenica-doboj_canton,T,university_degree,20843
2013,NUMBER,bosnian-podrinje_canton,T,T,20448
2013,NUMBER,bosnian-podrinje_canton,T,no_education,1133
2013,NUMBER,bosnian-podrinje_canton,T,incomplete_elementary,1705
2013,NUMBER,bosnian-podrinje_canton,T,elementary_education,4886
2013,NUMBER,bosnian-podrinje_canton,T,secondary_education,10173
2013,NUMBER,bosnian-podrinje_canton,T,secondary_specialization,205
2013,NUMBER,bosnian-podrinje_canton,T,first_degree,518
2013,NUMBER,bosnian-podrinje_canton,T,university_degree,1828
2013,NUMBER,central_bosnia_canton,T,T,211486
2013,NUMBER,central_bosnia_canton,T,no_education,10958
2013,NUMBER,central_bosnia_canton,T,incomplete_elementary,23045
2013,NUMBER,central_bosnia_canton,T,elementary_education,49690
2013,NUMBER,central_bosnia_canton,T,secondary_education,107657
2013,NUMBER,central_bosnia_canton,T,secondary_specialization,1321
2013,NUMBER,central_bosnia_canton,T,first_degree,5219
2013,NUMBER,central_bosnia_canton,T,university_degree,13596
2013,NUMBER,herzegovina-neretva_canton,T,T,187848
2013,NUMBER,herzegovina-neretva_canton,T,no_education,6789
2013,NUMBER,herzegovina-neretva_canton,T,incomplete_elementary,13648
2013,NUMBER,herzegovina-neretva_canton,T,elementary_education,33296
2013,NUMBER,herzegovina-neretva_canton,T,secondary_education,101352
2013,NUMBER,herzegovina-neretva_canton,T,secondary_specialization,1347
2013,NUMBER,herzegovina-neretva_canton,T,first_degree,7772
2013,NUMBER,herzegovina-neretva_canton,T,university_degree,23644
2013,NUMBER,west_herzegovina_canton,T,T,78046
2013,NUMBER,west_herzegovina_canton,T,no_education,2960
2013,NUMBER,west_herzegovina_canton,T,incomplete_elementary,6267
2013,NUMBER,west_herzegovina_canton,T,elementary_education,12575
2013,NUMBER,west_herzegovina_canton,T,secondary_education,42986
2013,NUMBER,west_herzegovina_canton,T,secondary_specialization,387
2013,NUMBER,west_herzegovina_canton,T,first_degree,3427
2013,NUMBER,west_herzegovina_canton,T,university_degree,9444
2013,NUMBER,sarajevo_canton,T,T,350333
2013,NUMBER,sarajevo_canton,T,no_education,9766
2013,NUMBER,sarajevo_canton,T,incomplete_elementary,14669
2013,NUMBER,sarajevo_canton,T,elementary_education,54955
2013,NUMBER,sarajevo_canton,T,secondary_education,186928
2013,NUMBER,sarajevo_canton,T,secondary_specialization,2385
2013,NUMBER,sarajevo_canton,T,first_degree,14716
2013,NUMBER,sarajevo_canton,T,university_degree,66914
2013,NUMBER,canton_10,T,T,72250
2013,NUMBER,canton_10,T,no_education,3686
2013,NUMBER,canton_10,T,incomplete_elementary,7337
2013,NUMBER,canton_10,T,elementary_education,13795
2013,NUMBER,canton_10,T,secondary_education,36328
2013,NUMBER,canton_10,T,secondary_specialization,297
2013,NUMBER,canton_10,T,first_degree,3152
2013,NUMBER,canton_10,T,university_degree,7655
2013,NUMBER,federation_of_bih,M,T,904850
2013,NUMBER,federation_of_bih,M,no_education,13635
2013,NUMBER,federation_of_bih,M,incomplete_elementary,46470
2013,NUMBER,federation_of_bih,M,elementary_education,166078
2013,NUMBER,federation_of_bih,M,secondary_education,547281
2013,NUMBER,federation_of_bih,M,secondary_specialization,11005
2013,NUMBER,federation_of_bih,M,first_degree,30520
2013,NUMBER,federation_of_bih,M,university_degree,89861
2013,NUMBER,una-sana_canton,M,T,110711
2013,NUMBER,una-sana_canton,M,no_education,2609
2013,NUMBER,una-sana_canton,M,incomplete_elementary,8511
2013,NUMBER,una-sana_canton,M,elementary_education,29553
2013,NUMBER,una-sana_canton,M,secondary_education,59686
2013,NUMBER,una-sana_canton,M,secondary_specialization,583
2013,NUMBER,una-sana_canton,M,first_degree,3294
2013,NUMBER,una-sana_canton,M,university_degree,6475
2013,NUMBER,posavina_canton,M,T,18656
2013,NUMBER,posavina_canton,M,no_education,367
2013,NUMBER,posavina_canton,M,incomplete_elementary,2125
2013,NUMBER,posavina_canton,M,elementary_education,4316
2013,NUMBER,posavina_canton,M,secondary_education,9831
2013,NUMBER,posavina_canton,M,secondary_specialization,146
2013,NUMBER,posavina_canton,M,first_degree,572
2013,NUMBER,posavina_canton,M,university_degree,1299
2013,NUMBER,tuzla_canton,M,T,181535
2013,NUMBER,tuzla_canton,M,no_education,3089
2013,NUMBER,tuzla_canton,M,incomplete_elementary,10230
2013,NUMBER,tuzla_canton,M,elementary_education,34890
2013,NUMBER,tuzla_canton,M,secondary_education,112695
2013,NUMBER,tuzla_canton,M,secondary_specialization,2325
2013,NUMBER,tuzla_canton,M,first_degree,4293
2013,NUMBER,tuzla_canton,M,university_degree,14013
2013,NUMBER,zenica-doboj_canton,M,T,149837
2013,NUMBER,zenica-doboj_canton,M,no_education,1936
2013,NUMBER,zenica-doboj_canton,M,incomplete_elementary,7908
2013,NUMBER,zenica-doboj_canton,M,elementary_education,28285
2013,NUMBER,zenica-doboj_canton,M,secondary_education,94181
2013,NUMBER,zenica-doboj_canton,M,secondary_specialization,3153
2013,NUMBER,zenica-doboj_canton,M,first_degree,3909
2013,NUMBER,zenica-doboj_canton,M,university_degree,10465
2013,NUMBER,bosnian-podrinje_canton,M,T,9881
2013,NUMBER,bosnian-podrinje_canton,M,no_education,159
2013,NUMBER,bosnian-podrinje_canton,M,incomplete_elementary,405
2013,NUMBER,bosnian-podrinje_canton,M,elementary_education,1839
2013,NUMBER,bosnian-podrinje_canton,M,secondary_education,5960
2013,NUMBER,bosnian-podrinje_canton,M,secondary_specialization,175
2013,NUMBER,bosnian-podrinje_canton,M,first_degree,352
2013,NUMBER,bosnian-podrinje_canton,M,university_degree,991
2013,NUMBER,central_bosnia_canton,M,T,105017
2013,NUMBER,central_bosnia_canton,M,no_education,1981
2013,NUMBER,central_bosnia_canton,M,incomplete_elementary,6423
2013,NUMBER,central_bosnia_canton,M,elementary_education,21391
2013,NUMBER,central_bosnia_canton,M,secondary_education,64191
2013,NUMBER,central_bosnia_canton,M,secondary_specialization,1132
2013,NUMBER,central_bosnia_canton,M,first_degree,2919
2013,NUMBER,central_bosnia_canton,M,university_degree,6980
2013,NUMBER,herzegovina-neretva_canton,M,T,91629
2013,NUMBER,herzegovina-neretva_canton,M,no_education,1047
2013,NUMBER,herzegovina-neretva_canton,M,incomplete_elementary,3657
2013,NUMBER,herzegovina-neretva_canton,M,elementary_education,13686
2013,NUMBER,herzegovina-neretva_canton,M,secondary_education,57185
2013,NUMBER,herzegovina-neretva_canton,M,secondary_specialization,1098
2013,NUMBER,herzegovina-neretva_canton,M,first_degree,3975
2013,NUMBER,herzegovina-neretva_canton,M,university_degree,10981
2013,NUMBER,west_herzegovina_canton,M,T,38677
2013,NUMBER,west_herzegovina_canton,M,no_education,450
2013,NUMBER,west_herzegovina_canton,M,incomplete_elementary,2072
2013,NUMBER,west_herzegovina_canton,M,elementary_education,6057
2013,NUMBER,west_herzegovina_canton,M,secondary_education,23646
2013,NUMBER,west_herzegovina_canton,M,secondary_specialization,257
2013,NUMBER,west_herzegovina_canton,M,first_degree,1629
2013,NUMBER,west_herzegovina_canton,M,university_degree,4566
2013,NUMBER,sarajevo_canton,M,T,162698
2013,NUMBER,sarajevo_canton,M,no_education,1417
2013,NUMBER,sarajevo_canton,M,incomplete_elementary,2568
2013,NUMBER,sarajevo_canton,M,elementary_education,19427
2013,NUMBER,sarajevo_canton,M,secondary_education,99295
2013,NUMBER,sarajevo_canton,M,secondary_specialization,1938
2013,NUMBER,sarajevo_canton,M,first_degree,7875
2013,NUMBER,sarajevo_canton,M,university_degree,30178
2013,NUMBER,canton_10,M,T,36209
2013,NUMBER,canton_10,M,no_education,580
2013,NUMBER,canton_10,M,incomplete_elementary,2571
2013,NUMBER,canton_10,M,elementary_education,6634
2013,NUMBER,canton_10,M,secondary_education,20611
2013,NUMBER,canton_10,M,secondary_specialization,198
2013,NUMBER,canton_10,M,first_degree,1702
2013,NUMBER,canton_10,M,university_degree,3913
2013,NUMBER,federation_of_bih,F,T,957422
2013,NUMBER,federation_of_bih,F,no_education,69089
2013,NUMBER,federation_of_bih,F,incomplete_elementary,121486
2013,NUMBER,federation_of_bih,F,elementary_education,235110
2013,NUMBER,federation_of_bih,F,secondary_education,405039
2013,NUMBER,federation_of_bih,F,secondary_specialization,2249
2013,NUMBER,federation_of_bih,F,first_degree,26200
2013,NUMBER,federation_of_bih,F,university_degree,98249
2013,NUMBER,una-sana_canton,F,T,114518
2013,NUMBER,una-sana_canton,F,no_education,10671
2013,NUMBER,una-sana_canton,F,incomplete_elementary,15187
2013,NUMBER,una-sana_canton,F,elementary_education,35894
2013,NUMBER,una-sana_canton,F,secondary_education,42150
2013,NUMBER,una-sana_canton,F,secondary_specialization,244
2013,NUMBER,una-sana_canton,F,first_degree,3201
2013,NUMBER,una-sana_canton,F,university_degree,7171
2013,NUMBER,posavina_canton,F,T,18762
2013,NUMBER,posavina_canton,F,no_education,1510
2013,NUMBER,posavina_canton,F,incomplete_elementary,3286
2013,NUMBER,posavina_canton,F,elementary_education,4649
2013,NUMBER,posavina_canton,F,secondary_education,7637
2013,NUMBER,posavina_canton,F,secondary_specialization,54
2013,NUMBER,posavina_canton,F,first_degree,429
2013,NUMBER,posavina_canton,F,university_degree,1197
2013,NUMBER,tuzla_canton,F,T,193689
2013,NUMBER,tuzla_canton,F,no_education,16146
2013,NUMBER,tuzla_canton,F,incomplete_elementary,30621
2013,NUMBER,tuzla_canton,F,elementary_education,51141
2013,NUMBER,tuzla_canton,F,secondary_education,78306
2013,NUMBER,tuzla_canton,F,secondary_specialization,367
2013,NUMBER,tuzla_canton,F,first_degree,3077
2013,NUMBER,tuzla_canton,F,university_degree,14031
2013,NUMBER,zenica-doboj_canton,F,T,154153
2013,NUMBER,zenica-doboj_canton,F,no_education,11104
2013,NUMBER,zenica-doboj_canton,F,incomplete_elementary,23417
2013,NUMBER,zenica-doboj_canton,F,elementary_education,43263
2013,NUMBER,zenica-doboj_canton,F,secondary_education,62410
2013,NUMBER,zenica-doboj_canton,F,secondary_specialization,440
2013,NUMBER,zenica-doboj_canton,F,first_degree,3141
2013,NUMBER,zenica-doboj_canton,F,university_degree,10378
2013,NUMBER,bosnian-podrinje_canton,F,T,10567
2013,NUMBER,bosnian-podrinje_canton,F,no_education,974
2013,NUMBER,bosnian-podrinje_canton,F,incomplete_elementary,1300
2013,NUMBER,bosnian-podrinje_canton,F,elementary_education,3047
2013,NUMBER,bosnian-podrinje_canton,F,secondary_education,4213
2013,NUMBER,bosnian-podrinje_canton,F,secondary_specialization,30
2013,NUMBER,bosnian-podrinje_canton,F,first_degree,166
2013,NUMBER,bosnian-podrinje_canton,F,university_degree,837
2013,NUMBER,central_bosnia_canton,F,T,106469
2013,NUMBER,central_bosnia_canton,F,no_education,8977
2013,NUMBER,central_bosnia_canton,F,incomplete_elementary,16622
2013,NUMBER,central_bosnia_canton,F,elementary_education,28299
2013,NUMBER,central_bosnia_canton,F,secondary_education,43466
2013,NUMBER,central_bosnia_canton,F,secondary_specialization,189
2013,NUMBER,central_bosnia_canton,F,first_degree,2300
2013,NUMBER,central_bosnia_canton,F,university_degree,6616
2013,NUMBER,herzegovina-neretva_canton,F,T,96219
2013,NUMBER,herzegovina-neretva_canton,F,no_education,5742
2013,NUMBER,herzegovina-neretva_canton,F,incomplete_elementary,9991
2013,NUMBER,herzegovina-neretva_canton,F,elementary_education,19610
2013,NUMBER,herzegovina-neretva_canton,F,secondary_education,44167
2013,NUMBER,herzegovina-neretva_canton,F,secondary_specialization,249
2013,NUMBER,herzegovina-neretva_canton,F,first_degree,3797
2013,NUMBER,herzegovina-neretva_canton,F,university_degree,12663
2013,NUMBER,west_herzegovina_canton,F,T,39369
2013,NUMBER,west_herzegovina_canton,F,no_education,2510
2013,NUMBER,west_herzegovina_canton,F,incomplete_elementary,4195
2013,NUMBER,west_herzegovina_canton,F,elementary_education,6518
2013,NUMBER,west_herzegovina_canton,F,secondary_education,19340
2013,NUMBER,west_herzegovina_canton,F,secondary_specialization,130
2013,NUMBER,west_herzegovina_canton,F,first_degree,1798
2013,NUMBER,west_herzegovina_canton,F,university_degree,4878
2013,NUMBER,sarajevo_canton,F,T,187635
2013,NUMBER,sarajevo_canton,F,no_education,8349
2013,NUMBER,sarajevo_canton,F,incomplete_elementary,12101
2013,NUMBER,sarajevo_canton,F,elementary_education,35528
2013,NUMBER,sarajevo_canton,F,secondary_education,87633
2013,NUMBER,sarajevo_canton,F,secondary_specialization,447
2013,NUMBER,sarajevo_canton,F,first_degree,6841
2013,NUMBER,sarajevo_canton,F,university_degree,36736
2013,NUMBER,canton_10,F,T,36041
2013,NUMBER,canton_10,F,no_education,3106
2013,NUMBER,canton_10,F,incomplete_elementary,4766
2013,NUMBER,canton_10,F,elementary_education,7161
2013,NUMBER,canton_10,F,secondary_education,15717
2013,NUMBER,canton_10,F,secondary_specialization,99
2013,NUMBER,canton_10,F,first_degree,1450
2013,NUMBER,canton_10,F,university_degree,3742
