Year,UNIT_MEASURE,Municipality,Literacy,Sex,Value
2013,NUMBER,banovici,literate,M,10008
2013,NUMBER,bihac,literate,M,23902
2013,NUMBER,bosanska_krupa,literate,M,10827
2013,NUMBER,bosanski_petrovac,literate,M,3310
2013,NUMBER,bosansko_grahovo,literate,M,1205
2013,NUMBER,breza,literate,M,6215
2013,NUMBER,bugojno,literate,M,13689
2013,NUMBER,busovaca,literate,M,7922
2013,NUMBER,buzim,literate,M,8307
2013,NUMBER,cazin,literate,M,28347
2013,NUMBER,centar_sarajevo,literate,M,22675
2013,NUMBER,capljina,literate,M,11440
2013,NUMBER,celic,literate,M,4628
2013,NUMBER,citluk,literate,M,7768
2013,NUMBER,doboj-istok,literate,M,4352
2013,NUMBER,doboj-jug,literate,M,1775
2013,NUMBER,dobretici,literate,M,827
2013,NUMBER,domaljevac-samac,literate,M,2125
2013,NUMBER,donji_vakuf,literate,M,6037
2013,NUMBER,drvar,literate,M,3200
2013,NUMBER,foca-fbih,literate,M,901
2013,NUMBER,fojnica,literate,M,5384
2013,NUMBER,glamoc,literate,M,1746
2013,NUMBER,gorazde,literate,M,9077
2013,NUMBER,gornji_vakuf-uskoplje,literate,M,9125
2013,NUMBER,gracanica,literate,M,18769
2013,NUMBER,gradacac,literate,M,16725
2013,NUMBER,grude,literate,M,7599
2013,NUMBER,hadzici,literate,M,10287
2013,NUMBER,ilidza,literate,M,28235
2013,NUMBER,ilijas,literate,M,8171
2013,NUMBER,jablanica,literate,M,4526
2013,NUMBER,jajce,literate,M,12185
2013,NUMBER,kakanj,literate,M,16181
2013,NUMBER,kalesija,literate,M,14425
2013,NUMBER,kiseljak,literate,M,8979
2013,NUMBER,kladanj,literate,M,5388
2013,NUMBER,kljuc,literate,M,7484
2013,NUMBER,konjic,literate,M,11032
2013,NUMBER,kresevo,literate,M,2276
2013,NUMBER,kupres-fbih,literate,M,2308
2013,NUMBER,livno,literate,M,15330
2013,NUMBER,lukavac,literate,M,19474
2013,NUMBER,ljubuski,literate,M,12328
2013,NUMBER,maglaj,literate,M,10042
2013,NUMBER,mostar,literate,M,45482
2013,NUMBER,neum,literate,M,2089
2013,NUMBER,novi_grad_sarajevo,literate,M,48841
2013,NUMBER,novi_travnik,literate,M,10277
2013,NUMBER,novo_sarajevo,literate,M,26401
2013,NUMBER,odzak,literate,M,8411
2013,NUMBER,olovo,literate,M,4568
2013,NUMBER,orasje,literate,M,9033
2013,NUMBER,pale-fbih,literate,M,401
2013,NUMBER,posusje,literate,M,8798
2013,NUMBER,prozor,literate,M,6273
2013,NUMBER,ravno,literate,M,1508
2013,NUMBER,sanski_most,literate,M,18623
2013,NUMBER,sapna,literate,M,4910
2013,NUMBER,srebrenik,literate,M,16723
2013,NUMBER,stari_grad_sarajevo,literate,M,15740
2013,NUMBER,stolac,literate,M,6483
2013,NUMBER,siroki_brijeg,literate,M,12458
2013,NUMBER,teocak,literate,M,3296
2013,NUMBER,tesanj,literate,M,18374
2013,NUMBER,tomislavgrad,literate,M,14131
2013,NUMBER,travnik,literate,M,23009
2013,NUMBER,trnovo-fbih,literate,M,692
2013,NUMBER,tuzla,literate,M,47151
2013,NUMBER,usora,literate,M,2968
2013,NUMBER,vares,literate,M,4022
2013,NUMBER,velika_kladusa,literate,M,16588
2013,NUMBER,visoko,literate,M,17119
2013,NUMBER,vitez,literate,M,11068
2013,NUMBER,vogosca,literate,M,10944
2013,NUMBER,zavidovici,literate,M,15597
2013,NUMBER,zenica,literate,M,48308
2013,NUMBER,zepce,literate,M,13364
2013,NUMBER,zivinice,literate,M,24945
2013,NUMBER,banovici,literate,F,9449
2013,NUMBER,bihac,literate,F,25191
2013,NUMBER,bosanska_krupa,literate,F,10591
2013,NUMBER,bosanski_petrovac,literate,F,3120
2013,NUMBER,bosansko_grahovo,literate,F,1011
2013,NUMBER,breza,literate,F,6159
2013,NUMBER,bugojno,literate,F,13439
2013,NUMBER,busovaca,literate,F,7250
2013,NUMBER,buzim,literate,F,7529
2013,NUMBER,cazin,literate,F,26903
2013,NUMBER,centar_sarajevo,literate,F,26859
2013,NUMBER,capljina,literate,F,11407
2013,NUMBER,celic,literate,F,4354
2013,NUMBER,citluk,literate,F,7793
2013,NUMBER,doboj-istok,literate,F,4211
2013,NUMBER,doboj-jug,literate,F,1718
2013,NUMBER,dobretici,literate,F,571
2013,NUMBER,domaljevac-samac,literate,F,2070
2013,NUMBER,donji_vakuf,literate,F,5837
2013,NUMBER,drvar,literate,F,3186
2013,NUMBER,foca-fbih,literate,F,777
2013,NUMBER,fojnica,literate,F,5050
2013,NUMBER,glamoc,literate,F,1620
2013,NUMBER,gorazde,literate,F,9190
2013,NUMBER,gornji_vakuf-uskoplje,literate,F,8461
2013,NUMBER,gracanica,literate,F,19536
2013,NUMBER,gradacac,literate,F,16905
2013,NUMBER,grude,literate,F,7467
2013,NUMBER,hadzici,literate,F,9893
2013,NUMBER,ilidza,literate,F,29428
2013,NUMBER,ilijas,literate,F,8409
2013,NUMBER,jablanica,literate,F,4353
2013,NUMBER,jajce,literate,F,10881
2013,NUMBER,kakanj,literate,F,15590
2013,NUMBER,kalesija,literate,F,13271
2013,NUMBER,kiseljak,literate,F,8691
2013,NUMBER,kladanj,literate,F,5368
2013,NUMBER,kljuc,literate,F,7018
2013,NUMBER,konjic,literate,F,10641
2013,NUMBER,kresevo,literate,F,2278
2013,NUMBER,kupres-fbih,literate,F,2202
2013,NUMBER,livno,literate,F,15001
2013,NUMBER,lukavac,literate,F,19292
2013,NUMBER,ljubuski,literate,F,12242
2013,NUMBER,maglaj,literate,F,9966
2013,NUMBER,mostar,literate,F,48016
2013,NUMBER,neum,literate,F,1960
2013,NUMBER,novi_grad_sarajevo,literate,F,54682
2013,NUMBER,novi_travnik,literate,F,10000
2013,NUMBER,novo_sarajevo,literate,F,31659
2013,NUMBER,odzak,literate,F,8175
2013,NUMBER,olovo,literate,F,4277
2013,NUMBER,orasje,literate,F,8543
2013,NUMBER,pale-fbih,literate,F,361
2013,NUMBER,posusje,literate,F,8492
2013,NUMBER,prozor,literate,F,5788
2013,NUMBER,ravno,literate,F,1385
2013,NUMBER,sanski_most,literate,F,17587
2013,NUMBER,sapna,literate,F,4220
2013,NUMBER,srebrenik,literate,F,16438
2013,NUMBER,stari_grad_sarajevo,literate,F,17397
2013,NUMBER,stolac,literate,F,6214
2013,NUMBER,siroki_brijeg,literate,F,12343
2013,NUMBER,teocak,literate,F,3034
2013,NUMBER,tesanj,literate,F,17845
2013,NUMBER,tomislavgrad,literate,F,13164
2013,NUMBER,travnik,literate,F,22430
2013,NUMBER,trnovo-fbih,literate,F,575
2013,NUMBER,tuzla,literate,F,51056
2013,NUMBER,usora,literate,F,2885
2013,NUMBER,vares,literate,F,4016
2013,NUMBER,velika_kladusa,literate,F,16281
2013,NUMBER,visoko,literate,F,16939
2013,NUMBER,vitez,literate,F,11025
2013,NUMBER,vogosca,literate,F,11682
2013,NUMBER,zavidovici,literate,F,14998
2013,NUMBER,zenica,literate,F,48203
2013,NUMBER,zepce,literate,F,12489
2013,NUMBER,zivinice,literate,F,23846
2013,NUMBER,banovici,illiterate,M,62
2013,NUMBER,bihac,illiterate,M,200
2013,NUMBER,bosanska_krupa,illiterate,M,125
2013,NUMBER,bosanski_petrovac,illiterate,M,34
2013,NUMBER,bosansko_grahovo,illiterate,M,7
2013,NUMBER,breza,illiterate,M,32
2013,NUMBER,bugojno,illiterate,M,97
2013,NUMBER,busovaca,illiterate,M,60
2013,NUMBER,buzim,illiterate,M,95
2013,NUMBER,cazin,illiterate,M,277
2013,NUMBER,centar_sarajevo,illiterate,M,60
2013,NUMBER,capljina,illiterate,M,46
2013,NUMBER,celic,illiterate,M,64
2013,NUMBER,citluk,illiterate,M,22
2013,NUMBER,doboj-istok,illiterate,M,103
2013,NUMBER,doboj-jug,illiterate,M,2
2013,NUMBER,dobretici,illiterate,M,22
2013,NUMBER,domaljevac-samac,illiterate,M,23
2013,NUMBER,donji_vakuf,illiterate,M,55
2013,NUMBER,drvar,illiterate,M,21
2013,NUMBER,foca-fbih,illiterate,M,7
2013,NUMBER,fojnica,illiterate,M,57
2013,NUMBER,glamoc,illiterate,M,17
2013,NUMBER,gorazde,illiterate,M,70
2013,NUMBER,gornji_vakuf-uskoplje,illiterate,M,85
2013,NUMBER,gracanica,illiterate,M,168
2013,NUMBER,gradacac,illiterate,M,165
2013,NUMBER,grude,illiterate,M,42
2013,NUMBER,hadzici,illiterate,M,198
2013,NUMBER,ilidza,illiterate,M,107
2013,NUMBER,ilijas,illiterate,M,60
2013,NUMBER,jablanica,illiterate,M,37
2013,NUMBER,jajce,illiterate,M,110
2013,NUMBER,kakanj,illiterate,M,171
2013,NUMBER,kalesija,illiterate,M,119
2013,NUMBER,kiseljak,illiterate,M,93
2013,NUMBER,kladanj,illiterate,M,36
2013,NUMBER,kljuc,illiterate,M,53
2013,NUMBER,konjic,illiterate,M,86
2013,NUMBER,kresevo,illiterate,M,16
2013,NUMBER,kupres-fbih,illiterate,M,14
2013,NUMBER,livno,illiterate,M,77
2013,NUMBER,lukavac,illiterate,M,185
2013,NUMBER,ljubuski,illiterate,M,49
2013,NUMBER,maglaj,illiterate,M,64
2013,NUMBER,mostar,illiterate,M,137
2013,NUMBER,neum,illiterate,M,11
2013,NUMBER,novi_grad_sarajevo,illiterate,M,159
2013,NUMBER,novi_travnik,illiterate,M,58
2013,NUMBER,novo_sarajevo,illiterate,M,58
2013,NUMBER,odzak,illiterate,M,64
2013,NUMBER,olovo,illiterate,M,32
2013,NUMBER,orasje,illiterate,M,81
2013,NUMBER,pale-fbih,illiterate,M,12
2013,NUMBER,posusje,illiterate,M,52
2013,NUMBER,prozor,illiterate,M,55
2013,NUMBER,ravno,illiterate,M,5
2013,NUMBER,sanski_most,illiterate,M,150
2013,NUMBER,sapna,illiterate,M,72
2013,NUMBER,srebrenik,illiterate,M,213
2013,NUMBER,stari_grad_sarajevo,illiterate,M,44
2013,NUMBER,stolac,illiterate,M,67
2013,NUMBER,siroki_brijeg,illiterate,M,53
2013,NUMBER,teocak,illiterate,M,40
2013,NUMBER,tesanj,illiterate,M,152
2013,NUMBER,tomislavgrad,illiterate,M,104
2013,NUMBER,travnik,illiterate,M,212
2013,NUMBER,trnovo-fbih,illiterate,M,12
2013,NUMBER,tuzla,illiterate,M,277
2013,NUMBER,usora,illiterate,M,18
2013,NUMBER,vares,illiterate,M,29
2013,NUMBER,velika_kladusa,illiterate,M,267
2013,NUMBER,visoko,illiterate,M,120
2013,NUMBER,vitez,illiterate,M,51
2013,NUMBER,vogosca,illiterate,M,50
2013,NUMBER,zavidovici,illiterate,M,150
2013,NUMBER,zenica,illiterate,M,214
2013,NUMBER,zepce,illiterate,M,93
2013,NUMBER,zivinice,illiterate,M,218
2013,NUMBER,banovici,illiterate,F,603
2013,NUMBER,bihac,illiterate,F,1031
2013,NUMBER,bosanska_krupa,illiterate,F,793
2013,NUMBER,bosanski_petrovac,illiterate,F,166
2013,NUMBER,bosansko_grahovo,illiterate,F,82
2013,NUMBER,breza,illiterate,F,355
2013,NUMBER,bugojno,illiterate,F,612
2013,NUMBER,busovaca,illiterate,F,409
2013,NUMBER,buzim,illiterate,F,480
2013,NUMBER,cazin,illiterate,F,1794
2013,NUMBER,centar_sarajevo,illiterate,F,354
2013,NUMBER,capljina,illiterate,F,294
2013,NUMBER,celic,illiterate,F,293
2013,NUMBER,citluk,illiterate,F,164
2013,NUMBER,doboj-istok,illiterate,F,400
2013,NUMBER,doboj-jug,illiterate,F,74
2013,NUMBER,dobretici,illiterate,F,107
2013,NUMBER,domaljevac-samac,illiterate,F,94
2013,NUMBER,donji_vakuf,illiterate,F,344
2013,NUMBER,drvar,illiterate,F,118
2013,NUMBER,foca-fbih,illiterate,F,84
2013,NUMBER,fojnica,illiterate,F,341
2013,NUMBER,glamoc,illiterate,F,102
2013,NUMBER,gorazde,illiterate,F,587
2013,NUMBER,gornji_vakuf-uskoplje,illiterate,F,548
2013,NUMBER,gracanica,illiterate,F,1207
2013,NUMBER,gradacac,illiterate,F,900
2013,NUMBER,grude,illiterate,F,219
2013,NUMBER,hadzici,illiterate,F,621
2013,NUMBER,ilidza,illiterate,F,1004
2013,NUMBER,ilijas,illiterate,F,643
2013,NUMBER,jablanica,illiterate,F,282
2013,NUMBER,jajce,illiterate,F,782
2013,NUMBER,kakanj,illiterate,F,961
2013,NUMBER,kalesija,illiterate,F,1075
2013,NUMBER,kiseljak,illiterate,F,509
2013,NUMBER,kladanj,illiterate,F,249
2013,NUMBER,kljuc,illiterate,F,512
2013,NUMBER,konjic,illiterate,F,765
2013,NUMBER,kresevo,illiterate,F,127
2013,NUMBER,kupres-fbih,illiterate,F,100
2013,NUMBER,livno,illiterate,F,554
2013,NUMBER,lukavac,illiterate,F,1359
2013,NUMBER,ljubuski,illiterate,F,312
2013,NUMBER,maglaj,illiterate,F,444
2013,NUMBER,mostar,illiterate,F,1006
2013,NUMBER,neum,illiterate,F,105
2013,NUMBER,novi_grad_sarajevo,illiterate,F,1470
2013,NUMBER,novi_travnik,illiterate,F,459
2013,NUMBER,novo_sarajevo,illiterate,F,450
2013,NUMBER,odzak,illiterate,F,370
2013,NUMBER,olovo,illiterate,F,307
2013,NUMBER,orasje,illiterate,F,297
2013,NUMBER,pale-fbih,illiterate,F,50
2013,NUMBER,posusje,illiterate,F,314
2013,NUMBER,prozor,illiterate,F,357
2013,NUMBER,ravno,illiterate,F,33
2013,NUMBER,sanski_most,illiterate,F,959
2013,NUMBER,sapna,illiterate,F,484
2013,NUMBER,srebrenik,illiterate,F,1388
2013,NUMBER,stari_grad_sarajevo,illiterate,F,392
2013,NUMBER,stolac,illiterate,F,232
2013,NUMBER,siroki_brijeg,illiterate,F,385
2013,NUMBER,teocak,illiterate,F,241
2013,NUMBER,tesanj,illiterate,F,1053
2013,NUMBER,tomislavgrad,illiterate,F,579
2013,NUMBER,travnik,illiterate,F,1191
2013,NUMBER,trnovo-fbih,illiterate,F,135
2013,NUMBER,tuzla,illiterate,F,1992
2013,NUMBER,usora,illiterate,F,151
2013,NUMBER,vares,illiterate,F,175
2013,NUMBER,velika_kladusa,illiterate,F,1348
2013,NUMBER,visoko,illiterate,F,865
2013,NUMBER,vitez,illiterate,F,402
2013,NUMBER,vogosca,illiterate,F,489
2013,NUMBER,zavidovici,illiterate,F,885
2013,NUMBER,zenica,illiterate,F,1597
2013,NUMBER,zepce,illiterate,F,591
2013,NUMBER,zivinice,illiterate,F,1798
2013,NUMBER,banovici,unknown,M,85
2013,NUMBER,bihac,unknown,M,162
2013,NUMBER,bosanska_krupa,unknown,M,113
2013,NUMBER,bosanski_petrovac,unknown,M,50
2013,NUMBER,bosansko_grahovo,unknown,M,7
2013,NUMBER,breza,unknown,M,14
2013,NUMBER,bugojno,unknown,M,170
2013,NUMBER,busovaca,unknown,M,85
2013,NUMBER,buzim,unknown,M,76
2013,NUMBER,cazin,unknown,M,251
2013,NUMBER,centar_sarajevo,unknown,M,55
2013,NUMBER,capljina,unknown,M,130
2013,NUMBER,celic,unknown,M,48
2013,NUMBER,citluk,unknown,M,117
2013,NUMBER,doboj-istok,unknown,M,23
2013,NUMBER,doboj-jug,unknown,M,13
2013,NUMBER,dobretici,unknown,M,8
2013,NUMBER,domaljevac-samac,unknown,M,27
2013,NUMBER,donji_vakuf,unknown,M,66
2013,NUMBER,drvar,unknown,M,16
2013,NUMBER,foca-fbih,unknown,M,3
2013,NUMBER,fojnica,unknown,M,131
2013,NUMBER,glamoc,unknown,M,22
2013,NUMBER,gorazde,unknown,M,45
2013,NUMBER,gornji_vakuf-uskoplje,unknown,M,144
2013,NUMBER,gracanica,unknown,M,141
2013,NUMBER,gradacac,unknown,M,96
2013,NUMBER,grude,unknown,M,89
2013,NUMBER,hadzici,unknown,M,43
2013,NUMBER,ilidza,unknown,M,108
2013,NUMBER,ilijas,unknown,M,30
2013,NUMBER,jablanica,unknown,M,15
2013,NUMBER,jajce,unknown,M,157
2013,NUMBER,kakanj,unknown,M,92
2013,NUMBER,kalesija,unknown,M,136
2013,NUMBER,kiseljak,unknown,M,86
2013,NUMBER,kladanj,unknown,M,33
2013,NUMBER,kljuc,unknown,M,67
2013,NUMBER,konjic,unknown,M,119
2013,NUMBER,kresevo,unknown,M,31
2013,NUMBER,kupres-fbih,unknown,M,19
2013,NUMBER,livno,unknown,M,157
2013,NUMBER,lukavac,unknown,M,125
2013,NUMBER,ljubuski,unknown,M,131
2013,NUMBER,maglaj,unknown,M,70
2013,NUMBER,mostar,unknown,M,338
2013,NUMBER,neum,unknown,M,18
2013,NUMBER,novi_grad_sarajevo,unknown,M,176
2013,NUMBER,novi_travnik,unknown,M,153
2013,NUMBER,novo_sarajevo,unknown,M,62
2013,NUMBER,odzak,unknown,M,114
2013,NUMBER,olovo,unknown,M,27
2013,NUMBER,orasje,unknown,M,101
2013,NUMBER,pale-fbih,unknown,M,0
2013,NUMBER,posusje,unknown,M,110
2013,NUMBER,prozor,unknown,M,105
2013,NUMBER,ravno,unknown,M,10
2013,NUMBER,sanski_most,unknown,M,179
2013,NUMBER,sapna,unknown,M,45
2013,NUMBER,srebrenik,unknown,M,172
2013,NUMBER,stari_grad_sarajevo,unknown,M,63
2013,NUMBER,stolac,unknown,M,80
2013,NUMBER,siroki_brijeg,unknown,M,144
2013,NUMBER,teocak,unknown,M,23
2013,NUMBER,tesanj,unknown,M,120
2013,NUMBER,tomislavgrad,unknown,M,183
2013,NUMBER,travnik,unknown,M,330
2013,NUMBER,trnovo-fbih,unknown,M,3
2013,NUMBER,tuzla,unknown,M,257
2013,NUMBER,usora,unknown,M,23
2013,NUMBER,vares,unknown,M,31
2013,NUMBER,velika_kladusa,unknown,M,126
2013,NUMBER,visoko,unknown,M,100
2013,NUMBER,vitez,unknown,M,129
2013,NUMBER,vogosca,unknown,M,31
2013,NUMBER,zavidovici,unknown,M,119
2013,NUMBER,zenica,unknown,M,190
2013,NUMBER,zepce,unknown,M,96
2013,NUMBER,zivinice,unknown,M,125
2013,NUMBER,banovici,unknown,F,148
2013,NUMBER,bihac,unknown,F,317
2013,NUMBER,bosanska_krupa,unknown,F,178
2013,NUMBER,bosanski_petrovac,unknown,F,75
2013,NUMBER,bosansko_grahovo,unknown,F,19
2013,NUMBER,breza,unknown,F,34
2013,NUMBER,bugojno,unknown,F,298
2013,NUMBER,busovaca,unknown,F,144
2013,NUMBER,buzim,unknown,F,103
2013,NUMBER,cazin,unknown,F,445
2013,NUMBER,centar_sarajevo,unknown,F,158
2013,NUMBER,capljina,unknown,F,248
2013,NUMBER,celic,unknown,F,67
2013,NUMBER,citluk,unknown,F,184
2013,NUMBER,doboj-istok,unknown,F,48
2013,NUMBER,doboj-jug,unknown,F,32
2013,NUMBER,dobretici,unknown,F,10
2013,NUMBER,domaljevac-samac,unknown,F,32
2013,NUMBER,donji_vakuf,unknown,F,105
2013,NUMBER,drvar,unknown,F,35
2013,NUMBER,foca-fbih,unknown,F,5
2013,NUMBER,fojnica,unknown,F,201
2013,NUMBER,glamoc,unknown,F,27
2013,NUMBER,gorazde,unknown,F,105
2013,NUMBER,gornji_vakuf-uskoplje,unknown,F,267
2013,NUMBER,gracanica,unknown,F,281
2013,NUMBER,gradacac,unknown,F,206
2013,NUMBER,grude,unknown,F,135
2013,NUMBER,hadzici,unknown,F,130
2013,NUMBER,ilidza,unknown,F,269
2013,NUMBER,ilijas,unknown,F,77
2013,NUMBER,jablanica,unknown,F,37
2013,NUMBER,jajce,unknown,F,298
2013,NUMBER,kakanj,unknown,F,210
2013,NUMBER,kalesija,unknown,F,286
2013,NUMBER,kiseljak,unknown,F,135
2013,NUMBER,kladanj,unknown,F,66
2013,NUMBER,kljuc,unknown,F,102
2013,NUMBER,konjic,unknown,F,222
2013,NUMBER,kresevo,unknown,F,35
2013,NUMBER,kupres-fbih,unknown,F,34
2013,NUMBER,livno,unknown,F,215
2013,NUMBER,lukavac,unknown,F,225
2013,NUMBER,ljubuski,unknown,F,197
2013,NUMBER,maglaj,unknown,F,167
2013,NUMBER,mostar,unknown,F,594
2013,NUMBER,neum,unknown,F,27
2013,NUMBER,novi_grad_sarajevo,unknown,F,425
2013,NUMBER,novi_travnik,unknown,F,222
2013,NUMBER,novo_sarajevo,unknown,F,153
2013,NUMBER,odzak,unknown,F,171
2013,NUMBER,olovo,unknown,F,101
2013,NUMBER,orasje,unknown,F,153
2013,NUMBER,pale-fbih,unknown,F,3
2013,NUMBER,posusje,unknown,F,142
2013,NUMBER,prozor,unknown,F,194
2013,NUMBER,ravno,unknown,F,24
2013,NUMBER,sanski_most,unknown,F,321
2013,NUMBER,sapna,unknown,F,67
2013,NUMBER,srebrenik,unknown,F,329
2013,NUMBER,stari_grad_sarajevo,unknown,F,124
2013,NUMBER,stolac,unknown,F,100
2013,NUMBER,siroki_brijeg,unknown,F,261
2013,NUMBER,teocak,unknown,F,36
2013,NUMBER,tesanj,unknown,F,220
2013,NUMBER,tomislavgrad,unknown,F,222
2013,NUMBER,travnik,unknown,F,538
2013,NUMBER,trnovo-fbih,unknown,F,4
2013,NUMBER,tuzla,unknown,F,432
2013,NUMBER,usora,unknown,F,36
2013,NUMBER,vares,unknown,F,53
2013,NUMBER,velika_kladusa,unknown,F,222
2013,NUMBER,visoko,unknown,F,155
2013,NUMBER,vitez,unknown,F,235
2013,NUMBER,vogosca,unknown,F,92
2013,NUMBER,zavidovici,unknown,F,237
2013,NUMBER,zenica,unknown,F,438
2013,NUMBER,zepce,unknown,F,186
2013,NUMBER,zivinice,unknown,F,266
