Year,UNIT_MEASURE,ADMIN_AREA,SEX,Education,Value
2013,NUMBER,banovici,_T,no_education,692
2013,NUMBER,bihac,_T,no_education,1976
2013,NUMBER,bosanska_krupa,_T,no_education,1511
2013,NUMBER,bosanski_petrovac,_T,no_education,399
2013,NUMBER,bosansko_grahovo,_T,no_education,127
2013,NUMBER,breza,_T,no_education,589
2013,NUMBER,bugojno,_T,no_education,1137
2013,NUMBER,busovaca,_T,no_education,755
2013,NUMBER,buzim,_T,no_education,938
2013,NUMBER,cazin,_T,no_education,3220
2013,NUMBER,centar_sarajevo,_T,no_education,675
2013,NUMBER,capljina,_T,no_education,793
2013,NUMBER,celic,_T,no_education,685
2013,NUMBER,citluk,_T,no_education,369
2013,NUMBER,doboj-istok,_T,no_education,682
2013,NUMBER,doboj-jug,_T,no_education,130
2013,NUMBER,dobretici,_T,no_education,174
2013,NUMBER,domaljevac-samac,_T,no_education,259
2013,NUMBER,donji_vakuf,_T,no_education,631
2013,NUMBER,drvar,_T,no_education,273
2013,NUMBER,foca-fbih,_T,no_education,148
2013,NUMBER,fojnica,_T,no_education,681
2013,NUMBER,glamoc,_T,no_education,244
2013,NUMBER,gorazde,_T,no_education,915
2013,NUMBER,gornji_vakuf-uskoplje,_T,no_education,1145
2013,NUMBER,gracanica,_T,no_education,1989
2013,NUMBER,gradacac,_T,no_education,1660
2013,NUMBER,grude,_T,no_education,526
2013,NUMBER,hadzici,_T,no_education,1177
2013,NUMBER,ilidza,_T,no_education,1729
2013,NUMBER,ilijas,_T,no_education,990
2013,NUMBER,jablanica,_T,no_education,483
2013,NUMBER,jajce,_T,no_education,1443
2013,NUMBER,kakanj,_T,no_education,1699
2013,NUMBER,kalesija,_T,no_education,1714
2013,NUMBER,kiseljak,_T,no_education,860
2013,NUMBER,kladanj,_T,no_education,455
2013,NUMBER,kljuc,_T,no_education,918
2013,NUMBER,konjic,_T,no_education,1320
2013,NUMBER,kresevo,_T,no_education,290
2013,NUMBER,kupres-fbih,_T,no_education,217
2013,NUMBER,livno,_T,no_education,1393
2013,NUMBER,lukavac,_T,no_education,2081
2013,NUMBER,ljubuski,_T,no_education,691
2013,NUMBER,maglaj,_T,no_education,831
2013,NUMBER,mostar,_T,no_education,2024
2013,NUMBER,neum,_T,no_education,204
2013,NUMBER,novi_grad_sarajevo,_T,no_education,2624
2013,NUMBER,novi_travnik,_T,no_education,844
2013,NUMBER,novo_sarajevo,_T,no_education,872
2013,NUMBER,odzak,_T,no_education,899
2013,NUMBER,olovo,_T,no_education,511
2013,NUMBER,orasje,_T,no_education,719
2013,NUMBER,pale-fbih,_T,no_education,70
2013,NUMBER,posusje,_T,no_education,779
2013,NUMBER,prozor,_T,no_education,943
2013,NUMBER,ravno,_T,no_education,83
2013,NUMBER,sanski_most,_T,no_education,2061
2013,NUMBER,sapna,_T,no_education,760
2013,NUMBER,srebrenik,_T,no_education,2208
2013,NUMBER,stari_grad_sarajevo,_T,no_education,710
2013,NUMBER,stolac,_T,no_education,570
2013,NUMBER,siroki_brijeg,_T,no_education,964
2013,NUMBER,teocak,_T,no_education,410
2013,NUMBER,tesanj,_T,no_education,1730
2013,NUMBER,tomislavgrad,_T,no_education,1432
2013,NUMBER,travnik,_T,no_education,2182
2013,NUMBER,trnovo-fbih,_T,no_education,203
2013,NUMBER,tuzla,_T,no_education,3226
2013,NUMBER,usora,_T,no_education,420
2013,NUMBER,vares,_T,no_education,299
2013,NUMBER,velika_kladusa,_T,no_education,2257
2013,NUMBER,visoko,_T,no_education,1394
2013,NUMBER,vitez,_T,no_education,816
2013,NUMBER,vogosca,_T,no_education,786
2013,NUMBER,zavidovici,_T,no_education,1563
2013,NUMBER,zenica,_T,no_education,2731
2013,NUMBER,zepce,_T,no_education,1143
2013,NUMBER,zivinice,_T,no_education,2673
2013,NUMBER,banovici,M,no_education,70
2013,NUMBER,bihac,M,no_education,356
2013,NUMBER,bosanska_krupa,M,no_education,309
2013,NUMBER,bosanski_petrovac,M,no_education,72
2013,NUMBER,bosansko_grahovo,M,no_education,7
2013,NUMBER,breza,M,no_education,37
2013,NUMBER,bugojno,M,no_education,180
2013,NUMBER,busovaca,M,no_education,98
2013,NUMBER,buzim,M,no_education,230
2013,NUMBER,cazin,M,no_education,649
2013,NUMBER,centar_sarajevo,M,no_education,103
2013,NUMBER,capljina,M,no_education,106
2013,NUMBER,celic,M,no_education,173
2013,NUMBER,citluk,M,no_education,46
2013,NUMBER,doboj-istok,M,no_education,136
2013,NUMBER,doboj-jug,M,no_education,4
2013,NUMBER,dobretici,M,no_education,34
2013,NUMBER,domaljevac-samac,M,no_education,54
2013,NUMBER,donji_vakuf,M,no_education,129
2013,NUMBER,drvar,M,no_education,39
2013,NUMBER,foca-fbih,M,no_education,24
2013,NUMBER,fojnica,M,no_education,133
2013,NUMBER,glamoc,M,no_education,40
2013,NUMBER,gorazde,M,no_education,118
2013,NUMBER,gornji_vakuf-uskoplje,M,no_education,260
2013,NUMBER,gracanica,M,no_education,353
2013,NUMBER,gradacac,M,no_education,344
2013,NUMBER,grude,M,no_education,89
2013,NUMBER,hadzici,M,no_education,266
2013,NUMBER,ilidza,M,no_education,234
2013,NUMBER,ilijas,M,no_education,112
2013,NUMBER,jablanica,M,no_education,59
2013,NUMBER,jajce,M,no_education,281
2013,NUMBER,kakanj,M,no_education,287
2013,NUMBER,kalesija,M,no_education,274
2013,NUMBER,kiseljak,M,no_education,128
2013,NUMBER,kladanj,M,no_education,76
2013,NUMBER,kljuc,M,no_education,132
2013,NUMBER,konjic,M,no_education,204
2013,NUMBER,kresevo,M,no_education,41
2013,NUMBER,kupres-fbih,M,no_education,37
2013,NUMBER,livno,M,no_education,201
2013,NUMBER,lukavac,M,no_education,267
2013,NUMBER,ljubuski,M,no_education,91
2013,NUMBER,maglaj,M,no_education,121
2013,NUMBER,mostar,M,no_education,275
2013,NUMBER,neum,M,no_education,34
2013,NUMBER,novi_grad_sarajevo,M,no_education,362
2013,NUMBER,novi_travnik,M,no_education,126
2013,NUMBER,novo_sarajevo,M,no_education,119
2013,NUMBER,odzak,M,no_education,182
2013,NUMBER,olovo,M,no_education,62
2013,NUMBER,orasje,M,no_education,131
2013,NUMBER,pale-fbih,M,no_education,17
2013,NUMBER,posusje,M,no_education,134
2013,NUMBER,prozor,M,no_education,204
2013,NUMBER,ravno,M,no_education,7
2013,NUMBER,sanski_most,M,no_education,366
2013,NUMBER,sapna,M,no_education,148
2013,NUMBER,srebrenik,M,no_education,384
2013,NUMBER,stari_grad_sarajevo,M,no_education,100
2013,NUMBER,stolac,M,no_education,112
2013,NUMBER,siroki_brijeg,M,no_education,136
2013,NUMBER,teocak,M,no_education,82
2013,NUMBER,tesanj,M,no_education,266
2013,NUMBER,tomislavgrad,M,no_education,256
2013,NUMBER,travnik,M,no_education,445
2013,NUMBER,trnovo-fbih,M,no_education,28
2013,NUMBER,tuzla,M,no_education,413
2013,NUMBER,usora,M,no_education,48
2013,NUMBER,vares,M,no_education,30
2013,NUMBER,velika_kladusa,M,no_education,495
2013,NUMBER,visoko,M,no_education,218
2013,NUMBER,vitez,M,no_education,126
2013,NUMBER,vogosca,M,no_education,93
2013,NUMBER,zavidovici,M,no_education,259
2013,NUMBER,zenica,M,no_education,429
2013,NUMBER,zepce,M,no_education,175
2013,NUMBER,zivinice,M,no_education,369
2013,NUMBER,banovici,F,no_education,622
2013,NUMBER,bihac,F,no_education,1620
2013,NUMBER,bosanska_krupa,F,no_education,1202
2013,NUMBER,bosanski_petrovac,F,no_education,327
2013,NUMBER,bosansko_grahovo,F,no_education,120
2013,NUMBER,breza,F,no_education,552
2013,NUMBER,bugojno,F,no_education,957
2013,NUMBER,busovaca,F,no_education,657
2013,NUMBER,buzim,F,no_education,708
2013,NUMBER,cazin,F,no_education,2571
2013,NUMBER,centar_sarajevo,F,no_education,572
2013,NUMBER,capljina,F,no_education,687
2013,NUMBER,celic,F,no_education,512
2013,NUMBER,citluk,F,no_education,323
2013,NUMBER,doboj-istok,F,no_education,546
2013,NUMBER,doboj-jug,F,no_education,126
2013,NUMBER,dobretici,F,no_education,140
2013,NUMBER,domaljevac-samac,F,no_education,205
2013,NUMBER,donji_vakuf,F,no_education,502
2013,NUMBER,drvar,F,no_education,234
2013,NUMBER,foca-fbih,F,no_education,124
2013,NUMBER,fojnica,F,no_education,548
2013,NUMBER,glamoc,F,no_education,204
2013,NUMBER,gorazde,F,no_education,797
2013,NUMBER,gornji_vakuf-uskoplje,F,no_education,885
2013,NUMBER,gracanica,F,no_education,1636
2013,NUMBER,gradacac,F,no_education,1316
2013,NUMBER,grude,F,no_education,437
2013,NUMBER,hadzici,F,no_education,911
2013,NUMBER,ilidza,F,no_education,1495
2013,NUMBER,ilijas,F,no_education,878
2013,NUMBER,jablanica,F,no_education,424
2013,NUMBER,jajce,F,no_education,1162
2013,NUMBER,kakanj,F,no_education,1412
2013,NUMBER,kalesija,F,no_education,1440
2013,NUMBER,kiseljak,F,no_education,732
2013,NUMBER,kladanj,F,no_education,379
2013,NUMBER,kljuc,F,no_education,786
2013,NUMBER,konjic,F,no_education,1116
2013,NUMBER,kresevo,F,no_education,249
2013,NUMBER,kupres-fbih,F,no_education,180
2013,NUMBER,livno,F,no_education,1192
2013,NUMBER,lukavac,F,no_education,1814
2013,NUMBER,ljubuski,F,no_education,600
2013,NUMBER,maglaj,F,no_education,710
2013,NUMBER,mostar,F,no_education,1749
2013,NUMBER,neum,F,no_education,170
2013,NUMBER,novi_grad_sarajevo,F,no_education,2262
2013,NUMBER,novi_travnik,F,no_education,718
2013,NUMBER,novo_sarajevo,F,no_education,753
2013,NUMBER,odzak,F,no_education,717
2013,NUMBER,olovo,F,no_education,449
2013,NUMBER,orasje,F,no_education,588
2013,NUMBER,pale-fbih,F,no_education,53
2013,NUMBER,posusje,F,no_education,645
2013,NUMBER,prozor,F,no_education,739
2013,NUMBER,ravno,F,no_education,76
2013,NUMBER,sanski_most,F,no_education,1695
2013,NUMBER,sapna,F,no_education,612
2013,NUMBER,srebrenik,F,no_education,1824
2013,NUMBER,stari_grad_sarajevo,F,no_education,610
2013,NUMBER,stolac,F,no_education,458
2013,NUMBER,siroki_brijeg,F,no_education,828
2013,NUMBER,teocak,F,no_education,328
2013,NUMBER,tesanj,F,no_education,1464
2013,NUMBER,tomislavgrad,F,no_education,1176
2013,NUMBER,travnik,F,no_education,1737
2013,NUMBER,trnovo-fbih,F,no_education,175
2013,NUMBER,tuzla,F,no_education,2813
2013,NUMBER,usora,F,no_education,372
2013,NUMBER,vares,F,no_education,269
2013,NUMBER,velika_kladusa,F,no_education,1762
2013,NUMBER,visoko,F,no_education,1176
2013,NUMBER,vitez,F,no_education,690
2013,NUMBER,vogosca,F,no_education,693
2013,NUMBER,zavidovici,F,no_education,1304
2013,NUMBER,zenica,F,no_education,2302
2013,NUMBER,zepce,F,no_education,968
2013,NUMBER,zivinice,F,no_education,2304
2013,NUMBER,banovici,_T,incomplete_elementary,1845
2013,NUMBER,bihac,_T,incomplete_elementary,3478
2013,NUMBER,bosanska_krupa,_T,incomplete_elementary,2675
2013,NUMBER,bosanski_petrovac,_T,incomplete_elementary,782
2013,NUMBER,bosansko_grahovo,_T,incomplete_elementary,337
2013,NUMBER,breza,_T,incomplete_elementary,1289
2013,NUMBER,bugojno,_T,incomplete_elementary,2265
2013,NUMBER,busovaca,_T,incomplete_elementary,1492
2013,NUMBER,buzim,_T,incomplete_elementary,1875
2013,NUMBER,cazin,_T,incomplete_elementary,5704
2013,NUMBER,centar_sarajevo,_T,incomplete_elementary,1129
2013,NUMBER,capljina,_T,incomplete_elementary,1671
2013,NUMBER,celic,_T,incomplete_elementary,1336
2013,NUMBER,citluk,_T,incomplete_elementary,1074
2013,NUMBER,doboj-istok,_T,incomplete_elementary,974
2013,NUMBER,doboj-jug,_T,incomplete_elementary,266
2013,NUMBER,dobretici,_T,incomplete_elementary,150
2013,NUMBER,domaljevac-samac,_T,incomplete_elementary,687
2013,NUMBER,donji_vakuf,_T,incomplete_elementary,1308
2013,NUMBER,drvar,_T,incomplete_elementary,534
2013,NUMBER,foca-fbih,_T,incomplete_elementary,225
2013,NUMBER,fojnica,_T,incomplete_elementary,1369
2013,NUMBER,glamoc,_T,incomplete_elementary,443
2013,NUMBER,gorazde,_T,incomplete_elementary,1388
2013,NUMBER,gornji_vakuf-uskoplje,_T,incomplete_elementary,1628
2013,NUMBER,gracanica,_T,incomplete_elementary,4661
2013,NUMBER,gradacac,_T,incomplete_elementary,4577
2013,NUMBER,grude,_T,incomplete_elementary,1079
2013,NUMBER,hadzici,_T,incomplete_elementary,1630
2013,NUMBER,ilidza,_T,incomplete_elementary,2597
2013,NUMBER,ilijas,_T,incomplete_elementary,1548
2013,NUMBER,jablanica,_T,incomplete_elementary,1031
2013,NUMBER,jajce,_T,incomplete_elementary,3291
2013,NUMBER,kakanj,_T,incomplete_elementary,3704
2013,NUMBER,kalesija,_T,incomplete_elementary,3528
2013,NUMBER,kiseljak,_T,incomplete_elementary,1873
2013,NUMBER,kladanj,_T,incomplete_elementary,1154
2013,NUMBER,kljuc,_T,incomplete_elementary,1516
2013,NUMBER,konjic,_T,incomplete_elementary,2665
2013,NUMBER,kresevo,_T,incomplete_elementary,477
2013,NUMBER,kupres-fbih,_T,incomplete_elementary,421
2013,NUMBER,livno,_T,incomplete_elementary,3312
2013,NUMBER,lukavac,_T,incomplete_elementary,4069
2013,NUMBER,ljubuski,_T,incomplete_elementary,2547
2013,NUMBER,maglaj,_T,incomplete_elementary,2087
2013,NUMBER,mostar,_T,incomplete_elementary,4310
2013,NUMBER,neum,_T,incomplete_elementary,282
2013,NUMBER,novi_grad_sarajevo,_T,incomplete_elementary,4062
2013,NUMBER,novi_travnik,_T,incomplete_elementary,1863
2013,NUMBER,novo_sarajevo,_T,incomplete_elementary,1351
2013,NUMBER,odzak,_T,incomplete_elementary,1925
2013,NUMBER,olovo,_T,incomplete_elementary,1122
2013,NUMBER,orasje,_T,incomplete_elementary,2799
2013,NUMBER,pale-fbih,_T,incomplete_elementary,92
2013,NUMBER,posusje,_T,incomplete_elementary,864
2013,NUMBER,prozor,_T,incomplete_elementary,1507
2013,NUMBER,ravno,_T,incomplete_elementary,206
2013,NUMBER,sanski_most,_T,incomplete_elementary,2511
2013,NUMBER,sapna,_T,incomplete_elementary,1367
2013,NUMBER,srebrenik,_T,incomplete_elementary,4665
2013,NUMBER,stari_grad_sarajevo,_T,incomplete_elementary,1020
2013,NUMBER,stolac,_T,incomplete_elementary,902
2013,NUMBER,siroki_brijeg,_T,incomplete_elementary,1777
2013,NUMBER,teocak,_T,incomplete_elementary,762
2013,NUMBER,tesanj,_T,incomplete_elementary,3225
2013,NUMBER,tomislavgrad,_T,incomplete_elementary,2290
2013,NUMBER,travnik,_T,incomplete_elementary,5388
2013,NUMBER,trnovo-fbih,_T,incomplete_elementary,217
2013,NUMBER,tuzla,_T,incomplete_elementary,6228
2013,NUMBER,usora,_T,incomplete_elementary,478
2013,NUMBER,vares,_T,incomplete_elementary,1345
2013,NUMBER,velika_kladusa,_T,incomplete_elementary,5157
2013,NUMBER,visoko,_T,incomplete_elementary,3457
2013,NUMBER,vitez,_T,incomplete_elementary,1941
2013,NUMBER,vogosca,_T,incomplete_elementary,1115
2013,NUMBER,zavidovici,_T,incomplete_elementary,3318
2013,NUMBER,zenica,_T,incomplete_elementary,8547
2013,NUMBER,zepce,_T,incomplete_elementary,2487
2013,NUMBER,zivinice,_T,incomplete_elementary,5685
2013,NUMBER,banovici,M,incomplete_elementary,295
2013,NUMBER,bihac,M,incomplete_elementary,1050
2013,NUMBER,bosanska_krupa,M,incomplete_elementary,998
2013,NUMBER,bosanski_petrovac,M,incomplete_elementary,284
2013,NUMBER,bosansko_grahovo,M,incomplete_elementary,109
2013,NUMBER,breza,M,incomplete_elementary,303
2013,NUMBER,bugojno,M,incomplete_elementary,621
2013,NUMBER,busovaca,M,incomplete_elementary,359
2013,NUMBER,buzim,M,incomplete_elementary,703
2013,NUMBER,cazin,M,incomplete_elementary,2086
2013,NUMBER,centar_sarajevo,M,incomplete_elementary,181
2013,NUMBER,capljina,M,incomplete_elementary,425
2013,NUMBER,celic,M,incomplete_elementary,544
2013,NUMBER,citluk,M,incomplete_elementary,325
2013,NUMBER,doboj-istok,M,incomplete_elementary,279
2013,NUMBER,doboj-jug,M,incomplete_elementary,61
2013,NUMBER,dobretici,M,incomplete_elementary,81
2013,NUMBER,domaljevac-samac,M,incomplete_elementary,297
2013,NUMBER,donji_vakuf,M,incomplete_elementary,370
2013,NUMBER,drvar,M,incomplete_elementary,105
2013,NUMBER,foca-fbih,M,incomplete_elementary,71
2013,NUMBER,fojnica,M,incomplete_elementary,466
2013,NUMBER,glamoc,M,incomplete_elementary,146
2013,NUMBER,gorazde,M,incomplete_elementary,309
2013,NUMBER,gornji_vakuf-uskoplje,M,incomplete_elementary,449
2013,NUMBER,gracanica,M,incomplete_elementary,1278
2013,NUMBER,gradacac,M,incomplete_elementary,1387
2013,NUMBER,grude,M,incomplete_elementary,352
2013,NUMBER,hadzici,M,incomplete_elementary,272
2013,NUMBER,ilidza,M,incomplete_elementary,419
2013,NUMBER,ilijas,M,incomplete_elementary,336
2013,NUMBER,jablanica,M,incomplete_elementary,254
2013,NUMBER,jajce,M,incomplete_elementary,1039
2013,NUMBER,kakanj,M,incomplete_elementary,821
2013,NUMBER,kalesija,M,incomplete_elementary,878
2013,NUMBER,kiseljak,M,incomplete_elementary,493
2013,NUMBER,kladanj,M,incomplete_elementary,287
2013,NUMBER,kljuc,M,incomplete_elementary,536
2013,NUMBER,konjic,M,incomplete_elementary,778
2013,NUMBER,kresevo,M,incomplete_elementary,138
2013,NUMBER,kupres-fbih,M,incomplete_elementary,170
2013,NUMBER,livno,M,incomplete_elementary,1238
2013,NUMBER,lukavac,M,incomplete_elementary,778
2013,NUMBER,ljubuski,M,incomplete_elementary,889
2013,NUMBER,maglaj,M,incomplete_elementary,553
2013,NUMBER,mostar,M,incomplete_elementary,929
2013,NUMBER,neum,M,incomplete_elementary,87
2013,NUMBER,novi_grad_sarajevo,M,incomplete_elementary,739
2013,NUMBER,novi_travnik,M,incomplete_elementary,359
2013,NUMBER,novo_sarajevo,M,incomplete_elementary,210
2013,NUMBER,odzak,M,incomplete_elementary,718
2013,NUMBER,olovo,M,incomplete_elementary,243
2013,NUMBER,orasje,M,incomplete_elementary,1110
2013,NUMBER,pale-fbih,M,incomplete_elementary,25
2013,NUMBER,posusje,M,incomplete_elementary,293
2013,NUMBER,prozor,M,incomplete_elementary,528
2013,NUMBER,ravno,M,incomplete_elementary,53
2013,NUMBER,sanski_most,M,incomplete_elementary,849
2013,NUMBER,sapna,M,incomplete_elementary,325
2013,NUMBER,srebrenik,M,incomplete_elementary,1428
2013,NUMBER,stari_grad_sarajevo,M,incomplete_elementary,155
2013,NUMBER,stolac,M,incomplete_elementary,278
2013,NUMBER,siroki_brijeg,M,incomplete_elementary,538
2013,NUMBER,teocak,M,incomplete_elementary,197
2013,NUMBER,tesanj,M,incomplete_elementary,947
2013,NUMBER,tomislavgrad,M,incomplete_elementary,803
2013,NUMBER,travnik,M,incomplete_elementary,1567
2013,NUMBER,trnovo-fbih,M,incomplete_elementary,67
2013,NUMBER,tuzla,M,incomplete_elementary,1450
2013,NUMBER,usora,M,incomplete_elementary,178
2013,NUMBER,vares,M,incomplete_elementary,264
2013,NUMBER,velika_kladusa,M,incomplete_elementary,2005
2013,NUMBER,visoko,M,incomplete_elementary,921
2013,NUMBER,vitez,M,incomplete_elementary,481
2013,NUMBER,vogosca,M,incomplete_elementary,189
2013,NUMBER,zavidovici,M,incomplete_elementary,1010
2013,NUMBER,zenica,M,incomplete_elementary,1864
2013,NUMBER,zepce,M,incomplete_elementary,743
2013,NUMBER,zivinice,M,incomplete_elementary,1104
2013,NUMBER,banovici,F,incomplete_elementary,1550
2013,NUMBER,bihac,F,incomplete_elementary,2428
2013,NUMBER,bosanska_krupa,F,incomplete_elementary,1677
2013,NUMBER,bosanski_petrovac,F,incomplete_elementary,498
2013,NUMBER,bosansko_grahovo,F,incomplete_elementary,228
2013,NUMBER,breza,F,incomplete_elementary,986
2013,NUMBER,bugojno,F,incomplete_elementary,1644
2013,NUMBER,busovaca,F,incomplete_elementary,1133
2013,NUMBER,buzim,F,incomplete_elementary,1172
2013,NUMBER,cazin,F,incomplete_elementary,3618
2013,NUMBER,centar_sarajevo,F,incomplete_elementary,948
2013,NUMBER,capljina,F,incomplete_elementary,1246
2013,NUMBER,celic,F,incomplete_elementary,792
2013,NUMBER,citluk,F,incomplete_elementary,749
2013,NUMBER,doboj-istok,F,incomplete_elementary,695
2013,NUMBER,doboj-jug,F,incomplete_elementary,205
2013,NUMBER,dobretici,F,incomplete_elementary,69
2013,NUMBER,domaljevac-samac,F,incomplete_elementary,390
2013,NUMBER,donji_vakuf,F,incomplete_elementary,938
2013,NUMBER,drvar,F,incomplete_elementary,429
2013,NUMBER,foca-fbih,F,incomplete_elementary,154
2013,NUMBER,fojnica,F,incomplete_elementary,903
2013,NUMBER,glamoc,F,incomplete_elementary,297
2013,NUMBER,gorazde,F,incomplete_elementary,1079
2013,NUMBER,gornji_vakuf-uskoplje,F,incomplete_elementary,1179
2013,NUMBER,gracanica,F,incomplete_elementary,3383
2013,NUMBER,gradacac,F,incomplete_elementary,3190
2013,NUMBER,grude,F,incomplete_elementary,727
2013,NUMBER,hadzici,F,incomplete_elementary,1358
2013,NUMBER,ilidza,F,incomplete_elementary,2178
2013,NUMBER,ilijas,F,incomplete_elementary,1212
2013,NUMBER,jablanica,F,incomplete_elementary,777
2013,NUMBER,jajce,F,incomplete_elementary,2252
2013,NUMBER,kakanj,F,incomplete_elementary,2883
2013,NUMBER,kalesija,F,incomplete_elementary,2650
2013,NUMBER,kiseljak,F,incomplete_elementary,1380
2013,NUMBER,kladanj,F,incomplete_elementary,867
2013,NUMBER,kljuc,F,incomplete_elementary,980
2013,NUMBER,konjic,F,incomplete_elementary,1887
2013,NUMBER,kresevo,F,incomplete_elementary,339
2013,NUMBER,kupres-fbih,F,incomplete_elementary,251
2013,NUMBER,livno,F,incomplete_elementary,2074
2013,NUMBER,lukavac,F,incomplete_elementary,3291
2013,NUMBER,ljubuski,F,incomplete_elementary,1658
2013,NUMBER,maglaj,F,incomplete_elementary,1534
2013,NUMBER,mostar,F,incomplete_elementary,3381
2013,NUMBER,neum,F,incomplete_elementary,195
2013,NUMBER,novi_grad_sarajevo,F,incomplete_elementary,3323
2013,NUMBER,novi_travnik,F,incomplete_elementary,1504
2013,NUMBER,novo_sarajevo,F,incomplete_elementary,1141
2013,NUMBER,odzak,F,incomplete_elementary,1207
2013,NUMBER,olovo,F,incomplete_elementary,879
2013,NUMBER,orasje,F,incomplete_elementary,1689
2013,NUMBER,pale-fbih,F,incomplete_elementary,67
2013,NUMBER,posusje,F,incomplete_elementary,571
2013,NUMBER,prozor,F,incomplete_elementary,979
2013,NUMBER,ravno,F,incomplete_elementary,153
2013,NUMBER,sanski_most,F,incomplete_elementary,1662
2013,NUMBER,sapna,F,incomplete_elementary,1042
2013,NUMBER,srebrenik,F,incomplete_elementary,3237
2013,NUMBER,stari_grad_sarajevo,F,incomplete_elementary,865
2013,NUMBER,stolac,F,incomplete_elementary,624
2013,NUMBER,siroki_brijeg,F,incomplete_elementary,1239
2013,NUMBER,teocak,F,incomplete_elementary,565
2013,NUMBER,tesanj,F,incomplete_elementary,2278
2013,NUMBER,tomislavgrad,F,incomplete_elementary,1487
2013,NUMBER,travnik,F,incomplete_elementary,3821
2013,NUMBER,trnovo-fbih,F,incomplete_elementary,150
2013,NUMBER,tuzla,F,incomplete_elementary,4778
2013,NUMBER,usora,F,incomplete_elementary,300
2013,NUMBER,vares,F,incomplete_elementary,1081
2013,NUMBER,velika_kladusa,F,incomplete_elementary,3152
2013,NUMBER,visoko,F,incomplete_elementary,2536
2013,NUMBER,vitez,F,incomplete_elementary,1460
2013,NUMBER,vogosca,F,incomplete_elementary,926
2013,NUMBER,zavidovici,F,incomplete_elementary,2308
2013,NUMBER,zenica,F,incomplete_elementary,6683
2013,NUMBER,zepce,F,incomplete_elementary,1744
2013,NUMBER,zivinice,F,incomplete_elementary,4581
2013,NUMBER,banovici,_T,elementary_education,4419
2013,NUMBER,bihac,_T,elementary_education,11023
2013,NUMBER,bosanska_krupa,_T,elementary_education,6093
2013,NUMBER,bosanski_petrovac,_T,elementary_education,1564
2013,NUMBER,bosansko_grahovo,_T,elementary_education,425
2013,NUMBER,breza,_T,elementary_education,2276
2013,NUMBER,bugojno,_T,elementary_education,6364
2013,NUMBER,busovaca,_T,elementary_education,3490
2013,NUMBER,buzim,_T,elementary_education,5643
2013,NUMBER,cazin,_T,elementary_education,17120
2013,NUMBER,centar_sarajevo,_T,elementary_education,5446
2013,NUMBER,capljina,_T,elementary_education,3780
2013,NUMBER,celic,_T,elementary_education,2884
2013,NUMBER,citluk,_T,elementary_education,2467
2013,NUMBER,doboj-istok,_T,elementary_education,2026
2013,NUMBER,doboj-jug,_T,elementary_education,854
2013,NUMBER,dobretici,_T,elementary_education,451
2013,NUMBER,domaljevac-samac,_T,elementary_education,968
2013,NUMBER,donji_vakuf,_T,elementary_education,3250
2013,NUMBER,drvar,_T,elementary_education,1232
2013,NUMBER,foca-fbih,_T,elementary_education,440
2013,NUMBER,fojnica,_T,elementary_education,2448
2013,NUMBER,glamoc,_T,elementary_education,781
2013,NUMBER,gorazde,_T,elementary_education,4197
2013,NUMBER,gornji_vakuf-uskoplje,_T,elementary_education,4130
2013,NUMBER,gracanica,_T,elementary_education,9413
2013,NUMBER,gradacac,_T,elementary_education,9408
2013,NUMBER,grude,_T,elementary_education,2466
2013,NUMBER,hadzici,_T,elementary_education,4317
2013,NUMBER,ilidza,_T,elementary_education,9887
2013,NUMBER,ilijas,_T,elementary_education,3968
2013,NUMBER,jablanica,_T,elementary_education,1662
2013,NUMBER,jajce,_T,elementary_education,4851
2013,NUMBER,kakanj,_T,elementary_education,7556
2013,NUMBER,kalesija,_T,elementary_education,6841
2013,NUMBER,kiseljak,_T,elementary_education,3616
2013,NUMBER,kladanj,_T,elementary_education,2730
2013,NUMBER,kljuc,_T,elementary_education,3753
2013,NUMBER,konjic,_T,elementary_education,5206
2013,NUMBER,kresevo,_T,elementary_education,861
2013,NUMBER,kupres-fbih,_T,elementary_education,714
2013,NUMBER,livno,_T,elementary_education,5245
2013,NUMBER,lukavac,_T,elementary_education,7860
2013,NUMBER,ljubuski,_T,elementary_education,3509
2013,NUMBER,maglaj,_T,elementary_education,4758
2013,NUMBER,mostar,_T,elementary_education,14243
2013,NUMBER,neum,_T,elementary_education,608
2013,NUMBER,novi_grad_sarajevo,_T,elementary_education,15973
2013,NUMBER,novi_travnik,_T,elementary_education,4298
2013,NUMBER,novo_sarajevo,_T,elementary_education,6456
2013,NUMBER,odzak,_T,elementary_education,3982
2013,NUMBER,olovo,_T,elementary_education,2421
2013,NUMBER,orasje,_T,elementary_education,4015
2013,NUMBER,pale-fbih,_T,elementary_education,249
2013,NUMBER,posusje,_T,elementary_education,3149
2013,NUMBER,prozor,_T,elementary_education,2471
2013,NUMBER,ravno,_T,elementary_education,442
2013,NUMBER,sanski_most,_T,elementary_education,8907
2013,NUMBER,sapna,_T,elementary_education,2930
2013,NUMBER,srebrenik,_T,elementary_education,8593
2013,NUMBER,stari_grad_sarajevo,_T,elementary_education,4518
2013,NUMBER,stolac,_T,elementary_education,2417
2013,NUMBER,siroki_brijeg,_T,elementary_education,3451
2013,NUMBER,teocak,_T,elementary_education,1846
2013,NUMBER,tesanj,_T,elementary_education,9991
2013,NUMBER,tomislavgrad,_T,elementary_education,5398
2013,NUMBER,travnik,_T,elementary_education,11614
2013,NUMBER,trnovo-fbih,_T,elementary_education,290
2013,NUMBER,tuzla,_T,elementary_education,15907
2013,NUMBER,usora,_T,elementary_education,1370
2013,NUMBER,vares,_T,elementary_education,1649
2013,NUMBER,velika_kladusa,_T,elementary_education,11344
2013,NUMBER,visoko,_T,elementary_education,6961
2013,NUMBER,vitez,_T,elementary_education,4317
2013,NUMBER,vogosca,_T,elementary_education,4100
2013,NUMBER,zavidovici,_T,elementary_education,7764
2013,NUMBER,zenica,_T,elementary_education,19375
2013,NUMBER,zepce,_T,elementary_education,6573
2013,NUMBER,zivinice,_T,elementary_education,11174
2013,NUMBER,banovici,M,elementary_education,1488
2013,NUMBER,bihac,M,elementary_education,4692
2013,NUMBER,bosanska_krupa,M,elementary_education,2713
2013,NUMBER,bosanski_petrovac,M,elementary_education,752
2013,NUMBER,bosansko_grahovo,M,elementary_education,197
2013,NUMBER,breza,M,elementary_education,816
2013,NUMBER,bugojno,M,elementary_education,2713
2013,NUMBER,busovaca,M,elementary_education,1485
2013,NUMBER,buzim,M,elementary_education,2656
2013,NUMBER,cazin,M,elementary_education,7667
2013,NUMBER,centar_sarajevo,M,elementary_education,1889
2013,NUMBER,capljina,M,elementary_education,1561
2013,NUMBER,celic,M,elementary_education,1313
2013,NUMBER,citluk,M,elementary_education,1072
2013,NUMBER,doboj-istok,M,elementary_education,863
2013,NUMBER,doboj-jug,M,elementary_education,346
2013,NUMBER,dobretici,M,elementary_education,245
2013,NUMBER,domaljevac-samac,M,elementary_education,488
2013,NUMBER,donji_vakuf,M,elementary_education,1432
2013,NUMBER,drvar,M,elementary_education,466
2013,NUMBER,foca-fbih,M,elementary_education,202
2013,NUMBER,fojnica,M,elementary_education,1059
2013,NUMBER,glamoc,M,elementary_education,357
2013,NUMBER,gorazde,M,elementary_education,1544
2013,NUMBER,gornji_vakuf-uskoplje,M,elementary_education,1925
2013,NUMBER,gracanica,M,elementary_education,3765
2013,NUMBER,gradacac,M,elementary_education,4069
2013,NUMBER,grude,M,elementary_education,1172
2013,NUMBER,hadzici,M,elementary_education,1641
2013,NUMBER,ilidza,M,elementary_education,3476
2013,NUMBER,ilijas,M,elementary_education,1526
2013,NUMBER,jablanica,M,elementary_education,638
2013,NUMBER,jajce,M,elementary_education,2227
2013,NUMBER,kakanj,M,elementary_education,2703
2013,NUMBER,kalesija,M,elementary_education,2869
2013,NUMBER,kiseljak,M,elementary_education,1573
2013,NUMBER,kladanj,M,elementary_education,1070
2013,NUMBER,kljuc,M,elementary_education,1778
2013,NUMBER,konjic,M,elementary_education,2205
2013,NUMBER,kresevo,M,elementary_education,335
2013,NUMBER,kupres-fbih,M,elementary_education,358
2013,NUMBER,livno,M,elementary_education,2491
2013,NUMBER,lukavac,M,elementary_education,2992
2013,NUMBER,ljubuski,M,elementary_education,1694
2013,NUMBER,maglaj,M,elementary_education,1890
2013,NUMBER,mostar,M,elementary_education,5501
2013,NUMBER,neum,M,elementary_education,281
2013,NUMBER,novi_grad_sarajevo,M,elementary_education,5492
2013,NUMBER,novi_travnik,M,elementary_education,1682
2013,NUMBER,novo_sarajevo,M,elementary_education,2258
2013,NUMBER,odzak,M,elementary_education,1870
2013,NUMBER,olovo,M,elementary_education,963
2013,NUMBER,orasje,M,elementary_education,1958
2013,NUMBER,pale-fbih,M,elementary_education,93
2013,NUMBER,posusje,M,elementary_education,1558
2013,NUMBER,prozor,M,elementary_education,1244
2013,NUMBER,ravno,M,elementary_education,204
2013,NUMBER,sanski_most,M,elementary_education,3935
2013,NUMBER,sapna,M,elementary_education,1457
2013,NUMBER,srebrenik,M,elementary_education,3715
2013,NUMBER,stari_grad_sarajevo,M,elementary_education,1634
2013,NUMBER,stolac,M,elementary_education,980
2013,NUMBER,siroki_brijeg,M,elementary_education,1633
2013,NUMBER,teocak,M,elementary_education,823
2013,NUMBER,tesanj,M,elementary_education,4192
2013,NUMBER,tomislavgrad,M,elementary_education,2765
2013,NUMBER,travnik,M,elementary_education,5002
2013,NUMBER,trnovo-fbih,M,elementary_education,124
2013,NUMBER,tuzla,M,elementary_education,6043
2013,NUMBER,usora,M,elementary_education,603
2013,NUMBER,vares,M,elementary_education,623
2013,NUMBER,velika_kladusa,M,elementary_education,5360
2013,NUMBER,visoko,M,elementary_education,3040
2013,NUMBER,vitez,M,elementary_education,1713
2013,NUMBER,vogosca,M,elementary_education,1387
2013,NUMBER,zavidovici,M,elementary_education,2812
2013,NUMBER,zenica,M,elementary_education,7484
2013,NUMBER,zepce,M,elementary_education,2813
2013,NUMBER,zivinice,M,elementary_education,4423
2013,NUMBER,banovici,F,elementary_education,2931
2013,NUMBER,bihac,F,elementary_education,6331
2013,NUMBER,bosanska_krupa,F,elementary_education,3380
2013,NUMBER,bosanski_petrovac,F,elementary_education,812
2013,NUMBER,bosansko_grahovo,F,elementary_education,228
2013,NUMBER,breza,F,elementary_education,1460
2013,NUMBER,bugojno,F,elementary_education,3651
2013,NUMBER,busovaca,F,elementary_education,2005
2013,NUMBER,buzim,F,elementary_education,2987
2013,NUMBER,cazin,F,elementary_education,9453
2013,NUMBER,centar_sarajevo,F,elementary_education,3557
2013,NUMBER,capljina,F,elementary_education,2219
2013,NUMBER,celic,F,elementary_education,1571
2013,NUMBER,citluk,F,elementary_education,1395
2013,NUMBER,doboj-istok,F,elementary_education,1163
2013,NUMBER,doboj-jug,F,elementary_education,508
2013,NUMBER,dobretici,F,elementary_education,206
2013,NUMBER,domaljevac-samac,F,elementary_education,480
2013,NUMBER,donji_vakuf,F,elementary_education,1818
2013,NUMBER,drvar,F,elementary_education,766
2013,NUMBER,foca-fbih,F,elementary_education,238
2013,NUMBER,fojnica,F,elementary_education,1389
2013,NUMBER,glamoc,F,elementary_education,424
2013,NUMBER,gorazde,F,elementary_education,2653
2013,NUMBER,gornji_vakuf-uskoplje,F,elementary_education,2205
2013,NUMBER,gracanica,F,elementary_education,5648
2013,NUMBER,gradacac,F,elementary_education,5339
2013,NUMBER,grude,F,elementary_education,1294
2013,NUMBER,hadzici,F,elementary_education,2676
2013,NUMBER,ilidza,F,elementary_education,6411
2013,NUMBER,ilijas,F,elementary_education,2442
2013,NUMBER,jablanica,F,elementary_education,1024
2013,NUMBER,jajce,F,elementary_education,2624
2013,NUMBER,kakanj,F,elementary_education,4853
2013,NUMBER,kalesija,F,elementary_education,3972
2013,NUMBER,kiseljak,F,elementary_education,2043
2013,NUMBER,kladanj,F,elementary_education,1660
2013,NUMBER,kljuc,F,elementary_education,1975
2013,NUMBER,konjic,F,elementary_education,3001
2013,NUMBER,kresevo,F,elementary_education,526
2013,NUMBER,kupres-fbih,F,elementary_education,356
2013,NUMBER,livno,F,elementary_education,2754
2013,NUMBER,lukavac,F,elementary_education,4868
2013,NUMBER,ljubuski,F,elementary_education,1815
2013,NUMBER,maglaj,F,elementary_education,2868
2013,NUMBER,mostar,F,elementary_education,8742
2013,NUMBER,neum,F,elementary_education,327
2013,NUMBER,novi_grad_sarajevo,F,elementary_education,10481
2013,NUMBER,novi_travnik,F,elementary_education,2616
2013,NUMBER,novo_sarajevo,F,elementary_education,4198
2013,NUMBER,odzak,F,elementary_education,2112
2013,NUMBER,olovo,F,elementary_education,1458
2013,NUMBER,orasje,F,elementary_education,2057
2013,NUMBER,pale-fbih,F,elementary_education,156
2013,NUMBER,posusje,F,elementary_education,1591
2013,NUMBER,prozor,F,elementary_education,1227
2013,NUMBER,ravno,F,elementary_education,238
2013,NUMBER,sanski_most,F,elementary_education,4972
2013,NUMBER,sapna,F,elementary_education,1473
2013,NUMBER,srebrenik,F,elementary_education,4878
2013,NUMBER,stari_grad_sarajevo,F,elementary_education,2884
2013,NUMBER,stolac,F,elementary_education,1437
2013,NUMBER,siroki_brijeg,F,elementary_education,1818
2013,NUMBER,teocak,F,elementary_education,1023
2013,NUMBER,tesanj,F,elementary_education,5799
2013,NUMBER,tomislavgrad,F,elementary_education,2633
2013,NUMBER,travnik,F,elementary_education,6612
2013,NUMBER,trnovo-fbih,F,elementary_education,166
2013,NUMBER,tuzla,F,elementary_education,9864
2013,NUMBER,usora,F,elementary_education,767
2013,NUMBER,vares,F,elementary_education,1026
2013,NUMBER,velika_kladusa,F,elementary_education,5984
2013,NUMBER,visoko,F,elementary_education,3921
2013,NUMBER,vitez,F,elementary_education,2604
2013,NUMBER,vogosca,F,elementary_education,2713
2013,NUMBER,zavidovici,F,elementary_education,4952
2013,NUMBER,zenica,F,elementary_education,11891
2013,NUMBER,zepce,F,elementary_education,3760
2013,NUMBER,zivinice,F,elementary_education,6751
2013,NUMBER,banovici,_T,secondary_education,10567
2013,NUMBER,bihac,_T,secondary_education,22893
2013,NUMBER,bosanska_krupa,_T,secondary_education,8892
2013,NUMBER,bosanski_petrovac,_T,secondary_education,3060
2013,NUMBER,bosansko_grahovo,_T,secondary_education,1116
2013,NUMBER,breza,_T,secondary_education,6653
2013,NUMBER,bugojno,_T,secondary_education,13972
2013,NUMBER,busovaca,_T,secondary_education,7814
2013,NUMBER,buzim,_T,secondary_education,5704
2013,NUMBER,cazin,_T,secondary_education,23905
2013,NUMBER,centar_sarajevo,_T,secondary_education,22213
2013,NUMBER,capljina,_T,secondary_education,12475
2013,NUMBER,celic,_T,secondary_education,3489
2013,NUMBER,citluk,_T,secondary_education,8453
2013,NUMBER,doboj-istok,_T,secondary_education,4280
2013,NUMBER,doboj-jug,_T,secondary_education,1864
2013,NUMBER,dobretici,_T,secondary_education,651
2013,NUMBER,domaljevac-samac,_T,secondary_education,1754
2013,NUMBER,donji_vakuf,_T,secondary_education,5494
2013,NUMBER,drvar,_T,secondary_education,3594
2013,NUMBER,foca-fbih,_T,secondary_education,748
2013,NUMBER,fojnica,_T,secondary_education,4766
2013,NUMBER,glamoc,_T,secondary_education,1572
2013,NUMBER,gorazde,_T,secondary_education,9103
2013,NUMBER,gornji_vakuf-uskoplje,_T,secondary_education,8817
2013,NUMBER,gracanica,_T,secondary_education,18522
2013,NUMBER,gradacac,_T,secondary_education,14750
2013,NUMBER,grude,_T,secondary_education,7830
2013,NUMBER,hadzici,_T,secondary_education,10861
2013,NUMBER,ilidza,_T,secondary_education,31683
2013,NUMBER,ilijas,_T,secondary_education,8352
2013,NUMBER,jablanica,_T,secondary_education,4565
2013,NUMBER,jajce,_T,secondary_education,11293
2013,NUMBER,kakanj,_T,secondary_education,15259
2013,NUMBER,kalesija,_T,secondary_education,13592
2013,NUMBER,kiseljak,_T,secondary_education,9291
2013,NUMBER,kladanj,_T,secondary_education,5276
2013,NUMBER,kljuc,_T,secondary_education,6950
2013,NUMBER,konjic,_T,secondary_education,9767
2013,NUMBER,kresevo,_T,secondary_education,2391
2013,NUMBER,kupres-fbih,_T,secondary_education,2154
2013,NUMBER,livno,_T,secondary_education,14513
2013,NUMBER,lukavac,_T,secondary_education,20955
2013,NUMBER,ljubuski,_T,secondary_education,12685
2013,NUMBER,maglaj,_T,secondary_education,10053
2013,NUMBER,mostar,_T,secondary_education,50196
2013,NUMBER,neum,_T,secondary_education,2092
2013,NUMBER,novi_grad_sarajevo,_T,secondary_education,55560
2013,NUMBER,novi_travnik,_T,secondary_education,10488
2013,NUMBER,novo_sarajevo,_T,secondary_education,27377
2013,NUMBER,odzak,_T,secondary_education,8118
2013,NUMBER,olovo,_T,secondary_education,4040
2013,NUMBER,orasje,_T,secondary_education,7596
2013,NUMBER,pale-fbih,_T,secondary_education,322
2013,NUMBER,posusje,_T,secondary_education,9020
2013,NUMBER,prozor,_T,secondary_education,5640
2013,NUMBER,ravno,_T,secondary_education,1588
2013,NUMBER,sanski_most,_T,secondary_education,18955
2013,NUMBER,sapna,_T,secondary_education,3667
2013,NUMBER,srebrenik,_T,secondary_education,15295
2013,NUMBER,stari_grad_sarajevo,_T,secondary_education,18034
2013,NUMBER,stolac,_T,secondary_education,6576
2013,NUMBER,siroki_brijeg,_T,secondary_education,13451
2013,NUMBER,teocak,_T,secondary_education,2938
2013,NUMBER,tesanj,_T,secondary_education,17257
2013,NUMBER,tomislavgrad,_T,secondary_education,13379
2013,NUMBER,travnik,_T,secondary_education,20889
2013,NUMBER,trnovo-fbih,_T,secondary_education,549
2013,NUMBER,tuzla,_T,secondary_education,52917
2013,NUMBER,usora,_T,secondary_education,3000
2013,NUMBER,vares,_T,secondary_education,3914
2013,NUMBER,velika_kladusa,_T,secondary_education,11477
2013,NUMBER,visoko,_T,secondary_education,17614
2013,NUMBER,vitez,_T,secondary_education,11791
2013,NUMBER,vogosca,_T,secondary_education,12299
2013,NUMBER,zavidovici,_T,secondary_education,15051
2013,NUMBER,zenica,_T,secondary_education,49301
2013,NUMBER,zepce,_T,secondary_education,12585
2013,NUMBER,zivinice,_T,secondary_education,24753
2013,NUMBER,banovici,M,secondary_education,6668
2013,NUMBER,bihac,M,secondary_education,12626
2013,NUMBER,bosanska_krupa,M,secondary_education,5304
2013,NUMBER,bosanski_petrovac,M,secondary_education,1784
2013,NUMBER,bosansko_grahovo,M,secondary_education,711
2013,NUMBER,breza,M,secondary_education,4058
2013,NUMBER,bugojno,M,secondary_education,8010
2013,NUMBER,busovaca,M,secondary_education,4855
2013,NUMBER,buzim,M,secondary_education,3639
2013,NUMBER,cazin,M,secondary_education,14381
2013,NUMBER,centar_sarajevo,M,secondary_education,10885
2013,NUMBER,capljina,M,secondary_education,7100
2013,NUMBER,celic,M,secondary_education,2141
2013,NUMBER,citluk,M,secondary_education,4733
2013,NUMBER,doboj-istok,M,secondary_education,2556
2013,NUMBER,doboj-jug,M,secondary_education,1111
2013,NUMBER,dobretici,M,secondary_education,430
2013,NUMBER,domaljevac-samac,M,secondary_education,973
2013,NUMBER,donji_vakuf,M,secondary_education,3313
2013,NUMBER,drvar,M,secondary_education,2098
2013,NUMBER,foca-fbih,M,secondary_education,486
2013,NUMBER,fojnica,M,secondary_education,2861
2013,NUMBER,glamoc,M,secondary_education,963
2013,NUMBER,gorazde,M,secondary_education,5252
2013,NUMBER,gornji_vakuf-uskoplje,M,secondary_education,5192
2013,NUMBER,gracanica,M,secondary_education,10727
2013,NUMBER,gradacac,M,secondary_education,8767
2013,NUMBER,grude,M,secondary_education,4306
2013,NUMBER,hadzici,M,secondary_education,6625
2013,NUMBER,ilidza,M,secondary_education,17593
2013,NUMBER,ilijas,M,secondary_education,4982
2013,NUMBER,jablanica,M,secondary_education,2795
2013,NUMBER,jajce,M,secondary_education,7050
2013,NUMBER,kakanj,M,secondary_education,9882
2013,NUMBER,kalesija,M,secondary_education,8660
2013,NUMBER,kiseljak,M,secondary_education,5495
2013,NUMBER,kladanj,M,secondary_education,3206
2013,NUMBER,kljuc,M,secondary_education,4083
2013,NUMBER,konjic,M,secondary_education,5937
2013,NUMBER,kresevo,M,secondary_education,1416
2013,NUMBER,kupres-fbih,M,secondary_education,1159
2013,NUMBER,livno,M,secondary_education,8114
2013,NUMBER,lukavac,M,secondary_education,12568
2013,NUMBER,ljubuski,M,secondary_education,6924
2013,NUMBER,maglaj,M,secondary_education,5969
2013,NUMBER,mostar,M,secondary_education,27372
2013,NUMBER,neum,M,secondary_education,1157
2013,NUMBER,novi_grad_sarajevo,M,secondary_education,29274
2013,NUMBER,novi_travnik,M,secondary_education,6287
2013,NUMBER,novo_sarajevo,M,secondary_education,13288
2013,NUMBER,odzak,M,secondary_education,4533
2013,NUMBER,olovo,M,secondary_education,2667
2013,NUMBER,orasje,M,secondary_education,4325
2013,NUMBER,pale-fbih,M,secondary_education,222
2013,NUMBER,posusje,M,secondary_education,5026
2013,NUMBER,prozor,M,secondary_education,3308
2013,NUMBER,ravno,M,secondary_education,910
2013,NUMBER,sanski_most,M,secondary_education,11103
2013,NUMBER,sapna,M,secondary_education,2509
2013,NUMBER,srebrenik,M,secondary_education,9129
2013,NUMBER,stari_grad_sarajevo,M,secondary_education,9459
2013,NUMBER,stolac,M,secondary_education,3873
2013,NUMBER,siroki_brijeg,M,secondary_education,7390
2013,NUMBER,teocak,M,secondary_education,1891
2013,NUMBER,tesanj,M,secondary_education,10235
2013,NUMBER,tomislavgrad,M,secondary_education,7566
2013,NUMBER,travnik,M,secondary_education,12467
2013,NUMBER,trnovo-fbih,M,secondary_education,391
2013,NUMBER,tuzla,M,secondary_education,28217
2013,NUMBER,usora,M,secondary_education,1756
2013,NUMBER,vares,M,secondary_education,2521
2013,NUMBER,velika_kladusa,M,secondary_education,6766
2013,NUMBER,visoko,M,secondary_education,10178
2013,NUMBER,vitez,M,secondary_education,6815
2013,NUMBER,vogosca,M,secondary_education,6798
2013,NUMBER,zavidovici,M,secondary_education,9485
2013,NUMBER,zenica,M,secondary_education,28605
2013,NUMBER,zepce,M,secondary_education,7714
2013,NUMBER,zivinice,M,secondary_education,15656
2013,NUMBER,banovici,F,secondary_education,3899
2013,NUMBER,bihac,F,secondary_education,10267
2013,NUMBER,bosanska_krupa,F,secondary_education,3588
2013,NUMBER,bosanski_petrovac,F,secondary_education,1276
2013,NUMBER,bosansko_grahovo,F,secondary_education,405
2013,NUMBER,breza,F,secondary_education,2595
2013,NUMBER,bugojno,F,secondary_education,5962
2013,NUMBER,busovaca,F,secondary_education,2959
2013,NUMBER,buzim,F,secondary_education,2065
2013,NUMBER,cazin,F,secondary_education,9524
2013,NUMBER,centar_sarajevo,F,secondary_education,11328
2013,NUMBER,capljina,F,secondary_education,5375
2013,NUMBER,celic,F,secondary_education,1348
2013,NUMBER,citluk,F,secondary_education,3720
2013,NUMBER,doboj-istok,F,secondary_education,1724
2013,NUMBER,doboj-jug,F,secondary_education,753
2013,NUMBER,dobretici,F,secondary_education,221
2013,NUMBER,domaljevac-samac,F,secondary_education,781
2013,NUMBER,donji_vakuf,F,secondary_education,2181
2013,NUMBER,drvar,F,secondary_education,1496
2013,NUMBER,foca-fbih,F,secondary_education,262
2013,NUMBER,fojnica,F,secondary_education,1905
2013,NUMBER,glamoc,F,secondary_education,609
2013,NUMBER,gorazde,F,secondary_education,3851
2013,NUMBER,gornji_vakuf-uskoplje,F,secondary_education,3625
2013,NUMBER,gracanica,F,secondary_education,7795
2013,NUMBER,gradacac,F,secondary_education,5983
2013,NUMBER,grude,F,secondary_education,3524
2013,NUMBER,hadzici,F,secondary_education,4236
2013,NUMBER,ilidza,F,secondary_education,14090
2013,NUMBER,ilijas,F,secondary_education,3370
2013,NUMBER,jablanica,F,secondary_education,1770
2013,NUMBER,jajce,F,secondary_education,4243
2013,NUMBER,kakanj,F,secondary_education,5377
2013,NUMBER,kalesija,F,secondary_education,4932
2013,NUMBER,kiseljak,F,secondary_education,3796
2013,NUMBER,kladanj,F,secondary_education,2070
2013,NUMBER,kljuc,F,secondary_education,2867
2013,NUMBER,konjic,F,secondary_education,3830
2013,NUMBER,kresevo,F,secondary_education,975
2013,NUMBER,kupres-fbih,F,secondary_education,995
2013,NUMBER,livno,F,secondary_education,6399
2013,NUMBER,lukavac,F,secondary_education,8387
2013,NUMBER,ljubuski,F,secondary_education,5761
2013,NUMBER,maglaj,F,secondary_education,4084
2013,NUMBER,mostar,F,secondary_education,22824
2013,NUMBER,neum,F,secondary_education,935
2013,NUMBER,novi_grad_sarajevo,F,secondary_education,26286
2013,NUMBER,novi_travnik,F,secondary_education,4201
2013,NUMBER,novo_sarajevo,F,secondary_education,14089
2013,NUMBER,odzak,F,secondary_education,3585
2013,NUMBER,olovo,F,secondary_education,1373
2013,NUMBER,orasje,F,secondary_education,3271
2013,NUMBER,pale-fbih,F,secondary_education,100
2013,NUMBER,posusje,F,secondary_education,3994
2013,NUMBER,prozor,F,secondary_education,2332
2013,NUMBER,ravno,F,secondary_education,678
2013,NUMBER,sanski_most,F,secondary_education,7852
2013,NUMBER,sapna,F,secondary_education,1158
2013,NUMBER,srebrenik,F,secondary_education,6166
2013,NUMBER,stari_grad_sarajevo,F,secondary_education,8575
2013,NUMBER,stolac,F,secondary_education,2703
2013,NUMBER,siroki_brijeg,F,secondary_education,6061
2013,NUMBER,teocak,F,secondary_education,1047
2013,NUMBER,tesanj,F,secondary_education,7022
2013,NUMBER,tomislavgrad,F,secondary_education,5813
2013,NUMBER,travnik,F,secondary_education,8422
2013,NUMBER,trnovo-fbih,F,secondary_education,158
2013,NUMBER,tuzla,F,secondary_education,24700
2013,NUMBER,usora,F,secondary_education,1244
2013,NUMBER,vares,F,secondary_education,1393
2013,NUMBER,velika_kladusa,F,secondary_education,4711
2013,NUMBER,visoko,F,secondary_education,7436
2013,NUMBER,vitez,F,secondary_education,4976
2013,NUMBER,vogosca,F,secondary_education,5501
2013,NUMBER,zavidovici,F,secondary_education,5566
2013,NUMBER,zenica,F,secondary_education,20696
2013,NUMBER,zepce,F,secondary_education,4871
2013,NUMBER,zivinice,F,secondary_education,9097
2013,NUMBER,banovici,_T,secondary_specialization,150
2013,NUMBER,bihac,_T,secondary_specialization,216
2013,NUMBER,bosanska_krupa,_T,secondary_specialization,64
2013,NUMBER,bosanski_petrovac,_T,secondary_specialization,16
2013,NUMBER,bosansko_grahovo,_T,secondary_specialization,3
2013,NUMBER,breza,_T,secondary_specialization,111
2013,NUMBER,bugojno,_T,secondary_specialization,114
2013,NUMBER,busovaca,_T,secondary_specialization,104
2013,NUMBER,buzim,_T,secondary_specialization,39
2013,NUMBER,cazin,_T,secondary_specialization,140
2013,NUMBER,centar_sarajevo,_T,secondary_specialization,282
2013,NUMBER,capljina,_T,secondary_specialization,130
2013,NUMBER,celic,_T,secondary_specialization,16
2013,NUMBER,citluk,_T,secondary_specialization,84
2013,NUMBER,doboj-istok,_T,secondary_specialization,24
2013,NUMBER,doboj-jug,_T,secondary_specialization,23
2013,NUMBER,dobretici,_T,secondary_specialization,1
2013,NUMBER,domaljevac-samac,_T,secondary_specialization,30
2013,NUMBER,donji_vakuf,_T,secondary_specialization,24
2013,NUMBER,drvar,_T,secondary_specialization,32
2013,NUMBER,foca-fbih,_T,secondary_specialization,11
2013,NUMBER,fojnica,_T,secondary_specialization,42
2013,NUMBER,glamoc,_T,secondary_specialization,13
2013,NUMBER,gorazde,_T,secondary_specialization,190
2013,NUMBER,gornji_vakuf-uskoplje,_T,secondary_specialization,30
2013,NUMBER,gracanica,_T,secondary_specialization,189
2013,NUMBER,gradacac,_T,secondary_specialization,136
2013,NUMBER,grude,_T,secondary_specialization,75
2013,NUMBER,hadzici,_T,secondary_specialization,89
2013,NUMBER,ilidza,_T,secondary_specialization,375
2013,NUMBER,ilijas,_T,secondary_specialization,97
2013,NUMBER,jablanica,_T,secondary_specialization,133
2013,NUMBER,jajce,_T,secondary_specialization,113
2013,NUMBER,kakanj,_T,secondary_specialization,313
2013,NUMBER,kalesija,_T,secondary_specialization,115
2013,NUMBER,kiseljak,_T,secondary_specialization,80
2013,NUMBER,kladanj,_T,secondary_specialization,24
2013,NUMBER,kljuc,_T,secondary_specialization,74
2013,NUMBER,konjic,_T,secondary_specialization,144
2013,NUMBER,kresevo,_T,secondary_specialization,22
2013,NUMBER,kupres-fbih,_T,secondary_specialization,11
2013,NUMBER,livno,_T,secondary_specialization,164
2013,NUMBER,lukavac,_T,secondary_specialization,517
2013,NUMBER,ljubuski,_T,secondary_specialization,138
2013,NUMBER,maglaj,_T,secondary_specialization,208
2013,NUMBER,mostar,_T,secondary_specialization,698
2013,NUMBER,neum,_T,secondary_specialization,53
2013,NUMBER,novi_grad_sarajevo,_T,secondary_specialization,665
2013,NUMBER,novi_travnik,_T,secondary_specialization,335
2013,NUMBER,novo_sarajevo,_T,secondary_specialization,446
2013,NUMBER,odzak,_T,secondary_specialization,94
2013,NUMBER,olovo,_T,secondary_specialization,32
2013,NUMBER,orasje,_T,secondary_specialization,76
2013,NUMBER,pale-fbih,_T,secondary_specialization,4
2013,NUMBER,posusje,_T,secondary_specialization,103
2013,NUMBER,prozor,_T,secondary_specialization,25
2013,NUMBER,ravno,_T,secondary_specialization,6
2013,NUMBER,sanski_most,_T,secondary_specialization,207
2013,NUMBER,sapna,_T,secondary_specialization,11
2013,NUMBER,srebrenik,_T,secondary_specialization,145
2013,NUMBER,stari_grad_sarajevo,_T,secondary_specialization,238
2013,NUMBER,stolac,_T,secondary_specialization,74
2013,NUMBER,siroki_brijeg,_T,secondary_specialization,71
2013,NUMBER,teocak,_T,secondary_specialization,20
2013,NUMBER,tesanj,_T,secondary_specialization,271
2013,NUMBER,tomislavgrad,_T,secondary_specialization,74
2013,NUMBER,travnik,_T,secondary_specialization,248
2013,NUMBER,trnovo-fbih,_T,secondary_specialization,13
2013,NUMBER,tuzla,_T,secondary_specialization,1125
2013,NUMBER,usora,_T,secondary_specialization,42
2013,NUMBER,vares,_T,secondary_specialization,88
2013,NUMBER,velika_kladusa,_T,secondary_specialization,71
2013,NUMBER,visoko,_T,secondary_specialization,226
2013,NUMBER,vitez,_T,secondary_specialization,208
2013,NUMBER,vogosca,_T,secondary_specialization,180
2013,NUMBER,zavidovici,_T,secondary_specialization,152
2013,NUMBER,zenica,_T,secondary_specialization,1966
2013,NUMBER,zepce,_T,secondary_specialization,161
2013,NUMBER,zivinice,_T,secondary_specialization,220
2013,NUMBER,banovici,M,secondary_specialization,142
2013,NUMBER,bihac,M,secondary_specialization,181
2013,NUMBER,bosanska_krupa,M,secondary_specialization,45
2013,NUMBER,bosanski_petrovac,M,secondary_specialization,13
2013,NUMBER,bosansko_grahovo,M,secondary_specialization,3
2013,NUMBER,breza,M,secondary_specialization,101
2013,NUMBER,bugojno,M,secondary_specialization,85
2013,NUMBER,busovaca,M,secondary_specialization,94
2013,NUMBER,buzim,M,secondary_specialization,18
2013,NUMBER,cazin,M,secondary_specialization,99
2013,NUMBER,centar_sarajevo,M,secondary_specialization,220
2013,NUMBER,capljina,M,secondary_specialization,96
2013,NUMBER,celic,M,secondary_specialization,14
2013,NUMBER,citluk,M,secondary_specialization,61
2013,NUMBER,doboj-istok,M,secondary_specialization,20
2013,NUMBER,doboj-jug,M,secondary_specialization,21
2013,NUMBER,dobretici,M,secondary_specialization,1
2013,NUMBER,domaljevac-samac,M,secondary_specialization,19
2013,NUMBER,donji_vakuf,M,secondary_specialization,19
2013,NUMBER,drvar,M,secondary_specialization,27
2013,NUMBER,foca-fbih,M,secondary_specialization,8
2013,NUMBER,fojnica,M,secondary_specialization,36
2013,NUMBER,glamoc,M,secondary_specialization,10
2013,NUMBER,gorazde,M,secondary_specialization,163
2013,NUMBER,gornji_vakuf-uskoplje,M,secondary_specialization,25
2013,NUMBER,gracanica,M,secondary_specialization,175
2013,NUMBER,gradacac,M,secondary_specialization,105
2013,NUMBER,grude,M,secondary_specialization,50
2013,NUMBER,hadzici,M,secondary_specialization,74
2013,NUMBER,ilidza,M,secondary_specialization,311
2013,NUMBER,ilijas,M,secondary_specialization,82
2013,NUMBER,jablanica,M,secondary_specialization,127
2013,NUMBER,jajce,M,secondary_specialization,86
2013,NUMBER,kakanj,M,secondary_specialization,295
2013,NUMBER,kalesija,M,secondary_specialization,94
2013,NUMBER,kiseljak,M,secondary_specialization,71
2013,NUMBER,kladanj,M,secondary_specialization,16
2013,NUMBER,kljuc,M,secondary_specialization,51
2013,NUMBER,konjic,M,secondary_specialization,130
2013,NUMBER,kresevo,M,secondary_specialization,19
2013,NUMBER,kupres-fbih,M,secondary_specialization,8
2013,NUMBER,livno,M,secondary_specialization,104
2013,NUMBER,lukavac,M,secondary_specialization,478
2013,NUMBER,ljubuski,M,secondary_specialization,83
2013,NUMBER,maglaj,M,secondary_specialization,173
2013,NUMBER,mostar,M,secondary_specialization,555
2013,NUMBER,neum,M,secondary_specialization,45
2013,NUMBER,novi_grad_sarajevo,M,secondary_specialization,539
2013,NUMBER,novi_travnik,M,secondary_specialization,301
2013,NUMBER,novo_sarajevo,M,secondary_specialization,346
2013,NUMBER,odzak,M,secondary_specialization,70
2013,NUMBER,olovo,M,secondary_specialization,27
2013,NUMBER,orasje,M,secondary_specialization,57
2013,NUMBER,pale-fbih,M,secondary_specialization,4
2013,NUMBER,posusje,M,secondary_specialization,69
2013,NUMBER,prozor,M,secondary_specialization,17
2013,NUMBER,ravno,M,secondary_specialization,4
2013,NUMBER,sanski_most,M,secondary_specialization,128
2013,NUMBER,sapna,M,secondary_specialization,8
2013,NUMBER,srebrenik,M,secondary_specialization,124
2013,NUMBER,stari_grad_sarajevo,M,secondary_specialization,197
2013,NUMBER,stolac,M,secondary_specialization,63
2013,NUMBER,siroki_brijeg,M,secondary_specialization,55
2013,NUMBER,teocak,M,secondary_specialization,16
2013,NUMBER,tesanj,M,secondary_specialization,236
2013,NUMBER,tomislavgrad,M,secondary_specialization,46
2013,NUMBER,travnik,M,secondary_specialization,211
2013,NUMBER,trnovo-fbih,M,secondary_specialization,11
2013,NUMBER,tuzla,M,secondary_specialization,933
2013,NUMBER,usora,M,secondary_specialization,32
2013,NUMBER,vares,M,secondary_specialization,82
2013,NUMBER,velika_kladusa,M,secondary_specialization,48
2013,NUMBER,visoko,M,secondary_specialization,200
2013,NUMBER,vitez,M,secondary_specialization,184
2013,NUMBER,vogosca,M,secondary_specialization,158
2013,NUMBER,zavidovici,M,secondary_specialization,119
2013,NUMBER,zenica,M,secondary_specialization,1728
2013,NUMBER,zepce,M,secondary_specialization,139
2013,NUMBER,zivinice,M,secondary_specialization,200
2013,NUMBER,banovici,F,secondary_specialization,8
2013,NUMBER,bihac,F,secondary_specialization,35
2013,NUMBER,bosanska_krupa,F,secondary_specialization,19
2013,NUMBER,bosanski_petrovac,F,secondary_specialization,3
2013,NUMBER,bosansko_grahovo,F,secondary_specialization,0
2013,NUMBER,breza,F,secondary_specialization,10
2013,NUMBER,bugojno,F,secondary_specialization,29
2013,NUMBER,busovaca,F,secondary_specialization,10
2013,NUMBER,buzim,F,secondary_specialization,21
2013,NUMBER,cazin,F,secondary_specialization,41
2013,NUMBER,centar_sarajevo,F,secondary_specialization,62
2013,NUMBER,capljina,F,secondary_specialization,34
2013,NUMBER,celic,F,secondary_specialization,2
2013,NUMBER,citluk,F,secondary_specialization,23
2013,NUMBER,doboj-istok,F,secondary_specialization,4
2013,NUMBER,doboj-jug,F,secondary_specialization,2
2013,NUMBER,dobretici,F,secondary_specialization,0
2013,NUMBER,domaljevac-samac,F,secondary_specialization,11
2013,NUMBER,donji_vakuf,F,secondary_specialization,5
2013,NUMBER,drvar,F,secondary_specialization,5
2013,NUMBER,foca-fbih,F,secondary_specialization,3
2013,NUMBER,fojnica,F,secondary_specialization,6
2013,NUMBER,glamoc,F,secondary_specialization,3
2013,NUMBER,gorazde,F,secondary_specialization,27
2013,NUMBER,gornji_vakuf-uskoplje,F,secondary_specialization,5
2013,NUMBER,gracanica,F,secondary_specialization,14
2013,NUMBER,gradacac,F,secondary_specialization,31
2013,NUMBER,grude,F,secondary_specialization,25
2013,NUMBER,hadzici,F,secondary_specialization,15
2013,NUMBER,ilidza,F,secondary_specialization,64
2013,NUMBER,ilijas,F,secondary_specialization,15
2013,NUMBER,jablanica,F,secondary_specialization,6
2013,NUMBER,jajce,F,secondary_specialization,27
2013,NUMBER,kakanj,F,secondary_specialization,18
2013,NUMBER,kalesija,F,secondary_specialization,21
2013,NUMBER,kiseljak,F,secondary_specialization,9
2013,NUMBER,kladanj,F,secondary_specialization,8
2013,NUMBER,kljuc,F,secondary_specialization,23
2013,NUMBER,konjic,F,secondary_specialization,14
2013,NUMBER,kresevo,F,secondary_specialization,3
2013,NUMBER,kupres-fbih,F,secondary_specialization,3
2013,NUMBER,livno,F,secondary_specialization,60
2013,NUMBER,lukavac,F,secondary_specialization,39
2013,NUMBER,ljubuski,F,secondary_specialization,55
2013,NUMBER,maglaj,F,secondary_specialization,35
2013,NUMBER,mostar,F,secondary_specialization,143
2013,NUMBER,neum,F,secondary_specialization,8
2013,NUMBER,novi_grad_sarajevo,F,secondary_specialization,126
2013,NUMBER,novi_travnik,F,secondary_specialization,34
2013,NUMBER,novo_sarajevo,F,secondary_specialization,100
2013,NUMBER,odzak,F,secondary_specialization,24
2013,NUMBER,olovo,F,secondary_specialization,5
2013,NUMBER,orasje,F,secondary_specialization,19
2013,NUMBER,pale-fbih,F,secondary_specialization,0
2013,NUMBER,posusje,F,secondary_specialization,34
2013,NUMBER,prozor,F,secondary_specialization,8
2013,NUMBER,ravno,F,secondary_specialization,2
2013,NUMBER,sanski_most,F,secondary_specialization,79
2013,NUMBER,sapna,F,secondary_specialization,3
2013,NUMBER,srebrenik,F,secondary_specialization,21
2013,NUMBER,stari_grad_sarajevo,F,secondary_specialization,41
2013,NUMBER,stolac,F,secondary_specialization,11
2013,NUMBER,siroki_brijeg,F,secondary_specialization,16
2013,NUMBER,teocak,F,secondary_specialization,4
2013,NUMBER,tesanj,F,secondary_specialization,35
2013,NUMBER,tomislavgrad,F,secondary_specialization,28
2013,NUMBER,travnik,F,secondary_specialization,37
2013,NUMBER,trnovo-fbih,F,secondary_specialization,2
2013,NUMBER,tuzla,F,secondary_specialization,192
2013,NUMBER,usora,F,secondary_specialization,10
2013,NUMBER,vares,F,secondary_specialization,6
2013,NUMBER,velika_kladusa,F,secondary_specialization,23
2013,NUMBER,visoko,F,secondary_specialization,26
2013,NUMBER,vitez,F,secondary_specialization,24
2013,NUMBER,vogosca,F,secondary_specialization,22
2013,NUMBER,zavidovici,F,secondary_specialization,33
2013,NUMBER,zenica,F,secondary_specialization,238
2013,NUMBER,zepce,F,secondary_specialization,22
2013,NUMBER,zivinice,F,secondary_specialization,20
2013,NUMBER,banovici,_T,first_degree,185
2013,NUMBER,bihac,_T,first_degree,2465
2013,NUMBER,bosanska_krupa,_T,first_degree,587
2013,NUMBER,bosanski_petrovac,_T,first_degree,194
2013,NUMBER,bosansko_grahovo,_T,first_degree,113
2013,NUMBER,breza,_T,first_degree,232
2013,NUMBER,bugojno,_T,first_degree,763
2013,NUMBER,busovaca,_T,first_degree,280
2013,NUMBER,buzim,_T,first_degree,315
2013,NUMBER,cazin,_T,first_degree,1168
2013,NUMBER,centar_sarajevo,_T,first_degree,2724
2013,NUMBER,capljina,_T,first_degree,852
2013,NUMBER,celic,_T,first_degree,72
2013,NUMBER,citluk,_T,first_degree,491
2013,NUMBER,doboj-istok,_T,first_degree,102
2013,NUMBER,doboj-jug,_T,first_degree,47
2013,NUMBER,dobretici,_T,first_degree,12
2013,NUMBER,domaljevac-samac,_T,first_degree,112
2013,NUMBER,donji_vakuf,_T,first_degree,257
2013,NUMBER,drvar,_T,first_degree,280
2013,NUMBER,foca-fbih,_T,first_degree,43
2013,NUMBER,fojnica,_T,first_degree,235
2013,NUMBER,glamoc,_T,first_degree,94
2013,NUMBER,gorazde,_T,first_degree,468
2013,NUMBER,gornji_vakuf-uskoplje,_T,first_degree,480
2013,NUMBER,gracanica,_T,first_degree,676
2013,NUMBER,gradacac,_T,first_degree,512
2013,NUMBER,grude,_T,first_degree,741
2013,NUMBER,hadzici,_T,first_degree,406
2013,NUMBER,ilidza,_T,first_degree,1896
2013,NUMBER,ilijas,_T,first_degree,282
2013,NUMBER,jablanica,_T,first_degree,236
2013,NUMBER,jajce,_T,first_degree,522
2013,NUMBER,kakanj,_T,first_degree,602
2013,NUMBER,kalesija,_T,first_degree,271
2013,NUMBER,kiseljak,_T,first_degree,349
2013,NUMBER,kladanj,_T,first_degree,174
2013,NUMBER,kljuc,_T,first_degree,344
2013,NUMBER,konjic,_T,first_degree,663
2013,NUMBER,kresevo,_T,first_degree,119
2013,NUMBER,kupres-fbih,_T,first_degree,220
2013,NUMBER,livno,_T,first_degree,1457
2013,NUMBER,lukavac,_T,first_degree,690
2013,NUMBER,ljubuski,_T,first_degree,891
2013,NUMBER,maglaj,_T,first_degree,417
2013,NUMBER,mostar,_T,first_degree,4422
2013,NUMBER,neum,_T,first_degree,157
2013,NUMBER,novi_grad_sarajevo,_T,first_degree,4084
2013,NUMBER,novi_travnik,_T,first_degree,520
2013,NUMBER,novo_sarajevo,_T,first_degree,3299
2013,NUMBER,odzak,_T,first_degree,364
2013,NUMBER,olovo,_T,first_degree,184
2013,NUMBER,orasje,_T,first_degree,525
2013,NUMBER,pale-fbih,_T,first_degree,7
2013,NUMBER,posusje,_T,first_degree,790
2013,NUMBER,prozor,_T,first_degree,301
2013,NUMBER,ravno,_T,first_degree,180
2013,NUMBER,sanski_most,_T,first_degree,890
2013,NUMBER,sapna,_T,first_degree,56
2013,NUMBER,srebrenik,_T,first_degree,395
2013,NUMBER,stari_grad_sarajevo,_T,first_degree,1353
2013,NUMBER,stolac,_T,first_degree,470
2013,NUMBER,siroki_brijeg,_T,first_degree,1005
2013,NUMBER,teocak,_T,first_degree,41
2013,NUMBER,tesanj,_T,first_degree,677
2013,NUMBER,tomislavgrad,_T,first_degree,988
2013,NUMBER,travnik,_T,first_degree,1068
2013,NUMBER,trnovo-fbih,_T,first_degree,28
2013,NUMBER,tuzla,_T,first_degree,3591
2013,NUMBER,usora,_T,first_degree,121
2013,NUMBER,vares,_T,first_degree,161
2013,NUMBER,velika_kladusa,_T,first_degree,532
2013,NUMBER,visoko,_T,first_degree,755
2013,NUMBER,vitez,_T,first_degree,614
2013,NUMBER,vogosca,_T,first_degree,644
2013,NUMBER,zavidovici,_T,first_degree,530
2013,NUMBER,zenica,_T,first_degree,2791
2013,NUMBER,zepce,_T,first_degree,533
2013,NUMBER,zivinice,_T,first_degree,605
2013,NUMBER,banovici,M,first_degree,106
2013,NUMBER,bihac,M,first_degree,1217
2013,NUMBER,bosanska_krupa,M,first_degree,297
2013,NUMBER,bosanski_petrovac,M,first_degree,96
2013,NUMBER,bosansko_grahovo,M,first_degree,75
2013,NUMBER,breza,M,first_degree,121
2013,NUMBER,bugojno,M,first_degree,409
2013,NUMBER,busovaca,M,first_degree,165
2013,NUMBER,buzim,M,first_degree,173
2013,NUMBER,cazin,M,first_degree,607
2013,NUMBER,centar_sarajevo,M,first_degree,1284
2013,NUMBER,capljina,M,first_degree,409
2013,NUMBER,celic,M,first_degree,51
2013,NUMBER,citluk,M,first_degree,231
2013,NUMBER,doboj-istok,M,first_degree,70
2013,NUMBER,doboj-jug,M,first_degree,26
2013,NUMBER,dobretici,M,first_degree,5
2013,NUMBER,domaljevac-samac,M,first_degree,64
2013,NUMBER,donji_vakuf,M,first_degree,116
2013,NUMBER,drvar,M,first_degree,162
2013,NUMBER,foca-fbih,M,first_degree,30
2013,NUMBER,fojnica,M,first_degree,154
2013,NUMBER,glamoc,M,first_degree,58
2013,NUMBER,gorazde,M,first_degree,318
2013,NUMBER,gornji_vakuf-uskoplje,M,first_degree,264
2013,NUMBER,gracanica,M,first_degree,409
2013,NUMBER,gradacac,M,first_degree,290
2013,NUMBER,grude,M,first_degree,366
2013,NUMBER,hadzici,M,first_degree,267
2013,NUMBER,ilidza,M,first_degree,1085
2013,NUMBER,ilijas,M,first_degree,169
2013,NUMBER,jablanica,M,first_degree,142
2013,NUMBER,jajce,M,first_degree,241
2013,NUMBER,kakanj,M,first_degree,335
2013,NUMBER,kalesija,M,first_degree,170
2013,NUMBER,kiseljak,M,first_degree,206
2013,NUMBER,kladanj,M,first_degree,108
2013,NUMBER,kljuc,M,first_degree,175
2013,NUMBER,konjic,M,first_degree,397
2013,NUMBER,kresevo,M,first_degree,69
2013,NUMBER,kupres-fbih,M,first_degree,120
2013,NUMBER,livno,M,first_degree,792
2013,NUMBER,lukavac,M,first_degree,441
2013,NUMBER,ljubuski,M,first_degree,416
2013,NUMBER,maglaj,M,first_degree,233
2013,NUMBER,mostar,M,first_degree,2202
2013,NUMBER,neum,M,first_degree,89
2013,NUMBER,novi_grad_sarajevo,M,first_degree,2238
2013,NUMBER,novi_travnik,M,first_degree,300
2013,NUMBER,novo_sarajevo,M,first_degree,1675
2013,NUMBER,odzak,M,first_degree,214
2013,NUMBER,olovo,M,first_degree,119
2013,NUMBER,orasje,M,first_degree,294
2013,NUMBER,pale-fbih,M,first_degree,4
2013,NUMBER,posusje,M,first_degree,351
2013,NUMBER,prozor,M,first_degree,148
2013,NUMBER,ravno,M,first_degree,98
2013,NUMBER,sanski_most,M,first_degree,438
2013,NUMBER,sapna,M,first_degree,33
2013,NUMBER,srebrenik,M,first_degree,257
2013,NUMBER,stari_grad_sarajevo,M,first_degree,736
2013,NUMBER,stolac,M,first_degree,259
2013,NUMBER,siroki_brijeg,M,first_degree,496
2013,NUMBER,teocak,M,first_degree,19
2013,NUMBER,tesanj,M,first_degree,390
2013,NUMBER,tomislavgrad,M,first_degree,495
2013,NUMBER,travnik,M,first_degree,621
2013,NUMBER,trnovo-fbih,M,first_degree,23
2013,NUMBER,tuzla,M,first_degree,1961
2013,NUMBER,usora,M,first_degree,70
2013,NUMBER,vares,M,first_degree,89
2013,NUMBER,velika_kladusa,M,first_degree,291
2013,NUMBER,visoko,M,first_degree,398
2013,NUMBER,vitez,M,first_degree,369
2013,NUMBER,vogosca,M,first_degree,398
2013,NUMBER,zavidovici,M,first_degree,294
2013,NUMBER,zenica,M,first_degree,1544
2013,NUMBER,zepce,M,first_degree,290
2013,NUMBER,zivinice,M,first_degree,378
2013,NUMBER,banovici,F,first_degree,79
2013,NUMBER,bihac,F,first_degree,1248
2013,NUMBER,bosanska_krupa,F,first_degree,290
2013,NUMBER,bosanski_petrovac,F,first_degree,98
2013,NUMBER,bosansko_grahovo,F,first_degree,38
2013,NUMBER,breza,F,first_degree,111
2013,NUMBER,bugojno,F,first_degree,354
2013,NUMBER,busovaca,F,first_degree,115
2013,NUMBER,buzim,F,first_degree,142
2013,NUMBER,cazin,F,first_degree,561
2013,NUMBER,centar_sarajevo,F,first_degree,1440
2013,NUMBER,capljina,F,first_degree,443
2013,NUMBER,celic,F,first_degree,21
2013,NUMBER,citluk,F,first_degree,260
2013,NUMBER,doboj-istok,F,first_degree,32
2013,NUMBER,doboj-jug,F,first_degree,21
2013,NUMBER,dobretici,F,first_degree,7
2013,NUMBER,domaljevac-samac,F,first_degree,48
2013,NUMBER,donji_vakuf,F,first_degree,141
2013,NUMBER,drvar,F,first_degree,118
2013,NUMBER,foca-fbih,F,first_degree,13
2013,NUMBER,fojnica,F,first_degree,81
2013,NUMBER,glamoc,F,first_degree,36
2013,NUMBER,gorazde,F,first_degree,150
2013,NUMBER,gornji_vakuf-uskoplje,F,first_degree,216
2013,NUMBER,gracanica,F,first_degree,267
2013,NUMBER,gradacac,F,first_degree,222
2013,NUMBER,grude,F,first_degree,375
2013,NUMBER,hadzici,F,first_degree,139
2013,NUMBER,ilidza,F,first_degree,811
2013,NUMBER,ilijas,F,first_degree,113
2013,NUMBER,jablanica,F,first_degree,94
2013,NUMBER,jajce,F,first_degree,281
2013,NUMBER,kakanj,F,first_degree,267
2013,NUMBER,kalesija,F,first_degree,101
2013,NUMBER,kiseljak,F,first_degree,143
2013,NUMBER,kladanj,F,first_degree,66
2013,NUMBER,kljuc,F,first_degree,169
2013,NUMBER,konjic,F,first_degree,266
2013,NUMBER,kresevo,F,first_degree,50
2013,NUMBER,kupres-fbih,F,first_degree,100
2013,NUMBER,livno,F,first_degree,665
2013,NUMBER,lukavac,F,first_degree,249
2013,NUMBER,ljubuski,F,first_degree,475
2013,NUMBER,maglaj,F,first_degree,184
2013,NUMBER,mostar,F,first_degree,2220
2013,NUMBER,neum,F,first_degree,68
2013,NUMBER,novi_grad_sarajevo,F,first_degree,1846
2013,NUMBER,novi_travnik,F,first_degree,220
2013,NUMBER,novo_sarajevo,F,first_degree,1624
2013,NUMBER,odzak,F,first_degree,150
2013,NUMBER,olovo,F,first_degree,65
2013,NUMBER,orasje,F,first_degree,231
2013,NUMBER,pale-fbih,F,first_degree,3
2013,NUMBER,posusje,F,first_degree,439
2013,NUMBER,prozor,F,first_degree,153
2013,NUMBER,ravno,F,first_degree,82
2013,NUMBER,sanski_most,F,first_degree,452
2013,NUMBER,sapna,F,first_degree,23
2013,NUMBER,srebrenik,F,first_degree,138
2013,NUMBER,stari_grad_sarajevo,F,first_degree,617
2013,NUMBER,stolac,F,first_degree,211
2013,NUMBER,siroki_brijeg,F,first_degree,509
2013,NUMBER,teocak,F,first_degree,22
2013,NUMBER,tesanj,F,first_degree,287
2013,NUMBER,tomislavgrad,F,first_degree,493
2013,NUMBER,travnik,F,first_degree,447
2013,NUMBER,trnovo-fbih,F,first_degree,5
2013,NUMBER,tuzla,F,first_degree,1630
2013,NUMBER,usora,F,first_degree,51
2013,NUMBER,vares,F,first_degree,72
2013,NUMBER,velika_kladusa,F,first_degree,241
2013,NUMBER,visoko,F,first_degree,357
2013,NUMBER,vitez,F,first_degree,245
2013,NUMBER,vogosca,F,first_degree,246
2013,NUMBER,zavidovici,F,first_degree,236
2013,NUMBER,zenica,F,first_degree,1247
2013,NUMBER,zepce,F,first_degree,243
2013,NUMBER,zivinice,F,first_degree,227
2013,NUMBER,banovici,_T,university_degree,1276
2013,NUMBER,bihac,_T,university_degree,5359
2013,NUMBER,bosanska_krupa,_T,university_degree,1193
2013,NUMBER,bosanski_petrovac,_T,university_degree,352
2013,NUMBER,bosansko_grahovo,_T,university_degree,143
2013,NUMBER,breza,_T,university_degree,959
2013,NUMBER,bugojno,_T,university_degree,1816
2013,NUMBER,busovaca,_T,university_degree,798
2013,NUMBER,buzim,_T,university_degree,607
2013,NUMBER,cazin,_T,university_degree,2404
2013,NUMBER,centar_sarajevo,_T,university_degree,15300
2013,NUMBER,capljina,_T,university_degree,2237
2013,NUMBER,celic,_T,university_degree,285
2013,NUMBER,citluk,_T,university_degree,1820
2013,NUMBER,doboj-istok,_T,university_degree,442
2013,NUMBER,doboj-jug,_T,university_degree,171
2013,NUMBER,dobretici,_T,university_degree,50
2013,NUMBER,domaljevac-samac,_T,university_degree,289
2013,NUMBER,donji_vakuf,_T,university_degree,522
2013,NUMBER,drvar,_T,university_degree,363
2013,NUMBER,foca-fbih,_T,university_degree,77
2013,NUMBER,fojnica,_T,university_degree,885
2013,NUMBER,glamoc,_T,university_degree,210
2013,NUMBER,gorazde,_T,university_degree,1727
2013,NUMBER,gornji_vakuf-uskoplje,_T,university_degree,1050
2013,NUMBER,gracanica,_T,university_degree,2110
2013,NUMBER,gradacac,_T,university_degree,1556
2013,NUMBER,grude,_T,university_degree,1738
2013,NUMBER,hadzici,_T,university_degree,1307
2013,NUMBER,ilidza,_T,university_degree,7309
2013,NUMBER,ilijas,_T,university_degree,1041
2013,NUMBER,jablanica,_T,university_degree,669
2013,NUMBER,jajce,_T,university_degree,1249
2013,NUMBER,kakanj,_T,university_degree,1861
2013,NUMBER,kalesija,_T,university_degree,1178
2013,NUMBER,kiseljak,_T,university_degree,1140
2013,NUMBER,kladanj,_T,university_degree,615
2013,NUMBER,kljuc,_T,university_degree,695
2013,NUMBER,konjic,_T,university_degree,1710
2013,NUMBER,kresevo,_T,university_degree,309
2013,NUMBER,kupres-fbih,_T,university_degree,625
2013,NUMBER,livno,_T,university_degree,3460
2013,NUMBER,lukavac,_T,university_degree,2326
2013,NUMBER,ljubuski,_T,university_degree,2948
2013,NUMBER,maglaj,_T,university_degree,1097
2013,NUMBER,mostar,_T,university_degree,14199
2013,NUMBER,neum,_T,university_degree,532
2013,NUMBER,novi_grad_sarajevo,_T,university_degree,16824
2013,NUMBER,novi_travnik,_T,university_degree,1330
2013,NUMBER,novo_sarajevo,_T,university_degree,16145
2013,NUMBER,odzak,_T,university_degree,887
2013,NUMBER,olovo,_T,university_degree,506
2013,NUMBER,orasje,_T,university_degree,1320
2013,NUMBER,pale-fbih,_T,university_degree,24
2013,NUMBER,posusje,_T,university_degree,1756
2013,NUMBER,prozor,_T,university_degree,911
2013,NUMBER,ravno,_T,university_degree,305
2013,NUMBER,sanski_most,_T,university_degree,1815
2013,NUMBER,sapna,_T,university_degree,285
2013,NUMBER,srebrenik,_T,university_degree,1654
2013,NUMBER,stari_grad_sarajevo,_T,university_degree,6106
2013,NUMBER,stolac,_T,university_degree,1261
2013,NUMBER,siroki_brijeg,_T,university_degree,3002
2013,NUMBER,teocak,_T,university_degree,207
2013,NUMBER,tesanj,_T,university_degree,1787
2013,NUMBER,tomislavgrad,_T,university_degree,2854
2013,NUMBER,travnik,_T,university_degree,2975
2013,NUMBER,trnovo-fbih,_T,university_degree,72
2013,NUMBER,tuzla,_T,university_degree,13355
2013,NUMBER,usora,_T,university_degree,301
2013,NUMBER,vares,_T,university_degree,491
2013,NUMBER,velika_kladusa,_T,university_degree,1221
2013,NUMBER,visoko,_T,university_degree,2567
2013,NUMBER,vitez,_T,university_degree,1472
2013,NUMBER,vogosca,_T,university_degree,2810
2013,NUMBER,zavidovici,_T,university_degree,1535
2013,NUMBER,zenica,_T,university_degree,8195
2013,NUMBER,zepce,_T,university_degree,1373
2013,NUMBER,zivinice,_T,university_degree,2755
2013,NUMBER,banovici,M,university_degree,733
2013,NUMBER,bihac,M,university_degree,2479
2013,NUMBER,bosanska_krupa,M,university_degree,553
2013,NUMBER,bosanski_petrovac,M,university_degree,185
2013,NUMBER,bosansko_grahovo,M,university_degree,92
2013,NUMBER,breza,M,university_degree,477
2013,NUMBER,bugojno,M,university_degree,992
2013,NUMBER,busovaca,M,university_degree,407
2013,NUMBER,buzim,M,university_degree,295
2013,NUMBER,cazin,M,university_degree,1145
2013,NUMBER,centar_sarajevo,M,university_degree,7006
2013,NUMBER,capljina,M,university_degree,1090
2013,NUMBER,celic,M,university_degree,159
2013,NUMBER,citluk,M,university_degree,793
2013,NUMBER,doboj-istok,M,university_degree,232
2013,NUMBER,doboj-jug,M,university_degree,91
2013,NUMBER,dobretici,M,university_degree,29
2013,NUMBER,domaljevac-samac,M,university_degree,131
2013,NUMBER,donji_vakuf,M,university_degree,285
2013,NUMBER,drvar,M,university_degree,193
2013,NUMBER,foca-fbih,M,university_degree,46
2013,NUMBER,fojnica,M,university_degree,488
2013,NUMBER,glamoc,M,university_degree,109
2013,NUMBER,gorazde,M,university_degree,933
2013,NUMBER,gornji_vakuf-uskoplje,M,university_degree,559
2013,NUMBER,gracanica,M,university_degree,1064
2013,NUMBER,gradacac,M,university_degree,767
2013,NUMBER,grude,M,university_degree,858
2013,NUMBER,hadzici,M,university_degree,639
2013,NUMBER,ilidza,M,university_degree,3455
2013,NUMBER,ilijas,M,university_degree,498
2013,NUMBER,jablanica,M,university_degree,322
2013,NUMBER,jajce,M,university_degree,681
2013,NUMBER,kakanj,M,university_degree,1009
2013,NUMBER,kalesija,M,university_degree,657
2013,NUMBER,kiseljak,M,university_degree,518
2013,NUMBER,kladanj,M,university_degree,340
2013,NUMBER,kljuc,M,university_degree,345
2013,NUMBER,konjic,M,university_degree,879
2013,NUMBER,kresevo,M,university_degree,147
2013,NUMBER,kupres-fbih,M,university_degree,334
2013,NUMBER,livno,M,university_degree,1719
2013,NUMBER,lukavac,M,university_degree,1150
2013,NUMBER,ljubuski,M,university_degree,1440
2013,NUMBER,maglaj,M,university_degree,550
2013,NUMBER,mostar,M,university_degree,6346
2013,NUMBER,neum,M,university_degree,287
2013,NUMBER,novi_grad_sarajevo,M,university_degree,7465
2013,NUMBER,novi_travnik,M,university_degree,660
2013,NUMBER,novo_sarajevo,M,university_degree,7132
2013,NUMBER,odzak,M,university_degree,472
2013,NUMBER,olovo,M,university_degree,301
2013,NUMBER,orasje,M,university_degree,696
2013,NUMBER,pale-fbih,M,university_degree,12
2013,NUMBER,posusje,M,university_degree,822
2013,NUMBER,prozor,M,university_degree,482
2013,NUMBER,ravno,M,university_degree,173
2013,NUMBER,sanski_most,M,university_degree,862
2013,NUMBER,sapna,M,university_degree,175
2013,NUMBER,srebrenik,M,university_degree,881
2013,NUMBER,stari_grad_sarajevo,M,university_degree,2639
2013,NUMBER,stolac,M,university_degree,609
2013,NUMBER,siroki_brijeg,M,university_degree,1446
2013,NUMBER,teocak,M,university_degree,118
2013,NUMBER,tesanj,M,university_degree,931
2013,NUMBER,tomislavgrad,M,university_degree,1466
2013,NUMBER,travnik,M,university_degree,1519
2013,NUMBER,trnovo-fbih,M,university_degree,35
2013,NUMBER,tuzla,M,university_degree,6260
2013,NUMBER,usora,M,university_degree,145
2013,NUMBER,vares,M,university_degree,268
2013,NUMBER,velika_kladusa,M,university_degree,611
2013,NUMBER,visoko,M,university_degree,1155
2013,NUMBER,vitez,M,university_degree,695
2013,NUMBER,vogosca,M,university_degree,1309
2013,NUMBER,zavidovici,M,university_degree,826
2013,NUMBER,zenica,M,university_degree,4010
2013,NUMBER,zepce,M,university_degree,702
2013,NUMBER,zivinice,M,university_degree,1477
2013,NUMBER,banovici,F,university_degree,543
2013,NUMBER,bihac,F,university_degree,2880
2013,NUMBER,bosanska_krupa,F,university_degree,640
2013,NUMBER,bosanski_petrovac,F,university_degree,167
2013,NUMBER,bosansko_grahovo,F,university_degree,51
2013,NUMBER,breza,F,university_degree,482
2013,NUMBER,bugojno,F,university_degree,824
2013,NUMBER,busovaca,F,university_degree,391
2013,NUMBER,buzim,F,university_degree,312
2013,NUMBER,cazin,F,university_degree,1259
2013,NUMBER,centar_sarajevo,F,university_degree,8294
2013,NUMBER,capljina,F,university_degree,1147
2013,NUMBER,celic,F,university_degree,126
2013,NUMBER,citluk,F,university_degree,1027
2013,NUMBER,doboj-istok,F,university_degree,210
2013,NUMBER,doboj-jug,F,university_degree,80
2013,NUMBER,dobretici,F,university_degree,21
2013,NUMBER,domaljevac-samac,F,university_degree,158
2013,NUMBER,donji_vakuf,F,university_degree,237
2013,NUMBER,drvar,F,university_degree,170
2013,NUMBER,foca-fbih,F,university_degree,31
2013,NUMBER,fojnica,F,university_degree,397
2013,NUMBER,glamoc,F,university_degree,101
2013,NUMBER,gorazde,F,university_degree,794
2013,NUMBER,gornji_vakuf-uskoplje,F,university_degree,491
2013,NUMBER,gracanica,F,university_degree,1046
2013,NUMBER,gradacac,F,university_degree,789
2013,NUMBER,grude,F,university_degree,880
2013,NUMBER,hadzici,F,university_degree,668
2013,NUMBER,ilidza,F,university_degree,3854
2013,NUMBER,ilijas,F,university_degree,543
2013,NUMBER,jablanica,F,university_degree,347
2013,NUMBER,jajce,F,university_degree,568
2013,NUMBER,kakanj,F,university_degree,852
2013,NUMBER,kalesija,F,university_degree,521
2013,NUMBER,kiseljak,F,university_degree,622
2013,NUMBER,kladanj,F,university_degree,275
2013,NUMBER,kljuc,F,university_degree,350
2013,NUMBER,konjic,F,university_degree,831
2013,NUMBER,kresevo,F,university_degree,162
2013,NUMBER,kupres-fbih,F,university_degree,291
2013,NUMBER,livno,F,university_degree,1741
2013,NUMBER,lukavac,F,university_degree,1176
2013,NUMBER,ljubuski,F,university_degree,1508
2013,NUMBER,maglaj,F,university_degree,547
2013,NUMBER,mostar,F,university_degree,7853
2013,NUMBER,neum,F,university_degree,245
2013,NUMBER,novi_grad_sarajevo,F,university_degree,9359
2013,NUMBER,novi_travnik,F,university_degree,670
2013,NUMBER,novo_sarajevo,F,university_degree,9013
2013,NUMBER,odzak,F,university_degree,415
2013,NUMBER,olovo,F,university_degree,205
2013,NUMBER,orasje,F,university_degree,624
2013,NUMBER,pale-fbih,F,university_degree,12
2013,NUMBER,posusje,F,university_degree,934
2013,NUMBER,prozor,F,university_degree,429
2013,NUMBER,ravno,F,university_degree,132
2013,NUMBER,sanski_most,F,university_degree,953
2013,NUMBER,sapna,F,university_degree,110
2013,NUMBER,srebrenik,F,university_degree,773
2013,NUMBER,stari_grad_sarajevo,F,university_degree,3467
2013,NUMBER,stolac,F,university_degree,652
2013,NUMBER,siroki_brijeg,F,university_degree,1556
2013,NUMBER,teocak,F,university_degree,89
2013,NUMBER,tesanj,F,university_degree,856
2013,NUMBER,tomislavgrad,F,university_degree,1388
2013,NUMBER,travnik,F,university_degree,1456
2013,NUMBER,trnovo-fbih,F,university_degree,37
2013,NUMBER,tuzla,F,university_degree,7095
2013,NUMBER,usora,F,university_degree,156
2013,NUMBER,vares,F,university_degree,223
2013,NUMBER,velika_kladusa,F,university_degree,610
2013,NUMBER,visoko,F,university_degree,1412
2013,NUMBER,vitez,F,university_degree,777
2013,NUMBER,vogosca,F,university_degree,1501
2013,NUMBER,zavidovici,F,university_degree,709
2013,NUMBER,zenica,F,university_degree,4185
2013,NUMBER,zepce,F,university_degree,671
2013,NUMBER,zivinice,F,university_degree,1278
