Year,UNIT_MEASURE,Municipality,SEX,Disabilities,Value
2013,NUMBER,banovici,_T,T,1839
2013,NUMBER,bihac,_T,T,4952
2013,NUMBER,bosanska_krupa,_T,T,2373
2013,NUMBER,bosanski_petrovac,_T,T,654
2013,NUMBER,bosansko_grahovo,_T,T,319
2013,NUMBER,breza,_T,T,1289
2013,NUMBER,bugojno,_T,T,2436
2013,NUMBER,busovaca,_T,T,1274
2013,NUMBER,buzim,_T,T,1064
2013,NUMBER,cazin,_T,T,4563
2013,NUMBER,centar_sarajevo,_T,T,4800
2013,NUMBER,capljina,_T,T,1736
2013,NUMBER,celic,_T,T,1132
2013,NUMBER,citluk,_T,T,1078
2013,NUMBER,doboj-istok,_T,T,1056
2013,NUMBER,doboj-jug,_T,T,321
2013,NUMBER,dobretici,_T,T,201
2013,NUMBER,domaljevac-samac,_T,T,452
2013,NUMBER,donji_vakuf,_T,T,1218
2013,NUMBER,drvar,_T,T,1017
2013,NUMBER,foca-fbih,_T,T,211
2013,NUMBER,fojnica,_T,T,1742
2013,NUMBER,glamoc,_T,T,479
2013,NUMBER,gorazde,_T,T,2279
2013,NUMBER,gornji_vakuf-uskoplje,_T,T,1439
2013,NUMBER,gracanica,_T,T,3618
2013,NUMBER,gradacac,_T,T,3077
2013,NUMBER,grude,_T,T,867
2013,NUMBER,hadzici,_T,T,2264
2013,NUMBER,ilidza,_T,T,5142
2013,NUMBER,ilijas,_T,T,1733
2013,NUMBER,jablanica,_T,T,735
2013,NUMBER,jajce,_T,T,2171
2013,NUMBER,kakanj,_T,T,2591
2013,NUMBER,kalesija,_T,T,3029
2013,NUMBER,kiseljak,_T,T,1602
2013,NUMBER,kladanj,_T,T,1007
2013,NUMBER,kljuc,_T,T,1079
2013,NUMBER,konjic,_T,T,2071
2013,NUMBER,kresevo,_T,T,463
2013,NUMBER,kupres-fbih,_T,T,305
2013,NUMBER,livno,_T,T,1776
2013,NUMBER,lukavac,_T,T,5056
2013,NUMBER,ljubuski,_T,T,1740
2013,NUMBER,maglaj,_T,T,2138
2013,NUMBER,mostar,_T,T,7239
2013,NUMBER,neum,_T,T,272
2013,NUMBER,novi_grad_sarajevo,_T,T,10183
2013,NUMBER,novi_travnik,_T,T,1819
2013,NUMBER,novo_sarajevo,_T,T,5230
2013,NUMBER,odzak,_T,T,1164
2013,NUMBER,olovo,_T,T,1119
2013,NUMBER,orasje,_T,T,1771
2013,NUMBER,pale-fbih,_T,T,129
2013,NUMBER,posusje,_T,T,1131
2013,NUMBER,prozor,_T,T,666
2013,NUMBER,ravno,_T,T,135
2013,NUMBER,sanski_most,_T,T,2236
2013,NUMBER,sapna,_T,T,642
2013,NUMBER,srebrenik,_T,T,3768
2013,NUMBER,stari_grad_sarajevo,_T,T,3785
2013,NUMBER,stolac,_T,T,1016
2013,NUMBER,siroki_brijeg,_T,T,1356
2013,NUMBER,teocak,_T,T,531
2013,NUMBER,tesanj,_T,T,3254
2013,NUMBER,tomislavgrad,_T,T,1129
2013,NUMBER,travnik,_T,T,4081
2013,NUMBER,trnovo-fbih,_T,T,195
2013,NUMBER,tuzla,_T,T,12780
2013,NUMBER,usora,_T,T,468
2013,NUMBER,vares,_T,T,1180
2013,NUMBER,velika_kladusa,_T,T,3785
2013,NUMBER,visoko,_T,T,3073
2013,NUMBER,vitez,_T,T,2188
2013,NUMBER,vogosca,_T,T,2397
2013,NUMBER,zavidovici,_T,T,3643
2013,NUMBER,zenica,_T,T,8924
2013,NUMBER,zepce,_T,T,2367
2013,NUMBER,zivinice,_T,T,5883
2013,NUMBER,banovici,M,T,762
2013,NUMBER,bihac,M,T,2313
2013,NUMBER,bosanska_krupa,M,T,1176
2013,NUMBER,bosanski_petrovac,M,T,298
2013,NUMBER,bosansko_grahovo,M,T,136
2013,NUMBER,breza,M,T,586
2013,NUMBER,bugojno,M,T,1130
2013,NUMBER,busovaca,M,T,622
2013,NUMBER,buzim,M,T,596
2013,NUMBER,cazin,M,T,2340
2013,NUMBER,centar_sarajevo,M,T,1914
2013,NUMBER,capljina,M,T,863
2013,NUMBER,celic,M,T,499
2013,NUMBER,citluk,M,T,493
2013,NUMBER,doboj-istok,M,T,477
2013,NUMBER,doboj-jug,M,T,157
2013,NUMBER,dobretici,M,T,122
2013,NUMBER,domaljevac-samac,M,T,213
2013,NUMBER,donji_vakuf,M,T,598
2013,NUMBER,drvar,M,T,434
2013,NUMBER,foca-fbih,M,T,97
2013,NUMBER,fojnica,M,T,879
2013,NUMBER,glamoc,M,T,198
2013,NUMBER,gorazde,M,T,993
2013,NUMBER,gornji_vakuf-uskoplje,M,T,706
2013,NUMBER,gracanica,M,T,1600
2013,NUMBER,gradacac,M,T,1362
2013,NUMBER,grude,M,T,368
2013,NUMBER,hadzici,M,T,1055
2013,NUMBER,ilidza,M,T,2257
2013,NUMBER,ilijas,M,T,756
2013,NUMBER,jablanica,M,T,327
2013,NUMBER,jajce,M,T,1028
2013,NUMBER,kakanj,M,T,1161
2013,NUMBER,kalesija,M,T,1375
2013,NUMBER,kiseljak,M,T,748
2013,NUMBER,kladanj,M,T,456
2013,NUMBER,kljuc,M,T,477
2013,NUMBER,konjic,M,T,927
2013,NUMBER,kresevo,M,T,189
2013,NUMBER,kupres-fbih,M,T,138
2013,NUMBER,livno,M,T,821
2013,NUMBER,lukavac,M,T,2125
2013,NUMBER,ljubuski,M,T,782
2013,NUMBER,maglaj,M,T,938
2013,NUMBER,mostar,M,T,3314
2013,NUMBER,neum,M,T,120
2013,NUMBER,novi_grad_sarajevo,M,T,4283
2013,NUMBER,novi_travnik,M,T,858
2013,NUMBER,novo_sarajevo,M,T,2076
2013,NUMBER,odzak,M,T,528
2013,NUMBER,olovo,M,T,475
2013,NUMBER,orasje,M,T,844
2013,NUMBER,pale-fbih,M,T,60
2013,NUMBER,posusje,M,T,619
2013,NUMBER,prozor,M,T,308
2013,NUMBER,ravno,M,T,57
2013,NUMBER,sanski_most,M,T,1053
2013,NUMBER,sapna,M,T,326
2013,NUMBER,srebrenik,M,T,1605
2013,NUMBER,stari_grad_sarajevo,M,T,1582
2013,NUMBER,stolac,M,T,468
2013,NUMBER,siroki_brijeg,M,T,604
2013,NUMBER,teocak,M,T,255
2013,NUMBER,tesanj,M,T,1526
2013,NUMBER,tomislavgrad,M,T,553
2013,NUMBER,travnik,M,T,1859
2013,NUMBER,trnovo-fbih,M,T,82
2013,NUMBER,tuzla,M,T,5302
2013,NUMBER,usora,M,T,217
2013,NUMBER,vares,M,T,516
2013,NUMBER,velika_kladusa,M,T,1802
2013,NUMBER,visoko,M,T,1400
2013,NUMBER,vitez,M,T,1047
2013,NUMBER,vogosca,M,T,1036
2013,NUMBER,zavidovici,M,T,1706
2013,NUMBER,zenica,M,T,4045
2013,NUMBER,zepce,M,T,1127
2013,NUMBER,zivinice,M,T,2550
2013,NUMBER,banovici,F,T,1077
2013,NUMBER,bihac,F,T,2639
2013,NUMBER,bosanska_krupa,F,T,1197
2013,NUMBER,bosanski_petrovac,F,T,356
2013,NUMBER,bosansko_grahovo,F,T,183
2013,NUMBER,breza,F,T,703
2013,NUMBER,bugojno,F,T,1306
2013,NUMBER,busovaca,F,T,652
2013,NUMBER,buzim,F,T,468
2013,NUMBER,cazin,F,T,2223
2013,NUMBER,centar_sarajevo,F,T,2886
2013,NUMBER,capljina,F,T,873
2013,NUMBER,celic,F,T,633
2013,NUMBER,citluk,F,T,585
2013,NUMBER,doboj-istok,F,T,579
2013,NUMBER,doboj-jug,F,T,164
2013,NUMBER,dobretici,F,T,79
2013,NUMBER,domaljevac-samac,F,T,239
2013,NUMBER,donji_vakuf,F,T,620
2013,NUMBER,drvar,F,T,583
2013,NUMBER,foca-fbih,F,T,114
2013,NUMBER,fojnica,F,T,863
2013,NUMBER,glamoc,F,T,281
2013,NUMBER,gorazde,F,T,1286
2013,NUMBER,gornji_vakuf-uskoplje,F,T,733
2013,NUMBER,gracanica,F,T,2018
2013,NUMBER,gradacac,F,T,1715
2013,NUMBER,grude,F,T,499
2013,NUMBER,hadzici,F,T,1209
2013,NUMBER,ilidza,F,T,2885
2013,NUMBER,ilijas,F,T,977
2013,NUMBER,jablanica,F,T,408
2013,NUMBER,jajce,F,T,1143
2013,NUMBER,kakanj,F,T,1430
2013,NUMBER,kalesija,F,T,1654
2013,NUMBER,kiseljak,F,T,854
2013,NUMBER,kladanj,F,T,551
2013,NUMBER,kljuc,F,T,602
2013,NUMBER,konjic,F,T,1144
2013,NUMBER,kresevo,F,T,274
2013,NUMBER,kupres-fbih,F,T,167
2013,NUMBER,livno,F,T,955
2013,NUMBER,lukavac,F,T,2931
2013,NUMBER,ljubuski,F,T,958
2013,NUMBER,maglaj,F,T,1200
2013,NUMBER,mostar,F,T,3925
2013,NUMBER,neum,F,T,152
2013,NUMBER,novi_grad_sarajevo,F,T,5900
2013,NUMBER,novi_travnik,F,T,961
2013,NUMBER,novo_sarajevo,F,T,3154
2013,NUMBER,odzak,F,T,636
2013,NUMBER,olovo,F,T,644
2013,NUMBER,orasje,F,T,927
2013,NUMBER,pale-fbih,F,T,69
2013,NUMBER,posusje,F,T,512
2013,NUMBER,prozor,F,T,358
2013,NUMBER,ravno,F,T,78
2013,NUMBER,sanski_most,F,T,1183
2013,NUMBER,sapna,F,T,316
2013,NUMBER,srebrenik,F,T,2163
2013,NUMBER,stari_grad_sarajevo,F,T,2203
2013,NUMBER,stolac,F,T,548
2013,NUMBER,siroki_brijeg,F,T,752
2013,NUMBER,teocak,F,T,276
2013,NUMBER,tesanj,F,T,1728
2013,NUMBER,tomislavgrad,F,T,576
2013,NUMBER,travnik,F,T,2222
2013,NUMBER,trnovo-fbih,F,T,113
2013,NUMBER,tuzla,F,T,7478
2013,NUMBER,usora,F,T,251
2013,NUMBER,vares,F,T,664
2013,NUMBER,velika_kladusa,F,T,1983
2013,NUMBER,visoko,F,T,1673
2013,NUMBER,vitez,F,T,1141
2013,NUMBER,vogosca,F,T,1361
2013,NUMBER,zavidovici,F,T,1937
2013,NUMBER,zenica,F,T,4879
2013,NUMBER,zepce,F,T,1240
2013,NUMBER,zivinice,F,T,3333
2013,NUMBER,banovici,_T,eyesight,750
2013,NUMBER,bihac,_T,eyesight,2073
2013,NUMBER,bosanska_krupa,_T,eyesight,1158
2013,NUMBER,bosanski_petrovac,_T,eyesight,254
2013,NUMBER,bosansko_grahovo,_T,eyesight,156
2013,NUMBER,breza,_T,eyesight,493
2013,NUMBER,bugojno,_T,eyesight,950
2013,NUMBER,busovaca,_T,eyesight,538
2013,NUMBER,buzim,_T,eyesight,465
2013,NUMBER,cazin,_T,eyesight,1906
2013,NUMBER,centar_sarajevo,_T,eyesight,1787
2013,NUMBER,capljina,_T,eyesight,736
2013,NUMBER,celic,_T,eyesight,553
2013,NUMBER,citluk,_T,eyesight,406
2013,NUMBER,doboj-istok,_T,eyesight,372
2013,NUMBER,doboj-jug,_T,eyesight,145
2013,NUMBER,dobretici,_T,eyesight,62
2013,NUMBER,domaljevac-samac,_T,eyesight,223
2013,NUMBER,donji_vakuf,_T,eyesight,503
2013,NUMBER,drvar,_T,eyesight,497
2013,NUMBER,foca-fbih,_T,eyesight,81
2013,NUMBER,fojnica,_T,eyesight,555
2013,NUMBER,glamoc,_T,eyesight,241
2013,NUMBER,gorazde,_T,eyesight,959
2013,NUMBER,gornji_vakuf-uskoplje,_T,eyesight,567
2013,NUMBER,gracanica,_T,eyesight,1400
2013,NUMBER,gradacac,_T,eyesight,1192
2013,NUMBER,grude,_T,eyesight,346
2013,NUMBER,hadzici,_T,eyesight,917
2013,NUMBER,ilidza,_T,eyesight,2009
2013,NUMBER,ilijas,_T,eyesight,724
2013,NUMBER,jablanica,_T,eyesight,271
2013,NUMBER,jajce,_T,eyesight,912
2013,NUMBER,kakanj,_T,eyesight,994
2013,NUMBER,kalesija,_T,eyesight,1405
2013,NUMBER,kiseljak,_T,eyesight,624
2013,NUMBER,kladanj,_T,eyesight,426
2013,NUMBER,kljuc,_T,eyesight,388
2013,NUMBER,konjic,_T,eyesight,838
2013,NUMBER,kresevo,_T,eyesight,176
2013,NUMBER,kupres-fbih,_T,eyesight,151
2013,NUMBER,livno,_T,eyesight,622
2013,NUMBER,lukavac,_T,eyesight,2247
2013,NUMBER,ljubuski,_T,eyesight,652
2013,NUMBER,maglaj,_T,eyesight,936
2013,NUMBER,mostar,_T,eyesight,2733
2013,NUMBER,neum,_T,eyesight,113
2013,NUMBER,novi_grad_sarajevo,_T,eyesight,4078
2013,NUMBER,novi_travnik,_T,eyesight,804
2013,NUMBER,novo_sarajevo,_T,eyesight,1803
2013,NUMBER,odzak,_T,eyesight,466
2013,NUMBER,olovo,_T,eyesight,439
2013,NUMBER,orasje,_T,eyesight,697
2013,NUMBER,pale-fbih,_T,eyesight,56
2013,NUMBER,posusje,_T,eyesight,356
2013,NUMBER,prozor,_T,eyesight,258
2013,NUMBER,ravno,_T,eyesight,42
2013,NUMBER,sanski_most,_T,eyesight,880
2013,NUMBER,sapna,_T,eyesight,226
2013,NUMBER,srebrenik,_T,eyesight,1779
2013,NUMBER,stari_grad_sarajevo,_T,eyesight,1538
2013,NUMBER,stolac,_T,eyesight,367
2013,NUMBER,siroki_brijeg,_T,eyesight,458
2013,NUMBER,teocak,_T,eyesight,211
2013,NUMBER,tesanj,_T,eyesight,1318
2013,NUMBER,tomislavgrad,_T,eyesight,365
2013,NUMBER,travnik,_T,eyesight,1696
2013,NUMBER,trnovo-fbih,_T,eyesight,74
2013,NUMBER,tuzla,_T,eyesight,5508
2013,NUMBER,usora,_T,eyesight,149
2013,NUMBER,vares,_T,eyesight,532
2013,NUMBER,velika_kladusa,_T,eyesight,1787
2013,NUMBER,visoko,_T,eyesight,1089
2013,NUMBER,vitez,_T,eyesight,971
2013,NUMBER,vogosca,_T,eyesight,1049
2013,NUMBER,zavidovici,_T,eyesight,1475
2013,NUMBER,zenica,_T,eyesight,3706
2013,NUMBER,zepce,_T,eyesight,974
2013,NUMBER,zivinice,_T,eyesight,2756
2013,NUMBER,banovici,M,eyesight,275
2013,NUMBER,bihac,M,eyesight,850
2013,NUMBER,bosanska_krupa,M,eyesight,509
2013,NUMBER,bosanski_petrovac,M,eyesight,108
2013,NUMBER,bosansko_grahovo,M,eyesight,62
2013,NUMBER,breza,M,eyesight,212
2013,NUMBER,bugojno,M,eyesight,414
2013,NUMBER,busovaca,M,eyesight,252
2013,NUMBER,buzim,M,eyesight,236
2013,NUMBER,cazin,M,eyesight,891
2013,NUMBER,centar_sarajevo,M,eyesight,671
2013,NUMBER,capljina,M,eyesight,341
2013,NUMBER,celic,M,eyesight,219
2013,NUMBER,citluk,M,eyesight,174
2013,NUMBER,doboj-istok,M,eyesight,182
2013,NUMBER,doboj-jug,M,eyesight,69
2013,NUMBER,dobretici,M,eyesight,28
2013,NUMBER,domaljevac-samac,M,eyesight,101
2013,NUMBER,donji_vakuf,M,eyesight,225
2013,NUMBER,drvar,M,eyesight,186
2013,NUMBER,foca-fbih,M,eyesight,41
2013,NUMBER,fojnica,M,eyesight,239
2013,NUMBER,glamoc,M,eyesight,93
2013,NUMBER,gorazde,M,eyesight,421
2013,NUMBER,gornji_vakuf-uskoplje,M,eyesight,239
2013,NUMBER,gracanica,M,eyesight,582
2013,NUMBER,gradacac,M,eyesight,497
2013,NUMBER,grude,M,eyesight,130
2013,NUMBER,hadzici,M,eyesight,394
2013,NUMBER,ilidza,M,eyesight,812
2013,NUMBER,ilijas,M,eyesight,281
2013,NUMBER,jablanica,M,eyesight,118
2013,NUMBER,jajce,M,eyesight,388
2013,NUMBER,kakanj,M,eyesight,406
2013,NUMBER,kalesija,M,eyesight,613
2013,NUMBER,kiseljak,M,eyesight,272
2013,NUMBER,kladanj,M,eyesight,175
2013,NUMBER,kljuc,M,eyesight,155
2013,NUMBER,konjic,M,eyesight,348
2013,NUMBER,kresevo,M,eyesight,75
2013,NUMBER,kupres-fbih,M,eyesight,59
2013,NUMBER,livno,M,eyesight,279
2013,NUMBER,lukavac,M,eyesight,884
2013,NUMBER,ljubuski,M,eyesight,254
2013,NUMBER,maglaj,M,eyesight,364
2013,NUMBER,mostar,M,eyesight,1129
2013,NUMBER,neum,M,eyesight,50
2013,NUMBER,novi_grad_sarajevo,M,eyesight,1587
2013,NUMBER,novi_travnik,M,eyesight,350
2013,NUMBER,novo_sarajevo,M,eyesight,657
2013,NUMBER,odzak,M,eyesight,194
2013,NUMBER,olovo,M,eyesight,168
2013,NUMBER,orasje,M,eyesight,297
2013,NUMBER,pale-fbih,M,eyesight,23
2013,NUMBER,posusje,M,eyesight,175
2013,NUMBER,prozor,M,eyesight,122
2013,NUMBER,ravno,M,eyesight,17
2013,NUMBER,sanski_most,M,eyesight,373
2013,NUMBER,sapna,M,eyesight,102
2013,NUMBER,srebrenik,M,eyesight,697
2013,NUMBER,stari_grad_sarajevo,M,eyesight,579
2013,NUMBER,stolac,M,eyesight,158
2013,NUMBER,siroki_brijeg,M,eyesight,180
2013,NUMBER,teocak,M,eyesight,95
2013,NUMBER,tesanj,M,eyesight,549
2013,NUMBER,tomislavgrad,M,eyesight,167
2013,NUMBER,travnik,M,eyesight,731
2013,NUMBER,trnovo-fbih,M,eyesight,32
2013,NUMBER,tuzla,M,eyesight,2096
2013,NUMBER,usora,M,eyesight,55
2013,NUMBER,vares,M,eyesight,206
2013,NUMBER,velika_kladusa,M,eyesight,783
2013,NUMBER,visoko,M,eyesight,468
2013,NUMBER,vitez,M,eyesight,431
2013,NUMBER,vogosca,M,eyesight,428
2013,NUMBER,zavidovici,M,eyesight,626
2013,NUMBER,zenica,M,eyesight,1560
2013,NUMBER,zepce,M,eyesight,413
2013,NUMBER,zivinice,M,eyesight,1124
2013,NUMBER,banovici,F,eyesight,475
2013,NUMBER,bihac,F,eyesight,1223
2013,NUMBER,bosanska_krupa,F,eyesight,649
2013,NUMBER,bosanski_petrovac,F,eyesight,146
2013,NUMBER,bosansko_grahovo,F,eyesight,94
2013,NUMBER,breza,F,eyesight,281
2013,NUMBER,bugojno,F,eyesight,536
2013,NUMBER,busovaca,F,eyesight,286
2013,NUMBER,buzim,F,eyesight,229
2013,NUMBER,cazin,F,eyesight,1015
2013,NUMBER,centar_sarajevo,F,eyesight,1116
2013,NUMBER,capljina,F,eyesight,395
2013,NUMBER,celic,F,eyesight,334
2013,NUMBER,citluk,F,eyesight,232
2013,NUMBER,doboj-istok,F,eyesight,190
2013,NUMBER,doboj-jug,F,eyesight,76
2013,NUMBER,dobretici,F,eyesight,34
2013,NUMBER,domaljevac-samac,F,eyesight,122
2013,NUMBER,donji_vakuf,F,eyesight,278
2013,NUMBER,drvar,F,eyesight,311
2013,NUMBER,foca-fbih,F,eyesight,40
2013,NUMBER,fojnica,F,eyesight,316
2013,NUMBER,glamoc,F,eyesight,148
2013,NUMBER,gorazde,F,eyesight,538
2013,NUMBER,gornji_vakuf-uskoplje,F,eyesight,328
2013,NUMBER,gracanica,F,eyesight,818
2013,NUMBER,gradacac,F,eyesight,695
2013,NUMBER,grude,F,eyesight,216
2013,NUMBER,hadzici,F,eyesight,523
2013,NUMBER,ilidza,F,eyesight,1197
2013,NUMBER,ilijas,F,eyesight,443
2013,NUMBER,jablanica,F,eyesight,153
2013,NUMBER,jajce,F,eyesight,524
2013,NUMBER,kakanj,F,eyesight,588
2013,NUMBER,kalesija,F,eyesight,792
2013,NUMBER,kiseljak,F,eyesight,352
2013,NUMBER,kladanj,F,eyesight,251
2013,NUMBER,kljuc,F,eyesight,233
2013,NUMBER,konjic,F,eyesight,490
2013,NUMBER,kresevo,F,eyesight,101
2013,NUMBER,kupres-fbih,F,eyesight,92
2013,NUMBER,livno,F,eyesight,343
2013,NUMBER,lukavac,F,eyesight,1363
2013,NUMBER,ljubuski,F,eyesight,398
2013,NUMBER,maglaj,F,eyesight,572
2013,NUMBER,mostar,F,eyesight,1604
2013,NUMBER,neum,F,eyesight,63
2013,NUMBER,novi_grad_sarajevo,F,eyesight,2491
2013,NUMBER,novi_travnik,F,eyesight,454
2013,NUMBER,novo_sarajevo,F,eyesight,1146
2013,NUMBER,odzak,F,eyesight,272
2013,NUMBER,olovo,F,eyesight,271
2013,NUMBER,orasje,F,eyesight,400
2013,NUMBER,pale-fbih,F,eyesight,33
2013,NUMBER,posusje,F,eyesight,181
2013,NUMBER,prozor,F,eyesight,136
2013,NUMBER,ravno,F,eyesight,25
2013,NUMBER,sanski_most,F,eyesight,507
2013,NUMBER,sapna,F,eyesight,124
2013,NUMBER,srebrenik,F,eyesight,1082
2013,NUMBER,stari_grad_sarajevo,F,eyesight,959
2013,NUMBER,stolac,F,eyesight,209
2013,NUMBER,siroki_brijeg,F,eyesight,278
2013,NUMBER,teocak,F,eyesight,116
2013,NUMBER,tesanj,F,eyesight,769
2013,NUMBER,tomislavgrad,F,eyesight,198
2013,NUMBER,travnik,F,eyesight,965
2013,NUMBER,trnovo-fbih,F,eyesight,42
2013,NUMBER,tuzla,F,eyesight,3412
2013,NUMBER,usora,F,eyesight,94
2013,NUMBER,vares,F,eyesight,326
2013,NUMBER,velika_kladusa,F,eyesight,1004
2013,NUMBER,visoko,F,eyesight,621
2013,NUMBER,vitez,F,eyesight,540
2013,NUMBER,vogosca,F,eyesight,621
2013,NUMBER,zavidovici,F,eyesight,849
2013,NUMBER,zenica,F,eyesight,2146
2013,NUMBER,zepce,F,eyesight,561
2013,NUMBER,zivinice,F,eyesight,1632
2013,NUMBER,banovici,_T,hearing,357
2013,NUMBER,bihac,_T,hearing,1189
2013,NUMBER,bosanska_krupa,_T,hearing,651
2013,NUMBER,bosanski_petrovac,_T,hearing,188
2013,NUMBER,bosansko_grahovo,_T,hearing,84
2013,NUMBER,breza,_T,hearing,256
2013,NUMBER,bugojno,_T,hearing,551
2013,NUMBER,busovaca,_T,hearing,311
2013,NUMBER,buzim,_T,hearing,341
2013,NUMBER,cazin,_T,hearing,1107
2013,NUMBER,centar_sarajevo,_T,hearing,1049
2013,NUMBER,capljina,_T,hearing,442
2013,NUMBER,celic,_T,hearing,274
2013,NUMBER,citluk,_T,hearing,304
2013,NUMBER,doboj-istok,_T,hearing,233
2013,NUMBER,doboj-jug,_T,hearing,74
2013,NUMBER,dobretici,_T,hearing,48
2013,NUMBER,domaljevac-samac,_T,hearing,104
2013,NUMBER,donji_vakuf,_T,hearing,267
2013,NUMBER,drvar,_T,hearing,261
2013,NUMBER,foca-fbih,_T,hearing,50
2013,NUMBER,fojnica,_T,hearing,270
2013,NUMBER,glamoc,_T,hearing,160
2013,NUMBER,gorazde,_T,hearing,585
2013,NUMBER,gornji_vakuf-uskoplje,_T,hearing,361
2013,NUMBER,gracanica,_T,hearing,728
2013,NUMBER,gradacac,_T,hearing,674
2013,NUMBER,grude,_T,hearing,265
2013,NUMBER,hadzici,_T,hearing,528
2013,NUMBER,ilidza,_T,hearing,1185
2013,NUMBER,ilijas,_T,hearing,382
2013,NUMBER,jablanica,_T,hearing,192
2013,NUMBER,jajce,_T,hearing,494
2013,NUMBER,kakanj,_T,hearing,590
2013,NUMBER,kalesija,_T,hearing,626
2013,NUMBER,kiseljak,_T,hearing,351
2013,NUMBER,kladanj,_T,hearing,246
2013,NUMBER,kljuc,_T,hearing,226
2013,NUMBER,konjic,_T,hearing,491
2013,NUMBER,kresevo,_T,hearing,122
2013,NUMBER,kupres-fbih,_T,hearing,110
2013,NUMBER,livno,_T,hearing,448
2013,NUMBER,lukavac,_T,hearing,1252
2013,NUMBER,ljubuski,_T,hearing,414
2013,NUMBER,maglaj,_T,hearing,500
2013,NUMBER,mostar,_T,hearing,1743
2013,NUMBER,neum,_T,hearing,76
2013,NUMBER,novi_grad_sarajevo,_T,hearing,2297
2013,NUMBER,novi_travnik,_T,hearing,473
2013,NUMBER,novo_sarajevo,_T,hearing,1142
2013,NUMBER,odzak,_T,hearing,271
2013,NUMBER,olovo,_T,hearing,295
2013,NUMBER,orasje,_T,hearing,387
2013,NUMBER,pale-fbih,_T,hearing,47
2013,NUMBER,posusje,_T,hearing,292
2013,NUMBER,prozor,_T,hearing,180
2013,NUMBER,ravno,_T,hearing,43
2013,NUMBER,sanski_most,_T,hearing,556
2013,NUMBER,sapna,_T,hearing,148
2013,NUMBER,srebrenik,_T,hearing,974
2013,NUMBER,stari_grad_sarajevo,_T,hearing,857
2013,NUMBER,stolac,_T,hearing,241
2013,NUMBER,siroki_brijeg,_T,hearing,338
2013,NUMBER,teocak,_T,hearing,116
2013,NUMBER,tesanj,_T,hearing,611
2013,NUMBER,tomislavgrad,_T,hearing,270
2013,NUMBER,travnik,_T,hearing,878
2013,NUMBER,trnovo-fbih,_T,hearing,46
2013,NUMBER,tuzla,_T,hearing,2945
2013,NUMBER,usora,_T,hearing,111
2013,NUMBER,vares,_T,hearing,274
2013,NUMBER,velika_kladusa,_T,hearing,881
2013,NUMBER,visoko,_T,hearing,606
2013,NUMBER,vitez,_T,hearing,493
2013,NUMBER,vogosca,_T,hearing,581
2013,NUMBER,zavidovici,_T,hearing,814
2013,NUMBER,zenica,_T,hearing,2012
2013,NUMBER,zepce,_T,hearing,507
2013,NUMBER,zivinice,_T,hearing,1375
2013,NUMBER,banovici,M,hearing,151
2013,NUMBER,bihac,M,hearing,586
2013,NUMBER,bosanska_krupa,M,hearing,369
2013,NUMBER,bosanski_petrovac,M,hearing,92
2013,NUMBER,bosansko_grahovo,M,hearing,48
2013,NUMBER,breza,M,hearing,133
2013,NUMBER,bugojno,M,hearing,254
2013,NUMBER,busovaca,M,hearing,169
2013,NUMBER,buzim,M,hearing,180
2013,NUMBER,cazin,M,hearing,570
2013,NUMBER,centar_sarajevo,M,hearing,475
2013,NUMBER,capljina,M,hearing,231
2013,NUMBER,celic,M,hearing,130
2013,NUMBER,citluk,M,hearing,155
2013,NUMBER,doboj-istok,M,hearing,135
2013,NUMBER,doboj-jug,M,hearing,40
2013,NUMBER,dobretici,M,hearing,29
2013,NUMBER,domaljevac-samac,M,hearing,54
2013,NUMBER,donji_vakuf,M,hearing,138
2013,NUMBER,drvar,M,hearing,117
2013,NUMBER,foca-fbih,M,hearing,20
2013,NUMBER,fojnica,M,hearing,129
2013,NUMBER,glamoc,M,hearing,75
2013,NUMBER,gorazde,M,hearing,279
2013,NUMBER,gornji_vakuf-uskoplje,M,hearing,180
2013,NUMBER,gracanica,M,hearing,342
2013,NUMBER,gradacac,M,hearing,295
2013,NUMBER,grude,M,hearing,112
2013,NUMBER,hadzici,M,hearing,249
2013,NUMBER,ilidza,M,hearing,569
2013,NUMBER,ilijas,M,hearing,178
2013,NUMBER,jablanica,M,hearing,74
2013,NUMBER,jajce,M,hearing,245
2013,NUMBER,kakanj,M,hearing,281
2013,NUMBER,kalesija,M,hearing,327
2013,NUMBER,kiseljak,M,hearing,175
2013,NUMBER,kladanj,M,hearing,125
2013,NUMBER,kljuc,M,hearing,107
2013,NUMBER,konjic,M,hearing,223
2013,NUMBER,kresevo,M,hearing,57
2013,NUMBER,kupres-fbih,M,hearing,52
2013,NUMBER,livno,M,hearing,225
2013,NUMBER,lukavac,M,hearing,581
2013,NUMBER,ljubuski,M,hearing,192
2013,NUMBER,maglaj,M,hearing,239
2013,NUMBER,mostar,M,hearing,836
2013,NUMBER,neum,M,hearing,37
2013,NUMBER,novi_grad_sarajevo,M,hearing,1014
2013,NUMBER,novi_travnik,M,hearing,247
2013,NUMBER,novo_sarajevo,M,hearing,479
2013,NUMBER,odzak,M,hearing,125
2013,NUMBER,olovo,M,hearing,135
2013,NUMBER,orasje,M,hearing,189
2013,NUMBER,pale-fbih,M,hearing,24
2013,NUMBER,posusje,M,hearing,166
2013,NUMBER,prozor,M,hearing,88
2013,NUMBER,ravno,M,hearing,23
2013,NUMBER,sanski_most,M,hearing,274
2013,NUMBER,sapna,M,hearing,76
2013,NUMBER,srebrenik,M,hearing,433
2013,NUMBER,stari_grad_sarajevo,M,hearing,389
2013,NUMBER,stolac,M,hearing,105
2013,NUMBER,siroki_brijeg,M,hearing,157
2013,NUMBER,teocak,M,hearing,52
2013,NUMBER,tesanj,M,hearing,310
2013,NUMBER,tomislavgrad,M,hearing,127
2013,NUMBER,travnik,M,hearing,402
2013,NUMBER,trnovo-fbih,M,hearing,21
2013,NUMBER,tuzla,M,hearing,1350
2013,NUMBER,usora,M,hearing,54
2013,NUMBER,vares,M,hearing,135
2013,NUMBER,velika_kladusa,M,hearing,432
2013,NUMBER,visoko,M,hearing,298
2013,NUMBER,vitez,M,hearing,249
2013,NUMBER,vogosca,M,hearing,282
2013,NUMBER,zavidovici,M,hearing,428
2013,NUMBER,zenica,M,hearing,990
2013,NUMBER,zepce,M,hearing,273
2013,NUMBER,zivinice,M,hearing,656
2013,NUMBER,banovici,F,hearing,206
2013,NUMBER,bihac,F,hearing,603
2013,NUMBER,bosanska_krupa,F,hearing,282
2013,NUMBER,bosanski_petrovac,F,hearing,96
2013,NUMBER,bosansko_grahovo,F,hearing,36
2013,NUMBER,breza,F,hearing,123
2013,NUMBER,bugojno,F,hearing,297
2013,NUMBER,busovaca,F,hearing,142
2013,NUMBER,buzim,F,hearing,161
2013,NUMBER,cazin,F,hearing,537
2013,NUMBER,centar_sarajevo,F,hearing,574
2013,NUMBER,capljina,F,hearing,211
2013,NUMBER,celic,F,hearing,144
2013,NUMBER,citluk,F,hearing,149
2013,NUMBER,doboj-istok,F,hearing,98
2013,NUMBER,doboj-jug,F,hearing,34
2013,NUMBER,dobretici,F,hearing,19
2013,NUMBER,domaljevac-samac,F,hearing,50
2013,NUMBER,donji_vakuf,F,hearing,129
2013,NUMBER,drvar,F,hearing,144
2013,NUMBER,foca-fbih,F,hearing,30
2013,NUMBER,fojnica,F,hearing,141
2013,NUMBER,glamoc,F,hearing,85
2013,NUMBER,gorazde,F,hearing,306
2013,NUMBER,gornji_vakuf-uskoplje,F,hearing,181
2013,NUMBER,gracanica,F,hearing,386
2013,NUMBER,gradacac,F,hearing,379
2013,NUMBER,grude,F,hearing,153
2013,NUMBER,hadzici,F,hearing,279
2013,NUMBER,ilidza,F,hearing,616
2013,NUMBER,ilijas,F,hearing,204
2013,NUMBER,jablanica,F,hearing,118
2013,NUMBER,jajce,F,hearing,249
2013,NUMBER,kakanj,F,hearing,309
2013,NUMBER,kalesija,F,hearing,299
2013,NUMBER,kiseljak,F,hearing,176
2013,NUMBER,kladanj,F,hearing,121
2013,NUMBER,kljuc,F,hearing,119
2013,NUMBER,konjic,F,hearing,268
2013,NUMBER,kresevo,F,hearing,65
2013,NUMBER,kupres-fbih,F,hearing,58
2013,NUMBER,livno,F,hearing,223
2013,NUMBER,lukavac,F,hearing,671
2013,NUMBER,ljubuski,F,hearing,222
2013,NUMBER,maglaj,F,hearing,261
2013,NUMBER,mostar,F,hearing,907
2013,NUMBER,neum,F,hearing,39
2013,NUMBER,novi_grad_sarajevo,F,hearing,1283
2013,NUMBER,novi_travnik,F,hearing,226
2013,NUMBER,novo_sarajevo,F,hearing,663
2013,NUMBER,odzak,F,hearing,146
2013,NUMBER,olovo,F,hearing,160
2013,NUMBER,orasje,F,hearing,198
2013,NUMBER,pale-fbih,F,hearing,23
2013,NUMBER,posusje,F,hearing,126
2013,NUMBER,prozor,F,hearing,92
2013,NUMBER,ravno,F,hearing,20
2013,NUMBER,sanski_most,F,hearing,282
2013,NUMBER,sapna,F,hearing,72
2013,NUMBER,srebrenik,F,hearing,541
2013,NUMBER,stari_grad_sarajevo,F,hearing,468
2013,NUMBER,stolac,F,hearing,136
2013,NUMBER,siroki_brijeg,F,hearing,181
2013,NUMBER,teocak,F,hearing,64
2013,NUMBER,tesanj,F,hearing,301
2013,NUMBER,tomislavgrad,F,hearing,143
2013,NUMBER,travnik,F,hearing,476
2013,NUMBER,trnovo-fbih,F,hearing,25
2013,NUMBER,tuzla,F,hearing,1595
2013,NUMBER,usora,F,hearing,57
2013,NUMBER,vares,F,hearing,139
2013,NUMBER,velika_kladusa,F,hearing,449
2013,NUMBER,visoko,F,hearing,308
2013,NUMBER,vitez,F,hearing,244
2013,NUMBER,vogosca,F,hearing,299
2013,NUMBER,zavidovici,F,hearing,386
2013,NUMBER,zenica,F,hearing,1022
2013,NUMBER,zepce,F,hearing,234
2013,NUMBER,zivinice,F,hearing,719
2013,NUMBER,banovici,_T,walking,1134
2013,NUMBER,bihac,_T,walking,3069
2013,NUMBER,bosanska_krupa,_T,walking,1363
2013,NUMBER,bosanski_petrovac,_T,walking,430
2013,NUMBER,bosansko_grahovo,_T,walking,215
2013,NUMBER,breza,_T,walking,857
2013,NUMBER,bugojno,_T,walking,1558
2013,NUMBER,busovaca,_T,walking,763
2013,NUMBER,buzim,_T,walking,649
2013,NUMBER,cazin,_T,walking,2684
2013,NUMBER,centar_sarajevo,_T,walking,3318
2013,NUMBER,capljina,_T,walking,1079
2013,NUMBER,celic,_T,walking,691
2013,NUMBER,citluk,_T,walking,714
2013,NUMBER,doboj-istok,_T,walking,648
2013,NUMBER,doboj-jug,_T,walking,205
2013,NUMBER,dobretici,_T,walking,128
2013,NUMBER,domaljevac-samac,_T,walking,249
2013,NUMBER,donji_vakuf,_T,walking,731
2013,NUMBER,drvar,_T,walking,626
2013,NUMBER,foca-fbih,_T,walking,138
2013,NUMBER,fojnica,_T,walking,799
2013,NUMBER,glamoc,_T,walking,277
2013,NUMBER,gorazde,_T,walking,1525
2013,NUMBER,gornji_vakuf-uskoplje,_T,walking,829
2013,NUMBER,gracanica,_T,walking,2298
2013,NUMBER,gradacac,_T,walking,1925
2013,NUMBER,grude,_T,walking,601
2013,NUMBER,hadzici,_T,walking,1385
2013,NUMBER,ilidza,_T,walking,3404
2013,NUMBER,ilijas,_T,walking,1054
2013,NUMBER,jablanica,_T,walking,446
2013,NUMBER,jajce,_T,walking,1333
2013,NUMBER,kakanj,_T,walking,1498
2013,NUMBER,kalesija,_T,walking,1844
2013,NUMBER,kiseljak,_T,walking,956
2013,NUMBER,kladanj,_T,walking,608
2013,NUMBER,kljuc,_T,walking,668
2013,NUMBER,konjic,_T,walking,1295
2013,NUMBER,kresevo,_T,walking,274
2013,NUMBER,kupres-fbih,_T,walking,212
2013,NUMBER,livno,_T,walking,1102
2013,NUMBER,lukavac,_T,walking,3253
2013,NUMBER,ljubuski,_T,walking,1125
2013,NUMBER,maglaj,_T,walking,1350
2013,NUMBER,mostar,_T,walking,4730
2013,NUMBER,neum,_T,walking,184
2013,NUMBER,novi_grad_sarajevo,_T,walking,6627
2013,NUMBER,novi_travnik,_T,walking,1117
2013,NUMBER,novo_sarajevo,_T,walking,3679
2013,NUMBER,odzak,_T,walking,696
2013,NUMBER,olovo,_T,walking,735
2013,NUMBER,orasje,_T,walking,1076
2013,NUMBER,pale-fbih,_T,walking,83
2013,NUMBER,posusje,_T,walking,746
2013,NUMBER,prozor,_T,walking,407
2013,NUMBER,ravno,_T,walking,83
2013,NUMBER,sanski_most,_T,walking,1388
2013,NUMBER,sapna,_T,walking,410
2013,NUMBER,srebrenik,_T,walking,2370
2013,NUMBER,stari_grad_sarajevo,_T,walking,2457
2013,NUMBER,stolac,_T,walking,638
2013,NUMBER,siroki_brijeg,_T,walking,891
2013,NUMBER,teocak,_T,walking,330
2013,NUMBER,tesanj,_T,walking,2057
2013,NUMBER,tomislavgrad,_T,walking,665
2013,NUMBER,travnik,_T,walking,2421
2013,NUMBER,trnovo-fbih,_T,walking,136
2013,NUMBER,tuzla,_T,walking,8661
2013,NUMBER,usora,_T,walking,302
2013,NUMBER,vares,_T,walking,789
2013,NUMBER,velika_kladusa,_T,walking,2048
2013,NUMBER,visoko,_T,walking,1960
2013,NUMBER,vitez,_T,walking,1284
2013,NUMBER,vogosca,_T,walking,1576
2013,NUMBER,zavidovici,_T,walking,2318
2013,NUMBER,zenica,_T,walking,5558
2013,NUMBER,zepce,_T,walking,1432
2013,NUMBER,zivinice,_T,walking,3658
2013,NUMBER,banovici,M,walking,456
2013,NUMBER,bihac,M,walking,1377
2013,NUMBER,bosanska_krupa,M,walking,632
2013,NUMBER,bosanski_petrovac,M,walking,177
2013,NUMBER,bosansko_grahovo,M,walking,77
2013,NUMBER,breza,M,walking,359
2013,NUMBER,bugojno,M,walking,695
2013,NUMBER,busovaca,M,walking,334
2013,NUMBER,buzim,M,walking,351
2013,NUMBER,cazin,M,walking,1326
2013,NUMBER,centar_sarajevo,M,walking,1231
2013,NUMBER,capljina,M,walking,504
2013,NUMBER,celic,M,walking,295
2013,NUMBER,citluk,M,walking,294
2013,NUMBER,doboj-istok,M,walking,292
2013,NUMBER,doboj-jug,M,walking,94
2013,NUMBER,dobretici,M,walking,83
2013,NUMBER,domaljevac-samac,M,walking,104
2013,NUMBER,donji_vakuf,M,walking,349
2013,NUMBER,drvar,M,walking,244
2013,NUMBER,foca-fbih,M,walking,55
2013,NUMBER,fojnica,M,walking,359
2013,NUMBER,glamoc,M,walking,100
2013,NUMBER,gorazde,M,walking,610
2013,NUMBER,gornji_vakuf-uskoplje,M,walking,393
2013,NUMBER,gracanica,M,walking,976
2013,NUMBER,gradacac,M,walking,800
2013,NUMBER,grude,M,walking,248
2013,NUMBER,hadzici,M,walking,580
2013,NUMBER,ilidza,M,walking,1407
2013,NUMBER,ilijas,M,walking,431
2013,NUMBER,jablanica,M,walking,200
2013,NUMBER,jajce,M,walking,587
2013,NUMBER,kakanj,M,walking,616
2013,NUMBER,kalesija,M,walking,768
2013,NUMBER,kiseljak,M,walking,399
2013,NUMBER,kladanj,M,walking,260
2013,NUMBER,kljuc,M,walking,283
2013,NUMBER,konjic,M,walking,551
2013,NUMBER,kresevo,M,walking,91
2013,NUMBER,kupres-fbih,M,walking,88
2013,NUMBER,livno,M,walking,477
2013,NUMBER,lukavac,M,walking,1247
2013,NUMBER,ljubuski,M,walking,478
2013,NUMBER,maglaj,M,walking,553
2013,NUMBER,mostar,M,walking,2043
2013,NUMBER,neum,M,walking,64
2013,NUMBER,novi_grad_sarajevo,M,walking,2604
2013,NUMBER,novi_travnik,M,walking,505
2013,NUMBER,novo_sarajevo,M,walking,1350
2013,NUMBER,odzak,M,walking,292
2013,NUMBER,olovo,M,walking,280
2013,NUMBER,orasje,M,walking,470
2013,NUMBER,pale-fbih,M,walking,31
2013,NUMBER,posusje,M,walking,404
2013,NUMBER,prozor,M,walking,162
2013,NUMBER,ravno,M,walking,31
2013,NUMBER,sanski_most,M,walking,620
2013,NUMBER,sapna,M,walking,209
2013,NUMBER,srebrenik,M,walking,905
2013,NUMBER,stari_grad_sarajevo,M,walking,958
2013,NUMBER,stolac,M,walking,265
2013,NUMBER,siroki_brijeg,M,walking,373
2013,NUMBER,teocak,M,walking,147
2013,NUMBER,tesanj,M,walking,885
2013,NUMBER,tomislavgrad,M,walking,307
2013,NUMBER,travnik,M,walking,1045
2013,NUMBER,trnovo-fbih,M,walking,54
2013,NUMBER,tuzla,M,walking,3310
2013,NUMBER,usora,M,walking,135
2013,NUMBER,vares,M,walking,323
2013,NUMBER,velika_kladusa,M,walking,914
2013,NUMBER,visoko,M,walking,820
2013,NUMBER,vitez,M,walking,566
2013,NUMBER,vogosca,M,walking,625
2013,NUMBER,zavidovici,M,walking,986
2013,NUMBER,zenica,M,walking,2316
2013,NUMBER,zepce,M,walking,636
2013,NUMBER,zivinice,M,walking,1445
2013,NUMBER,banovici,F,walking,678
2013,NUMBER,bihac,F,walking,1692
2013,NUMBER,bosanska_krupa,F,walking,731
2013,NUMBER,bosanski_petrovac,F,walking,253
2013,NUMBER,bosansko_grahovo,F,walking,138
2013,NUMBER,breza,F,walking,498
2013,NUMBER,bugojno,F,walking,863
2013,NUMBER,busovaca,F,walking,429
2013,NUMBER,buzim,F,walking,298
2013,NUMBER,cazin,F,walking,1358
2013,NUMBER,centar_sarajevo,F,walking,2087
2013,NUMBER,capljina,F,walking,575
2013,NUMBER,celic,F,walking,396
2013,NUMBER,citluk,F,walking,420
2013,NUMBER,doboj-istok,F,walking,356
2013,NUMBER,doboj-jug,F,walking,111
2013,NUMBER,dobretici,F,walking,45
2013,NUMBER,domaljevac-samac,F,walking,145
2013,NUMBER,donji_vakuf,F,walking,382
2013,NUMBER,drvar,F,walking,382
2013,NUMBER,foca-fbih,F,walking,83
2013,NUMBER,fojnica,F,walking,440
2013,NUMBER,glamoc,F,walking,177
2013,NUMBER,gorazde,F,walking,915
2013,NUMBER,gornji_vakuf-uskoplje,F,walking,436
2013,NUMBER,gracanica,F,walking,1322
2013,NUMBER,gradacac,F,walking,1125
2013,NUMBER,grude,F,walking,353
2013,NUMBER,hadzici,F,walking,805
2013,NUMBER,ilidza,F,walking,1997
2013,NUMBER,ilijas,F,walking,623
2013,NUMBER,jablanica,F,walking,246
2013,NUMBER,jajce,F,walking,746
2013,NUMBER,kakanj,F,walking,882
2013,NUMBER,kalesija,F,walking,1076
2013,NUMBER,kiseljak,F,walking,557
2013,NUMBER,kladanj,F,walking,348
2013,NUMBER,kljuc,F,walking,385
2013,NUMBER,konjic,F,walking,744
2013,NUMBER,kresevo,F,walking,183
2013,NUMBER,kupres-fbih,F,walking,124
2013,NUMBER,livno,F,walking,625
2013,NUMBER,lukavac,F,walking,2006
2013,NUMBER,ljubuski,F,walking,647
2013,NUMBER,maglaj,F,walking,797
2013,NUMBER,mostar,F,walking,2687
2013,NUMBER,neum,F,walking,120
2013,NUMBER,novi_grad_sarajevo,F,walking,4023
2013,NUMBER,novi_travnik,F,walking,612
2013,NUMBER,novo_sarajevo,F,walking,2329
2013,NUMBER,odzak,F,walking,404
2013,NUMBER,olovo,F,walking,455
2013,NUMBER,orasje,F,walking,606
2013,NUMBER,pale-fbih,F,walking,52
2013,NUMBER,posusje,F,walking,342
2013,NUMBER,prozor,F,walking,245
2013,NUMBER,ravno,F,walking,52
2013,NUMBER,sanski_most,F,walking,768
2013,NUMBER,sapna,F,walking,201
2013,NUMBER,srebrenik,F,walking,1465
2013,NUMBER,stari_grad_sarajevo,F,walking,1499
2013,NUMBER,stolac,F,walking,373
2013,NUMBER,siroki_brijeg,F,walking,518
2013,NUMBER,teocak,F,walking,183
2013,NUMBER,tesanj,F,walking,1172
2013,NUMBER,tomislavgrad,F,walking,358
2013,NUMBER,travnik,F,walking,1376
2013,NUMBER,trnovo-fbih,F,walking,82
2013,NUMBER,tuzla,F,walking,5351
2013,NUMBER,usora,F,walking,167
2013,NUMBER,vares,F,walking,466
2013,NUMBER,velika_kladusa,F,walking,1134
2013,NUMBER,visoko,F,walking,1140
2013,NUMBER,vitez,F,walking,718
2013,NUMBER,vogosca,F,walking,951
2013,NUMBER,zavidovici,F,walking,1332
2013,NUMBER,zenica,F,walking,3242
2013,NUMBER,zepce,F,walking,796
2013,NUMBER,zivinice,F,walking,2213
2013,NUMBER,banovici,_T,memory,282
2013,NUMBER,bihac,_T,memory,850
2013,NUMBER,bosanska_krupa,_T,memory,490
2013,NUMBER,bosanski_petrovac,_T,memory,138
2013,NUMBER,bosansko_grahovo,_T,memory,46
2013,NUMBER,breza,_T,memory,207
2013,NUMBER,bugojno,_T,memory,512
2013,NUMBER,busovaca,_T,memory,221
2013,NUMBER,buzim,_T,memory,296
2013,NUMBER,cazin,_T,memory,981
2013,NUMBER,centar_sarajevo,_T,memory,799
2013,NUMBER,capljina,_T,memory,336
2013,NUMBER,celic,_T,memory,182
2013,NUMBER,citluk,_T,memory,200
2013,NUMBER,doboj-istok,_T,memory,340
2013,NUMBER,doboj-jug,_T,memory,45
2013,NUMBER,dobretici,_T,memory,40
2013,NUMBER,domaljevac-samac,_T,memory,95
2013,NUMBER,donji_vakuf,_T,memory,206
2013,NUMBER,drvar,_T,memory,155
2013,NUMBER,foca-fbih,_T,memory,31
2013,NUMBER,fojnica,_T,memory,727
2013,NUMBER,glamoc,_T,memory,89
2013,NUMBER,gorazde,_T,memory,463
2013,NUMBER,gornji_vakuf-uskoplje,_T,memory,247
2013,NUMBER,gracanica,_T,memory,660
2013,NUMBER,gradacac,_T,memory,623
2013,NUMBER,grude,_T,memory,239
2013,NUMBER,hadzici,_T,memory,650
2013,NUMBER,ilidza,_T,memory,978
2013,NUMBER,ilijas,_T,memory,382
2013,NUMBER,jablanica,_T,memory,129
2013,NUMBER,jajce,_T,memory,346
2013,NUMBER,kakanj,_T,memory,443
2013,NUMBER,kalesija,_T,memory,646
2013,NUMBER,kiseljak,_T,memory,300
2013,NUMBER,kladanj,_T,memory,218
2013,NUMBER,kljuc,_T,memory,197
2013,NUMBER,konjic,_T,memory,379
2013,NUMBER,kresevo,_T,memory,102
2013,NUMBER,kupres-fbih,_T,memory,100
2013,NUMBER,livno,_T,memory,306
2013,NUMBER,lukavac,_T,memory,1044
2013,NUMBER,ljubuski,_T,memory,324
2013,NUMBER,maglaj,_T,memory,385
2013,NUMBER,mostar,_T,memory,1316
2013,NUMBER,neum,_T,memory,40
2013,NUMBER,novi_grad_sarajevo,_T,memory,1760
2013,NUMBER,novi_travnik,_T,memory,364
2013,NUMBER,novo_sarajevo,_T,memory,952
2013,NUMBER,odzak,_T,memory,229
2013,NUMBER,olovo,_T,memory,221
2013,NUMBER,orasje,_T,memory,291
2013,NUMBER,pale-fbih,_T,memory,34
2013,NUMBER,posusje,_T,memory,213
2013,NUMBER,prozor,_T,memory,136
2013,NUMBER,ravno,_T,memory,19
2013,NUMBER,sanski_most,_T,memory,467
2013,NUMBER,sapna,_T,memory,117
2013,NUMBER,srebrenik,_T,memory,866
2013,NUMBER,stari_grad_sarajevo,_T,memory,663
2013,NUMBER,stolac,_T,memory,252
2013,NUMBER,siroki_brijeg,_T,memory,238
2013,NUMBER,teocak,_T,memory,91
2013,NUMBER,tesanj,_T,memory,594
2013,NUMBER,tomislavgrad,_T,memory,192
2013,NUMBER,travnik,_T,memory,724
2013,NUMBER,trnovo-fbih,_T,memory,37
2013,NUMBER,tuzla,_T,memory,2819
2013,NUMBER,usora,_T,memory,88
2013,NUMBER,vares,_T,memory,221
2013,NUMBER,velika_kladusa,_T,memory,801
2013,NUMBER,visoko,_T,memory,552
2013,NUMBER,vitez,_T,memory,363
2013,NUMBER,vogosca,_T,memory,491
2013,NUMBER,zavidovici,_T,memory,648
2013,NUMBER,zenica,_T,memory,1568
2013,NUMBER,zepce,_T,memory,401
2013,NUMBER,zivinice,_T,memory,1404
2013,NUMBER,banovici,M,memory,96
2013,NUMBER,bihac,M,memory,406
2013,NUMBER,bosanska_krupa,M,memory,248
2013,NUMBER,bosanski_petrovac,M,memory,66
2013,NUMBER,bosansko_grahovo,M,memory,18
2013,NUMBER,breza,M,memory,93
2013,NUMBER,bugojno,M,memory,251
2013,NUMBER,busovaca,M,memory,111
2013,NUMBER,buzim,M,memory,154
2013,NUMBER,cazin,M,memory,492
2013,NUMBER,centar_sarajevo,M,memory,351
2013,NUMBER,capljina,M,memory,160
2013,NUMBER,celic,M,memory,85
2013,NUMBER,citluk,M,memory,89
2013,NUMBER,doboj-istok,M,memory,139
2013,NUMBER,doboj-jug,M,memory,20
2013,NUMBER,dobretici,M,memory,26
2013,NUMBER,domaljevac-samac,M,memory,54
2013,NUMBER,donji_vakuf,M,memory,99
2013,NUMBER,drvar,M,memory,67
2013,NUMBER,foca-fbih,M,memory,15
2013,NUMBER,fojnica,M,memory,391
2013,NUMBER,glamoc,M,memory,47
2013,NUMBER,gorazde,M,memory,182
2013,NUMBER,gornji_vakuf-uskoplje,M,memory,125
2013,NUMBER,gracanica,M,memory,289
2013,NUMBER,gradacac,M,memory,294
2013,NUMBER,grude,M,memory,109
2013,NUMBER,hadzici,M,memory,334
2013,NUMBER,ilidza,M,memory,405
2013,NUMBER,ilijas,M,memory,167
2013,NUMBER,jablanica,M,memory,52
2013,NUMBER,jajce,M,memory,167
2013,NUMBER,kakanj,M,memory,192
2013,NUMBER,kalesija,M,memory,288
2013,NUMBER,kiseljak,M,memory,133
2013,NUMBER,kladanj,M,memory,82
2013,NUMBER,kljuc,M,memory,85
2013,NUMBER,konjic,M,memory,185
2013,NUMBER,kresevo,M,memory,40
2013,NUMBER,kupres-fbih,M,memory,45
2013,NUMBER,livno,M,memory,153
2013,NUMBER,lukavac,M,memory,412
2013,NUMBER,ljubuski,M,memory,157
2013,NUMBER,maglaj,M,memory,162
2013,NUMBER,mostar,M,memory,617
2013,NUMBER,neum,M,memory,19
2013,NUMBER,novi_grad_sarajevo,M,memory,718
2013,NUMBER,novi_travnik,M,memory,179
2013,NUMBER,novo_sarajevo,M,memory,396
2013,NUMBER,odzak,M,memory,108
2013,NUMBER,olovo,M,memory,87
2013,NUMBER,orasje,M,memory,131
2013,NUMBER,pale-fbih,M,memory,15
2013,NUMBER,posusje,M,memory,110
2013,NUMBER,prozor,M,memory,61
2013,NUMBER,ravno,M,memory,8
2013,NUMBER,sanski_most,M,memory,234
2013,NUMBER,sapna,M,memory,51
2013,NUMBER,srebrenik,M,memory,364
2013,NUMBER,stari_grad_sarajevo,M,memory,284
2013,NUMBER,stolac,M,memory,126
2013,NUMBER,siroki_brijeg,M,memory,114
2013,NUMBER,teocak,M,memory,45
2013,NUMBER,tesanj,M,memory,258
2013,NUMBER,tomislavgrad,M,memory,94
2013,NUMBER,travnik,M,memory,313
2013,NUMBER,trnovo-fbih,M,memory,13
2013,NUMBER,tuzla,M,memory,1183
2013,NUMBER,usora,M,memory,38
2013,NUMBER,vares,M,memory,95
2013,NUMBER,velika_kladusa,M,memory,374
2013,NUMBER,visoko,M,memory,252
2013,NUMBER,vitez,M,memory,170
2013,NUMBER,vogosca,M,memory,224
2013,NUMBER,zavidovici,M,memory,307
2013,NUMBER,zenica,M,memory,693
2013,NUMBER,zepce,M,memory,186
2013,NUMBER,zivinice,M,memory,617
2013,NUMBER,banovici,F,memory,186
2013,NUMBER,bihac,F,memory,444
2013,NUMBER,bosanska_krupa,F,memory,242
2013,NUMBER,bosanski_petrovac,F,memory,72
2013,NUMBER,bosansko_grahovo,F,memory,28
2013,NUMBER,breza,F,memory,114
2013,NUMBER,bugojno,F,memory,261
2013,NUMBER,busovaca,F,memory,110
2013,NUMBER,buzim,F,memory,142
2013,NUMBER,cazin,F,memory,489
2013,NUMBER,centar_sarajevo,F,memory,448
2013,NUMBER,capljina,F,memory,176
2013,NUMBER,celic,F,memory,97
2013,NUMBER,citluk,F,memory,111
2013,NUMBER,doboj-istok,F,memory,201
2013,NUMBER,doboj-jug,F,memory,25
2013,NUMBER,dobretici,F,memory,14
2013,NUMBER,domaljevac-samac,F,memory,41
2013,NUMBER,donji_vakuf,F,memory,107
2013,NUMBER,drvar,F,memory,88
2013,NUMBER,foca-fbih,F,memory,16
2013,NUMBER,fojnica,F,memory,336
2013,NUMBER,glamoc,F,memory,42
2013,NUMBER,gorazde,F,memory,281
2013,NUMBER,gornji_vakuf-uskoplje,F,memory,122
2013,NUMBER,gracanica,F,memory,371
2013,NUMBER,gradacac,F,memory,329
2013,NUMBER,grude,F,memory,130
2013,NUMBER,hadzici,F,memory,316
2013,NUMBER,ilidza,F,memory,573
2013,NUMBER,ilijas,F,memory,215
2013,NUMBER,jablanica,F,memory,77
2013,NUMBER,jajce,F,memory,179
2013,NUMBER,kakanj,F,memory,251
2013,NUMBER,kalesija,F,memory,358
2013,NUMBER,kiseljak,F,memory,167
2013,NUMBER,kladanj,F,memory,136
2013,NUMBER,kljuc,F,memory,112
2013,NUMBER,konjic,F,memory,194
2013,NUMBER,kresevo,F,memory,62
2013,NUMBER,kupres-fbih,F,memory,55
2013,NUMBER,livno,F,memory,153
2013,NUMBER,lukavac,F,memory,632
2013,NUMBER,ljubuski,F,memory,167
2013,NUMBER,maglaj,F,memory,223
2013,NUMBER,mostar,F,memory,699
2013,NUMBER,neum,F,memory,21
2013,NUMBER,novi_grad_sarajevo,F,memory,1042
2013,NUMBER,novi_travnik,F,memory,185
2013,NUMBER,novo_sarajevo,F,memory,556
2013,NUMBER,odzak,F,memory,121
2013,NUMBER,olovo,F,memory,134
2013,NUMBER,orasje,F,memory,160
2013,NUMBER,pale-fbih,F,memory,19
2013,NUMBER,posusje,F,memory,103
2013,NUMBER,prozor,F,memory,75
2013,NUMBER,ravno,F,memory,11
2013,NUMBER,sanski_most,F,memory,233
2013,NUMBER,sapna,F,memory,66
2013,NUMBER,srebrenik,F,memory,502
2013,NUMBER,stari_grad_sarajevo,F,memory,379
2013,NUMBER,stolac,F,memory,126
2013,NUMBER,siroki_brijeg,F,memory,124
2013,NUMBER,teocak,F,memory,46
2013,NUMBER,tesanj,F,memory,336
2013,NUMBER,tomislavgrad,F,memory,98
2013,NUMBER,travnik,F,memory,411
2013,NUMBER,trnovo-fbih,F,memory,24
2013,NUMBER,tuzla,F,memory,1636
2013,NUMBER,usora,F,memory,50
2013,NUMBER,vares,F,memory,126
2013,NUMBER,velika_kladusa,F,memory,427
2013,NUMBER,visoko,F,memory,300
2013,NUMBER,vitez,F,memory,193
2013,NUMBER,vogosca,F,memory,267
2013,NUMBER,zavidovici,F,memory,341
2013,NUMBER,zenica,F,memory,875
2013,NUMBER,zepce,F,memory,215
2013,NUMBER,zivinice,F,memory,787
2013,NUMBER,banovici,_T,dressing,217
2013,NUMBER,bihac,_T,dressing,655
2013,NUMBER,bosanska_krupa,_T,dressing,298
2013,NUMBER,bosanski_petrovac,_T,dressing,131
2013,NUMBER,bosansko_grahovo,_T,dressing,47
2013,NUMBER,breza,_T,dressing,167
2013,NUMBER,bugojno,_T,dressing,362
2013,NUMBER,busovaca,_T,dressing,134
2013,NUMBER,buzim,_T,dressing,186
2013,NUMBER,cazin,_T,dressing,600
2013,NUMBER,centar_sarajevo,_T,dressing,635
2013,NUMBER,capljina,_T,dressing,254
2013,NUMBER,celic,_T,dressing,110
2013,NUMBER,citluk,_T,dressing,166
2013,NUMBER,doboj-istok,_T,dressing,217
2013,NUMBER,doboj-jug,_T,dressing,29
2013,NUMBER,dobretici,_T,dressing,22
2013,NUMBER,domaljevac-samac,_T,dressing,42
2013,NUMBER,donji_vakuf,_T,dressing,142
2013,NUMBER,drvar,_T,dressing,139
2013,NUMBER,foca-fbih,_T,dressing,20
2013,NUMBER,fojnica,_T,dressing,220
2013,NUMBER,glamoc,_T,dressing,60
2013,NUMBER,gorazde,_T,dressing,294
2013,NUMBER,gornji_vakuf-uskoplje,_T,dressing,145
2013,NUMBER,gracanica,_T,dressing,435
2013,NUMBER,gradacac,_T,dressing,462
2013,NUMBER,grude,_T,dressing,193
2013,NUMBER,hadzici,_T,dressing,449
2013,NUMBER,ilidza,_T,dressing,767
2013,NUMBER,ilijas,_T,dressing,246
2013,NUMBER,jablanica,_T,dressing,101
2013,NUMBER,jajce,_T,dressing,261
2013,NUMBER,kakanj,_T,dressing,421
2013,NUMBER,kalesija,_T,dressing,333
2013,NUMBER,kiseljak,_T,dressing,216
2013,NUMBER,kladanj,_T,dressing,115
2013,NUMBER,kljuc,_T,dressing,136
2013,NUMBER,konjic,_T,dressing,252
2013,NUMBER,kresevo,_T,dressing,68
2013,NUMBER,kupres-fbih,_T,dressing,81
2013,NUMBER,livno,_T,dressing,246
2013,NUMBER,lukavac,_T,dressing,674
2013,NUMBER,ljubuski,_T,dressing,263
2013,NUMBER,maglaj,_T,dressing,226
2013,NUMBER,mostar,_T,dressing,970
2013,NUMBER,neum,_T,dressing,28
2013,NUMBER,novi_grad_sarajevo,_T,dressing,1361
2013,NUMBER,novi_travnik,_T,dressing,261
2013,NUMBER,novo_sarajevo,_T,dressing,743
2013,NUMBER,odzak,_T,dressing,167
2013,NUMBER,olovo,_T,dressing,143
2013,NUMBER,orasje,_T,dressing,166
2013,NUMBER,pale-fbih,_T,dressing,16
2013,NUMBER,posusje,_T,dressing,132
2013,NUMBER,prozor,_T,dressing,86
2013,NUMBER,ravno,_T,dressing,9
2013,NUMBER,sanski_most,_T,dressing,322
2013,NUMBER,sapna,_T,dressing,67
2013,NUMBER,srebrenik,_T,dressing,496
2013,NUMBER,stari_grad_sarajevo,_T,dressing,460
2013,NUMBER,stolac,_T,dressing,221
2013,NUMBER,siroki_brijeg,_T,dressing,188
2013,NUMBER,teocak,_T,dressing,63
2013,NUMBER,tesanj,_T,dressing,465
2013,NUMBER,tomislavgrad,_T,dressing,164
2013,NUMBER,travnik,_T,dressing,594
2013,NUMBER,trnovo-fbih,_T,dressing,22
2013,NUMBER,tuzla,_T,dressing,1716
2013,NUMBER,usora,_T,dressing,53
2013,NUMBER,vares,_T,dressing,160
2013,NUMBER,velika_kladusa,_T,dressing,423
2013,NUMBER,visoko,_T,dressing,432
2013,NUMBER,vitez,_T,dressing,275
2013,NUMBER,vogosca,_T,dressing,326
2013,NUMBER,zavidovici,_T,dressing,420
2013,NUMBER,zenica,_T,dressing,1202
2013,NUMBER,zepce,_T,dressing,232
2013,NUMBER,zivinice,_T,dressing,725
2013,NUMBER,banovici,M,dressing,81
2013,NUMBER,bihac,M,dressing,301
2013,NUMBER,bosanska_krupa,M,dressing,147
2013,NUMBER,bosanski_petrovac,M,dressing,57
2013,NUMBER,bosansko_grahovo,M,dressing,14
2013,NUMBER,breza,M,dressing,73
2013,NUMBER,bugojno,M,dressing,178
2013,NUMBER,busovaca,M,dressing,68
2013,NUMBER,buzim,M,dressing,103
2013,NUMBER,cazin,M,dressing,292
2013,NUMBER,centar_sarajevo,M,dressing,227
2013,NUMBER,capljina,M,dressing,115
2013,NUMBER,celic,M,dressing,50
2013,NUMBER,citluk,M,dressing,60
2013,NUMBER,doboj-istok,M,dressing,107
2013,NUMBER,doboj-jug,M,dressing,12
2013,NUMBER,dobretici,M,dressing,15
2013,NUMBER,domaljevac-samac,M,dressing,17
2013,NUMBER,donji_vakuf,M,dressing,65
2013,NUMBER,drvar,M,dressing,61
2013,NUMBER,foca-fbih,M,dressing,9
2013,NUMBER,fojnica,M,dressing,96
2013,NUMBER,glamoc,M,dressing,27
2013,NUMBER,gorazde,M,dressing,119
2013,NUMBER,gornji_vakuf-uskoplje,M,dressing,72
2013,NUMBER,gracanica,M,dressing,175
2013,NUMBER,gradacac,M,dressing,209
2013,NUMBER,grude,M,dressing,80
2013,NUMBER,hadzici,M,dressing,221
2013,NUMBER,ilidza,M,dressing,295
2013,NUMBER,ilijas,M,dressing,98
2013,NUMBER,jablanica,M,dressing,48
2013,NUMBER,jajce,M,dressing,115
2013,NUMBER,kakanj,M,dressing,182
2013,NUMBER,kalesija,M,dressing,155
2013,NUMBER,kiseljak,M,dressing,88
2013,NUMBER,kladanj,M,dressing,48
2013,NUMBER,kljuc,M,dressing,52
2013,NUMBER,konjic,M,dressing,109
2013,NUMBER,kresevo,M,dressing,27
2013,NUMBER,kupres-fbih,M,dressing,34
2013,NUMBER,livno,M,dressing,101
2013,NUMBER,lukavac,M,dressing,286
2013,NUMBER,ljubuski,M,dressing,101
2013,NUMBER,maglaj,M,dressing,86
2013,NUMBER,mostar,M,dressing,386
2013,NUMBER,neum,M,dressing,9
2013,NUMBER,novi_grad_sarajevo,M,dressing,544
2013,NUMBER,novi_travnik,M,dressing,112
2013,NUMBER,novo_sarajevo,M,dressing,286
2013,NUMBER,odzak,M,dressing,69
2013,NUMBER,olovo,M,dressing,58
2013,NUMBER,orasje,M,dressing,73
2013,NUMBER,pale-fbih,M,dressing,7
2013,NUMBER,posusje,M,dressing,58
2013,NUMBER,prozor,M,dressing,33
2013,NUMBER,ravno,M,dressing,2
2013,NUMBER,sanski_most,M,dressing,163
2013,NUMBER,sapna,M,dressing,34
2013,NUMBER,srebrenik,M,dressing,195
2013,NUMBER,stari_grad_sarajevo,M,dressing,185
2013,NUMBER,stolac,M,dressing,106
2013,NUMBER,siroki_brijeg,M,dressing,70
2013,NUMBER,teocak,M,dressing,32
2013,NUMBER,tesanj,M,dressing,186
2013,NUMBER,tomislavgrad,M,dressing,67
2013,NUMBER,travnik,M,dressing,249
2013,NUMBER,trnovo-fbih,M,dressing,7
2013,NUMBER,tuzla,M,dressing,682
2013,NUMBER,usora,M,dressing,22
2013,NUMBER,vares,M,dressing,61
2013,NUMBER,velika_kladusa,M,dressing,187
2013,NUMBER,visoko,M,dressing,189
2013,NUMBER,vitez,M,dressing,107
2013,NUMBER,vogosca,M,dressing,146
2013,NUMBER,zavidovici,M,dressing,197
2013,NUMBER,zenica,M,dressing,509
2013,NUMBER,zepce,M,dressing,111
2013,NUMBER,zivinice,M,dressing,299
2013,NUMBER,banovici,F,dressing,136
2013,NUMBER,bihac,F,dressing,354
2013,NUMBER,bosanska_krupa,F,dressing,151
2013,NUMBER,bosanski_petrovac,F,dressing,74
2013,NUMBER,bosansko_grahovo,F,dressing,33
2013,NUMBER,breza,F,dressing,94
2013,NUMBER,bugojno,F,dressing,184
2013,NUMBER,busovaca,F,dressing,66
2013,NUMBER,buzim,F,dressing,83
2013,NUMBER,cazin,F,dressing,308
2013,NUMBER,centar_sarajevo,F,dressing,408
2013,NUMBER,capljina,F,dressing,139
2013,NUMBER,celic,F,dressing,60
2013,NUMBER,citluk,F,dressing,106
2013,NUMBER,doboj-istok,F,dressing,110
2013,NUMBER,doboj-jug,F,dressing,17
2013,NUMBER,dobretici,F,dressing,7
2013,NUMBER,domaljevac-samac,F,dressing,25
2013,NUMBER,donji_vakuf,F,dressing,77
2013,NUMBER,drvar,F,dressing,78
2013,NUMBER,foca-fbih,F,dressing,11
2013,NUMBER,fojnica,F,dressing,124
2013,NUMBER,glamoc,F,dressing,33
2013,NUMBER,gorazde,F,dressing,175
2013,NUMBER,gornji_vakuf-uskoplje,F,dressing,73
2013,NUMBER,gracanica,F,dressing,260
2013,NUMBER,gradacac,F,dressing,253
2013,NUMBER,grude,F,dressing,113
2013,NUMBER,hadzici,F,dressing,228
2013,NUMBER,ilidza,F,dressing,472
2013,NUMBER,ilijas,F,dressing,148
2013,NUMBER,jablanica,F,dressing,53
2013,NUMBER,jajce,F,dressing,146
2013,NUMBER,kakanj,F,dressing,239
2013,NUMBER,kalesija,F,dressing,178
2013,NUMBER,kiseljak,F,dressing,128
2013,NUMBER,kladanj,F,dressing,67
2013,NUMBER,kljuc,F,dressing,84
2013,NUMBER,konjic,F,dressing,143
2013,NUMBER,kresevo,F,dressing,41
2013,NUMBER,kupres-fbih,F,dressing,47
2013,NUMBER,livno,F,dressing,145
2013,NUMBER,lukavac,F,dressing,388
2013,NUMBER,ljubuski,F,dressing,162
2013,NUMBER,maglaj,F,dressing,140
2013,NUMBER,mostar,F,dressing,584
2013,NUMBER,neum,F,dressing,19
2013,NUMBER,novi_grad_sarajevo,F,dressing,817
2013,NUMBER,novi_travnik,F,dressing,149
2013,NUMBER,novo_sarajevo,F,dressing,457
2013,NUMBER,odzak,F,dressing,98
2013,NUMBER,olovo,F,dressing,85
2013,NUMBER,orasje,F,dressing,93
2013,NUMBER,pale-fbih,F,dressing,9
2013,NUMBER,posusje,F,dressing,74
2013,NUMBER,prozor,F,dressing,53
2013,NUMBER,ravno,F,dressing,7
2013,NUMBER,sanski_most,F,dressing,159
2013,NUMBER,sapna,F,dressing,33
2013,NUMBER,srebrenik,F,dressing,301
2013,NUMBER,stari_grad_sarajevo,F,dressing,275
2013,NUMBER,stolac,F,dressing,115
2013,NUMBER,siroki_brijeg,F,dressing,118
2013,NUMBER,teocak,F,dressing,31
2013,NUMBER,tesanj,F,dressing,279
2013,NUMBER,tomislavgrad,F,dressing,97
2013,NUMBER,travnik,F,dressing,345
2013,NUMBER,trnovo-fbih,F,dressing,15
2013,NUMBER,tuzla,F,dressing,1034
2013,NUMBER,usora,F,dressing,31
2013,NUMBER,vares,F,dressing,99
2013,NUMBER,velika_kladusa,F,dressing,236
2013,NUMBER,visoko,F,dressing,243
2013,NUMBER,vitez,F,dressing,168
2013,NUMBER,vogosca,F,dressing,180
2013,NUMBER,zavidovici,F,dressing,223
2013,NUMBER,zenica,F,dressing,693
2013,NUMBER,zepce,F,dressing,121
2013,NUMBER,zivinice,F,dressing,426
2013,NUMBER,banovici,_T,communication,185
2013,NUMBER,bihac,_T,communication,491
2013,NUMBER,bosanska_krupa,_T,communication,269
2013,NUMBER,bosanski_petrovac,_T,communication,98
2013,NUMBER,bosansko_grahovo,_T,communication,31
2013,NUMBER,breza,_T,communication,132
2013,NUMBER,bugojno,_T,communication,305
2013,NUMBER,busovaca,_T,communication,114
2013,NUMBER,buzim,_T,communication,190
2013,NUMBER,cazin,_T,communication,583
2013,NUMBER,centar_sarajevo,_T,communication,386
2013,NUMBER,capljina,_T,communication,217
2013,NUMBER,celic,_T,communication,90
2013,NUMBER,citluk,_T,communication,130
2013,NUMBER,doboj-istok,_T,communication,214
2013,NUMBER,doboj-jug,_T,communication,23
2013,NUMBER,dobretici,_T,communication,27
2013,NUMBER,domaljevac-samac,_T,communication,44
2013,NUMBER,donji_vakuf,_T,communication,108
2013,NUMBER,drvar,_T,communication,100
2013,NUMBER,foca-fbih,_T,communication,17
2013,NUMBER,fojnica,_T,communication,604
2013,NUMBER,glamoc,_T,communication,44
2013,NUMBER,gorazde,_T,communication,226
2013,NUMBER,gornji_vakuf-uskoplje,_T,communication,164
2013,NUMBER,gracanica,_T,communication,335
2013,NUMBER,gradacac,_T,communication,356
2013,NUMBER,grude,_T,communication,172
2013,NUMBER,hadzici,_T,communication,405
2013,NUMBER,ilidza,_T,communication,537
2013,NUMBER,ilijas,_T,communication,212
2013,NUMBER,jablanica,_T,communication,85
2013,NUMBER,jajce,_T,communication,206
2013,NUMBER,kakanj,_T,communication,320
2013,NUMBER,kalesija,_T,communication,275
2013,NUMBER,kiseljak,_T,communication,177
2013,NUMBER,kladanj,_T,communication,100
2013,NUMBER,kljuc,_T,communication,100
2013,NUMBER,konjic,_T,communication,208
2013,NUMBER,kresevo,_T,communication,45
2013,NUMBER,kupres-fbih,_T,communication,87
2013,NUMBER,livno,_T,communication,209
2013,NUMBER,lukavac,_T,communication,497
2013,NUMBER,ljubuski,_T,communication,230
2013,NUMBER,maglaj,_T,communication,224
2013,NUMBER,mostar,_T,communication,816
2013,NUMBER,neum,_T,communication,22
2013,NUMBER,novi_grad_sarajevo,_T,communication,956
2013,NUMBER,novi_travnik,_T,communication,210
2013,NUMBER,novo_sarajevo,_T,communication,505
2013,NUMBER,odzak,_T,communication,141
2013,NUMBER,olovo,_T,communication,115
2013,NUMBER,orasje,_T,communication,152
2013,NUMBER,pale-fbih,_T,communication,8
2013,NUMBER,posusje,_T,communication,147
2013,NUMBER,prozor,_T,communication,87
2013,NUMBER,ravno,_T,communication,13
2013,NUMBER,sanski_most,_T,communication,328
2013,NUMBER,sapna,_T,communication,58
2013,NUMBER,srebrenik,_T,communication,427
2013,NUMBER,stari_grad_sarajevo,_T,communication,367
2013,NUMBER,stolac,_T,communication,171
2013,NUMBER,siroki_brijeg,_T,communication,181
2013,NUMBER,teocak,_T,communication,49
2013,NUMBER,tesanj,_T,communication,356
2013,NUMBER,tomislavgrad,_T,communication,155
2013,NUMBER,travnik,_T,communication,440
2013,NUMBER,trnovo-fbih,_T,communication,17
2013,NUMBER,tuzla,_T,communication,1319
2013,NUMBER,usora,_T,communication,45
2013,NUMBER,vares,_T,communication,107
2013,NUMBER,velika_kladusa,_T,communication,408
2013,NUMBER,visoko,_T,communication,327
2013,NUMBER,vitez,_T,communication,216
2013,NUMBER,vogosca,_T,communication,252
2013,NUMBER,zavidovici,_T,communication,369
2013,NUMBER,zenica,_T,communication,958
2013,NUMBER,zepce,_T,communication,243
2013,NUMBER,zivinice,_T,communication,643
2013,NUMBER,banovici,M,communication,76
2013,NUMBER,bihac,M,communication,256
2013,NUMBER,bosanska_krupa,M,communication,138
2013,NUMBER,bosanski_petrovac,M,communication,47
2013,NUMBER,bosansko_grahovo,M,communication,13
2013,NUMBER,breza,M,communication,70
2013,NUMBER,bugojno,M,communication,152
2013,NUMBER,busovaca,M,communication,65
2013,NUMBER,buzim,M,communication,106
2013,NUMBER,cazin,M,communication,312
2013,NUMBER,centar_sarajevo,M,communication,169
2013,NUMBER,capljina,M,communication,116
2013,NUMBER,celic,M,communication,41
2013,NUMBER,citluk,M,communication,56
2013,NUMBER,doboj-istok,M,communication,106
2013,NUMBER,doboj-jug,M,communication,10
2013,NUMBER,dobretici,M,communication,18
2013,NUMBER,domaljevac-samac,M,communication,26
2013,NUMBER,donji_vakuf,M,communication,47
2013,NUMBER,drvar,M,communication,46
2013,NUMBER,foca-fbih,M,communication,8
2013,NUMBER,fojnica,M,communication,344
2013,NUMBER,glamoc,M,communication,22
2013,NUMBER,gorazde,M,communication,92
2013,NUMBER,gornji_vakuf-uskoplje,M,communication,83
2013,NUMBER,gracanica,M,communication,167
2013,NUMBER,gradacac,M,communication,174
2013,NUMBER,grude,M,communication,68
2013,NUMBER,hadzici,M,communication,209
2013,NUMBER,ilidza,M,communication,257
2013,NUMBER,ilijas,M,communication,105
2013,NUMBER,jablanica,M,communication,44
2013,NUMBER,jajce,M,communication,104
2013,NUMBER,kakanj,M,communication,165
2013,NUMBER,kalesija,M,communication,139
2013,NUMBER,kiseljak,M,communication,85
2013,NUMBER,kladanj,M,communication,50
2013,NUMBER,kljuc,M,communication,44
2013,NUMBER,konjic,M,communication,101
2013,NUMBER,kresevo,M,communication,24
2013,NUMBER,kupres-fbih,M,communication,38
2013,NUMBER,livno,M,communication,97
2013,NUMBER,lukavac,M,communication,234
2013,NUMBER,ljubuski,M,communication,114
2013,NUMBER,maglaj,M,communication,92
2013,NUMBER,mostar,M,communication,379
2013,NUMBER,neum,M,communication,7
2013,NUMBER,novi_grad_sarajevo,M,communication,440
2013,NUMBER,novi_travnik,M,communication,96
2013,NUMBER,novo_sarajevo,M,communication,227
2013,NUMBER,odzak,M,communication,62
2013,NUMBER,olovo,M,communication,47
2013,NUMBER,orasje,M,communication,77
2013,NUMBER,pale-fbih,M,communication,3
2013,NUMBER,posusje,M,communication,80
2013,NUMBER,prozor,M,communication,42
2013,NUMBER,ravno,M,communication,6
2013,NUMBER,sanski_most,M,communication,177
2013,NUMBER,sapna,M,communication,34
2013,NUMBER,srebrenik,M,communication,211
2013,NUMBER,stari_grad_sarajevo,M,communication,170
2013,NUMBER,stolac,M,communication,87
2013,NUMBER,siroki_brijeg,M,communication,94
2013,NUMBER,teocak,M,communication,28
2013,NUMBER,tesanj,M,communication,162
2013,NUMBER,tomislavgrad,M,communication,74
2013,NUMBER,travnik,M,communication,210
2013,NUMBER,trnovo-fbih,M,communication,7
2013,NUMBER,tuzla,M,communication,619
2013,NUMBER,usora,M,communication,22
2013,NUMBER,vares,M,communication,52
2013,NUMBER,velika_kladusa,M,communication,209
2013,NUMBER,visoko,M,communication,160
2013,NUMBER,vitez,M,communication,102
2013,NUMBER,vogosca,M,communication,128
2013,NUMBER,zavidovici,M,communication,184
2013,NUMBER,zenica,M,communication,484
2013,NUMBER,zepce,M,communication,128
2013,NUMBER,zivinice,M,communication,308
2013,NUMBER,banovici,F,communication,109
2013,NUMBER,bihac,F,communication,235
2013,NUMBER,bosanska_krupa,F,communication,131
2013,NUMBER,bosanski_petrovac,F,communication,51
2013,NUMBER,bosansko_grahovo,F,communication,18
2013,NUMBER,breza,F,communication,62
2013,NUMBER,bugojno,F,communication,153
2013,NUMBER,busovaca,F,communication,49
2013,NUMBER,buzim,F,communication,84
2013,NUMBER,cazin,F,communication,271
2013,NUMBER,centar_sarajevo,F,communication,217
2013,NUMBER,capljina,F,communication,101
2013,NUMBER,celic,F,communication,49
2013,NUMBER,citluk,F,communication,74
2013,NUMBER,doboj-istok,F,communication,108
2013,NUMBER,doboj-jug,F,communication,13
2013,NUMBER,dobretici,F,communication,9
2013,NUMBER,domaljevac-samac,F,communication,18
2013,NUMBER,donji_vakuf,F,communication,61
2013,NUMBER,drvar,F,communication,54
2013,NUMBER,foca-fbih,F,communication,9
2013,NUMBER,fojnica,F,communication,260
2013,NUMBER,glamoc,F,communication,22
2013,NUMBER,gorazde,F,communication,134
2013,NUMBER,gornji_vakuf-uskoplje,F,communication,81
2013,NUMBER,gracanica,F,communication,168
2013,NUMBER,gradacac,F,communication,182
2013,NUMBER,grude,F,communication,104
2013,NUMBER,hadzici,F,communication,196
2013,NUMBER,ilidza,F,communication,280
2013,NUMBER,ilijas,F,communication,107
2013,NUMBER,jablanica,F,communication,41
2013,NUMBER,jajce,F,communication,102
2013,NUMBER,kakanj,F,communication,155
2013,NUMBER,kalesija,F,communication,136
2013,NUMBER,kiseljak,F,communication,92
2013,NUMBER,kladanj,F,communication,50
2013,NUMBER,kljuc,F,communication,56
2013,NUMBER,konjic,F,communication,107
2013,NUMBER,kresevo,F,communication,21
2013,NUMBER,kupres-fbih,F,communication,49
2013,NUMBER,livno,F,communication,112
2013,NUMBER,lukavac,F,communication,263
2013,NUMBER,ljubuski,F,communication,116
2013,NUMBER,maglaj,F,communication,132
2013,NUMBER,mostar,F,communication,437
2013,NUMBER,neum,F,communication,15
2013,NUMBER,novi_grad_sarajevo,F,communication,516
2013,NUMBER,novi_travnik,F,communication,114
2013,NUMBER,novo_sarajevo,F,communication,278
2013,NUMBER,odzak,F,communication,79
2013,NUMBER,olovo,F,communication,68
2013,NUMBER,orasje,F,communication,75
2013,NUMBER,pale-fbih,F,communication,5
2013,NUMBER,posusje,F,communication,67
2013,NUMBER,prozor,F,communication,45
2013,NUMBER,ravno,F,communication,7
2013,NUMBER,sanski_most,F,communication,151
2013,NUMBER,sapna,F,communication,24
2013,NUMBER,srebrenik,F,communication,216
2013,NUMBER,stari_grad_sarajevo,F,communication,197
2013,NUMBER,stolac,F,communication,84
2013,NUMBER,siroki_brijeg,F,communication,87
2013,NUMBER,teocak,F,communication,21
2013,NUMBER,tesanj,F,communication,194
2013,NUMBER,tomislavgrad,F,communication,81
2013,NUMBER,travnik,F,communication,230
2013,NUMBER,trnovo-fbih,F,communication,10
2013,NUMBER,tuzla,F,communication,700
2013,NUMBER,usora,F,communication,23
2013,NUMBER,vares,F,communication,55
2013,NUMBER,velika_kladusa,F,communication,199
2013,NUMBER,visoko,F,communication,167
2013,NUMBER,vitez,F,communication,114
2013,NUMBER,vogosca,F,communication,124
2013,NUMBER,zavidovici,F,communication,185
2013,NUMBER,zenica,F,communication,474
2013,NUMBER,zepce,F,communication,115
2013,NUMBER,zivinice,F,communication,335
2013,NUMBER,banovici,_T,multiple_disabilities,640
2013,NUMBER,bihac,_T,multiple_disabilities,1780
2013,NUMBER,bosanska_krupa,_T,multiple_disabilities,911
2013,NUMBER,bosanski_petrovac,_T,multiple_disabilities,272
2013,NUMBER,bosansko_grahovo,_T,multiple_disabilities,148
2013,NUMBER,breza,_T,multiple_disabilities,442
2013,NUMBER,bugojno,_T,multiple_disabilities,921
2013,NUMBER,busovaca,_T,multiple_disabilities,450
2013,NUMBER,buzim,_T,multiple_disabilities,438
2013,NUMBER,cazin,_T,multiple_disabilities,1654
2013,NUMBER,centar_sarajevo,_T,multiple_disabilities,1789
2013,NUMBER,capljina,_T,multiple_disabilities,647
2013,NUMBER,celic,_T,multiple_disabilities,427
2013,NUMBER,citluk,_T,multiple_disabilities,418
2013,NUMBER,doboj-istok,_T,multiple_disabilities,403
2013,NUMBER,doboj-jug,_T,multiple_disabilities,115
2013,NUMBER,dobretici,_T,multiple_disabilities,65
2013,NUMBER,domaljevac-samac,_T,multiple_disabilities,171
2013,NUMBER,donji_vakuf,_T,multiple_disabilities,406
2013,NUMBER,drvar,_T,multiple_disabilities,398
2013,NUMBER,foca-fbih,_T,multiple_disabilities,72
2013,NUMBER,fojnica,_T,multiple_disabilities,946
2013,NUMBER,glamoc,_T,multiple_disabilities,203
2013,NUMBER,gorazde,_T,multiple_disabilities,907
2013,NUMBER,gornji_vakuf-uskoplje,_T,multiple_disabilities,478
2013,NUMBER,gracanica,_T,multiple_disabilities,1298
2013,NUMBER,gradacac,_T,multiple_disabilities,1151
2013,NUMBER,grude,_T,multiple_disabilities,377
2013,NUMBER,hadzici,_T,multiple_disabilities,973
2013,NUMBER,ilidza,_T,multiple_disabilities,1907
2013,NUMBER,ilijas,_T,multiple_disabilities,660
2013,NUMBER,jablanica,_T,multiple_disabilities,274
2013,NUMBER,jajce,_T,multiple_disabilities,757
2013,NUMBER,kakanj,_T,multiple_disabilities,898
2013,NUMBER,kalesija,_T,multiple_disabilities,1179
2013,NUMBER,kiseljak,_T,multiple_disabilities,569
2013,NUMBER,kladanj,_T,multiple_disabilities,389
2013,NUMBER,kljuc,_T,multiple_disabilities,349
2013,NUMBER,konjic,_T,multiple_disabilities,720
2013,NUMBER,kresevo,_T,multiple_disabilities,164
2013,NUMBER,kupres-fbih,_T,multiple_disabilities,141
2013,NUMBER,livno,_T,multiple_disabilities,595
2013,NUMBER,lukavac,_T,multiple_disabilities,2034
2013,NUMBER,ljubuski,_T,multiple_disabilities,633
2013,NUMBER,maglaj,_T,multiple_disabilities,770
2013,NUMBER,mostar,_T,multiple_disabilities,2580
2013,NUMBER,neum,_T,multiple_disabilities,107
2013,NUMBER,novi_grad_sarajevo,_T,multiple_disabilities,3772
2013,NUMBER,novi_travnik,_T,multiple_disabilities,714
2013,NUMBER,novo_sarajevo,_T,multiple_disabilities,1938
2013,NUMBER,odzak,_T,multiple_disabilities,393
2013,NUMBER,olovo,_T,multiple_disabilities,431
2013,NUMBER,orasje,_T,multiple_disabilities,563
2013,NUMBER,pale-fbih,_T,multiple_disabilities,51
2013,NUMBER,posusje,_T,multiple_disabilities,398
2013,NUMBER,prozor,_T,multiple_disabilities,232
2013,NUMBER,ravno,_T,multiple_disabilities,40
2013,NUMBER,sanski_most,_T,multiple_disabilities,831
2013,NUMBER,sapna,_T,multiple_disabilities,215
2013,NUMBER,srebrenik,_T,multiple_disabilities,1583
2013,NUMBER,stari_grad_sarajevo,_T,multiple_disabilities,1390
2013,NUMBER,stolac,_T,multiple_disabilities,430
2013,NUMBER,siroki_brijeg,_T,multiple_disabilities,486
2013,NUMBER,teocak,_T,multiple_disabilities,177
2013,NUMBER,tesanj,_T,multiple_disabilities,1103
2013,NUMBER,tomislavgrad,_T,multiple_disabilities,368
2013,NUMBER,travnik,_T,multiple_disabilities,1480
2013,NUMBER,trnovo-fbih,_T,multiple_disabilities,74
2013,NUMBER,tuzla,_T,multiple_disabilities,5315
2013,NUMBER,usora,_T,multiple_disabilities,148
2013,NUMBER,vares,_T,multiple_disabilities,482
2013,NUMBER,velika_kladusa,_T,multiple_disabilities,1323
2013,NUMBER,visoko,_T,multiple_disabilities,1069
2013,NUMBER,vitez,_T,multiple_disabilities,737
2013,NUMBER,vogosca,_T,multiple_disabilities,939
2013,NUMBER,zavidovici,_T,multiple_disabilities,1338
2013,NUMBER,zenica,_T,multiple_disabilities,3314
2013,NUMBER,zepce,_T,multiple_disabilities,814
2013,NUMBER,zivinice,_T,multiple_disabilities,2382
2013,NUMBER,banovici,M,multiple_disabilities,229
2013,NUMBER,bihac,M,multiple_disabilities,782
2013,NUMBER,bosanska_krupa,M,multiple_disabilities,431
2013,NUMBER,bosanski_petrovac,M,multiple_disabilities,117
2013,NUMBER,bosansko_grahovo,M,multiple_disabilities,56
2013,NUMBER,breza,M,multiple_disabilities,194
2013,NUMBER,bugojno,M,multiple_disabilities,408
2013,NUMBER,busovaca,M,multiple_disabilities,206
2013,NUMBER,buzim,M,multiple_disabilities,228
2013,NUMBER,cazin,M,multiple_disabilities,779
2013,NUMBER,centar_sarajevo,M,multiple_disabilities,668
2013,NUMBER,capljina,M,multiple_disabilities,293
2013,NUMBER,celic,M,multiple_disabilities,185
2013,NUMBER,citluk,M,multiple_disabilities,179
2013,NUMBER,doboj-istok,M,multiple_disabilities,186
2013,NUMBER,doboj-jug,M,multiple_disabilities,52
2013,NUMBER,dobretici,M,multiple_disabilities,42
2013,NUMBER,domaljevac-samac,M,multiple_disabilities,81
2013,NUMBER,donji_vakuf,M,multiple_disabilities,200
2013,NUMBER,drvar,M,multiple_disabilities,148
2013,NUMBER,foca-fbih,M,multiple_disabilities,31
2013,NUMBER,fojnica,M,multiple_disabilities,477
2013,NUMBER,glamoc,M,multiple_disabilities,89
2013,NUMBER,gorazde,M,multiple_disabilities,372
2013,NUMBER,gornji_vakuf-uskoplje,M,multiple_disabilities,215
2013,NUMBER,gracanica,M,multiple_disabilities,551
2013,NUMBER,gradacac,M,multiple_disabilities,487
2013,NUMBER,grude,M,multiple_disabilities,159
2013,NUMBER,hadzici,M,multiple_disabilities,446
2013,NUMBER,ilidza,M,multiple_disabilities,763
2013,NUMBER,ilijas,M,multiple_disabilities,275
2013,NUMBER,jablanica,M,multiple_disabilities,112
2013,NUMBER,jajce,M,multiple_disabilities,337
2013,NUMBER,kakanj,M,multiple_disabilities,371
2013,NUMBER,kalesija,M,multiple_disabilities,521
2013,NUMBER,kiseljak,M,multiple_disabilities,245
2013,NUMBER,kladanj,M,multiple_disabilities,156
2013,NUMBER,kljuc,M,multiple_disabilities,143
2013,NUMBER,konjic,M,multiple_disabilities,300
2013,NUMBER,kresevo,M,multiple_disabilities,61
2013,NUMBER,kupres-fbih,M,multiple_disabilities,57
2013,NUMBER,livno,M,multiple_disabilities,265
2013,NUMBER,lukavac,M,multiple_disabilities,794
2013,NUMBER,ljubuski,M,multiple_disabilities,258
2013,NUMBER,maglaj,M,multiple_disabilities,313
2013,NUMBER,mostar,M,multiple_disabilities,1081
2013,NUMBER,neum,M,multiple_disabilities,41
2013,NUMBER,novi_grad_sarajevo,M,multiple_disabilities,1445
2013,NUMBER,novi_travnik,M,multiple_disabilities,329
2013,NUMBER,novo_sarajevo,M,multiple_disabilities,722
2013,NUMBER,odzak,M,multiple_disabilities,169
2013,NUMBER,olovo,M,multiple_disabilities,153
2013,NUMBER,orasje,M,multiple_disabilities,232
2013,NUMBER,pale-fbih,M,multiple_disabilities,20
2013,NUMBER,posusje,M,multiple_disabilities,210
2013,NUMBER,prozor,M,multiple_disabilities,97
2013,NUMBER,ravno,M,multiple_disabilities,15
2013,NUMBER,sanski_most,M,multiple_disabilities,376
2013,NUMBER,sapna,M,multiple_disabilities,102
2013,NUMBER,srebrenik,M,multiple_disabilities,613
2013,NUMBER,stari_grad_sarajevo,M,multiple_disabilities,536
2013,NUMBER,stolac,M,multiple_disabilities,192
2013,NUMBER,siroki_brijeg,M,multiple_disabilities,205
2013,NUMBER,teocak,M,multiple_disabilities,70
2013,NUMBER,tesanj,M,multiple_disabilities,451
2013,NUMBER,tomislavgrad,M,multiple_disabilities,159
2013,NUMBER,travnik,M,multiple_disabilities,616
2013,NUMBER,trnovo-fbih,M,multiple_disabilities,31
2013,NUMBER,tuzla,M,multiple_disabilities,2063
2013,NUMBER,usora,M,multiple_disabilities,59
2013,NUMBER,vares,M,multiple_disabilities,189
2013,NUMBER,velika_kladusa,M,multiple_disabilities,588
2013,NUMBER,visoko,M,multiple_disabilities,464
2013,NUMBER,vitez,M,multiple_disabilities,305
2013,NUMBER,vogosca,M,multiple_disabilities,392
2013,NUMBER,zavidovici,M,multiple_disabilities,583
2013,NUMBER,zenica,M,multiple_disabilities,1372
2013,NUMBER,zepce,M,multiple_disabilities,347
2013,NUMBER,zivinice,M,multiple_disabilities,984
2013,NUMBER,banovici,F,multiple_disabilities,411
2013,NUMBER,bihac,F,multiple_disabilities,998
2013,NUMBER,bosanska_krupa,F,multiple_disabilities,480
2013,NUMBER,bosanski_petrovac,F,multiple_disabilities,155
2013,NUMBER,bosansko_grahovo,F,multiple_disabilities,92
2013,NUMBER,breza,F,multiple_disabilities,248
2013,NUMBER,bugojno,F,multiple_disabilities,513
2013,NUMBER,busovaca,F,multiple_disabilities,244
2013,NUMBER,buzim,F,multiple_disabilities,210
2013,NUMBER,cazin,F,multiple_disabilities,875
2013,NUMBER,centar_sarajevo,F,multiple_disabilities,1121
2013,NUMBER,capljina,F,multiple_disabilities,354
2013,NUMBER,celic,F,multiple_disabilities,242
2013,NUMBER,citluk,F,multiple_disabilities,239
2013,NUMBER,doboj-istok,F,multiple_disabilities,217
2013,NUMBER,doboj-jug,F,multiple_disabilities,63
2013,NUMBER,dobretici,F,multiple_disabilities,23
2013,NUMBER,domaljevac-samac,F,multiple_disabilities,90
2013,NUMBER,donji_vakuf,F,multiple_disabilities,206
2013,NUMBER,drvar,F,multiple_disabilities,250
2013,NUMBER,foca-fbih,F,multiple_disabilities,41
2013,NUMBER,fojnica,F,multiple_disabilities,469
2013,NUMBER,glamoc,F,multiple_disabilities,114
2013,NUMBER,gorazde,F,multiple_disabilities,535
2013,NUMBER,gornji_vakuf-uskoplje,F,multiple_disabilities,263
2013,NUMBER,gracanica,F,multiple_disabilities,747
2013,NUMBER,gradacac,F,multiple_disabilities,664
2013,NUMBER,grude,F,multiple_disabilities,218
2013,NUMBER,hadzici,F,multiple_disabilities,527
2013,NUMBER,ilidza,F,multiple_disabilities,1144
2013,NUMBER,ilijas,F,multiple_disabilities,385
2013,NUMBER,jablanica,F,multiple_disabilities,162
2013,NUMBER,jajce,F,multiple_disabilities,420
2013,NUMBER,kakanj,F,multiple_disabilities,527
2013,NUMBER,kalesija,F,multiple_disabilities,658
2013,NUMBER,kiseljak,F,multiple_disabilities,324
2013,NUMBER,kladanj,F,multiple_disabilities,233
2013,NUMBER,kljuc,F,multiple_disabilities,206
2013,NUMBER,konjic,F,multiple_disabilities,420
2013,NUMBER,kresevo,F,multiple_disabilities,103
2013,NUMBER,kupres-fbih,F,multiple_disabilities,84
2013,NUMBER,livno,F,multiple_disabilities,330
2013,NUMBER,lukavac,F,multiple_disabilities,1240
2013,NUMBER,ljubuski,F,multiple_disabilities,375
2013,NUMBER,maglaj,F,multiple_disabilities,457
2013,NUMBER,mostar,F,multiple_disabilities,1499
2013,NUMBER,neum,F,multiple_disabilities,66
2013,NUMBER,novi_grad_sarajevo,F,multiple_disabilities,2327
2013,NUMBER,novi_travnik,F,multiple_disabilities,385
2013,NUMBER,novo_sarajevo,F,multiple_disabilities,1216
2013,NUMBER,odzak,F,multiple_disabilities,224
2013,NUMBER,olovo,F,multiple_disabilities,278
2013,NUMBER,orasje,F,multiple_disabilities,331
2013,NUMBER,pale-fbih,F,multiple_disabilities,31
2013,NUMBER,posusje,F,multiple_disabilities,188
2013,NUMBER,prozor,F,multiple_disabilities,135
2013,NUMBER,ravno,F,multiple_disabilities,25
2013,NUMBER,sanski_most,F,multiple_disabilities,455
2013,NUMBER,sapna,F,multiple_disabilities,113
2013,NUMBER,srebrenik,F,multiple_disabilities,970
2013,NUMBER,stari_grad_sarajevo,F,multiple_disabilities,854
2013,NUMBER,stolac,F,multiple_disabilities,238
2013,NUMBER,siroki_brijeg,F,multiple_disabilities,281
2013,NUMBER,teocak,F,multiple_disabilities,107
2013,NUMBER,tesanj,F,multiple_disabilities,652
2013,NUMBER,tomislavgrad,F,multiple_disabilities,209
2013,NUMBER,travnik,F,multiple_disabilities,864
2013,NUMBER,trnovo-fbih,F,multiple_disabilities,43
2013,NUMBER,tuzla,F,multiple_disabilities,3252
2013,NUMBER,usora,F,multiple_disabilities,89
2013,NUMBER,vares,F,multiple_disabilities,293
2013,NUMBER,velika_kladusa,F,multiple_disabilities,735
2013,NUMBER,visoko,F,multiple_disabilities,605
2013,NUMBER,vitez,F,multiple_disabilities,432
2013,NUMBER,vogosca,F,multiple_disabilities,547
2013,NUMBER,zavidovici,F,multiple_disabilities,755
2013,NUMBER,zenica,F,multiple_disabilities,1942
2013,NUMBER,zepce,F,multiple_disabilities,467
2013,NUMBER,zivinice,F,multiple_disabilities,1398
