Year,UNIT_MEASURE,Admin_Area,SEX,Unnamed: 5,Unnamed: 6,Unnamed: 7,Value
1998.0,NUMBER,federation_of_bih,_T,,,,483426.0
1998.0,NUMBER,una-sana_canton,_T,,,,19062.0
1998.0,NUMBER,posavina_canton,_T,,,,400.0
1998.0,NUMBER,tuzla_canton,_T,,,,52338.0
1998.0,NUMBER,zenica-doboj_canton,_T,,,,166900.0
1998.0,NUMBER,bosnian-podrinje_canton,_T,,,,
1998.0,NUMBER,central_bosnia_canton,_T,,,,19686.0
1998.0,NUMBER,herzegovina-neretva_canton,_T,,,,18032.0
1998.0,NUMBER,west_herzegovina_canton,_T,,,,
1998.0,NUMBER,sarajevo_canton,_T,,,,205599.0
1998.0,NUMBER,canton_10,_T,,,,1409.0
1998.0,NUMBER,federation_of_bih,M,,,,256508.0
1998.0,NUMBER,una-sana_canton,M,,,,8518.0
1998.0,NUMBER,posavina_canton,M,,,,167.0
1998.0,NUMBER,tuzla_canton,M,,,,25383.0
1998.0,NUMBER,zenica-doboj_canton,M,,,,93367.0
1998.0,NUMBER,bosnian-podrinje_canton,M,,,,
1998.0,NUMBER,central_bosnia_canton,M,,,,8634.0
1998.0,NUMBER,herzegovina-neretva_canton,M,,,,7469.0
1998.0,NUMBER,west_herzegovina_canton,M,,,,
1998.0,NUMBER,sarajevo_canton,M,,,,112504.0
1998.0,NUMBER,canton_10,M,,,,466.0
1998.0,NUMBER,federation_of_bih,F,,,,226918.0
1998.0,NUMBER,una-sana_canton,F,,,,10544.0
1998.0,NUMBER,posavina_canton,F,,,,233.0
1998.0,NUMBER,tuzla_canton,F,,,,26955.0
1998.0,NUMBER,zenica-doboj_canton,F,,,,73533.0
1998.0,NUMBER,bosnian-podrinje_canton,F,,,,
1998.0,NUMBER,central_bosnia_canton,F,,,,11052.0
1998.0,NUMBER,herzegovina-neretva_canton,F,,,,10563.0
1998.0,NUMBER,west_herzegovina_canton,F,,,,
1998.0,NUMBER,sarajevo_canton,F,,,,93095.0
1998.0,NUMBER,canton_10,F,,,,943.0
1999.0,NUMBER,federation_of_bih,_T,,,,316644.0
1999.0,NUMBER,una-sana_canton,_T,,,,8787.0
1999.0,NUMBER,posavina_canton,_T,,,,911.0
1999.0,NUMBER,tuzla_canton,_T,,,,49938.0
1999.0,NUMBER,zenica-doboj_canton,_T,,,,122126.0
1999.0,NUMBER,bosnian-podrinje_canton,_T,,,,
1999.0,NUMBER,central_bosnia_canton,_T,,,,25288.0
1999.0,NUMBER,herzegovina-neretva_canton,_T,,,,33768.0
1999.0,NUMBER,west_herzegovina_canton,_T,,,,1198.0
1999.0,NUMBER,sarajevo_canton,_T,,,,71624.0
1999.0,NUMBER,canton_10,_T,,,,3004.0
1999.0,NUMBER,federation_of_bih,M,,,,158297.0
1999.0,NUMBER,una-sana_canton,M,,,,4056.0
1999.0,NUMBER,posavina_canton,M,,,,459.0
1999.0,NUMBER,tuzla_canton,M,,,,24031.0
1999.0,NUMBER,zenica-doboj_canton,M,,,,52694.0
1999.0,NUMBER,bosnian-podrinje_canton,M,,,,
1999.0,NUMBER,central_bosnia_canton,M,,,,11153.0
1999.0,NUMBER,herzegovina-neretva_canton,M,,,,18834.0
1999.0,NUMBER,west_herzegovina_canton,M,,,,830.0
1999.0,NUMBER,sarajevo_canton,M,,,,45340.0
1999.0,NUMBER,canton_10,M,,,,901.0
1999.0,NUMBER,federation_of_bih,F,,,,158347.0
1999.0,NUMBER,una-sana_canton,F,,,,4731.0
1999.0,NUMBER,posavina_canton,F,,,,452.0
1999.0,NUMBER,tuzla_canton,F,,,,25907.0
1999.0,NUMBER,zenica-doboj_canton,F,,,,69432.0
1999.0,NUMBER,bosnian-podrinje_canton,F,,,,
1999.0,NUMBER,central_bosnia_canton,F,,,,14135.0
1999.0,NUMBER,herzegovina-neretva_canton,F,,,,14934.0
1999.0,NUMBER,west_herzegovina_canton,F,,,,368.0
1999.0,NUMBER,sarajevo_canton,F,,,,26284.0
1999.0,NUMBER,canton_10,F,,,,2103.0
2000.0,NUMBER,federation_of_bih,_T,,,,283785.0
2000.0,NUMBER,una-sana_canton,_T,,,,11514.0
2000.0,NUMBER,posavina_canton,_T,,,,1759.0
2000.0,NUMBER,tuzla_canton,_T,,,,51918.0
2000.0,NUMBER,zenica-doboj_canton,_T,,,,84090.0
2000.0,NUMBER,bosnian-podrinje_canton,_T,,,,
2000.0,NUMBER,central_bosnia_canton,_T,,,,28632.0
2000.0,NUMBER,herzegovina-neretva_canton,_T,,,,25754.0
2000.0,NUMBER,west_herzegovina_canton,_T,,,,1198.0
2000.0,NUMBER,sarajevo_canton,_T,,,,76363.0
2000.0,NUMBER,canton_10,_T,,,,2557.0
2000.0,NUMBER,federation_of_bih,M,,,,150741.0
2000.0,NUMBER,una-sana_canton,M,,,,3628.0
2000.0,NUMBER,posavina_canton,M,,,,900.0
2000.0,NUMBER,tuzla_canton,M,,,,25809.0
2000.0,NUMBER,zenica-doboj_canton,M,,,,45290.0
2000.0,NUMBER,bosnian-podrinje_canton,M,,,,
2000.0,NUMBER,central_bosnia_canton,M,,,,11909.0
2000.0,NUMBER,herzegovina-neretva_canton,M,,,,10760.0
2000.0,NUMBER,west_herzegovina_canton,M,,,,830.0
2000.0,NUMBER,sarajevo_canton,M,,,,50388.0
2000.0,NUMBER,canton_10,M,,,,1227.0
2000.0,NUMBER,federation_of_bih,F,,,,133044.0
2000.0,NUMBER,una-sana_canton,F,,,,7886.0
2000.0,NUMBER,posavina_canton,F,,,,859.0
2000.0,NUMBER,tuzla_canton,F,,,,26109.0
2000.0,NUMBER,zenica-doboj_canton,F,,,,38800.0
2000.0,NUMBER,bosnian-podrinje_canton,F,,,,
2000.0,NUMBER,central_bosnia_canton,F,,,,16723.0
2000.0,NUMBER,herzegovina-neretva_canton,F,,,,14994.0
2000.0,NUMBER,west_herzegovina_canton,F,,,,368.0
2000.0,NUMBER,sarajevo_canton,F,,,,25975.0
2000.0,NUMBER,canton_10,F,,,,1330.0
2001.0,NUMBER,federation_of_bih,_T,,,,290612.0
2001.0,NUMBER,una-sana_canton,_T,,,,11912.0
2001.0,NUMBER,posavina_canton,_T,,,,1156.0
2001.0,NUMBER,tuzla_canton,_T,,,,28365.0
2001.0,NUMBER,zenica-doboj_canton,_T,,,,94505.0
2001.0,NUMBER,bosnian-podrinje_canton,_T,,,,
2001.0,NUMBER,central_bosnia_canton,_T,,,,21221.0
2001.0,NUMBER,herzegovina-neretva_canton,_T,,,,27091.0
2001.0,NUMBER,west_herzegovina_canton,_T,,,,627.0
2001.0,NUMBER,sarajevo_canton,_T,,,,103226.0
2001.0,NUMBER,canton_10,_T,,,,2509.0
2001.0,NUMBER,federation_of_bih,M,,,,174528.0
2001.0,NUMBER,una-sana_canton,M,,,,6205.0
2001.0,NUMBER,posavina_canton,M,,,,481.0
2001.0,NUMBER,tuzla_canton,M,,,,11941.0
2001.0,NUMBER,zenica-doboj_canton,M,,,,51720.0
2001.0,NUMBER,bosnian-podrinje_canton,M,,,,
2001.0,NUMBER,central_bosnia_canton,M,,,,9183.0
2001.0,NUMBER,herzegovina-neretva_canton,M,,,,12154.0
2001.0,NUMBER,west_herzegovina_canton,M,,,,304.0
2001.0,NUMBER,sarajevo_canton,M,,,,81369.0
2001.0,NUMBER,canton_10,M,,,,1171.0
2001.0,NUMBER,federation_of_bih,F,,,,116084.0
2001.0,NUMBER,una-sana_canton,F,,,,5707.0
2001.0,NUMBER,posavina_canton,F,,,,675.0
2001.0,NUMBER,tuzla_canton,F,,,,16424.0
2001.0,NUMBER,zenica-doboj_canton,F,,,,42785.0
2001.0,NUMBER,bosnian-podrinje_canton,F,,,,
2001.0,NUMBER,central_bosnia_canton,F,,,,12038.0
2001.0,NUMBER,herzegovina-neretva_canton,F,,,,14937.0
2001.0,NUMBER,west_herzegovina_canton,F,,,,323.0
2001.0,NUMBER,sarajevo_canton,F,,,,21857.0
2001.0,NUMBER,canton_10,F,,,,1338.0
2002.0,NUMBER,federation_of_bih,_T,,,,278769.0
2002.0,NUMBER,una-sana_canton,_T,,,,13413.0
2002.0,NUMBER,posavina_canton,_T,,,,445.0
2002.0,NUMBER,tuzla_canton,_T,,,,27426.0
2002.0,NUMBER,zenica-doboj_canton,_T,,,,90861.0
2002.0,NUMBER,bosnian-podrinje_canton,_T,,,,
2002.0,NUMBER,central_bosnia_canton,_T,,,,25509.0
2002.0,NUMBER,herzegovina-neretva_canton,_T,,,,33238.0
2002.0,NUMBER,west_herzegovina_canton,_T,,,,1435.0
2002.0,NUMBER,sarajevo_canton,_T,,,,84101.0
2002.0,NUMBER,canton_10,_T,,,,2341.0
2002.0,NUMBER,federation_of_bih,M,,,,149039.0
2002.0,NUMBER,una-sana_canton,M,,,,6158.0
2002.0,NUMBER,posavina_canton,M,,,,209.0
2002.0,NUMBER,tuzla_canton,M,,,,11177.0
2002.0,NUMBER,zenica-doboj_canton,M,,,,47241.0
2002.0,NUMBER,bosnian-podrinje_canton,M,,,,
2002.0,NUMBER,central_bosnia_canton,M,,,,12470.0
2002.0,NUMBER,herzegovina-neretva_canton,M,,,,14442.0
2002.0,NUMBER,west_herzegovina_canton,M,,,,799.0
2002.0,NUMBER,sarajevo_canton,M,,,,55462.0
2002.0,NUMBER,canton_10,M,,,,1081.0
2002.0,NUMBER,federation_of_bih,F,,,,129730.0
2002.0,NUMBER,una-sana_canton,F,,,,7255.0
2002.0,NUMBER,posavina_canton,F,,,,236.0
2002.0,NUMBER,tuzla_canton,F,,,,16249.0
2002.0,NUMBER,zenica-doboj_canton,F,,,,43620.0
2002.0,NUMBER,bosnian-podrinje_canton,F,,,,
2002.0,NUMBER,central_bosnia_canton,F,,,,13039.0
2002.0,NUMBER,herzegovina-neretva_canton,F,,,,18796.0
2002.0,NUMBER,west_herzegovina_canton,F,,,,636.0
2002.0,NUMBER,sarajevo_canton,F,,,,28639.0
2002.0,NUMBER,canton_10,F,,,,1260.0
2003.0,NUMBER,federation_of_bih,_T,,,,289167.0
2003.0,NUMBER,una-sana_canton,_T,,,,31374.0
2003.0,NUMBER,posavina_canton,_T,,,,63.0
2003.0,NUMBER,tuzla_canton,_T,,,,28411.0
2003.0,NUMBER,zenica-doboj_canton,_T,,,,94539.0
2003.0,NUMBER,bosnian-podrinje_canton,_T,,,,
2003.0,NUMBER,central_bosnia_canton,_T,,,,17320.0
2003.0,NUMBER,herzegovina-neretva_canton,_T,,,,31978.0
2003.0,NUMBER,west_herzegovina_canton,_T,,,,1733.0
2003.0,NUMBER,sarajevo_canton,_T,,,,81448.0
2003.0,NUMBER,canton_10,_T,,,,2301.0
2003.0,NUMBER,federation_of_bih,M,,,,156012.0
2003.0,NUMBER,una-sana_canton,M,,,,21833.0
2003.0,NUMBER,posavina_canton,M,,,,26.0
2003.0,NUMBER,tuzla_canton,M,,,,11375.0
2003.0,NUMBER,zenica-doboj_canton,M,,,,49827.0
2003.0,NUMBER,bosnian-podrinje_canton,M,,,,
2003.0,NUMBER,central_bosnia_canton,M,,,,8597.0
2003.0,NUMBER,herzegovina-neretva_canton,M,,,,14707.0
2003.0,NUMBER,west_herzegovina_canton,M,,,,1020.0
2003.0,NUMBER,sarajevo_canton,M,,,,47683.0
2003.0,NUMBER,canton_10,M,,,,944.0
2003.0,NUMBER,federation_of_bih,F,,,,133155.0
2003.0,NUMBER,una-sana_canton,F,,,,9541.0
2003.0,NUMBER,posavina_canton,F,,,,37.0
2003.0,NUMBER,tuzla_canton,F,,,,17036.0
2003.0,NUMBER,zenica-doboj_canton,F,,,,44712.0
2003.0,NUMBER,bosnian-podrinje_canton,F,,,,
2003.0,NUMBER,central_bosnia_canton,F,,,,8723.0
2003.0,NUMBER,herzegovina-neretva_canton,F,,,,17271.0
2003.0,NUMBER,west_herzegovina_canton,F,,,,713.0
2003.0,NUMBER,sarajevo_canton,F,,,,33765.0
2003.0,NUMBER,canton_10,F,,,,1357.0
2004.0,NUMBER,federation_of_bih,_T,,,,270507.0
2004.0,NUMBER,una-sana_canton,_T,,,,15996.0
2004.0,NUMBER,posavina_canton,_T,,,,94.0
2004.0,NUMBER,tuzla_canton,_T,,,,29152.0
2004.0,NUMBER,zenica-doboj_canton,_T,,,,86461.0
2004.0,NUMBER,bosnian-podrinje_canton,_T,,,,
2004.0,NUMBER,central_bosnia_canton,_T,,,,15487.0
2004.0,NUMBER,herzegovina-neretva_canton,_T,,,,26784.0
2004.0,NUMBER,west_herzegovina_canton,_T,,,,1826.0
2004.0,NUMBER,sarajevo_canton,_T,,,,92390.0
2004.0,NUMBER,canton_10,_T,,,,2317.0
2004.0,NUMBER,federation_of_bih,M,,,,140214.0
2004.0,NUMBER,una-sana_canton,M,,,,4970.0
2004.0,NUMBER,posavina_canton,M,,,,35.0
2004.0,NUMBER,tuzla_canton,M,,,,13090.0
2004.0,NUMBER,zenica-doboj_canton,M,,,,43327.0
2004.0,NUMBER,bosnian-podrinje_canton,M,,,,
2004.0,NUMBER,central_bosnia_canton,M,,,,7645.0
2004.0,NUMBER,herzegovina-neretva_canton,M,,,,13121.0
2004.0,NUMBER,west_herzegovina_canton,M,,,,1053.0
2004.0,NUMBER,sarajevo_canton,M,,,,56016.0
2004.0,NUMBER,canton_10,M,,,,957.0
2004.0,NUMBER,federation_of_bih,F,,,,130293.0
2004.0,NUMBER,una-sana_canton,F,,,,11026.0
2004.0,NUMBER,posavina_canton,F,,,,59.0
2004.0,NUMBER,tuzla_canton,F,,,,16062.0
2004.0,NUMBER,zenica-doboj_canton,F,,,,43134.0
2004.0,NUMBER,bosnian-podrinje_canton,F,,,,
2004.0,NUMBER,central_bosnia_canton,F,,,,7842.0
2004.0,NUMBER,herzegovina-neretva_canton,F,,,,13663.0
2004.0,NUMBER,west_herzegovina_canton,F,,,,773.0
2004.0,NUMBER,sarajevo_canton,F,,,,36374.0
2004.0,NUMBER,canton_10,F,,,,1360.0
2005.0,NUMBER,federation_of_bih,_T,,,,249848.0
2005.0,NUMBER,una-sana_canton,_T,,,,17657.0
2005.0,NUMBER,posavina_canton,_T,,,,120.0
2005.0,NUMBER,tuzla_canton,_T,,,,31339.0
2005.0,NUMBER,zenica-doboj_canton,_T,,,,71895.0
2005.0,NUMBER,bosnian-podrinje_canton,_T,,,,
2005.0,NUMBER,central_bosnia_canton,_T,,,,16422.0
2005.0,NUMBER,herzegovina-neretva_canton,_T,,,,19460.0
2005.0,NUMBER,west_herzegovina_canton,_T,,,,1894.0
2005.0,NUMBER,sarajevo_canton,_T,,,,88769.0
2005.0,NUMBER,canton_10,_T,,,,2292.0
2005.0,NUMBER,federation_of_bih,M,,,,126173.0
2005.0,NUMBER,una-sana_canton,M,,,,5530.0
2005.0,NUMBER,posavina_canton,M,,,,51.0
2005.0,NUMBER,tuzla_canton,M,,,,13199.0
2005.0,NUMBER,zenica-doboj_canton,M,,,,36270.0
2005.0,NUMBER,bosnian-podrinje_canton,M,,,,
2005.0,NUMBER,central_bosnia_canton,M,,,,7964.0
2005.0,NUMBER,herzegovina-neretva_canton,M,,,,8200.0
2005.0,NUMBER,west_herzegovina_canton,M,,,,1097.0
2005.0,NUMBER,sarajevo_canton,M,,,,52885.0
2005.0,NUMBER,canton_10,M,,,,977.0
2005.0,NUMBER,federation_of_bih,F,,,,123675.0
2005.0,NUMBER,una-sana_canton,F,,,,12127.0
2005.0,NUMBER,posavina_canton,F,,,,69.0
2005.0,NUMBER,tuzla_canton,F,,,,18140.0
2005.0,NUMBER,zenica-doboj_canton,F,,,,35625.0
2005.0,NUMBER,bosnian-podrinje_canton,F,,,,
2005.0,NUMBER,central_bosnia_canton,F,,,,8458.0
2005.0,NUMBER,herzegovina-neretva_canton,F,,,,11260.0
2005.0,NUMBER,west_herzegovina_canton,F,,,,797.0
2005.0,NUMBER,sarajevo_canton,F,,,,35884.0
2005.0,NUMBER,canton_10,F,,,,1315.0
2006.0,NUMBER,federation_of_bih,_T,,,,333918.0
2006.0,NUMBER,una-sana_canton,_T,,,,21373.0
2006.0,NUMBER,posavina_canton,_T,,,,136.0
2006.0,NUMBER,tuzla_canton,_T,,,,48970.0
2006.0,NUMBER,zenica-doboj_canton,_T,,,,100693.0
2006.0,NUMBER,bosnian-podrinje_canton,_T,,,,
2006.0,NUMBER,central_bosnia_canton,_T,,,,18658.0
2006.0,NUMBER,herzegovina-neretva_canton,_T,,,,21145.0
2006.0,NUMBER,west_herzegovina_canton,_T,,,,2345.0
2006.0,NUMBER,sarajevo_canton,_T,,,,117743.0
2006.0,NUMBER,canton_10,_T,,,,2855.0
2006.0,NUMBER,federation_of_bih,M,,,,188431.0
2006.0,NUMBER,una-sana_canton,M,,,,8672.0
2006.0,NUMBER,posavina_canton,M,,,,136.0
2006.0,NUMBER,tuzla_canton,M,,,,26081.0
2006.0,NUMBER,zenica-doboj_canton,M,,,,57897.0
2006.0,NUMBER,bosnian-podrinje_canton,M,,,,
2006.0,NUMBER,central_bosnia_canton,M,,,,8419.0
2006.0,NUMBER,herzegovina-neretva_canton,M,,,,10559.0
2006.0,NUMBER,west_herzegovina_canton,M,,,,1460.0
2006.0,NUMBER,sarajevo_canton,M,,,,73991.0
2006.0,NUMBER,canton_10,M,,,,1219.0
2006.0,NUMBER,federation_of_bih,F,,,,145487.0
2006.0,NUMBER,una-sana_canton,F,,,,12701.0
2006.0,NUMBER,posavina_canton,F,,,,0.0
2006.0,NUMBER,tuzla_canton,F,,,,22889.0
2006.0,NUMBER,zenica-doboj_canton,F,,,,42796.0
2006.0,NUMBER,bosnian-podrinje_canton,F,,,,
2006.0,NUMBER,central_bosnia_canton,F,,,,10239.0
2006.0,NUMBER,herzegovina-neretva_canton,F,,,,10586.0
2006.0,NUMBER,west_herzegovina_canton,F,,,,885.0
2006.0,NUMBER,sarajevo_canton,F,,,,43752.0
2006.0,NUMBER,canton_10,F,,,,1636.0
2007.0,NUMBER,federation_of_bih,_T,,,,334660.0
2007.0,NUMBER,una-sana_canton,_T,,,,17226.0
2007.0,NUMBER,posavina_canton,_T,,,,1287.0
2007.0,NUMBER,tuzla_canton,_T,,,,46851.0
2007.0,NUMBER,zenica-doboj_canton,_T,,,,77762.0
2007.0,NUMBER,bosnian-podrinje_canton,_T,,,,
2007.0,NUMBER,central_bosnia_canton,_T,,,,19464.0
2007.0,NUMBER,herzegovina-neretva_canton,_T,,,,21708.0
2007.0,NUMBER,west_herzegovina_canton,_T,,,,2560.0
2007.0,NUMBER,sarajevo_canton,_T,,,,144940.0
2007.0,NUMBER,canton_10,_T,,,,2862.0
2007.0,NUMBER,federation_of_bih,M,,,,183592.0
2007.0,NUMBER,una-sana_canton,M,,,,7586.0
2007.0,NUMBER,posavina_canton,M,,,,481.0
2007.0,NUMBER,tuzla_canton,M,,,,21048.0
2007.0,NUMBER,zenica-doboj_canton,M,,,,39940.0
2007.0,NUMBER,bosnian-podrinje_canton,M,,,,
2007.0,NUMBER,central_bosnia_canton,M,,,,8681.0
2007.0,NUMBER,herzegovina-neretva_canton,M,,,,9489.0
2007.0,NUMBER,west_herzegovina_canton,M,,,,1579.0
2007.0,NUMBER,sarajevo_canton,M,,,,93705.0
2007.0,NUMBER,canton_10,M,,,,1083.0
2007.0,NUMBER,federation_of_bih,F,,,,151068.0
2007.0,NUMBER,una-sana_canton,F,,,,9640.0
2007.0,NUMBER,posavina_canton,F,,,,806.0
2007.0,NUMBER,tuzla_canton,F,,,,25803.0
2007.0,NUMBER,zenica-doboj_canton,F,,,,37822.0
2007.0,NUMBER,bosnian-podrinje_canton,F,,,,
2007.0,NUMBER,central_bosnia_canton,F,,,,10783.0
2007.0,NUMBER,herzegovina-neretva_canton,F,,,,12219.0
2007.0,NUMBER,west_herzegovina_canton,F,,,,981.0
2007.0,NUMBER,sarajevo_canton,F,,,,51235.0
2007.0,NUMBER,canton_10,F,,,,1779.0
2008.0,NUMBER,federation_of_bih,_T,,,,340152.0
2008.0,NUMBER,una-sana_canton,_T,,,,17453.0
2008.0,NUMBER,posavina_canton,_T,,,,892.0
2008.0,NUMBER,tuzla_canton,_T,,,,55890.0
2008.0,NUMBER,zenica-doboj_canton,_T,,,,70513.0
2008.0,NUMBER,bosnian-podrinje_canton,_T,,,,
2008.0,NUMBER,central_bosnia_canton,_T,,,,22556.0
2008.0,NUMBER,herzegovina-neretva_canton,_T,,,,15078.0
2008.0,NUMBER,west_herzegovina_canton,_T,,,,2765.0
2008.0,NUMBER,sarajevo_canton,_T,,,,152336.0
2008.0,NUMBER,canton_10,_T,,,,2669.0
2008.0,NUMBER,federation_of_bih,M,,,,182103.0
2008.0,NUMBER,una-sana_canton,M,,,,8106.0
2008.0,NUMBER,posavina_canton,M,,,,371.0
2008.0,NUMBER,tuzla_canton,M,,,,23290.0
2008.0,NUMBER,zenica-doboj_canton,M,,,,35712.0
2008.0,NUMBER,bosnian-podrinje_canton,M,,,,
2008.0,NUMBER,central_bosnia_canton,M,,,,9089.0
2008.0,NUMBER,herzegovina-neretva_canton,M,,,,6274.0
2008.0,NUMBER,west_herzegovina_canton,M,,,,1620.0
2008.0,NUMBER,sarajevo_canton,M,,,,96671.0
2008.0,NUMBER,canton_10,M,,,,970.0
2008.0,NUMBER,federation_of_bih,F,,,,158049.0
2008.0,NUMBER,una-sana_canton,F,,,,9347.0
2008.0,NUMBER,posavina_canton,F,,,,521.0
2008.0,NUMBER,tuzla_canton,F,,,,32600.0
2008.0,NUMBER,zenica-doboj_canton,F,,,,34801.0
2008.0,NUMBER,bosnian-podrinje_canton,F,,,,
2008.0,NUMBER,central_bosnia_canton,F,,,,13467.0
2008.0,NUMBER,herzegovina-neretva_canton,F,,,,8804.0
2008.0,NUMBER,west_herzegovina_canton,F,,,,1145.0
2008.0,NUMBER,sarajevo_canton,F,,,,55665.0
2008.0,NUMBER,canton_10,F,,,,1699.0
2009.0,NUMBER,federation_of_bih,_T,,,,403628.0
2009.0,NUMBER,una-sana_canton,_T,,,,20080.0
2009.0,NUMBER,posavina_canton,_T,,,,538.0
2009.0,NUMBER,tuzla_canton,_T,,,,68873.0
2009.0,NUMBER,zenica-doboj_canton,_T,,,,83298.0
2009.0,NUMBER,bosnian-podrinje_canton,_T,,,,
2009.0,NUMBER,central_bosnia_canton,_T,,,,22343.0
2009.0,NUMBER,herzegovina-neretva_canton,_T,,,,14039.0
2009.0,NUMBER,west_herzegovina_canton,_T,,,,2897.0
2009.0,NUMBER,sarajevo_canton,_T,,,,188504.0
2009.0,NUMBER,canton_10,_T,,,,3056.0
2009.0,NUMBER,federation_of_bih,M,,,,198035.0
2009.0,NUMBER,una-sana_canton,M,,,,7518.0
2009.0,NUMBER,posavina_canton,M,,,,210.0
2009.0,NUMBER,tuzla_canton,M,,,,32281.0
2009.0,NUMBER,zenica-doboj_canton,M,,,,41961.0
2009.0,NUMBER,bosnian-podrinje_canton,M,,,,
2009.0,NUMBER,central_bosnia_canton,M,,,,9826.0
2009.0,NUMBER,herzegovina-neretva_canton,M,,,,5819.0
2009.0,NUMBER,west_herzegovina_canton,M,,,,1511.0
2009.0,NUMBER,sarajevo_canton,M,,,,97779.0
2009.0,NUMBER,canton_10,M,,,,1130.0
2009.0,NUMBER,federation_of_bih,F,,,,205593.0
2009.0,NUMBER,una-sana_canton,F,,,,12562.0
2009.0,NUMBER,posavina_canton,F,,,,328.0
2009.0,NUMBER,tuzla_canton,F,,,,36592.0
2009.0,NUMBER,zenica-doboj_canton,F,,,,41337.0
2009.0,NUMBER,bosnian-podrinje_canton,F,,,,
2009.0,NUMBER,central_bosnia_canton,F,,,,12517.0
2009.0,NUMBER,herzegovina-neretva_canton,F,,,,8220.0
2009.0,NUMBER,west_herzegovina_canton,F,,,,1386.0
2009.0,NUMBER,sarajevo_canton,F,,,,90725.0
2009.0,NUMBER,canton_10,F,,,,1926.0
2010.0,NUMBER,federation_of_bih,_T,,,,368808.0
2010.0,NUMBER,una-sana_canton,_T,,,,19595.0
2010.0,NUMBER,posavina_canton,_T,,,,830.0
2010.0,NUMBER,tuzla_canton,_T,,,,68396.0
2010.0,NUMBER,zenica-doboj_canton,_T,,,,76610.0
2010.0,NUMBER,bosnian-podrinje_canton,_T,,,,
2010.0,NUMBER,central_bosnia_canton,_T,,,,17177.0
2010.0,NUMBER,herzegovina-neretva_canton,_T,,,,14923.0
2010.0,NUMBER,west_herzegovina_canton,_T,,,,3684.0
2010.0,NUMBER,sarajevo_canton,_T,,,,164918.0
2010.0,NUMBER,canton_10,_T,,,,2675.0
2010.0,NUMBER,federation_of_bih,M,,,,174999.0
2010.0,NUMBER,una-sana_canton,M,,,,7579.0
2010.0,NUMBER,posavina_canton,M,,,,295.0
2010.0,NUMBER,tuzla_canton,M,,,,29285.0
2010.0,NUMBER,zenica-doboj_canton,M,,,,35188.0
2010.0,NUMBER,bosnian-podrinje_canton,M,,,,
2010.0,NUMBER,central_bosnia_canton,M,,,,7780.0
2010.0,NUMBER,herzegovina-neretva_canton,M,,,,3427.0
2010.0,NUMBER,west_herzegovina_canton,M,,,,2148.0
2010.0,NUMBER,sarajevo_canton,M,,,,88379.0
2010.0,NUMBER,canton_10,M,,,,918.0
2010.0,NUMBER,federation_of_bih,F,,,,193809.0
2010.0,NUMBER,una-sana_canton,F,,,,12016.0
2010.0,NUMBER,posavina_canton,F,,,,535.0
2010.0,NUMBER,tuzla_canton,F,,,,39111.0
2010.0,NUMBER,zenica-doboj_canton,F,,,,41422.0
2010.0,NUMBER,bosnian-podrinje_canton,F,,,,
2010.0,NUMBER,central_bosnia_canton,F,,,,9397.0
2010.0,NUMBER,herzegovina-neretva_canton,F,,,,11496.0
2010.0,NUMBER,west_herzegovina_canton,F,,,,1536.0
2010.0,NUMBER,sarajevo_canton,F,,,,76539.0
2010.0,NUMBER,canton_10,F,,,,1757.0
2011.0,NUMBER,federation_of_bih,_T,,,,344976.0
2011.0,NUMBER,una-sana_canton,_T,,,,21212.0
2011.0,NUMBER,posavina_canton,_T,,,,228.0
2011.0,NUMBER,tuzla_canton,_T,,,,79042.0
2011.0,NUMBER,zenica-doboj_canton,_T,,,,73550.0
2011.0,NUMBER,bosnian-podrinje_canton,_T,,,,
2011.0,NUMBER,central_bosnia_canton,_T,,,,11560.0
2011.0,NUMBER,herzegovina-neretva_canton,_T,,,,15304.0
2011.0,NUMBER,west_herzegovina_canton,_T,,,,3174.0
2011.0,NUMBER,sarajevo_canton,_T,,,,137012.0
2011.0,NUMBER,canton_10,_T,,,,3894.0
2011.0,NUMBER,federation_of_bih,M,,,,162768.0
2011.0,NUMBER,una-sana_canton,M,,,,8760.0
2011.0,NUMBER,posavina_canton,M,,,,93.0
2011.0,NUMBER,tuzla_canton,M,,,,31106.0
2011.0,NUMBER,zenica-doboj_canton,M,,,,35157.0
2011.0,NUMBER,bosnian-podrinje_canton,M,,,,
2011.0,NUMBER,central_bosnia_canton,M,,,,5787.0
2011.0,NUMBER,herzegovina-neretva_canton,M,,,,6800.0
2011.0,NUMBER,west_herzegovina_canton,M,,,,1583.0
2011.0,NUMBER,sarajevo_canton,M,,,,71509.0
2011.0,NUMBER,canton_10,M,,,,1973.0
2011.0,NUMBER,federation_of_bih,F,,,,182208.0
2011.0,NUMBER,una-sana_canton,F,,,,12452.0
2011.0,NUMBER,posavina_canton,F,,,,135.0
2011.0,NUMBER,tuzla_canton,F,,,,47936.0
2011.0,NUMBER,zenica-doboj_canton,F,,,,38393.0
2011.0,NUMBER,bosnian-podrinje_canton,F,,,,
2011.0,NUMBER,central_bosnia_canton,F,,,,5773.0
2011.0,NUMBER,herzegovina-neretva_canton,F,,,,8504.0
2011.0,NUMBER,west_herzegovina_canton,F,,,,1591.0
2011.0,NUMBER,sarajevo_canton,F,,,,65503.0
2011.0,NUMBER,canton_10,F,,,,1921.0
2012.0,NUMBER,federation_of_bih,_T,,,,364552.0
2012.0,NUMBER,una-sana_canton,_T,,,,18348.0
2012.0,NUMBER,posavina_canton,_T,,,,350.0
2012.0,NUMBER,tuzla_canton,_T,,,,87038.0
2012.0,NUMBER,zenica-doboj_canton,_T,,,,61780.0
2012.0,NUMBER,bosnian-podrinje_canton,_T,,,,
2012.0,NUMBER,central_bosnia_canton,_T,,,,20320.0
2012.0,NUMBER,herzegovina-neretva_canton,_T,,,,13180.0
2012.0,NUMBER,west_herzegovina_canton,_T,,,,3944.0
2012.0,NUMBER,sarajevo_canton,_T,,,,155065.0
2012.0,NUMBER,canton_10,_T,,,,4527.0
2012.0,NUMBER,federation_of_bih,M,,,,184723.0
2012.0,NUMBER,una-sana_canton,M,,,,7074.0
2012.0,NUMBER,posavina_canton,M,,,,170.0
2012.0,NUMBER,tuzla_canton,M,,,,40077.0
2012.0,NUMBER,zenica-doboj_canton,M,,,,28689.0
2012.0,NUMBER,bosnian-podrinje_canton,M,,,,
2012.0,NUMBER,central_bosnia_canton,M,,,,9341.0
2012.0,NUMBER,herzegovina-neretva_canton,M,,,,4865.0
2012.0,NUMBER,west_herzegovina_canton,M,,,,2260.0
2012.0,NUMBER,sarajevo_canton,M,,,,89973.0
2012.0,NUMBER,canton_10,M,,,,2274.0
2012.0,NUMBER,federation_of_bih,F,,,,179829.0
2012.0,NUMBER,una-sana_canton,F,,,,11274.0
2012.0,NUMBER,posavina_canton,F,,,,180.0
2012.0,NUMBER,tuzla_canton,F,,,,46961.0
2012.0,NUMBER,zenica-doboj_canton,F,,,,33091.0
2012.0,NUMBER,bosnian-podrinje_canton,F,,,,
2012.0,NUMBER,central_bosnia_canton,F,,,,10979.0
2012.0,NUMBER,herzegovina-neretva_canton,F,,,,8315.0
2012.0,NUMBER,west_herzegovina_canton,F,,,,1684.0
2012.0,NUMBER,sarajevo_canton,F,,,,65092.0
2012.0,NUMBER,canton_10,F,,,,2253.0
2013.0,NUMBER,federation_of_bih,_T,,,,312990.0
2013.0,NUMBER,una-sana_canton,_T,,,,20984.0
2013.0,NUMBER,posavina_canton,_T,,,,423.0
2013.0,NUMBER,tuzla_canton,_T,,,,73700.0
2013.0,NUMBER,zenica-doboj_canton,_T,,,,64654.0
2013.0,NUMBER,bosnian-podrinje_canton,_T,,,,
2013.0,NUMBER,central_bosnia_canton,_T,,,,18573.0
2013.0,NUMBER,herzegovina-neretva_canton,_T,,,,16085.0
2013.0,NUMBER,west_herzegovina_canton,_T,,,,4371.0
2013.0,NUMBER,sarajevo_canton,_T,,,,108806.0
2013.0,NUMBER,canton_10,_T,,,,5394.0
2013.0,NUMBER,federation_of_bih,M,,,,150170.0
2013.0,NUMBER,una-sana_canton,M,,,,8082.0
2013.0,NUMBER,posavina_canton,M,,,,173.0
2013.0,NUMBER,tuzla_canton,M,,,,28461.0
2013.0,NUMBER,zenica-doboj_canton,M,,,,29657.0
2013.0,NUMBER,bosnian-podrinje_canton,M,,,,
2013.0,NUMBER,central_bosnia_canton,M,,,,8949.0
2013.0,NUMBER,herzegovina-neretva_canton,M,,,,7054.0
2013.0,NUMBER,west_herzegovina_canton,M,,,,2151.0
2013.0,NUMBER,sarajevo_canton,M,,,,63206.0
2013.0,NUMBER,canton_10,M,,,,2437.0
2013.0,NUMBER,federation_of_bih,F,,,,162820.0
2013.0,NUMBER,una-sana_canton,F,,,,12902.0
2013.0,NUMBER,posavina_canton,F,,,,250.0
2013.0,NUMBER,tuzla_canton,F,,,,45239.0
2013.0,NUMBER,zenica-doboj_canton,F,,,,34997.0
2013.0,NUMBER,bosnian-podrinje_canton,F,,,,
2013.0,NUMBER,central_bosnia_canton,F,,,,9624.0
2013.0,NUMBER,herzegovina-neretva_canton,F,,,,9031.0
2013.0,NUMBER,west_herzegovina_canton,F,,,,2220.0
2013.0,NUMBER,sarajevo_canton,F,,,,45600.0
2013.0,NUMBER,canton_10,F,,,,2957.0
2014.0,NUMBER,federation_of_bih,_T,,,,300743.0
2014.0,NUMBER,una-sana_canton,_T,,,,21524.0
2014.0,NUMBER,posavina_canton,_T,,,,975.0
2014.0,NUMBER,tuzla_canton,_T,,,,63748.0
2014.0,NUMBER,zenica-doboj_canton,_T,,,,59350.0
2014.0,NUMBER,bosnian-podrinje_canton,_T,,,,10433.0
2014.0,NUMBER,central_bosnia_canton,_T,,,,19890.0
2014.0,NUMBER,herzegovina-neretva_canton,_T,,,,17882.0
2014.0,NUMBER,west_herzegovina_canton,_T,,,,3530.0
2014.0,NUMBER,sarajevo_canton,_T,,,,97948.0
2014.0,NUMBER,canton_10,_T,,,,5463.0
2014.0,NUMBER,federation_of_bih,M,,,,143250.0
2014.0,NUMBER,una-sana_canton,M,,,,9405.0
2014.0,NUMBER,posavina_canton,M,,,,445.0
2014.0,NUMBER,tuzla_canton,M,,,,29484.0
2014.0,NUMBER,zenica-doboj_canton,M,,,,26577.0
2014.0,NUMBER,bosnian-podrinje_canton,M,,,,3283.0
2014.0,NUMBER,central_bosnia_canton,M,,,,9722.0
2014.0,NUMBER,herzegovina-neretva_canton,M,,,,7567.0
2014.0,NUMBER,west_herzegovina_canton,M,,,,1564.0
2014.0,NUMBER,sarajevo_canton,M,,,,52841.0
2014.0,NUMBER,canton_10,M,,,,2362.0
2014.0,NUMBER,federation_of_bih,F,,,,157493.0
2014.0,NUMBER,una-sana_canton,F,,,,12119.0
2014.0,NUMBER,posavina_canton,F,,,,530.0
2014.0,NUMBER,tuzla_canton,F,,,,34264.0
2014.0,NUMBER,zenica-doboj_canton,F,,,,32773.0
2014.0,NUMBER,bosnian-podrinje_canton,F,,,,7150.0
2014.0,NUMBER,central_bosnia_canton,F,,,,10168.0
2014.0,NUMBER,herzegovina-neretva_canton,F,,,,10315.0
2014.0,NUMBER,west_herzegovina_canton,F,,,,1966.0
2014.0,NUMBER,sarajevo_canton,F,,,,45107.0
2014.0,NUMBER,canton_10,F,,,,3101.0
2015.0,NUMBER,federation_of_bih,_T,,,,283575.0
2015.0,NUMBER,una-sana_canton,_T,,,,21810.0
2015.0,NUMBER,posavina_canton,_T,,,,1041.0
2015.0,NUMBER,tuzla_canton,_T,,,,63009.0
2015.0,NUMBER,zenica-doboj_canton,_T,,,,55022.0
2015.0,NUMBER,bosnian-podrinje_canton,_T,,,,11535.0
2015.0,NUMBER,central_bosnia_canton,_T,,,,17407.0
2015.0,NUMBER,herzegovina-neretva_canton,_T,,,,17673.0
2015.0,NUMBER,west_herzegovina_canton,_T,,,,3614.0
2015.0,NUMBER,sarajevo_canton,_T,,,,86478.0
2015.0,NUMBER,canton_10,_T,,,,5986.0
2015.0,NUMBER,federation_of_bih,M,,,,139273.0
2015.0,NUMBER,una-sana_canton,M,,,,10336.0
2015.0,NUMBER,posavina_canton,M,,,,425.0
2015.0,NUMBER,tuzla_canton,M,,,,27833.0
2015.0,NUMBER,zenica-doboj_canton,M,,,,25681.0
2015.0,NUMBER,bosnian-podrinje_canton,M,,,,4981.0
2015.0,NUMBER,central_bosnia_canton,M,,,,8230.0
2015.0,NUMBER,herzegovina-neretva_canton,M,,,,7348.0
2015.0,NUMBER,west_herzegovina_canton,M,,,,1671.0
2015.0,NUMBER,sarajevo_canton,M,,,,50212.0
2015.0,NUMBER,canton_10,M,,,,2556.0
2015.0,NUMBER,federation_of_bih,F,,,,144302.0
2015.0,NUMBER,una-sana_canton,F,,,,11474.0
2015.0,NUMBER,posavina_canton,F,,,,616.0
2015.0,NUMBER,tuzla_canton,F,,,,35176.0
2015.0,NUMBER,zenica-doboj_canton,F,,,,29341.0
2015.0,NUMBER,bosnian-podrinje_canton,F,,,,6554.0
2015.0,NUMBER,central_bosnia_canton,F,,,,9177.0
2015.0,NUMBER,herzegovina-neretva_canton,F,,,,10325.0
2015.0,NUMBER,west_herzegovina_canton,F,,,,1943.0
2015.0,NUMBER,sarajevo_canton,F,,,,36266.0
2015.0,NUMBER,canton_10,F,,,,3430.0
2016.0,NUMBER,federation_of_bih,_T,,,,295304.0
2016.0,NUMBER,una-sana_canton,_T,,,,21855.0
2016.0,NUMBER,posavina_canton,_T,,,,1060.0
2016.0,NUMBER,tuzla_canton,_T,,,,68369.0
2016.0,NUMBER,zenica-doboj_canton,_T,,,,48270.0
2016.0,NUMBER,bosnian-podrinje_canton,_T,,,,11194.0
2016.0,NUMBER,central_bosnia_canton,_T,,,,18371.0
2016.0,NUMBER,herzegovina-neretva_canton,_T,,,,17707.0
2016.0,NUMBER,west_herzegovina_canton,_T,,,,2187.0
2016.0,NUMBER,sarajevo_canton,_T,,,,101740.0
2016.0,NUMBER,canton_10,_T,,,,4551.0
2016.0,NUMBER,federation_of_bih,M,,,,135801.0
2016.0,NUMBER,una-sana_canton,M,,,,10051.0
2016.0,NUMBER,posavina_canton,M,,,,499.0
2016.0,NUMBER,tuzla_canton,M,,,,29440.0
2016.0,NUMBER,zenica-doboj_canton,M,,,,23551.0
2016.0,NUMBER,bosnian-podrinje_canton,M,,,,5162.0
2016.0,NUMBER,central_bosnia_canton,M,,,,8627.0
2016.0,NUMBER,herzegovina-neretva_canton,M,,,,7663.0
2016.0,NUMBER,west_herzegovina_canton,M,,,,979.0
2016.0,NUMBER,sarajevo_canton,M,,,,47713.0
2016.0,NUMBER,canton_10,M,,,,2116.0
2016.0,NUMBER,federation_of_bih,F,,,,159503.0
2016.0,NUMBER,una-sana_canton,F,,,,11804.0
2016.0,NUMBER,posavina_canton,F,,,,561.0
2016.0,NUMBER,tuzla_canton,F,,,,38929.0
2016.0,NUMBER,zenica-doboj_canton,F,,,,24719.0
2016.0,NUMBER,bosnian-podrinje_canton,F,,,,6032.0
2016.0,NUMBER,central_bosnia_canton,F,,,,9744.0
2016.0,NUMBER,herzegovina-neretva_canton,F,,,,10044.0
2016.0,NUMBER,west_herzegovina_canton,F,,,,1208.0
2016.0,NUMBER,sarajevo_canton,F,,,,54027.0
2016.0,NUMBER,canton_10,F,,,,2435.0
2017.0,NUMBER,federation_of_bih,_T,,,,272769.0
2017.0,NUMBER,una-sana_canton,_T,,,,21163.0
2017.0,NUMBER,posavina_canton,_T,,,,1309.0
2017.0,NUMBER,tuzla_canton,_T,,,,56420.0
2017.0,NUMBER,zenica-doboj_canton,_T,,,,48168.0
2017.0,NUMBER,bosnian-podrinje_canton,_T,,,,10088.0
2017.0,NUMBER,central_bosnia_canton,_T,,,,18006.0
2017.0,NUMBER,herzegovina-neretva_canton,_T,,,,15978.0
2017.0,NUMBER,west_herzegovina_canton,_T,,,,2445.0
2017.0,NUMBER,sarajevo_canton,_T,,,,95028.0
2017.0,NUMBER,canton_10,_T,,,,4164.0
2017.0,NUMBER,federation_of_bih,M,,,,124731.0
2017.0,NUMBER,una-sana_canton,M,,,,10694.0
2017.0,NUMBER,posavina_canton,M,,,,615.0
2017.0,NUMBER,tuzla_canton,M,,,,24534.0
2017.0,NUMBER,zenica-doboj_canton,M,,,,22598.0
2017.0,NUMBER,bosnian-podrinje_canton,M,,,,4588.0
2017.0,NUMBER,central_bosnia_canton,M,,,,8052.0
2017.0,NUMBER,herzegovina-neretva_canton,M,,,,5238.0
2017.0,NUMBER,west_herzegovina_canton,M,,,,1062.0
2017.0,NUMBER,sarajevo_canton,M,,,,45327.0
2017.0,NUMBER,canton_10,M,,,,2023.0
2017.0,NUMBER,federation_of_bih,F,,,,148038.0
2017.0,NUMBER,una-sana_canton,F,,,,10469.0
2017.0,NUMBER,posavina_canton,F,,,,694.0
2017.0,NUMBER,tuzla_canton,F,,,,31886.0
2017.0,NUMBER,zenica-doboj_canton,F,,,,25570.0
2017.0,NUMBER,bosnian-podrinje_canton,F,,,,5500.0
2017.0,NUMBER,central_bosnia_canton,F,,,,9954.0
2017.0,NUMBER,herzegovina-neretva_canton,F,,,,10740.0
2017.0,NUMBER,west_herzegovina_canton,F,,,,1383.0
2017.0,NUMBER,sarajevo_canton,F,,,,49701.0
2017.0,NUMBER,canton_10,F,,,,2141.0
2018.0,NUMBER,federation_of_bih,_T,,,,495614.0
2018.0,NUMBER,una-sana_canton,_T,,,,26314.0
2018.0,NUMBER,posavina_canton,_T,,,,2532.0
2018.0,NUMBER,tuzla_canton,_T,,,,92459.0
2018.0,NUMBER,zenica-doboj_canton,_T,,,,81918.0
2018.0,NUMBER,bosnian-podrinje_canton,_T,,,,14195.0
2018.0,NUMBER,central_bosnia_canton,_T,,,,27811.0
2018.0,NUMBER,herzegovina-neretva_canton,_T,,,,29813.0
2018.0,NUMBER,west_herzegovina_canton,_T,,,,4328.0
2018.0,NUMBER,sarajevo_canton,_T,,,,208374.0
2018.0,NUMBER,canton_10,_T,,,,7870.0
2018.0,NUMBER,federation_of_bih,M,,,,324387.0
2018.0,NUMBER,una-sana_canton,M,,,,17081.0
2018.0,NUMBER,posavina_canton,M,,,,1648.0
2018.0,NUMBER,tuzla_canton,M,,,,61012.0
2018.0,NUMBER,zenica-doboj_canton,M,,,,53492.0
2018.0,NUMBER,bosnian-podrinje_canton,M,,,,9490.0
2018.0,NUMBER,central_bosnia_canton,M,,,,17738.0
2018.0,NUMBER,herzegovina-neretva_canton,M,,,,20533.0
2018.0,NUMBER,west_herzegovina_canton,M,,,,2962.0
2018.0,NUMBER,sarajevo_canton,M,,,,134532.0
2018.0,NUMBER,canton_10,M,,,,5599.0
2018.0,NUMBER,federation_of_bih,F,,,,171227.0
2018.0,NUMBER,una-sana_canton,F,,,,9233.0
2018.0,NUMBER,posavina_canton,F,,,,884.0
2018.0,NUMBER,tuzla_canton,F,,,,31447.0
2018.0,NUMBER,zenica-doboj_canton,F,,,,28426.0
2018.0,NUMBER,bosnian-podrinje_canton,F,,,,4705.0
2018.0,NUMBER,central_bosnia_canton,F,,,,10073.0
2018.0,NUMBER,herzegovina-neretva_canton,F,,,,9280.0
2018.0,NUMBER,west_herzegovina_canton,F,,,,1366.0
2018.0,NUMBER,sarajevo_canton,F,,,,73842.0
2018.0,NUMBER,canton_10,F,,,,1971.0
2019.0,NUMBER,federation_of_bih,_T,,,,458855.0
2019.0,NUMBER,una-sana_canton,_T,,,,15231.0
2019.0,NUMBER,posavina_canton,_T,,,,2093.0
2019.0,NUMBER,tuzla_canton,_T,,,,89802.0
2019.0,NUMBER,zenica-doboj_canton,_T,,,,90368.0
2019.0,NUMBER,bosnian-podrinje_canton,_T,,,,13555.0
2019.0,NUMBER,central_bosnia_canton,_T,,,,25972.0
2019.0,NUMBER,herzegovina-neretva_canton,_T,,,,51674.0
2019.0,NUMBER,west_herzegovina_canton,_T,,,,4965.0
2019.0,NUMBER,sarajevo_canton,_T,,,,158457.0
2019.0,NUMBER,canton_10,_T,,,,7338.0
2019.0,NUMBER,federation_of_bih,M,,,,300713.0
2019.0,NUMBER,una-sana_canton,M,,,,10217.0
2019.0,NUMBER,posavina_canton,M,,,,1349.0
2019.0,NUMBER,tuzla_canton,M,,,,60188.0
2019.0,NUMBER,zenica-doboj_canton,M,,,,57853.0
2019.0,NUMBER,bosnian-podrinje_canton,M,,,,9165.0
2019.0,NUMBER,central_bosnia_canton,M,,,,16657.0
2019.0,NUMBER,herzegovina-neretva_canton,M,,,,32715.0
2019.0,NUMBER,west_herzegovina_canton,M,,,,3403.0
2019.0,NUMBER,sarajevo_canton,M,,,,103803.0
2019.0,NUMBER,canton_10,M,,,,5363.0
2019.0,NUMBER,federation_of_bih,F,,,,158142.0
2019.0,NUMBER,una-sana_canton,F,,,,5014.0
2019.0,NUMBER,posavina_canton,F,,,,744.0
2019.0,NUMBER,tuzla_canton,F,,,,29614.0
2019.0,NUMBER,zenica-doboj_canton,F,,,,32515.0
2019.0,NUMBER,bosnian-podrinje_canton,F,,,,4390.0
2019.0,NUMBER,central_bosnia_canton,F,,,,8715.0
2019.0,NUMBER,herzegovina-neretva_canton,F,,,,18959.0
2019.0,NUMBER,west_herzegovina_canton,F,,,,1562.0
2019.0,NUMBER,sarajevo_canton,F,,,,54654.0
2019.0,NUMBER,canton_10,F,,,,1975.0
2020.0,NUMBER,federation_of_bih,_T,,,,288778.0
2020.0,NUMBER,una-sana_canton,_T,,,,9894.0
2020.0,NUMBER,posavina_canton,_T,,,,1429.0
2020.0,NUMBER,tuzla_canton,_T,,,,56979.0
2020.0,NUMBER,zenica-doboj_canton,_T,,,,57823.0
2020.0,NUMBER,bosnian-podrinje_canton,_T,,,,9113.0
2020.0,NUMBER,central_bosnia_canton,_T,,,,16937.0
2020.0,NUMBER,herzegovina-neretva_canton,_T,,,,18217.0
2020.0,NUMBER,west_herzegovina_canton,_T,,,,3335.0
2020.0,NUMBER,sarajevo_canton,_T,,,,110643.0
2020.0,NUMBER,canton_10,_T,,,,3488.0
2020.0,NUMBER,federation_of_bih,M,,,,139897.0
2020.0,NUMBER,una-sana_canton,M,,,,4868.0
2020.0,NUMBER,posavina_canton,M,,,,686.0
2020.0,NUMBER,tuzla_canton,M,,,,27468.0
2020.0,NUMBER,zenica-doboj_canton,M,,,,24975.0
2020.0,NUMBER,bosnian-podrinje_canton,M,,,,4498.0
2020.0,NUMBER,central_bosnia_canton,M,,,,8287.0
2020.0,NUMBER,herzegovina-neretva_canton,M,,,,3960.0
2020.0,NUMBER,west_herzegovina_canton,M,,,,1907.0
2020.0,NUMBER,sarajevo_canton,M,,,,60453.0
2020.0,NUMBER,canton_10,M,,,,2795.0
2020.0,NUMBER,federation_of_bih,F,,,,148881.0
2020.0,NUMBER,una-sana_canton,F,,,,5026.0
2020.0,NUMBER,posavina_canton,F,,,,743.0
2020.0,NUMBER,tuzla_canton,F,,,,29511.0
2020.0,NUMBER,zenica-doboj_canton,F,,,,32848.0
2020.0,NUMBER,bosnian-podrinje_canton,F,,,,4615.0
2020.0,NUMBER,central_bosnia_canton,F,,,,8650.0
2020.0,NUMBER,herzegovina-neretva_canton,F,,,,14257.0
2020.0,NUMBER,west_herzegovina_canton,F,,,,1428.0
2020.0,NUMBER,sarajevo_canton,F,,,,50190.0
2020.0,NUMBER,canton_10,F,,,,1613.0
2021.0,NUMBER,federation_of_bih,_T,,,,298691.0
2021.0,NUMBER,una-sana_canton,_T,,,,10207.0
2021.0,NUMBER,posavina_canton,_T,,,,1137.0
2021.0,NUMBER,tuzla_canton,_T,,,,55776.0
2021.0,NUMBER,zenica-doboj_canton,_T,,,,53051.0
2021.0,NUMBER,bosnian-podrinje_canton,_T,,,,8450.0
2021.0,NUMBER,central_bosnia_canton,_T,,,,16215.0
2021.0,NUMBER,herzegovina-neretva_canton,_T,,,,26064.0
2021.0,NUMBER,west_herzegovina_canton,_T,,,,4548.0
2021.0,NUMBER,sarajevo_canton,_T,,,,118941.0
2021.0,NUMBER,canton_10,_T,,,,4266.0
2021.0,NUMBER,federation_of_bih,M,,,,153743.0
2021.0,NUMBER,una-sana_canton,M,,,,5055.0
2021.0,NUMBER,posavina_canton,M,,,,518.0
2021.0,NUMBER,tuzla_canton,M,,,,33633.0
2021.0,NUMBER,zenica-doboj_canton,M,,,,23269.0
2021.0,NUMBER,bosnian-podrinje_canton,M,,,,4030.0
2021.0,NUMBER,central_bosnia_canton,M,,,,7707.0
2021.0,NUMBER,herzegovina-neretva_canton,M,,,,13127.0
2021.0,NUMBER,west_herzegovina_canton,M,,,,2959.0
2021.0,NUMBER,sarajevo_canton,M,,,,60810.0
2021.0,NUMBER,canton_10,M,,,,2635.0
2021.0,NUMBER,federation_of_bih,F,,,,144948.0
2021.0,NUMBER,una-sana_canton,F,,,,5152.0
2021.0,NUMBER,posavina_canton,F,,,,619.0
2021.0,NUMBER,tuzla_canton,F,,,,22143.0
2021.0,NUMBER,zenica-doboj_canton,F,,,,29782.0
2021.0,NUMBER,bosnian-podrinje_canton,F,,,,4420.0
2021.0,NUMBER,central_bosnia_canton,F,,,,8544.0
2021.0,NUMBER,herzegovina-neretva_canton,F,,,,12937.0
2021.0,NUMBER,west_herzegovina_canton,F,,,,1589.0
2021.0,NUMBER,sarajevo_canton,F,,,,58131.0
2021.0,NUMBER,canton_10,F,,,,1631.0
2022.0,NUMBER,federation_of_bih,_T,,,,394098.0
2022.0,NUMBER,una-sana_canton,_T,,,,1189.0
2022.0,NUMBER,posavina_canton,_T,,,,1746.0
2022.0,NUMBER,tuzla_canton,_T,,,,57388.0
2022.0,NUMBER,zenica-doboj_canton,_T,,,,59726.0
2022.0,NUMBER,bosnian-podrinje_canton,_T,,,,8970.0
2022.0,NUMBER,central_bosnia_canton,_T,,,,16433.0
2022.0,NUMBER,herzegovina-neretva_canton,_T,,,,14777.0
2022.0,NUMBER,west_herzegovina_canton,_T,,,,5121.0
2022.0,NUMBER,sarajevo_canton,_T,,,,213451.0
2022.0,NUMBER,canton_10,_T,,,,4587.0
2022.0,NUMBER,federation_of_bih,M,,,,189608.0
2022.0,NUMBER,una-sana_canton,M,,,,5612.0
2022.0,NUMBER,posavina_canton,M,,,,804.0
2022.0,NUMBER,tuzla_canton,M,,,,38057.0
2022.0,NUMBER,zenica-doboj_canton,M,,,,26855.0
2022.0,NUMBER,bosnian-podrinje_canton,M,,,,3588.0
2022.0,NUMBER,central_bosnia_canton,M,,,,7989.0
2022.0,NUMBER,herzegovina-neretva_canton,M,,,,5745.0
2022.0,NUMBER,west_herzegovina_canton,M,,,,2755.0
2022.0,NUMBER,sarajevo_canton,M,,,,95191.0
2022.0,NUMBER,canton_10,M,,,,3012.0
2022.0,NUMBER,federation_of_bih,F,,,,204490.0
2022.0,NUMBER,una-sana_canton,F,,,,6287.0
2022.0,NUMBER,posavina_canton,F,,,,942.0
2022.0,NUMBER,tuzla_canton,F,,,,19331.0
2022.0,NUMBER,zenica-doboj_canton,F,,,,32871.0
2022.0,NUMBER,bosnian-podrinje_canton,F,,,,5382.0
2022.0,NUMBER,central_bosnia_canton,F,,,,8444.0
2022.0,NUMBER,herzegovina-neretva_canton,F,,,,9032.0
2022.0,NUMBER,west_herzegovina_canton,F,,,,2366.0
2022.0,NUMBER,sarajevo_canton,F,,,,118260.0
2022.0,NUMBER,canton_10,F,,,,1575.0
2023.0,NUMBER,federation_of_bih,_T,,,,396895.0
2023.0,NUMBER,una-sana_canton,_T,,,,13238.0
2023.0,NUMBER,posavina_canton,_T,,,,1823.0
2023.0,NUMBER,tuzla_canton,_T,,,,64681.0
2023.0,NUMBER,zenica-doboj_canton,_T,,,,64098.0
2023.0,NUMBER,bosnian-podrinje_canton,_T,,,,9750.0
2023.0,NUMBER,central_bosnia_canton,_T,,,,17967.0
2023.0,NUMBER,herzegovina-neretva_canton,_T,,,,7860.0
2023.0,NUMBER,west_herzegovina_canton,_T,,,,3384.0
2023.0,NUMBER,sarajevo_canton,_T,,,,209485.0
2023.0,NUMBER,canton_10,_T,,,,4879.0
2023.0,NUMBER,federation_of_bih,M,,,,191116.0
2023.0,NUMBER,una-sana_canton,M,,,,6304.0
2023.0,NUMBER,posavina_canton,M,,,,808.0
2023.0,NUMBER,tuzla_canton,M,,,,38852.0
2023.0,NUMBER,zenica-doboj_canton,M,,,,30114.0
2023.0,NUMBER,bosnian-podrinje_canton,M,,,,3900.0
2023.0,NUMBER,central_bosnia_canton,M,,,,8938.0
2023.0,NUMBER,herzegovina-neretva_canton,M,,,,3335.0
2023.0,NUMBER,west_herzegovina_canton,M,,,,1762.0
2023.0,NUMBER,sarajevo_canton,M,,,,93956.0
2023.0,NUMBER,canton_10,M,,,,3147.0
2023.0,NUMBER,federation_of_bih,F,,,,205779.0
2023.0,NUMBER,una-sana_canton,F,,,,6934.0
2023.0,NUMBER,posavina_canton,F,,,,1015.0
2023.0,NUMBER,tuzla_canton,F,,,,25829.0
2023.0,NUMBER,zenica-doboj_canton,F,,,,33984.0
2023.0,NUMBER,bosnian-podrinje_canton,F,,,,5850.0
2023.0,NUMBER,central_bosnia_canton,F,,,,8759.0
2023.0,NUMBER,herzegovina-neretva_canton,F,,,,4525.0
2023.0,NUMBER,west_herzegovina_canton,F,,,,1622.0
2023.0,NUMBER,sarajevo_canton,F,,,,115529.0
2023.0,NUMBER,canton_10,F,,,,1732.0
,,,,,,,
