Year,UNIT_MEASURE,Admin_Area,type_of_school,Sex,Value
2016,NUMBER,federation_of_bih,art_schools,_T,218
2017,NUMBER,federation_of_bih,art_schools,_T,136
2018,NUMBER,federation_of_bih,art_schools,_T,232
2019,NUMBER,federation_of_bih,art_schools,_T,217
2020,NUMBER,federation_of_bih,art_schools,_T,181
2021,NUMBER,federation_of_bih,art_schools,_T,169
2022,NUMBER,federation_of_bih,art_schools,_T,162
2016,NUMBER,una-sana_canton,art_schools,_T,28
2017,NUMBER,una-sana_canton,art_schools,_T,23
2018,NUMBER,una-sana_canton,art_schools,_T,18
2019,NUMBER,una-sana_canton,art_schools,_T,16
2020,NUMBER,una-sana_canton,art_schools,_T,8
2021,NUMBER,una-sana_canton,art_schools,_T,11
2022,NUMBER,una-sana_canton,art_schools,_T,14
2016,NUMBER,tuzla_canton,art_schools,_T,26
2017,NUMBER,tuzla_canton,art_schools,_T,15
2018,NUMBER,tuzla_canton,art_schools,_T,38
2019,NUMBER,tuzla_canton,art_schools,_T,43
2020,NUMBER,tuzla_canton,art_schools,_T,47
2021,NUMBER,tuzla_canton,art_schools,_T,33
2022,NUMBER,tuzla_canton,art_schools,_T,38
2016,NUMBER,zenica-doboj_canton,art_schools,_T,24
2017,NUMBER,zenica-doboj_canton,art_schools,_T,16
2018,NUMBER,zenica-doboj_canton,art_schools,_T,29
2019,NUMBER,zenica-doboj_canton,art_schools,_T,6
2020,NUMBER,zenica-doboj_canton,art_schools,_T,18
2021,NUMBER,zenica-doboj_canton,art_schools,_T,8
2022,NUMBER,zenica-doboj_canton,art_schools,_T,8
2016,NUMBER,central_bosnia_canton,art_schools,_T,27
2017,NUMBER,central_bosnia_canton,art_schools,_T,19
2018,NUMBER,central_bosnia_canton,art_schools,_T,29
2019,NUMBER,central_bosnia_canton,art_schools,_T,23
2020,NUMBER,central_bosnia_canton,art_schools,_T,17
2021,NUMBER,central_bosnia_canton,art_schools,_T,8
2022,NUMBER,central_bosnia_canton,art_schools,_T,18
2016,NUMBER,herzegovina-neretva_canton,art_schools,_T,37
2017,NUMBER,herzegovina-neretva_canton,art_schools,_T,16
2018,NUMBER,herzegovina-neretva_canton,art_schools,_T,38
2019,NUMBER,herzegovina-neretva_canton,art_schools,_T,42
2020,NUMBER,herzegovina-neretva_canton,art_schools,_T,29
2021,NUMBER,herzegovina-neretva_canton,art_schools,_T,16
2022,NUMBER,herzegovina-neretva_canton,art_schools,_T,14
2016,NUMBER,west_herzegovina_canton,art_schools,_T,8
2017,NUMBER,west_herzegovina_canton,art_schools,_T,5
2018,NUMBER,west_herzegovina_canton,art_schools,_T,2
2019,NUMBER,west_herzegovina_canton,art_schools,_T,5
2021,NUMBER,west_herzegovina_canton,art_schools,_T,12
2022,NUMBER,west_herzegovina_canton,art_schools,_T,1
2016,NUMBER,sarajevo_canton,art_schools,_T,68
2017,NUMBER,sarajevo_canton,art_schools,_T,42
2018,NUMBER,sarajevo_canton,art_schools,_T,78
2019,NUMBER,sarajevo_canton,art_schools,_T,82
2020,NUMBER,sarajevo_canton,art_schools,_T,62
2021,NUMBER,sarajevo_canton,art_schools,_T,81
2022,NUMBER,sarajevo_canton,art_schools,_T,69
2016,NUMBER,federation_of_bih,art_schools,M,79
2017,NUMBER,federation_of_bih,art_schools,M,48
2018,NUMBER,federation_of_bih,art_schools,M,87
2019,NUMBER,federation_of_bih,art_schools,M,85
2020,NUMBER,federation_of_bih,art_schools,M,54
2021,NUMBER,federation_of_bih,art_schools,M,58
2022,NUMBER,federation_of_bih,art_schools,M,66
2016,NUMBER,una-sana_canton,art_schools,M,13
2017,NUMBER,una-sana_canton,art_schools,M,10
2018,NUMBER,una-sana_canton,art_schools,M,4
2019,NUMBER,una-sana_canton,art_schools,M,6
2020,NUMBER,una-sana_canton,art_schools,M,2
2021,NUMBER,una-sana_canton,art_schools,M,6
2022,NUMBER,una-sana_canton,art_schools,M,5
2016,NUMBER,tuzla_canton,art_schools,M,9
2017,NUMBER,tuzla_canton,art_schools,M,5
2018,NUMBER,tuzla_canton,art_schools,M,15
2019,NUMBER,tuzla_canton,art_schools,M,22
2020,NUMBER,tuzla_canton,art_schools,M,14
2021,NUMBER,tuzla_canton,art_schools,M,10
2022,NUMBER,tuzla_canton,art_schools,M,17
2016,NUMBER,zenica-doboj_canton,art_schools,M,12
2017,NUMBER,zenica-doboj_canton,art_schools,M,9
2018,NUMBER,zenica-doboj_canton,art_schools,M,16
2019,NUMBER,zenica-doboj_canton,art_schools,M,3
2020,NUMBER,zenica-doboj_canton,art_schools,M,5
2021,NUMBER,zenica-doboj_canton,art_schools,M,1
2022,NUMBER,zenica-doboj_canton,art_schools,M,1
2016,NUMBER,central_bosnia_canton,art_schools,M,5
2017,NUMBER,central_bosnia_canton,art_schools,M,6
2018,NUMBER,central_bosnia_canton,art_schools,M,9
2019,NUMBER,central_bosnia_canton,art_schools,M,9
2020,NUMBER,central_bosnia_canton,art_schools,M,7
2021,NUMBER,central_bosnia_canton,art_schools,M,5
2022,NUMBER,central_bosnia_canton,art_schools,M,4
2016,NUMBER,herzegovina-neretva_canton,art_schools,M,8
2017,NUMBER,herzegovina-neretva_canton,art_schools,M,6
2018,NUMBER,herzegovina-neretva_canton,art_schools,M,15
2019,NUMBER,herzegovina-neretva_canton,art_schools,M,13
2020,NUMBER,herzegovina-neretva_canton,art_schools,M,9
2021,NUMBER,herzegovina-neretva_canton,art_schools,M,3
2022,NUMBER,herzegovina-neretva_canton,art_schools,M,6
2016,NUMBER,west_herzegovina_canton,art_schools,M,2
2017,NUMBER,west_herzegovina_canton,art_schools,M,1
2018,NUMBER,west_herzegovina_canton,art_schools,M,0
2019,NUMBER,west_herzegovina_canton,art_schools,M,4
2021,NUMBER,west_herzegovina_canton,art_schools,M,4
2022,NUMBER,west_herzegovina_canton,art_schools,M,1
2016,NUMBER,sarajevo_canton,art_schools,M,30
2017,NUMBER,sarajevo_canton,art_schools,M,11
2018,NUMBER,sarajevo_canton,art_schools,M,28
2019,NUMBER,sarajevo_canton,art_schools,M,28
2020,NUMBER,sarajevo_canton,art_schools,M,17
2021,NUMBER,sarajevo_canton,art_schools,M,29
2022,NUMBER,sarajevo_canton,art_schools,M,32
2016,NUMBER,federation_of_bih,art_schools,F,139
2017,NUMBER,federation_of_bih,art_schools,F,88
2018,NUMBER,federation_of_bih,art_schools,F,145
2019,NUMBER,federation_of_bih,art_schools,F,132
2020,NUMBER,federation_of_bih,art_schools,F,127
2021,NUMBER,federation_of_bih,art_schools,F,111
2022,NUMBER,federation_of_bih,art_schools,F,96
2016,NUMBER,una-sana_canton,art_schools,F,15
2017,NUMBER,una-sana_canton,art_schools,F,13
2018,NUMBER,una-sana_canton,art_schools,F,14
2019,NUMBER,una-sana_canton,art_schools,F,10
2020,NUMBER,una-sana_canton,art_schools,F,6
2021,NUMBER,una-sana_canton,art_schools,F,5
2022,NUMBER,una-sana_canton,art_schools,F,9
2016,NUMBER,tuzla_canton,art_schools,F,17
2017,NUMBER,tuzla_canton,art_schools,F,10
2018,NUMBER,tuzla_canton,art_schools,F,23
2019,NUMBER,tuzla_canton,art_schools,F,21
2020,NUMBER,tuzla_canton,art_schools,F,33
2021,NUMBER,tuzla_canton,art_schools,F,23
2022,NUMBER,tuzla_canton,art_schools,F,21
2016,NUMBER,zenica-doboj_canton,art_schools,F,12
2017,NUMBER,zenica-doboj_canton,art_schools,F,7
2018,NUMBER,zenica-doboj_canton,art_schools,F,13
2019,NUMBER,zenica-doboj_canton,art_schools,F,3
2020,NUMBER,zenica-doboj_canton,art_schools,F,13
2021,NUMBER,zenica-doboj_canton,art_schools,F,7
2022,NUMBER,zenica-doboj_canton,art_schools,F,7
2016,NUMBER,central_bosnia_canton,art_schools,F,22
2017,NUMBER,central_bosnia_canton,art_schools,F,13
2018,NUMBER,central_bosnia_canton,art_schools,F,20
2019,NUMBER,central_bosnia_canton,art_schools,F,14
2020,NUMBER,central_bosnia_canton,art_schools,F,10
2021,NUMBER,central_bosnia_canton,art_schools,F,3
2022,NUMBER,central_bosnia_canton,art_schools,F,14
2016,NUMBER,herzegovina-neretva_canton,art_schools,F,29
2017,NUMBER,herzegovina-neretva_canton,art_schools,F,10
2018,NUMBER,herzegovina-neretva_canton,art_schools,F,23
2019,NUMBER,herzegovina-neretva_canton,art_schools,F,29
2020,NUMBER,herzegovina-neretva_canton,art_schools,F,20
2021,NUMBER,herzegovina-neretva_canton,art_schools,F,13
2022,NUMBER,herzegovina-neretva_canton,art_schools,F,8
2016,NUMBER,west_herzegovina_canton,art_schools,F,6
2017,NUMBER,west_herzegovina_canton,art_schools,F,4
2018,NUMBER,west_herzegovina_canton,art_schools,F,2
2019,NUMBER,west_herzegovina_canton,art_schools,F,1
2021,NUMBER,west_herzegovina_canton,art_schools,F,8
2022,NUMBER,west_herzegovina_canton,art_schools,F,0
2016,NUMBER,sarajevo_canton,art_schools,F,38
2017,NUMBER,sarajevo_canton,art_schools,F,31
2018,NUMBER,sarajevo_canton,art_schools,F,50
2019,NUMBER,sarajevo_canton,art_schools,F,54
2020,NUMBER,sarajevo_canton,art_schools,F,45
2021,NUMBER,sarajevo_canton,art_schools,F,52
2022,NUMBER,sarajevo_canton,art_schools,F,37
2016,NUMBER,federation_of_bih,gymnasium,_T,6584
2017,NUMBER,federation_of_bih,gymnasium,_T,5298
2018,NUMBER,federation_of_bih,gymnasium,_T,5401
2019,NUMBER,federation_of_bih,gymnasium,_T,5049
2020,NUMBER,federation_of_bih,gymnasium,_T,4792
2021,NUMBER,federation_of_bih,gymnasium,_T,4356
2022,NUMBER,federation_of_bih,gymnasium,_T,3416
2016,NUMBER,una-sana_canton,gymnasium,_T,764
2017,NUMBER,una-sana_canton,gymnasium,_T,422
2018,NUMBER,una-sana_canton,gymnasium,_T,570
2019,NUMBER,una-sana_canton,gymnasium,_T,421
2020,NUMBER,una-sana_canton,gymnasium,_T,432
2021,NUMBER,una-sana_canton,gymnasium,_T,379
2022,NUMBER,una-sana_canton,gymnasium,_T,319
2016,NUMBER,posavina_canton,gymnasium,_T,77
2017,NUMBER,posavina_canton,gymnasium,_T,56
2018,NUMBER,posavina_canton,gymnasium,_T,44
2019,NUMBER,posavina_canton,gymnasium,_T,58
2020,NUMBER,posavina_canton,gymnasium,_T,56
2021,NUMBER,posavina_canton,gymnasium,_T,55
2022,NUMBER,posavina_canton,gymnasium,_T,44
2016,NUMBER,tuzla_canton,gymnasium,_T,913
2017,NUMBER,tuzla_canton,gymnasium,_T,765
2018,NUMBER,tuzla_canton,gymnasium,_T,529
2019,NUMBER,tuzla_canton,gymnasium,_T,622
2020,NUMBER,tuzla_canton,gymnasium,_T,536
2021,NUMBER,tuzla_canton,gymnasium,_T,596
2022,NUMBER,tuzla_canton,gymnasium,_T,546
2016,NUMBER,zenica-doboj_canton,gymnasium,_T,921
2017,NUMBER,zenica-doboj_canton,gymnasium,_T,846
2018,NUMBER,zenica-doboj_canton,gymnasium,_T,986
2019,NUMBER,zenica-doboj_canton,gymnasium,_T,854
2020,NUMBER,zenica-doboj_canton,gymnasium,_T,861
2021,NUMBER,zenica-doboj_canton,gymnasium,_T,704
2022,NUMBER,zenica-doboj_canton,gymnasium,_T,477
2016,NUMBER,bosnian-podrinje_canton,gymnasium,_T,46
2017,NUMBER,bosnian-podrinje_canton,gymnasium,_T,31
2018,NUMBER,bosnian-podrinje_canton,gymnasium,_T,50
2019,NUMBER,bosnian-podrinje_canton,gymnasium,_T,50
2020,NUMBER,bosnian-podrinje_canton,gymnasium,_T,38
2021,NUMBER,bosnian-podrinje_canton,gymnasium,_T,43
2022,NUMBER,bosnian-podrinje_canton,gymnasium,_T,27
2016,NUMBER,central_bosnia_canton,gymnasium,_T,747
2017,NUMBER,central_bosnia_canton,gymnasium,_T,724
2018,NUMBER,central_bosnia_canton,gymnasium,_T,516
2019,NUMBER,central_bosnia_canton,gymnasium,_T,499
2020,NUMBER,central_bosnia_canton,gymnasium,_T,504
2021,NUMBER,central_bosnia_canton,gymnasium,_T,366
2022,NUMBER,central_bosnia_canton,gymnasium,_T,181
2016,NUMBER,herzegovina-neretva_canton,gymnasium,_T,841
2017,NUMBER,herzegovina-neretva_canton,gymnasium,_T,770
2018,NUMBER,herzegovina-neretva_canton,gymnasium,_T,672
2019,NUMBER,herzegovina-neretva_canton,gymnasium,_T,687
2020,NUMBER,herzegovina-neretva_canton,gymnasium,_T,598
2021,NUMBER,herzegovina-neretva_canton,gymnasium,_T,561
2022,NUMBER,herzegovina-neretva_canton,gymnasium,_T,497
2016,NUMBER,west_herzegovina_canton,gymnasium,_T,466
2017,NUMBER,west_herzegovina_canton,gymnasium,_T,456
2018,NUMBER,west_herzegovina_canton,gymnasium,_T,430
2019,NUMBER,west_herzegovina_canton,gymnasium,_T,352
2020,NUMBER,west_herzegovina_canton,gymnasium,_T,353
2021,NUMBER,west_herzegovina_canton,gymnasium,_T,323
2022,NUMBER,west_herzegovina_canton,gymnasium,_T,211
2016,NUMBER,sarajevo_canton,gymnasium,_T,1565
2017,NUMBER,sarajevo_canton,gymnasium,_T,1012
2018,NUMBER,sarajevo_canton,gymnasium,_T,1417
2019,NUMBER,sarajevo_canton,gymnasium,_T,1386
2020,NUMBER,sarajevo_canton,gymnasium,_T,1254
2021,NUMBER,sarajevo_canton,gymnasium,_T,1150
2022,NUMBER,sarajevo_canton,gymnasium,_T,950
2016,NUMBER,canton_10,gymnasium,_T,244
2017,NUMBER,canton_10,gymnasium,_T,216
2018,NUMBER,canton_10,gymnasium,_T,187
2019,NUMBER,canton_10,gymnasium,_T,120
2020,NUMBER,canton_10,gymnasium,_T,160
2021,NUMBER,canton_10,gymnasium,_T,179
2022,NUMBER,canton_10,gymnasium,_T,164
2016,NUMBER,federation_of_bih,gymnasium,M,2446
2017,NUMBER,federation_of_bih,gymnasium,M,1933
2018,NUMBER,federation_of_bih,gymnasium,M,1976
2019,NUMBER,federation_of_bih,gymnasium,M,1915
2020,NUMBER,federation_of_bih,gymnasium,M,1688
2021,NUMBER,federation_of_bih,gymnasium,M,1543
2022,NUMBER,federation_of_bih,gymnasium,M,1210
2016,NUMBER,una-sana_canton,gymnasium,M,268
2017,NUMBER,una-sana_canton,gymnasium,M,143
2018,NUMBER,una-sana_canton,gymnasium,M,196
2019,NUMBER,una-sana_canton,gymnasium,M,143
2020,NUMBER,una-sana_canton,gymnasium,M,131
2021,NUMBER,una-sana_canton,gymnasium,M,126
2022,NUMBER,una-sana_canton,gymnasium,M,94
2016,NUMBER,posavina_canton,gymnasium,M,21
2017,NUMBER,posavina_canton,gymnasium,M,15
2018,NUMBER,posavina_canton,gymnasium,M,16
2019,NUMBER,posavina_canton,gymnasium,M,24
2020,NUMBER,posavina_canton,gymnasium,M,19
2021,NUMBER,posavina_canton,gymnasium,M,19
2022,NUMBER,posavina_canton,gymnasium,M,11
2016,NUMBER,tuzla_canton,gymnasium,M,320
2017,NUMBER,tuzla_canton,gymnasium,M,280
2018,NUMBER,tuzla_canton,gymnasium,M,169
2019,NUMBER,tuzla_canton,gymnasium,M,213
2020,NUMBER,tuzla_canton,gymnasium,M,173
2021,NUMBER,tuzla_canton,gymnasium,M,179
2022,NUMBER,tuzla_canton,gymnasium,M,179
2016,NUMBER,zenica-doboj_canton,gymnasium,M,343
2017,NUMBER,zenica-doboj_canton,gymnasium,M,316
2018,NUMBER,zenica-doboj_canton,gymnasium,M,363
2019,NUMBER,zenica-doboj_canton,gymnasium,M,324
2020,NUMBER,zenica-doboj_canton,gymnasium,M,277
2021,NUMBER,zenica-doboj_canton,gymnasium,M,219
2022,NUMBER,zenica-doboj_canton,gymnasium,M,157
2016,NUMBER,bosnian-podrinje_canton,gymnasium,M,10
2017,NUMBER,bosnian-podrinje_canton,gymnasium,M,10
2018,NUMBER,bosnian-podrinje_canton,gymnasium,M,10
2019,NUMBER,bosnian-podrinje_canton,gymnasium,M,15
2020,NUMBER,bosnian-podrinje_canton,gymnasium,M,17
2021,NUMBER,bosnian-podrinje_canton,gymnasium,M,13
2022,NUMBER,bosnian-podrinje_canton,gymnasium,M,6
2016,NUMBER,central_bosnia_canton,gymnasium,M,255
2017,NUMBER,central_bosnia_canton,gymnasium,M,258
2018,NUMBER,central_bosnia_canton,gymnasium,M,178
2019,NUMBER,central_bosnia_canton,gymnasium,M,177
2020,NUMBER,central_bosnia_canton,gymnasium,M,174
2021,NUMBER,central_bosnia_canton,gymnasium,M,109
2022,NUMBER,central_bosnia_canton,gymnasium,M,55
2016,NUMBER,herzegovina-neretva_canton,gymnasium,M,310
2017,NUMBER,herzegovina-neretva_canton,gymnasium,M,244
2018,NUMBER,herzegovina-neretva_canton,gymnasium,M,253
2019,NUMBER,herzegovina-neretva_canton,gymnasium,M,265
2020,NUMBER,herzegovina-neretva_canton,gymnasium,M,203
2021,NUMBER,herzegovina-neretva_canton,gymnasium,M,184
2022,NUMBER,herzegovina-neretva_canton,gymnasium,M,169
2016,NUMBER,west_herzegovina_canton,gymnasium,M,188
2017,NUMBER,west_herzegovina_canton,gymnasium,M,163
2018,NUMBER,west_herzegovina_canton,gymnasium,M,153
2019,NUMBER,west_herzegovina_canton,gymnasium,M,132
2020,NUMBER,west_herzegovina_canton,gymnasium,M,131
2021,NUMBER,west_herzegovina_canton,gymnasium,M,122
2022,NUMBER,west_herzegovina_canton,gymnasium,M,86
2016,NUMBER,sarajevo_canton,gymnasium,M,648
2017,NUMBER,sarajevo_canton,gymnasium,M,416
2018,NUMBER,sarajevo_canton,gymnasium,M,561
2019,NUMBER,sarajevo_canton,gymnasium,M,577
2020,NUMBER,sarajevo_canton,gymnasium,M,510
2021,NUMBER,sarajevo_canton,gymnasium,M,503
2022,NUMBER,sarajevo_canton,gymnasium,M,403
2016,NUMBER,canton_10,gymnasium,M,83
2017,NUMBER,canton_10,gymnasium,M,88
2018,NUMBER,canton_10,gymnasium,M,77
2019,NUMBER,canton_10,gymnasium,M,45
2020,NUMBER,canton_10,gymnasium,M,53
2021,NUMBER,canton_10,gymnasium,M,69
2022,NUMBER,canton_10,gymnasium,M,50
2016,NUMBER,federation_of_bih,gymnasium,F,4138
2017,NUMBER,federation_of_bih,gymnasium,F,3365
2018,NUMBER,federation_of_bih,gymnasium,F,3425
2019,NUMBER,federation_of_bih,gymnasium,F,3134
2020,NUMBER,federation_of_bih,gymnasium,F,3104
2021,NUMBER,federation_of_bih,gymnasium,F,2813
2022,NUMBER,federation_of_bih,gymnasium,F,2206
2016,NUMBER,una-sana_canton,gymnasium,F,496
2017,NUMBER,una-sana_canton,gymnasium,F,279
2018,NUMBER,una-sana_canton,gymnasium,F,374
2019,NUMBER,una-sana_canton,gymnasium,F,278
2020,NUMBER,una-sana_canton,gymnasium,F,301
2021,NUMBER,una-sana_canton,gymnasium,F,253
2022,NUMBER,una-sana_canton,gymnasium,F,225
2016,NUMBER,posavina_canton,gymnasium,F,56
2017,NUMBER,posavina_canton,gymnasium,F,41
2018,NUMBER,posavina_canton,gymnasium,F,28
2019,NUMBER,posavina_canton,gymnasium,F,34
2020,NUMBER,posavina_canton,gymnasium,F,37
2021,NUMBER,posavina_canton,gymnasium,F,36
2022,NUMBER,posavina_canton,gymnasium,F,33
2016,NUMBER,tuzla_canton,gymnasium,F,593
2017,NUMBER,tuzla_canton,gymnasium,F,485
2018,NUMBER,tuzla_canton,gymnasium,F,360
2019,NUMBER,tuzla_canton,gymnasium,F,409
2020,NUMBER,tuzla_canton,gymnasium,F,363
2021,NUMBER,tuzla_canton,gymnasium,F,417
2022,NUMBER,tuzla_canton,gymnasium,F,367
2016,NUMBER,zenica-doboj_canton,gymnasium,F,578
2017,NUMBER,zenica-doboj_canton,gymnasium,F,530
2018,NUMBER,zenica-doboj_canton,gymnasium,F,623
2019,NUMBER,zenica-doboj_canton,gymnasium,F,530
2020,NUMBER,zenica-doboj_canton,gymnasium,F,584
2021,NUMBER,zenica-doboj_canton,gymnasium,F,485
2022,NUMBER,zenica-doboj_canton,gymnasium,F,320
2016,NUMBER,bosnian-podrinje_canton,gymnasium,F,36
2017,NUMBER,bosnian-podrinje_canton,gymnasium,F,21
2018,NUMBER,bosnian-podrinje_canton,gymnasium,F,40
2019,NUMBER,bosnian-podrinje_canton,gymnasium,F,35
2020,NUMBER,bosnian-podrinje_canton,gymnasium,F,21
2021,NUMBER,bosnian-podrinje_canton,gymnasium,F,30
2022,NUMBER,bosnian-podrinje_canton,gymnasium,F,21
2016,NUMBER,central_bosnia_canton,gymnasium,F,492
2017,NUMBER,central_bosnia_canton,gymnasium,F,466
2018,NUMBER,central_bosnia_canton,gymnasium,F,338
2019,NUMBER,central_bosnia_canton,gymnasium,F,322
2020,NUMBER,central_bosnia_canton,gymnasium,F,330
2021,NUMBER,central_bosnia_canton,gymnasium,F,257
2022,NUMBER,central_bosnia_canton,gymnasium,F,126
2016,NUMBER,herzegovina-neretva_canton,gymnasium,F,531
2017,NUMBER,herzegovina-neretva_canton,gymnasium,F,526
2018,NUMBER,herzegovina-neretva_canton,gymnasium,F,419
2019,NUMBER,herzegovina-neretva_canton,gymnasium,F,422
2020,NUMBER,herzegovina-neretva_canton,gymnasium,F,395
2021,NUMBER,herzegovina-neretva_canton,gymnasium,F,377
2022,NUMBER,herzegovina-neretva_canton,gymnasium,F,328
2016,NUMBER,west_herzegovina_canton,gymnasium,F,278
2017,NUMBER,west_herzegovina_canton,gymnasium,F,293
2018,NUMBER,west_herzegovina_canton,gymnasium,F,277
2019,NUMBER,west_herzegovina_canton,gymnasium,F,220
2020,NUMBER,west_herzegovina_canton,gymnasium,F,222
2021,NUMBER,west_herzegovina_canton,gymnasium,F,201
2022,NUMBER,west_herzegovina_canton,gymnasium,F,125
2016,NUMBER,sarajevo_canton,gymnasium,F,917
2017,NUMBER,sarajevo_canton,gymnasium,F,596
2018,NUMBER,sarajevo_canton,gymnasium,F,856
2019,NUMBER,sarajevo_canton,gymnasium,F,809
2020,NUMBER,sarajevo_canton,gymnasium,F,744
2021,NUMBER,sarajevo_canton,gymnasium,F,647
2022,NUMBER,sarajevo_canton,gymnasium,F,547
2016,NUMBER,canton_10,gymnasium,F,161
2017,NUMBER,canton_10,gymnasium,F,128
2018,NUMBER,canton_10,gymnasium,F,110
2019,NUMBER,canton_10,gymnasium,F,75
2020,NUMBER,canton_10,gymnasium,F,107
2021,NUMBER,canton_10,gymnasium,F,110
2022,NUMBER,canton_10,gymnasium,F,114
2016,NUMBER,federation_of_bih,high_schools_for_students_with_disabilities,_T,92
2017,NUMBER,federation_of_bih,high_schools_for_students_with_disabilities,_T,75
2018,NUMBER,federation_of_bih,high_schools_for_students_with_disabilities,_T,74
2019,NUMBER,federation_of_bih,high_schools_for_students_with_disabilities,_T,72
2020,NUMBER,federation_of_bih,high_schools_for_students_with_disabilities,_T,78
2021,NUMBER,federation_of_bih,high_schools_for_students_with_disabilities,_T,75
2022,NUMBER,federation_of_bih,high_schools_for_students_with_disabilities,_T,63
2016,NUMBER,tuzla_canton,high_schools_for_students_with_disabilities,_T,11
2017,NUMBER,tuzla_canton,high_schools_for_students_with_disabilities,_T,11
2018,NUMBER,tuzla_canton,high_schools_for_students_with_disabilities,_T,11
2019,NUMBER,tuzla_canton,high_schools_for_students_with_disabilities,_T,8
2020,NUMBER,tuzla_canton,high_schools_for_students_with_disabilities,_T,8
2016,NUMBER,zenica-doboj_canton,high_schools_for_students_with_disabilities,_T,21
2017,NUMBER,zenica-doboj_canton,high_schools_for_students_with_disabilities,_T,16
2018,NUMBER,zenica-doboj_canton,high_schools_for_students_with_disabilities,_T,19
2019,NUMBER,zenica-doboj_canton,high_schools_for_students_with_disabilities,_T,8
2020,NUMBER,zenica-doboj_canton,high_schools_for_students_with_disabilities,_T,18
2021,NUMBER,zenica-doboj_canton,high_schools_for_students_with_disabilities,_T,32
2022,NUMBER,zenica-doboj_canton,high_schools_for_students_with_disabilities,_T,10
2016,NUMBER,herzegovina-neretva_canton,high_schools_for_students_with_disabilities,_T,7
2017,NUMBER,herzegovina-neretva_canton,high_schools_for_students_with_disabilities,_T,17
2018,NUMBER,herzegovina-neretva_canton,high_schools_for_students_with_disabilities,_T,12
2019,NUMBER,herzegovina-neretva_canton,high_schools_for_students_with_disabilities,_T,11
2020,NUMBER,herzegovina-neretva_canton,high_schools_for_students_with_disabilities,_T,10
2021,NUMBER,herzegovina-neretva_canton,high_schools_for_students_with_disabilities,_T,8
2022,NUMBER,herzegovina-neretva_canton,high_schools_for_students_with_disabilities,_T,1
2016,NUMBER,west_herzegovina_canton,high_schools_for_students_with_disabilities,_T,2
2017,NUMBER,west_herzegovina_canton,high_schools_for_students_with_disabilities,_T,0
2018,NUMBER,west_herzegovina_canton,high_schools_for_students_with_disabilities,_T,2
2019,NUMBER,west_herzegovina_canton,high_schools_for_students_with_disabilities,_T,1
2020,NUMBER,west_herzegovina_canton,high_schools_for_students_with_disabilities,_T,5
2021,NUMBER,west_herzegovina_canton,high_schools_for_students_with_disabilities,_T,1
2022,NUMBER,west_herzegovina_canton,high_schools_for_students_with_disabilities,_T,2
2016,NUMBER,sarajevo_canton,high_schools_for_students_with_disabilities,_T,49
2017,NUMBER,sarajevo_canton,high_schools_for_students_with_disabilities,_T,28
2018,NUMBER,sarajevo_canton,high_schools_for_students_with_disabilities,_T,29
2019,NUMBER,sarajevo_canton,high_schools_for_students_with_disabilities,_T,43
2020,NUMBER,sarajevo_canton,high_schools_for_students_with_disabilities,_T,34
2021,NUMBER,sarajevo_canton,high_schools_for_students_with_disabilities,_T,31
2022,NUMBER,sarajevo_canton,high_schools_for_students_with_disabilities,_T,50
2016,NUMBER,canton_10,high_schools_for_students_with_disabilities,_T,2
2017,NUMBER,canton_10,high_schools_for_students_with_disabilities,_T,3
2018,NUMBER,canton_10,high_schools_for_students_with_disabilities,_T,1
2019,NUMBER,canton_10,high_schools_for_students_with_disabilities,_T,1
2020,NUMBER,canton_10,high_schools_for_students_with_disabilities,_T,3
2021,NUMBER,canton_10,high_schools_for_students_with_disabilities,_T,3
2022,NUMBER,canton_10,high_schools_for_students_with_disabilities,_T,0
2016,NUMBER,federation_of_bih,high_schools_for_students_with_disabilities,M,61
2017,NUMBER,federation_of_bih,high_schools_for_students_with_disabilities,M,49
2018,NUMBER,federation_of_bih,high_schools_for_students_with_disabilities,M,53
2019,NUMBER,federation_of_bih,high_schools_for_students_with_disabilities,M,52
2020,NUMBER,federation_of_bih,high_schools_for_students_with_disabilities,M,54
2021,NUMBER,federation_of_bih,high_schools_for_students_with_disabilities,M,54
2022,NUMBER,federation_of_bih,high_schools_for_students_with_disabilities,M,37
2016,NUMBER,tuzla_canton,high_schools_for_students_with_disabilities,M,10
2017,NUMBER,tuzla_canton,high_schools_for_students_with_disabilities,M,10
2018,NUMBER,tuzla_canton,high_schools_for_students_with_disabilities,M,10
2019,NUMBER,tuzla_canton,high_schools_for_students_with_disabilities,M,6
2020,NUMBER,tuzla_canton,high_schools_for_students_with_disabilities,M,5
2016,NUMBER,zenica-doboj_canton,high_schools_for_students_with_disabilities,M,15
2017,NUMBER,zenica-doboj_canton,high_schools_for_students_with_disabilities,M,10
2018,NUMBER,zenica-doboj_canton,high_schools_for_students_with_disabilities,M,13
2019,NUMBER,zenica-doboj_canton,high_schools_for_students_with_disabilities,M,8
2020,NUMBER,zenica-doboj_canton,high_schools_for_students_with_disabilities,M,10
2021,NUMBER,zenica-doboj_canton,high_schools_for_students_with_disabilities,M,20
2022,NUMBER,zenica-doboj_canton,high_schools_for_students_with_disabilities,M,5
2016,NUMBER,herzegovina-neretva_canton,high_schools_for_students_with_disabilities,M,5
2017,NUMBER,herzegovina-neretva_canton,high_schools_for_students_with_disabilities,M,8
2018,NUMBER,herzegovina-neretva_canton,high_schools_for_students_with_disabilities,M,7
2019,NUMBER,herzegovina-neretva_canton,high_schools_for_students_with_disabilities,M,7
2020,NUMBER,herzegovina-neretva_canton,high_schools_for_students_with_disabilities,M,6
2021,NUMBER,herzegovina-neretva_canton,high_schools_for_students_with_disabilities,M,8
2022,NUMBER,herzegovina-neretva_canton,high_schools_for_students_with_disabilities,M,0
2016,NUMBER,west_herzegovina_canton,high_schools_for_students_with_disabilities,M,0
2017,NUMBER,west_herzegovina_canton,high_schools_for_students_with_disabilities,M,0
2018,NUMBER,west_herzegovina_canton,high_schools_for_students_with_disabilities,M,0
2019,NUMBER,west_herzegovina_canton,high_schools_for_students_with_disabilities,M,1
2020,NUMBER,west_herzegovina_canton,high_schools_for_students_with_disabilities,M,4
2021,NUMBER,west_herzegovina_canton,high_schools_for_students_with_disabilities,M,1
2022,NUMBER,west_herzegovina_canton,high_schools_for_students_with_disabilities,M,1
2016,NUMBER,sarajevo_canton,high_schools_for_students_with_disabilities,M,29
2017,NUMBER,sarajevo_canton,high_schools_for_students_with_disabilities,M,18
2018,NUMBER,sarajevo_canton,high_schools_for_students_with_disabilities,M,22
2019,NUMBER,sarajevo_canton,high_schools_for_students_with_disabilities,M,29
2020,NUMBER,sarajevo_canton,high_schools_for_students_with_disabilities,M,29
2021,NUMBER,sarajevo_canton,high_schools_for_students_with_disabilities,M,23
2022,NUMBER,sarajevo_canton,high_schools_for_students_with_disabilities,M,31
2016,NUMBER,canton_10,high_schools_for_students_with_disabilities,M,2
2017,NUMBER,canton_10,high_schools_for_students_with_disabilities,M,3
2018,NUMBER,canton_10,high_schools_for_students_with_disabilities,M,1
2019,NUMBER,canton_10,high_schools_for_students_with_disabilities,M,1
2020,NUMBER,canton_10,high_schools_for_students_with_disabilities,M,0
2021,NUMBER,canton_10,high_schools_for_students_with_disabilities,M,2
2022,NUMBER,canton_10,high_schools_for_students_with_disabilities,M,0
2016,NUMBER,federation_of_bih,high_schools_for_students_with_disabilities,F,31
2017,NUMBER,federation_of_bih,high_schools_for_students_with_disabilities,F,26
2018,NUMBER,federation_of_bih,high_schools_for_students_with_disabilities,F,21
2019,NUMBER,federation_of_bih,high_schools_for_students_with_disabilities,F,20
2020,NUMBER,federation_of_bih,high_schools_for_students_with_disabilities,F,24
2021,NUMBER,federation_of_bih,high_schools_for_students_with_disabilities,F,21
2022,NUMBER,federation_of_bih,high_schools_for_students_with_disabilities,F,26
2016,NUMBER,tuzla_canton,high_schools_for_students_with_disabilities,F,1
2017,NUMBER,tuzla_canton,high_schools_for_students_with_disabilities,F,1
2018,NUMBER,tuzla_canton,high_schools_for_students_with_disabilities,F,1
2019,NUMBER,tuzla_canton,high_schools_for_students_with_disabilities,F,2
2020,NUMBER,tuzla_canton,high_schools_for_students_with_disabilities,F,3
2016,NUMBER,zenica-doboj_canton,high_schools_for_students_with_disabilities,F,6
2017,NUMBER,zenica-doboj_canton,high_schools_for_students_with_disabilities,F,6
2018,NUMBER,zenica-doboj_canton,high_schools_for_students_with_disabilities,F,6
2019,NUMBER,zenica-doboj_canton,high_schools_for_students_with_disabilities,F,0
2020,NUMBER,zenica-doboj_canton,high_schools_for_students_with_disabilities,F,8
2021,NUMBER,zenica-doboj_canton,high_schools_for_students_with_disabilities,F,12
2022,NUMBER,zenica-doboj_canton,high_schools_for_students_with_disabilities,F,5
2016,NUMBER,herzegovina-neretva_canton,high_schools_for_students_with_disabilities,F,2
2017,NUMBER,herzegovina-neretva_canton,high_schools_for_students_with_disabilities,F,9
2018,NUMBER,herzegovina-neretva_canton,high_schools_for_students_with_disabilities,F,5
2019,NUMBER,herzegovina-neretva_canton,high_schools_for_students_with_disabilities,F,4
2020,NUMBER,herzegovina-neretva_canton,high_schools_for_students_with_disabilities,F,4
2021,NUMBER,herzegovina-neretva_canton,high_schools_for_students_with_disabilities,F,0
2022,NUMBER,herzegovina-neretva_canton,high_schools_for_students_with_disabilities,F,1
2016,NUMBER,west_herzegovina_canton,high_schools_for_students_with_disabilities,F,2
2017,NUMBER,west_herzegovina_canton,high_schools_for_students_with_disabilities,F,0
2018,NUMBER,west_herzegovina_canton,high_schools_for_students_with_disabilities,F,2
2019,NUMBER,west_herzegovina_canton,high_schools_for_students_with_disabilities,F,0
2020,NUMBER,west_herzegovina_canton,high_schools_for_students_with_disabilities,F,1
2021,NUMBER,west_herzegovina_canton,high_schools_for_students_with_disabilities,F,0
2022,NUMBER,west_herzegovina_canton,high_schools_for_students_with_disabilities,F,1
2016,NUMBER,sarajevo_canton,high_schools_for_students_with_disabilities,F,20
2017,NUMBER,sarajevo_canton,high_schools_for_students_with_disabilities,F,10
2018,NUMBER,sarajevo_canton,high_schools_for_students_with_disabilities,F,7
2019,NUMBER,sarajevo_canton,high_schools_for_students_with_disabilities,F,14
2020,NUMBER,sarajevo_canton,high_schools_for_students_with_disabilities,F,5
2021,NUMBER,sarajevo_canton,high_schools_for_students_with_disabilities,F,8
2022,NUMBER,sarajevo_canton,high_schools_for_students_with_disabilities,F,19
2016,NUMBER,canton_10,high_schools_for_students_with_disabilities,F,0
2017,NUMBER,canton_10,high_schools_for_students_with_disabilities,F,0
2018,NUMBER,canton_10,high_schools_for_students_with_disabilities,F,0
2019,NUMBER,canton_10,high_schools_for_students_with_disabilities,F,0
2020,NUMBER,canton_10,high_schools_for_students_with_disabilities,F,3
2021,NUMBER,canton_10,high_schools_for_students_with_disabilities,F,1
2022,NUMBER,canton_10,high_schools_for_students_with_disabilities,F,0
2016,NUMBER,federation_of_bih,religious_schools,_T,491
2017,NUMBER,federation_of_bih,religious_schools,_T,459
2018,NUMBER,federation_of_bih,religious_schools,_T,504
2019,NUMBER,federation_of_bih,religious_schools,_T,540
2020,NUMBER,federation_of_bih,religious_schools,_T,507
2021,NUMBER,federation_of_bih,religious_schools,_T,545
2022,NUMBER,federation_of_bih,religious_schools,_T,482
2016,NUMBER,una-sana_canton,religious_schools,_T,63
2017,NUMBER,una-sana_canton,religious_schools,_T,49
2018,NUMBER,una-sana_canton,religious_schools,_T,63
2019,NUMBER,una-sana_canton,religious_schools,_T,70
2020,NUMBER,una-sana_canton,religious_schools,_T,55
2021,NUMBER,una-sana_canton,religious_schools,_T,55
2022,NUMBER,una-sana_canton,religious_schools,_T,52
2016,NUMBER,tuzla_canton,religious_schools,_T,115
2017,NUMBER,tuzla_canton,religious_schools,_T,114
2018,NUMBER,tuzla_canton,religious_schools,_T,120
2019,NUMBER,tuzla_canton,religious_schools,_T,125
2020,NUMBER,tuzla_canton,religious_schools,_T,125
2021,NUMBER,tuzla_canton,religious_schools,_T,125
2022,NUMBER,tuzla_canton,religious_schools,_T,121
2016,NUMBER,zenica-doboj_canton,religious_schools,_T,56
2017,NUMBER,zenica-doboj_canton,religious_schools,_T,43
2018,NUMBER,zenica-doboj_canton,religious_schools,_T,56
2019,NUMBER,zenica-doboj_canton,religious_schools,_T,55
2020,NUMBER,zenica-doboj_canton,religious_schools,_T,46
2021,NUMBER,zenica-doboj_canton,religious_schools,_T,52
2022,NUMBER,zenica-doboj_canton,religious_schools,_T,45
2016,NUMBER,central_bosnia_canton,religious_schools,_T,87
2017,NUMBER,central_bosnia_canton,religious_schools,_T,81
2018,NUMBER,central_bosnia_canton,religious_schools,_T,87
2019,NUMBER,central_bosnia_canton,religious_schools,_T,99
2020,NUMBER,central_bosnia_canton,religious_schools,_T,101
2021,NUMBER,central_bosnia_canton,religious_schools,_T,125
2022,NUMBER,central_bosnia_canton,religious_schools,_T,92
2016,NUMBER,herzegovina-neretva_canton,religious_schools,_T,72
2017,NUMBER,herzegovina-neretva_canton,religious_schools,_T,61
2018,NUMBER,herzegovina-neretva_canton,religious_schools,_T,54
2019,NUMBER,herzegovina-neretva_canton,religious_schools,_T,72
2020,NUMBER,herzegovina-neretva_canton,religious_schools,_T,67
2021,NUMBER,herzegovina-neretva_canton,religious_schools,_T,61
2022,NUMBER,herzegovina-neretva_canton,religious_schools,_T,54
2016,NUMBER,sarajevo_canton,religious_schools,_T,98
2017,NUMBER,sarajevo_canton,religious_schools,_T,111
2018,NUMBER,sarajevo_canton,religious_schools,_T,124
2019,NUMBER,sarajevo_canton,religious_schools,_T,119
2020,NUMBER,sarajevo_canton,religious_schools,_T,113
2021,NUMBER,sarajevo_canton,religious_schools,_T,127
2022,NUMBER,sarajevo_canton,religious_schools,_T,118
2016,NUMBER,federation_of_bih,religious_schools,M,230
2017,NUMBER,federation_of_bih,religious_schools,M,224
2018,NUMBER,federation_of_bih,religious_schools,M,227
2019,NUMBER,federation_of_bih,religious_schools,M,238
2020,NUMBER,federation_of_bih,religious_schools,M,248
2021,NUMBER,federation_of_bih,religious_schools,M,249
2022,NUMBER,federation_of_bih,religious_schools,M,220
2016,NUMBER,una-sana_canton,religious_schools,M,30
2017,NUMBER,una-sana_canton,religious_schools,M,22
2018,NUMBER,una-sana_canton,religious_schools,M,27
2019,NUMBER,una-sana_canton,religious_schools,M,27
2020,NUMBER,una-sana_canton,religious_schools,M,23
2021,NUMBER,una-sana_canton,religious_schools,M,24
2022,NUMBER,una-sana_canton,religious_schools,M,19
2016,NUMBER,tuzla_canton,religious_schools,M,64
2017,NUMBER,tuzla_canton,religious_schools,M,58
2018,NUMBER,tuzla_canton,religious_schools,M,60
2019,NUMBER,tuzla_canton,religious_schools,M,61
2020,NUMBER,tuzla_canton,religious_schools,M,61
2021,NUMBER,tuzla_canton,religious_schools,M,61
2022,NUMBER,tuzla_canton,religious_schools,M,60
2016,NUMBER,zenica-doboj_canton,religious_schools,M,27
2017,NUMBER,zenica-doboj_canton,religious_schools,M,21
2018,NUMBER,zenica-doboj_canton,religious_schools,M,25
2019,NUMBER,zenica-doboj_canton,religious_schools,M,28
2020,NUMBER,zenica-doboj_canton,religious_schools,M,26
2021,NUMBER,zenica-doboj_canton,religious_schools,M,26
2022,NUMBER,zenica-doboj_canton,religious_schools,M,19
2016,NUMBER,central_bosnia_canton,religious_schools,M,30
2017,NUMBER,central_bosnia_canton,religious_schools,M,35
2018,NUMBER,central_bosnia_canton,religious_schools,M,32
2019,NUMBER,central_bosnia_canton,religious_schools,M,44
2020,NUMBER,central_bosnia_canton,religious_schools,M,47
2021,NUMBER,central_bosnia_canton,religious_schools,M,50
2022,NUMBER,central_bosnia_canton,religious_schools,M,47
2016,NUMBER,herzegovina-neretva_canton,religious_schools,M,40
2017,NUMBER,herzegovina-neretva_canton,religious_schools,M,34
2018,NUMBER,herzegovina-neretva_canton,religious_schools,M,26
2019,NUMBER,herzegovina-neretva_canton,religious_schools,M,33
2020,NUMBER,herzegovina-neretva_canton,religious_schools,M,40
2021,NUMBER,herzegovina-neretva_canton,religious_schools,M,35
2022,NUMBER,herzegovina-neretva_canton,religious_schools,M,31
2016,NUMBER,sarajevo_canton,religious_schools,M,39
2017,NUMBER,sarajevo_canton,religious_schools,M,54
2018,NUMBER,sarajevo_canton,religious_schools,M,57
2019,NUMBER,sarajevo_canton,religious_schools,M,45
2020,NUMBER,sarajevo_canton,religious_schools,M,51
2021,NUMBER,sarajevo_canton,religious_schools,M,53
2022,NUMBER,sarajevo_canton,religious_schools,M,44
2016,NUMBER,federation_of_bih,religious_schools,F,261
2017,NUMBER,federation_of_bih,religious_schools,F,235
2018,NUMBER,federation_of_bih,religious_schools,F,277
2019,NUMBER,federation_of_bih,religious_schools,F,302
2020,NUMBER,federation_of_bih,religious_schools,F,259
2021,NUMBER,federation_of_bih,religious_schools,F,296
2022,NUMBER,federation_of_bih,religious_schools,F,262
2016,NUMBER,una-sana_canton,religious_schools,F,33
2017,NUMBER,una-sana_canton,religious_schools,F,27
2018,NUMBER,una-sana_canton,religious_schools,F,36
2019,NUMBER,una-sana_canton,religious_schools,F,43
2020,NUMBER,una-sana_canton,religious_schools,F,32
2021,NUMBER,una-sana_canton,religious_schools,F,31
2022,NUMBER,una-sana_canton,religious_schools,F,33
2016,NUMBER,tuzla_canton,religious_schools,F,51
2017,NUMBER,tuzla_canton,religious_schools,F,56
2018,NUMBER,tuzla_canton,religious_schools,F,60
2019,NUMBER,tuzla_canton,religious_schools,F,64
2020,NUMBER,tuzla_canton,religious_schools,F,64
2021,NUMBER,tuzla_canton,religious_schools,F,64
2022,NUMBER,tuzla_canton,religious_schools,F,61
2016,NUMBER,zenica-doboj_canton,religious_schools,F,29
2017,NUMBER,zenica-doboj_canton,religious_schools,F,22
2018,NUMBER,zenica-doboj_canton,religious_schools,F,31
2019,NUMBER,zenica-doboj_canton,religious_schools,F,27
2020,NUMBER,zenica-doboj_canton,religious_schools,F,20
2021,NUMBER,zenica-doboj_canton,religious_schools,F,26
2022,NUMBER,zenica-doboj_canton,religious_schools,F,26
2016,NUMBER,central_bosnia_canton,religious_schools,F,57
2017,NUMBER,central_bosnia_canton,religious_schools,F,46
2018,NUMBER,central_bosnia_canton,religious_schools,F,55
2019,NUMBER,central_bosnia_canton,religious_schools,F,55
2020,NUMBER,central_bosnia_canton,religious_schools,F,54
2021,NUMBER,central_bosnia_canton,religious_schools,F,75
2022,NUMBER,central_bosnia_canton,religious_schools,F,45
2016,NUMBER,herzegovina-neretva_canton,religious_schools,F,32
2017,NUMBER,herzegovina-neretva_canton,religious_schools,F,27
2018,NUMBER,herzegovina-neretva_canton,religious_schools,F,28
2019,NUMBER,herzegovina-neretva_canton,religious_schools,F,39
2020,NUMBER,herzegovina-neretva_canton,religious_schools,F,27
2021,NUMBER,herzegovina-neretva_canton,religious_schools,F,26
2022,NUMBER,herzegovina-neretva_canton,religious_schools,F,23
2016,NUMBER,sarajevo_canton,religious_schools,F,59
2017,NUMBER,sarajevo_canton,religious_schools,F,57
2018,NUMBER,sarajevo_canton,religious_schools,F,67
2019,NUMBER,sarajevo_canton,religious_schools,F,74
2020,NUMBER,sarajevo_canton,religious_schools,F,62
2021,NUMBER,sarajevo_canton,religious_schools,F,74
2022,NUMBER,sarajevo_canton,religious_schools,F,74
2016,NUMBER,federation_of_bih,technical_high_schools,_T,11723
2017,NUMBER,federation_of_bih,technical_high_schools,_T,8944
2018,NUMBER,federation_of_bih,technical_high_schools,_T,10266
2019,NUMBER,federation_of_bih,technical_high_schools,_T,10551
2020,NUMBER,federation_of_bih,technical_high_schools,_T,9859
2021,NUMBER,federation_of_bih,technical_high_schools,_T,9303
2022,NUMBER,federation_of_bih,technical_high_schools,_T,7858
2016,NUMBER,una-sana_canton,technical_high_schools,_T,1295
2017,NUMBER,una-sana_canton,technical_high_schools,_T,880
2018,NUMBER,una-sana_canton,technical_high_schools,_T,1421
2019,NUMBER,una-sana_canton,technical_high_schools,_T,1091
2020,NUMBER,una-sana_canton,technical_high_schools,_T,919
2021,NUMBER,una-sana_canton,technical_high_schools,_T,926
2022,NUMBER,una-sana_canton,technical_high_schools,_T,895
2016,NUMBER,posavina_canton,technical_high_schools,_T,244
2017,NUMBER,posavina_canton,technical_high_schools,_T,223
2018,NUMBER,posavina_canton,technical_high_schools,_T,237
2019,NUMBER,posavina_canton,technical_high_schools,_T,145
2020,NUMBER,posavina_canton,technical_high_schools,_T,173
2021,NUMBER,posavina_canton,technical_high_schools,_T,126
2022,NUMBER,posavina_canton,technical_high_schools,_T,138
2016,NUMBER,tuzla_canton,technical_high_schools,_T,2460
2017,NUMBER,tuzla_canton,technical_high_schools,_T,1954
2018,NUMBER,tuzla_canton,technical_high_schools,_T,1997
2019,NUMBER,tuzla_canton,technical_high_schools,_T,2370
2020,NUMBER,tuzla_canton,technical_high_schools,_T,2097
2021,NUMBER,tuzla_canton,technical_high_schools,_T,1903
2022,NUMBER,tuzla_canton,technical_high_schools,_T,1879
2016,NUMBER,zenica-doboj_canton,technical_high_schools,_T,1864
2017,NUMBER,zenica-doboj_canton,technical_high_schools,_T,1341
2018,NUMBER,zenica-doboj_canton,technical_high_schools,_T,1558
2019,NUMBER,zenica-doboj_canton,technical_high_schools,_T,1678
2020,NUMBER,zenica-doboj_canton,technical_high_schools,_T,1749
2021,NUMBER,zenica-doboj_canton,technical_high_schools,_T,1526
2022,NUMBER,zenica-doboj_canton,technical_high_schools,_T,1231
2016,NUMBER,bosnian-podrinje_canton,technical_high_schools,_T,205
2017,NUMBER,bosnian-podrinje_canton,technical_high_schools,_T,91
2018,NUMBER,bosnian-podrinje_canton,technical_high_schools,_T,150
2019,NUMBER,bosnian-podrinje_canton,technical_high_schools,_T,213
2020,NUMBER,bosnian-podrinje_canton,technical_high_schools,_T,145
2021,NUMBER,bosnian-podrinje_canton,technical_high_schools,_T,123
2022,NUMBER,bosnian-podrinje_canton,technical_high_schools,_T,132
2016,NUMBER,central_bosnia_canton,technical_high_schools,_T,1448
2017,NUMBER,central_bosnia_canton,technical_high_schools,_T,1359
2018,NUMBER,central_bosnia_canton,technical_high_schools,_T,1344
2019,NUMBER,central_bosnia_canton,technical_high_schools,_T,1515
2020,NUMBER,central_bosnia_canton,technical_high_schools,_T,1232
2021,NUMBER,central_bosnia_canton,technical_high_schools,_T,1251
2022,NUMBER,central_bosnia_canton,technical_high_schools,_T,490
2016,NUMBER,herzegovina-neretva_canton,technical_high_schools,_T,1278
2017,NUMBER,herzegovina-neretva_canton,technical_high_schools,_T,1142
2018,NUMBER,herzegovina-neretva_canton,technical_high_schools,_T,897
2019,NUMBER,herzegovina-neretva_canton,technical_high_schools,_T,1000
2020,NUMBER,herzegovina-neretva_canton,technical_high_schools,_T,1035
2021,NUMBER,herzegovina-neretva_canton,technical_high_schools,_T,870
2022,NUMBER,herzegovina-neretva_canton,technical_high_schools,_T,643
2016,NUMBER,west_herzegovina_canton,technical_high_schools,_T,474
2017,NUMBER,west_herzegovina_canton,technical_high_schools,_T,496
2018,NUMBER,west_herzegovina_canton,technical_high_schools,_T,442
2019,NUMBER,west_herzegovina_canton,technical_high_schools,_T,420
2020,NUMBER,west_herzegovina_canton,technical_high_schools,_T,482
2021,NUMBER,west_herzegovina_canton,technical_high_schools,_T,419
2022,NUMBER,west_herzegovina_canton,technical_high_schools,_T,319
2016,NUMBER,sarajevo_canton,technical_high_schools,_T,2132
2017,NUMBER,sarajevo_canton,technical_high_schools,_T,1188
2018,NUMBER,sarajevo_canton,technical_high_schools,_T,1937
2019,NUMBER,sarajevo_canton,technical_high_schools,_T,1966
2020,NUMBER,sarajevo_canton,technical_high_schools,_T,1791
2021,NUMBER,sarajevo_canton,technical_high_schools,_T,1905
2022,NUMBER,sarajevo_canton,technical_high_schools,_T,1872
2016,NUMBER,canton_10,technical_high_schools,_T,323
2017,NUMBER,canton_10,technical_high_schools,_T,270
2018,NUMBER,canton_10,technical_high_schools,_T,283
2019,NUMBER,canton_10,technical_high_schools,_T,153
2020,NUMBER,canton_10,technical_high_schools,_T,236
2021,NUMBER,canton_10,technical_high_schools,_T,254
2022,NUMBER,canton_10,technical_high_schools,_T,259
2016,NUMBER,federation_of_bih,technical_high_schools,M,6130
2017,NUMBER,federation_of_bih,technical_high_schools,M,4523
2018,NUMBER,federation_of_bih,technical_high_schools,M,4997
2019,NUMBER,federation_of_bih,technical_high_schools,M,5188
2020,NUMBER,federation_of_bih,technical_high_schools,M,4862
2021,NUMBER,federation_of_bih,technical_high_schools,M,4559
2022,NUMBER,federation_of_bih,technical_high_schools,M,3759
2016,NUMBER,una-sana_canton,technical_high_schools,M,625
2017,NUMBER,una-sana_canton,technical_high_schools,M,403
2018,NUMBER,una-sana_canton,technical_high_schools,M,674
2019,NUMBER,una-sana_canton,technical_high_schools,M,498
2020,NUMBER,una-sana_canton,technical_high_schools,M,445
2021,NUMBER,una-sana_canton,technical_high_schools,M,439
2022,NUMBER,una-sana_canton,technical_high_schools,M,386
2016,NUMBER,posavina_canton,technical_high_schools,M,110
2017,NUMBER,posavina_canton,technical_high_schools,M,93
2018,NUMBER,posavina_canton,technical_high_schools,M,112
2019,NUMBER,posavina_canton,technical_high_schools,M,81
2020,NUMBER,posavina_canton,technical_high_schools,M,86
2021,NUMBER,posavina_canton,technical_high_schools,M,51
2022,NUMBER,posavina_canton,technical_high_schools,M,76
2016,NUMBER,tuzla_canton,technical_high_schools,M,1297
2017,NUMBER,tuzla_canton,technical_high_schools,M,965
2018,NUMBER,tuzla_canton,technical_high_schools,M,913
2019,NUMBER,tuzla_canton,technical_high_schools,M,1111
2020,NUMBER,tuzla_canton,technical_high_schools,M,957
2021,NUMBER,tuzla_canton,technical_high_schools,M,908
2022,NUMBER,tuzla_canton,technical_high_schools,M,859
2016,NUMBER,zenica-doboj_canton,technical_high_schools,M,982
2017,NUMBER,zenica-doboj_canton,technical_high_schools,M,702
2018,NUMBER,zenica-doboj_canton,technical_high_schools,M,789
2019,NUMBER,zenica-doboj_canton,technical_high_schools,M,845
2020,NUMBER,zenica-doboj_canton,technical_high_schools,M,833
2021,NUMBER,zenica-doboj_canton,technical_high_schools,M,735
2022,NUMBER,zenica-doboj_canton,technical_high_schools,M,587
2016,NUMBER,bosnian-podrinje_canton,technical_high_schools,M,121
2017,NUMBER,bosnian-podrinje_canton,technical_high_schools,M,47
2018,NUMBER,bosnian-podrinje_canton,technical_high_schools,M,73
2019,NUMBER,bosnian-podrinje_canton,technical_high_schools,M,107
2020,NUMBER,bosnian-podrinje_canton,technical_high_schools,M,64
2021,NUMBER,bosnian-podrinje_canton,technical_high_schools,M,64
2022,NUMBER,bosnian-podrinje_canton,technical_high_schools,M,67
2016,NUMBER,central_bosnia_canton,technical_high_schools,M,751
2017,NUMBER,central_bosnia_canton,technical_high_schools,M,641
2018,NUMBER,central_bosnia_canton,technical_high_schools,M,629
2019,NUMBER,central_bosnia_canton,technical_high_schools,M,704
2020,NUMBER,central_bosnia_canton,technical_high_schools,M,637
2021,NUMBER,central_bosnia_canton,technical_high_schools,M,588
2022,NUMBER,central_bosnia_canton,technical_high_schools,M,252
2016,NUMBER,herzegovina-neretva_canton,technical_high_schools,M,693
2017,NUMBER,herzegovina-neretva_canton,technical_high_schools,M,636
2018,NUMBER,herzegovina-neretva_canton,technical_high_schools,M,445
2019,NUMBER,herzegovina-neretva_canton,technical_high_schools,M,546
2020,NUMBER,herzegovina-neretva_canton,technical_high_schools,M,534
2021,NUMBER,herzegovina-neretva_canton,technical_high_schools,M,464
2022,NUMBER,herzegovina-neretva_canton,technical_high_schools,M,330
2016,NUMBER,west_herzegovina_canton,technical_high_schools,M,239
2017,NUMBER,west_herzegovina_canton,technical_high_schools,M,263
2018,NUMBER,west_herzegovina_canton,technical_high_schools,M,223
2019,NUMBER,west_herzegovina_canton,technical_high_schools,M,231
2020,NUMBER,west_herzegovina_canton,technical_high_schools,M,259
2021,NUMBER,west_herzegovina_canton,technical_high_schools,M,244
2022,NUMBER,west_herzegovina_canton,technical_high_schools,M,174
2016,NUMBER,sarajevo_canton,technical_high_schools,M,1164
2017,NUMBER,sarajevo_canton,technical_high_schools,M,634
2018,NUMBER,sarajevo_canton,technical_high_schools,M,1020
2019,NUMBER,sarajevo_canton,technical_high_schools,M,993
2020,NUMBER,sarajevo_canton,technical_high_schools,M,928
2021,NUMBER,sarajevo_canton,technical_high_schools,M,935
2022,NUMBER,sarajevo_canton,technical_high_schools,M,885
2016,NUMBER,canton_10,technical_high_schools,M,148
2017,NUMBER,canton_10,technical_high_schools,M,139
2018,NUMBER,canton_10,technical_high_schools,M,119
2019,NUMBER,canton_10,technical_high_schools,M,72
2020,NUMBER,canton_10,technical_high_schools,M,119
2021,NUMBER,canton_10,technical_high_schools,M,131
2022,NUMBER,canton_10,technical_high_schools,M,143
2016,NUMBER,federation_of_bih,technical_high_schools,F,5593
2017,NUMBER,federation_of_bih,technical_high_schools,F,4421
2018,NUMBER,federation_of_bih,technical_high_schools,F,5269
2019,NUMBER,federation_of_bih,technical_high_schools,F,5363
2020,NUMBER,federation_of_bih,technical_high_schools,F,4997
2021,NUMBER,federation_of_bih,technical_high_schools,F,4744
2022,NUMBER,federation_of_bih,technical_high_schools,F,4099
2016,NUMBER,una-sana_canton,technical_high_schools,F,670
2017,NUMBER,una-sana_canton,technical_high_schools,F,477
2018,NUMBER,una-sana_canton,technical_high_schools,F,747
2019,NUMBER,una-sana_canton,technical_high_schools,F,593
2020,NUMBER,una-sana_canton,technical_high_schools,F,474
2021,NUMBER,una-sana_canton,technical_high_schools,F,487
2022,NUMBER,una-sana_canton,technical_high_schools,F,509
2016,NUMBER,posavina_canton,technical_high_schools,F,134
2017,NUMBER,posavina_canton,technical_high_schools,F,130
2018,NUMBER,posavina_canton,technical_high_schools,F,125
2019,NUMBER,posavina_canton,technical_high_schools,F,64
2020,NUMBER,posavina_canton,technical_high_schools,F,87
2021,NUMBER,posavina_canton,technical_high_schools,F,75
2022,NUMBER,posavina_canton,technical_high_schools,F,62
2016,NUMBER,tuzla_canton,technical_high_schools,F,1163
2017,NUMBER,tuzla_canton,technical_high_schools,F,989
2018,NUMBER,tuzla_canton,technical_high_schools,F,1084
2019,NUMBER,tuzla_canton,technical_high_schools,F,1259
2020,NUMBER,tuzla_canton,technical_high_schools,F,1140
2021,NUMBER,tuzla_canton,technical_high_schools,F,995
2022,NUMBER,tuzla_canton,technical_high_schools,F,1020
2016,NUMBER,zenica-doboj_canton,technical_high_schools,F,882
2017,NUMBER,zenica-doboj_canton,technical_high_schools,F,639
2018,NUMBER,zenica-doboj_canton,technical_high_schools,F,769
2019,NUMBER,zenica-doboj_canton,technical_high_schools,F,833
2020,NUMBER,zenica-doboj_canton,technical_high_schools,F,916
2021,NUMBER,zenica-doboj_canton,technical_high_schools,F,791
2022,NUMBER,zenica-doboj_canton,technical_high_schools,F,644
2016,NUMBER,bosnian-podrinje_canton,technical_high_schools,F,84
2017,NUMBER,bosnian-podrinje_canton,technical_high_schools,F,44
2018,NUMBER,bosnian-podrinje_canton,technical_high_schools,F,77
2019,NUMBER,bosnian-podrinje_canton,technical_high_schools,F,106
2020,NUMBER,bosnian-podrinje_canton,technical_high_schools,F,81
2021,NUMBER,bosnian-podrinje_canton,technical_high_schools,F,59
2022,NUMBER,bosnian-podrinje_canton,technical_high_schools,F,65
2016,NUMBER,central_bosnia_canton,technical_high_schools,F,697
2017,NUMBER,central_bosnia_canton,technical_high_schools,F,718
2018,NUMBER,central_bosnia_canton,technical_high_schools,F,715
2019,NUMBER,central_bosnia_canton,technical_high_schools,F,811
2020,NUMBER,central_bosnia_canton,technical_high_schools,F,595
2021,NUMBER,central_bosnia_canton,technical_high_schools,F,663
2022,NUMBER,central_bosnia_canton,technical_high_schools,F,238
2016,NUMBER,herzegovina-neretva_canton,technical_high_schools,F,585
2017,NUMBER,herzegovina-neretva_canton,technical_high_schools,F,506
2018,NUMBER,herzegovina-neretva_canton,technical_high_schools,F,452
2019,NUMBER,herzegovina-neretva_canton,technical_high_schools,F,454
2020,NUMBER,herzegovina-neretva_canton,technical_high_schools,F,501
2021,NUMBER,herzegovina-neretva_canton,technical_high_schools,F,406
2022,NUMBER,herzegovina-neretva_canton,technical_high_schools,F,313
2016,NUMBER,west_herzegovina_canton,technical_high_schools,F,235
2017,NUMBER,west_herzegovina_canton,technical_high_schools,F,233
2018,NUMBER,west_herzegovina_canton,technical_high_schools,F,219
2019,NUMBER,west_herzegovina_canton,technical_high_schools,F,189
2020,NUMBER,west_herzegovina_canton,technical_high_schools,F,223
2021,NUMBER,west_herzegovina_canton,technical_high_schools,F,175
2022,NUMBER,west_herzegovina_canton,technical_high_schools,F,145
2016,NUMBER,sarajevo_canton,technical_high_schools,F,968
2017,NUMBER,sarajevo_canton,technical_high_schools,F,554
2018,NUMBER,sarajevo_canton,technical_high_schools,F,917
2019,NUMBER,sarajevo_canton,technical_high_schools,F,973
2020,NUMBER,sarajevo_canton,technical_high_schools,F,863
2021,NUMBER,sarajevo_canton,technical_high_schools,F,970
2022,NUMBER,sarajevo_canton,technical_high_schools,F,987
2016,NUMBER,canton_10,technical_high_schools,F,175
2017,NUMBER,canton_10,technical_high_schools,F,131
2018,NUMBER,canton_10,technical_high_schools,F,164
2019,NUMBER,canton_10,technical_high_schools,F,81
2020,NUMBER,canton_10,technical_high_schools,F,117
2021,NUMBER,canton_10,technical_high_schools,F,123
2022,NUMBER,canton_10,technical_high_schools,F,116
2016,NUMBER,federation_of_bih,vocational_high_schools,_T,4925
2017,NUMBER,federation_of_bih,vocational_high_schools,_T,5181
2018,NUMBER,federation_of_bih,vocational_high_schools,_T,5154
2019,NUMBER,federation_of_bih,vocational_high_schools,_T,4875
2020,NUMBER,federation_of_bih,vocational_high_schools,_T,5139
2021,NUMBER,federation_of_bih,vocational_high_schools,_T,4450
2022,NUMBER,federation_of_bih,vocational_high_schools,_T,4730
2016,NUMBER,una-sana_canton,vocational_high_schools,_T,783
2017,NUMBER,una-sana_canton,vocational_high_schools,_T,954
2018,NUMBER,una-sana_canton,vocational_high_schools,_T,959
2019,NUMBER,una-sana_canton,vocational_high_schools,_T,788
2020,NUMBER,una-sana_canton,vocational_high_schools,_T,821
2021,NUMBER,una-sana_canton,vocational_high_schools,_T,757
2022,NUMBER,una-sana_canton,vocational_high_schools,_T,639
2016,NUMBER,posavina_canton,vocational_high_schools,_T,91
2017,NUMBER,posavina_canton,vocational_high_schools,_T,94
2018,NUMBER,posavina_canton,vocational_high_schools,_T,73
2019,NUMBER,posavina_canton,vocational_high_schools,_T,59
2020,NUMBER,posavina_canton,vocational_high_schools,_T,66
2021,NUMBER,posavina_canton,vocational_high_schools,_T,57
2022,NUMBER,posavina_canton,vocational_high_schools,_T,58
2016,NUMBER,tuzla_canton,vocational_high_schools,_T,999
2017,NUMBER,tuzla_canton,vocational_high_schools,_T,1080
2018,NUMBER,tuzla_canton,vocational_high_schools,_T,1203
2019,NUMBER,tuzla_canton,vocational_high_schools,_T,1325
2020,NUMBER,tuzla_canton,vocational_high_schools,_T,1178
2021,NUMBER,tuzla_canton,vocational_high_schools,_T,1288
2022,NUMBER,tuzla_canton,vocational_high_schools,_T,1303
2016,NUMBER,zenica-doboj_canton,vocational_high_schools,_T,919
2017,NUMBER,zenica-doboj_canton,vocational_high_schools,_T,1007
2018,NUMBER,zenica-doboj_canton,vocational_high_schools,_T,957
2019,NUMBER,zenica-doboj_canton,vocational_high_schools,_T,1003
2020,NUMBER,zenica-doboj_canton,vocational_high_schools,_T,1188
2021,NUMBER,zenica-doboj_canton,vocational_high_schools,_T,914
2022,NUMBER,zenica-doboj_canton,vocational_high_schools,_T,1052
2016,NUMBER,bosnian-podrinje_canton,vocational_high_schools,_T,83
2017,NUMBER,bosnian-podrinje_canton,vocational_high_schools,_T,57
2018,NUMBER,bosnian-podrinje_canton,vocational_high_schools,_T,83
2020,NUMBER,bosnian-podrinje_canton,vocational_high_schools,_T,61
2021,NUMBER,bosnian-podrinje_canton,vocational_high_schools,_T,84
2022,NUMBER,bosnian-podrinje_canton,vocational_high_schools,_T,32
2016,NUMBER,central_bosnia_canton,vocational_high_schools,_T,772
2017,NUMBER,central_bosnia_canton,vocational_high_schools,_T,719
2018,NUMBER,central_bosnia_canton,vocational_high_schools,_T,691
2019,NUMBER,central_bosnia_canton,vocational_high_schools,_T,552
2020,NUMBER,central_bosnia_canton,vocational_high_schools,_T,640
2021,NUMBER,central_bosnia_canton,vocational_high_schools,_T,180
2022,NUMBER,central_bosnia_canton,vocational_high_schools,_T,525
2016,NUMBER,herzegovina-neretva_canton,vocational_high_schools,_T,466
2017,NUMBER,herzegovina-neretva_canton,vocational_high_schools,_T,301
2018,NUMBER,herzegovina-neretva_canton,vocational_high_schools,_T,367
2019,NUMBER,herzegovina-neretva_canton,vocational_high_schools,_T,391
2020,NUMBER,herzegovina-neretva_canton,vocational_high_schools,_T,370
2021,NUMBER,herzegovina-neretva_canton,vocational_high_schools,_T,279
2022,NUMBER,herzegovina-neretva_canton,vocational_high_schools,_T,274
2016,NUMBER,west_herzegovina_canton,vocational_high_schools,_T,258
2017,NUMBER,west_herzegovina_canton,vocational_high_schools,_T,207
2018,NUMBER,west_herzegovina_canton,vocational_high_schools,_T,173
2019,NUMBER,west_herzegovina_canton,vocational_high_schools,_T,136
2020,NUMBER,west_herzegovina_canton,vocational_high_schools,_T,109
2021,NUMBER,west_herzegovina_canton,vocational_high_schools,_T,103
2022,NUMBER,west_herzegovina_canton,vocational_high_schools,_T,111
2016,NUMBER,sarajevo_canton,vocational_high_schools,_T,383
2017,NUMBER,sarajevo_canton,vocational_high_schools,_T,611
2018,NUMBER,sarajevo_canton,vocational_high_schools,_T,560
2019,NUMBER,sarajevo_canton,vocational_high_schools,_T,521
2020,NUMBER,sarajevo_canton,vocational_high_schools,_T,596
2021,NUMBER,sarajevo_canton,vocational_high_schools,_T,685
2022,NUMBER,sarajevo_canton,vocational_high_schools,_T,641
2016,NUMBER,canton_10,vocational_high_schools,_T,171
2017,NUMBER,canton_10,vocational_high_schools,_T,151
2018,NUMBER,canton_10,vocational_high_schools,_T,88
2019,NUMBER,canton_10,vocational_high_schools,_T,100
2020,NUMBER,canton_10,vocational_high_schools,_T,110
2021,NUMBER,canton_10,vocational_high_schools,_T,103
2022,NUMBER,canton_10,vocational_high_schools,_T,95
2016,NUMBER,federation_of_bih,vocational_high_schools,M,3380
2017,NUMBER,federation_of_bih,vocational_high_schools,M,3538
2018,NUMBER,federation_of_bih,vocational_high_schools,M,3464
2019,NUMBER,federation_of_bih,vocational_high_schools,M,3272
2020,NUMBER,federation_of_bih,vocational_high_schools,M,3627
2021,NUMBER,federation_of_bih,vocational_high_schools,M,3175
2022,NUMBER,federation_of_bih,vocational_high_schools,M,3382
2016,NUMBER,una-sana_canton,vocational_high_schools,M,556
2017,NUMBER,una-sana_canton,vocational_high_schools,M,614
2018,NUMBER,una-sana_canton,vocational_high_schools,M,608
2019,NUMBER,una-sana_canton,vocational_high_schools,M,499
2020,NUMBER,una-sana_canton,vocational_high_schools,M,544
2021,NUMBER,una-sana_canton,vocational_high_schools,M,534
2022,NUMBER,una-sana_canton,vocational_high_schools,M,483
2016,NUMBER,posavina_canton,vocational_high_schools,M,69
2017,NUMBER,posavina_canton,vocational_high_schools,M,66
2018,NUMBER,posavina_canton,vocational_high_schools,M,40
2019,NUMBER,posavina_canton,vocational_high_schools,M,39
2020,NUMBER,posavina_canton,vocational_high_schools,M,56
2021,NUMBER,posavina_canton,vocational_high_schools,M,40
2022,NUMBER,posavina_canton,vocational_high_schools,M,36
2016,NUMBER,tuzla_canton,vocational_high_schools,M,689
2017,NUMBER,tuzla_canton,vocational_high_schools,M,755
2018,NUMBER,tuzla_canton,vocational_high_schools,M,836
2019,NUMBER,tuzla_canton,vocational_high_schools,M,908
2020,NUMBER,tuzla_canton,vocational_high_schools,M,810
2021,NUMBER,tuzla_canton,vocational_high_schools,M,911
2022,NUMBER,tuzla_canton,vocational_high_schools,M,903
2016,NUMBER,zenica-doboj_canton,vocational_high_schools,M,643
2017,NUMBER,zenica-doboj_canton,vocational_high_schools,M,695
2018,NUMBER,zenica-doboj_canton,vocational_high_schools,M,632
2019,NUMBER,zenica-doboj_canton,vocational_high_schools,M,675
2020,NUMBER,zenica-doboj_canton,vocational_high_schools,M,860
2021,NUMBER,zenica-doboj_canton,vocational_high_schools,M,692
2022,NUMBER,zenica-doboj_canton,vocational_high_schools,M,759
2016,NUMBER,bosnian-podrinje_canton,vocational_high_schools,M,45
2017,NUMBER,bosnian-podrinje_canton,vocational_high_schools,M,45
2018,NUMBER,bosnian-podrinje_canton,vocational_high_schools,M,64
2020,NUMBER,bosnian-podrinje_canton,vocational_high_schools,M,54
2021,NUMBER,bosnian-podrinje_canton,vocational_high_schools,M,64
2022,NUMBER,bosnian-podrinje_canton,vocational_high_schools,M,30
2016,NUMBER,central_bosnia_canton,vocational_high_schools,M,540
2017,NUMBER,central_bosnia_canton,vocational_high_schools,M,488
2018,NUMBER,central_bosnia_canton,vocational_high_schools,M,460
2019,NUMBER,central_bosnia_canton,vocational_high_schools,M,380
2020,NUMBER,central_bosnia_canton,vocational_high_schools,M,449
2021,NUMBER,central_bosnia_canton,vocational_high_schools,M,122
2022,NUMBER,central_bosnia_canton,vocational_high_schools,M,395
2016,NUMBER,herzegovina-neretva_canton,vocational_high_schools,M,293
2017,NUMBER,herzegovina-neretva_canton,vocational_high_schools,M,208
2018,NUMBER,herzegovina-neretva_canton,vocational_high_schools,M,237
2019,NUMBER,herzegovina-neretva_canton,vocational_high_schools,M,246
2020,NUMBER,herzegovina-neretva_canton,vocational_high_schools,M,255
2021,NUMBER,herzegovina-neretva_canton,vocational_high_schools,M,190
2022,NUMBER,herzegovina-neretva_canton,vocational_high_schools,M,170
2016,NUMBER,west_herzegovina_canton,vocational_high_schools,M,180
2017,NUMBER,west_herzegovina_canton,vocational_high_schools,M,140
2018,NUMBER,west_herzegovina_canton,vocational_high_schools,M,115
2019,NUMBER,west_herzegovina_canton,vocational_high_schools,M,97
2020,NUMBER,west_herzegovina_canton,vocational_high_schools,M,87
2021,NUMBER,west_herzegovina_canton,vocational_high_schools,M,76
2022,NUMBER,west_herzegovina_canton,vocational_high_schools,M,95
2016,NUMBER,sarajevo_canton,vocational_high_schools,M,250
2017,NUMBER,sarajevo_canton,vocational_high_schools,M,429
2018,NUMBER,sarajevo_canton,vocational_high_schools,M,409
2019,NUMBER,sarajevo_canton,vocational_high_schools,M,353
2020,NUMBER,sarajevo_canton,vocational_high_schools,M,433
2021,NUMBER,sarajevo_canton,vocational_high_schools,M,470
2022,NUMBER,sarajevo_canton,vocational_high_schools,M,444
2016,NUMBER,canton_10,vocational_high_schools,M,115
2017,NUMBER,canton_10,vocational_high_schools,M,98
2018,NUMBER,canton_10,vocational_high_schools,M,63
2019,NUMBER,canton_10,vocational_high_schools,M,75
2020,NUMBER,canton_10,vocational_high_schools,M,79
2021,NUMBER,canton_10,vocational_high_schools,M,76
2022,NUMBER,canton_10,vocational_high_schools,M,67
2016,NUMBER,federation_of_bih,vocational_high_schools,F,1545
2017,NUMBER,federation_of_bih,vocational_high_schools,F,1643
2018,NUMBER,federation_of_bih,vocational_high_schools,F,1690
2019,NUMBER,federation_of_bih,vocational_high_schools,F,1603
2020,NUMBER,federation_of_bih,vocational_high_schools,F,1512
2021,NUMBER,federation_of_bih,vocational_high_schools,F,1275
2022,NUMBER,federation_of_bih,vocational_high_schools,F,1348
2016,NUMBER,una-sana_canton,vocational_high_schools,F,227
2017,NUMBER,una-sana_canton,vocational_high_schools,F,340
2018,NUMBER,una-sana_canton,vocational_high_schools,F,351
2019,NUMBER,una-sana_canton,vocational_high_schools,F,289
2020,NUMBER,una-sana_canton,vocational_high_schools,F,277
2021,NUMBER,una-sana_canton,vocational_high_schools,F,223
2022,NUMBER,una-sana_canton,vocational_high_schools,F,156
2016,NUMBER,posavina_canton,vocational_high_schools,F,22
2017,NUMBER,posavina_canton,vocational_high_schools,F,28
2018,NUMBER,posavina_canton,vocational_high_schools,F,33
2019,NUMBER,posavina_canton,vocational_high_schools,F,20
2020,NUMBER,posavina_canton,vocational_high_schools,F,10
2021,NUMBER,posavina_canton,vocational_high_schools,F,17
2022,NUMBER,posavina_canton,vocational_high_schools,F,22
2016,NUMBER,tuzla_canton,vocational_high_schools,F,310
2017,NUMBER,tuzla_canton,vocational_high_schools,F,325
2018,NUMBER,tuzla_canton,vocational_high_schools,F,367
2019,NUMBER,tuzla_canton,vocational_high_schools,F,417
2020,NUMBER,tuzla_canton,vocational_high_schools,F,368
2021,NUMBER,tuzla_canton,vocational_high_schools,F,377
2022,NUMBER,tuzla_canton,vocational_high_schools,F,400
2016,NUMBER,zenica-doboj_canton,vocational_high_schools,F,276
2017,NUMBER,zenica-doboj_canton,vocational_high_schools,F,312
2018,NUMBER,zenica-doboj_canton,vocational_high_schools,F,325
2019,NUMBER,zenica-doboj_canton,vocational_high_schools,F,328
2020,NUMBER,zenica-doboj_canton,vocational_high_schools,F,328
2021,NUMBER,zenica-doboj_canton,vocational_high_schools,F,222
2022,NUMBER,zenica-doboj_canton,vocational_high_schools,F,293
2016,NUMBER,bosnian-podrinje_canton,vocational_high_schools,F,38
2017,NUMBER,bosnian-podrinje_canton,vocational_high_schools,F,12
2018,NUMBER,bosnian-podrinje_canton,vocational_high_schools,F,19
2020,NUMBER,bosnian-podrinje_canton,vocational_high_schools,F,7
2021,NUMBER,bosnian-podrinje_canton,vocational_high_schools,F,20
2022,NUMBER,bosnian-podrinje_canton,vocational_high_schools,F,2
2016,NUMBER,central_bosnia_canton,vocational_high_schools,F,232
2017,NUMBER,central_bosnia_canton,vocational_high_schools,F,231
2018,NUMBER,central_bosnia_canton,vocational_high_schools,F,231
2019,NUMBER,central_bosnia_canton,vocational_high_schools,F,172
2020,NUMBER,central_bosnia_canton,vocational_high_schools,F,191
2021,NUMBER,central_bosnia_canton,vocational_high_schools,F,58
2022,NUMBER,central_bosnia_canton,vocational_high_schools,F,130
2016,NUMBER,herzegovina-neretva_canton,vocational_high_schools,F,173
2017,NUMBER,herzegovina-neretva_canton,vocational_high_schools,F,93
2018,NUMBER,herzegovina-neretva_canton,vocational_high_schools,F,130
2019,NUMBER,herzegovina-neretva_canton,vocational_high_schools,F,145
2020,NUMBER,herzegovina-neretva_canton,vocational_high_schools,F,115
2021,NUMBER,herzegovina-neretva_canton,vocational_high_schools,F,89
2022,NUMBER,herzegovina-neretva_canton,vocational_high_schools,F,104
2016,NUMBER,west_herzegovina_canton,vocational_high_schools,F,78
2017,NUMBER,west_herzegovina_canton,vocational_high_schools,F,67
2018,NUMBER,west_herzegovina_canton,vocational_high_schools,F,58
2019,NUMBER,west_herzegovina_canton,vocational_high_schools,F,39
2020,NUMBER,west_herzegovina_canton,vocational_high_schools,F,22
2021,NUMBER,west_herzegovina_canton,vocational_high_schools,F,27
2022,NUMBER,west_herzegovina_canton,vocational_high_schools,F,16
2016,NUMBER,sarajevo_canton,vocational_high_schools,F,133
2017,NUMBER,sarajevo_canton,vocational_high_schools,F,182
2018,NUMBER,sarajevo_canton,vocational_high_schools,F,151
2019,NUMBER,sarajevo_canton,vocational_high_schools,F,168
2020,NUMBER,sarajevo_canton,vocational_high_schools,F,163
2021,NUMBER,sarajevo_canton,vocational_high_schools,F,215
2022,NUMBER,sarajevo_canton,vocational_high_schools,F,197
2016,NUMBER,canton_10,vocational_high_schools,F,56
2017,NUMBER,canton_10,vocational_high_schools,F,53
2018,NUMBER,canton_10,vocational_high_schools,F,25
2019,NUMBER,canton_10,vocational_high_schools,F,25
2020,NUMBER,canton_10,vocational_high_schools,F,31
2021,NUMBER,canton_10,vocational_high_schools,F,27
2022,NUMBER,canton_10,vocational_high_schools,F,28
