Year,UNIT_MEASURE,Admin_Area,Sex,Value
2010,NUMBER,federation_of_bih,_T,99228
2011,NUMBER,federation_of_bih,_T,108957
2012,NUMBER,federation_of_bih,_T,113214
2013,NUMBER,federation_of_bih,_T,106056
2014,NUMBER,federation_of_bih,_T,96331
2015,NUMBER,federation_of_bih,_T,87813
2016,NUMBER,federation_of_bih,_T,82675
2017,NUMBER,federation_of_bih,_T,81454
2018,NUMBER,federation_of_bih,_T,76164
2019,NUMBER,federation_of_bih,_T,72892
2020,NUMBER,federation_of_bih,_T,71328
2021,NUMBER,federation_of_bih,_T,70024
2022,NUMBER,federation_of_bih,_T,70325
2023,NUMBER,federation_of_bih,_T,70356
2010,NUMBER,federation_of_bih,M,50211
2011,NUMBER,federation_of_bih,M,55366
2012,NUMBER,federation_of_bih,M,57539
2013,NUMBER,federation_of_bih,M,53616
2014,NUMBER,federation_of_bih,M,48240
2015,NUMBER,federation_of_bih,M,43953
2016,NUMBER,federation_of_bih,M,41231
2017,NUMBER,federation_of_bih,M,40710
2018,NUMBER,federation_of_bih,M,38140
2019,NUMBER,federation_of_bih,M,36506
2020,NUMBER,federation_of_bih,M,35711
2021,NUMBER,federation_of_bih,M,35018
2022,NUMBER,federation_of_bih,M,35016
2023,NUMBER,federation_of_bih,M,35053
2010,NUMBER,federation_of_bih,F,49017
2011,NUMBER,federation_of_bih,F,53591
2012,NUMBER,federation_of_bih,F,55675
2013,NUMBER,federation_of_bih,F,52440
2014,NUMBER,federation_of_bih,F,48091
2015,NUMBER,federation_of_bih,F,43860
2016,NUMBER,federation_of_bih,F,41444
2017,NUMBER,federation_of_bih,F,40744
2018,NUMBER,federation_of_bih,F,38024
2019,NUMBER,federation_of_bih,F,36386
2020,NUMBER,federation_of_bih,F,35617
2021,NUMBER,federation_of_bih,F,35006
2022,NUMBER,federation_of_bih,F,35309
2023,NUMBER,federation_of_bih,F,35303
2010,NUMBER,una-sana_canton,_T,10302
2011,NUMBER,una-sana_canton,_T,11913
2012,NUMBER,una-sana_canton,_T,12734
2013,NUMBER,una-sana_canton,_T,11904
2014,NUMBER,una-sana_canton,_T,11058
2015,NUMBER,una-sana_canton,_T,10239
2016,NUMBER,una-sana_canton,_T,9619
2017,NUMBER,una-sana_canton,_T,9496
2018,NUMBER,una-sana_canton,_T,8698
2019,NUMBER,una-sana_canton,_T,8046
2020,NUMBER,una-sana_canton,_T,7501
2021,NUMBER,una-sana_canton,_T,7107
2022,NUMBER,una-sana_canton,_T,6792
2023,NUMBER,una-sana_canton,_T,6733
2010,NUMBER,una-sana_canton,M,5247
2011,NUMBER,una-sana_canton,M,6049
2012,NUMBER,una-sana_canton,M,6505
2013,NUMBER,una-sana_canton,M,6051
2014,NUMBER,una-sana_canton,M,5573
2015,NUMBER,una-sana_canton,M,5060
2016,NUMBER,una-sana_canton,M,4755
2017,NUMBER,una-sana_canton,M,4705
2018,NUMBER,una-sana_canton,M,4268
2019,NUMBER,una-sana_canton,M,3997
2020,NUMBER,una-sana_canton,M,3676
2021,NUMBER,una-sana_canton,M,3470
2022,NUMBER,una-sana_canton,M,3341
2023,NUMBER,una-sana_canton,M,3278
2010,NUMBER,una-sana_canton,F,5055
2011,NUMBER,una-sana_canton,F,5864
2012,NUMBER,una-sana_canton,F,6229
2013,NUMBER,una-sana_canton,F,5853
2014,NUMBER,una-sana_canton,F,5485
2015,NUMBER,una-sana_canton,F,5179
2016,NUMBER,una-sana_canton,F,4864
2017,NUMBER,una-sana_canton,F,4791
2018,NUMBER,una-sana_canton,F,4430
2019,NUMBER,una-sana_canton,F,4049
2020,NUMBER,una-sana_canton,F,3825
2021,NUMBER,una-sana_canton,F,3637
2022,NUMBER,una-sana_canton,F,3451
2023,NUMBER,una-sana_canton,F,3455
2010,NUMBER,posavina_canton,_T,1516
2011,NUMBER,posavina_canton,_T,1591
2012,NUMBER,posavina_canton,_T,1673
2013,NUMBER,posavina_canton,_T,1670
2014,NUMBER,posavina_canton,_T,1600
2015,NUMBER,posavina_canton,_T,1413
2016,NUMBER,posavina_canton,_T,1300
2017,NUMBER,posavina_canton,_T,1160
2018,NUMBER,posavina_canton,_T,1037
2019,NUMBER,posavina_canton,_T,986
2020,NUMBER,posavina_canton,_T,896
2021,NUMBER,posavina_canton,_T,865
2022,NUMBER,posavina_canton,_T,805
2023,NUMBER,posavina_canton,_T,759
2010,NUMBER,posavina_canton,M,738
2011,NUMBER,posavina_canton,M,779
2012,NUMBER,posavina_canton,M,807
2013,NUMBER,posavina_canton,M,809
2014,NUMBER,posavina_canton,M,793
2015,NUMBER,posavina_canton,M,694
2016,NUMBER,posavina_canton,M,649
2017,NUMBER,posavina_canton,M,577
2018,NUMBER,posavina_canton,M,530
2019,NUMBER,posavina_canton,M,488
2020,NUMBER,posavina_canton,M,437
2021,NUMBER,posavina_canton,M,430
2022,NUMBER,posavina_canton,M,403
2023,NUMBER,posavina_canton,M,379
2023,NUMBER,posavina_canton,M,379
2010,NUMBER,posavina_canton,F,778
2011,NUMBER,posavina_canton,F,812
2012,NUMBER,posavina_canton,F,866
2013,NUMBER,posavina_canton,F,861
2014,NUMBER,posavina_canton,F,807
2015,NUMBER,posavina_canton,F,719
2016,NUMBER,posavina_canton,F,651
2017,NUMBER,posavina_canton,F,583
2018,NUMBER,posavina_canton,F,507
2019,NUMBER,posavina_canton,F,498
2020,NUMBER,posavina_canton,F,459
2021,NUMBER,posavina_canton,F,435
2022,NUMBER,posavina_canton,F,402
2023,NUMBER,posavina_canton,F,380
2010,NUMBER,tuzla_canton,_T,22329
2011,NUMBER,tuzla_canton,_T,24166
2012,NUMBER,tuzla_canton,_T,24680
2013,NUMBER,tuzla_canton,_T,22484
2014,NUMBER,tuzla_canton,_T,19226
2015,NUMBER,tuzla_canton,_T,16850
2016,NUMBER,tuzla_canton,_T,15751
2017,NUMBER,tuzla_canton,_T,15966
2018,NUMBER,tuzla_canton,_T,15582
2019,NUMBER,tuzla_canton,_T,15078
2020,NUMBER,tuzla_canton,_T,14923
2021,NUMBER,tuzla_canton,_T,14384
2022,NUMBER,tuzla_canton,_T,14128
2023,NUMBER,tuzla_canton,_T,14117
2010,NUMBER,tuzla_canton,M,11405
2011,NUMBER,tuzla_canton,M,12336
2012,NUMBER,tuzla_canton,M,12559
2013,NUMBER,tuzla_canton,M,11367
2014,NUMBER,tuzla_canton,M,9641
2015,NUMBER,tuzla_canton,M,8378
2016,NUMBER,tuzla_canton,M,7893
2017,NUMBER,tuzla_canton,M,7965
2018,NUMBER,tuzla_canton,M,7742
2019,NUMBER,tuzla_canton,M,7506
2020,NUMBER,tuzla_canton,M,7496
2021,NUMBER,tuzla_canton,M,7197
2022,NUMBER,tuzla_canton,M,7048
2023,NUMBER,tuzla_canton,M,6997
2010,NUMBER,tuzla_canton,F,10924
2011,NUMBER,tuzla_canton,F,11830
2012,NUMBER,tuzla_canton,F,12121
2013,NUMBER,tuzla_canton,F,11117
2014,NUMBER,tuzla_canton,F,9585
2015,NUMBER,tuzla_canton,F,8472
2016,NUMBER,tuzla_canton,F,7858
2017,NUMBER,tuzla_canton,F,8001
2018,NUMBER,tuzla_canton,F,7840
2019,NUMBER,tuzla_canton,F,7572
2020,NUMBER,tuzla_canton,F,7427
2021,NUMBER,tuzla_canton,F,7187
2022,NUMBER,tuzla_canton,F,7080
2023,NUMBER,tuzla_canton,F,7120
2010,NUMBER,zenica-doboj_canton,_T,17124
2011,NUMBER,zenica-doboj_canton,_T,19199
2012,NUMBER,zenica-doboj_canton,_T,19271
2013,NUMBER,zenica-doboj_canton,_T,17900
2014,NUMBER,zenica-doboj_canton,_T,16228
2015,NUMBER,zenica-doboj_canton,_T,14778
2016,NUMBER,zenica-doboj_canton,_T,14478
2017,NUMBER,zenica-doboj_canton,_T,14006
2018,NUMBER,zenica-doboj_canton,_T,13558
2019,NUMBER,zenica-doboj_canton,_T,12688
2020,NUMBER,zenica-doboj_canton,_T,12365
2021,NUMBER,zenica-doboj_canton,_T,11908
2022,NUMBER,zenica-doboj_canton,_T,11875
2023,NUMBER,zenica-doboj_canton,_T,11998
2010,NUMBER,zenica-doboj_canton,M,8791
2011,NUMBER,zenica-doboj_canton,M,9949
2012,NUMBER,zenica-doboj_canton,M,9976
2013,NUMBER,zenica-doboj_canton,M,9177
2014,NUMBER,zenica-doboj_canton,M,8257
2015,NUMBER,zenica-doboj_canton,M,7575
2016,NUMBER,zenica-doboj_canton,M,7382
2017,NUMBER,zenica-doboj_canton,M,7162
2018,NUMBER,zenica-doboj_canton,M,6944
2019,NUMBER,zenica-doboj_canton,M,6446
2020,NUMBER,zenica-doboj_canton,M,6217
2021,NUMBER,zenica-doboj_canton,M,5904
2022,NUMBER,zenica-doboj_canton,M,5943
2023,NUMBER,zenica-doboj_canton,M,6118
2010,NUMBER,zenica-doboj_canton,F,8333
2011,NUMBER,zenica-doboj_canton,F,9250
2012,NUMBER,zenica-doboj_canton,F,9295
2013,NUMBER,zenica-doboj_canton,F,8723
2014,NUMBER,zenica-doboj_canton,F,7971
2015,NUMBER,zenica-doboj_canton,F,7203
2016,NUMBER,zenica-doboj_canton,F,7096
2017,NUMBER,zenica-doboj_canton,F,6844
2018,NUMBER,zenica-doboj_canton,F,6614
2019,NUMBER,zenica-doboj_canton,F,6242
2020,NUMBER,zenica-doboj_canton,F,6148
2021,NUMBER,zenica-doboj_canton,F,6004
2022,NUMBER,zenica-doboj_canton,F,5932
2023,NUMBER,zenica-doboj_canton,F,5880
2010,NUMBER,bosnian-podrinje_canton,_T,1136
2011,NUMBER,bosnian-podrinje_canton,_T,1247
2012,NUMBER,bosnian-podrinje_canton,_T,1389
2013,NUMBER,bosnian-podrinje_canton,_T,1242
2014,NUMBER,bosnian-podrinje_canton,_T,1202
2015,NUMBER,bosnian-podrinje_canton,_T,1031
2016,NUMBER,bosnian-podrinje_canton,_T,948
2017,NUMBER,bosnian-podrinje_canton,_T,964
2018,NUMBER,bosnian-podrinje_canton,_T,886
2019,NUMBER,bosnian-podrinje_canton,_T,832
2020,NUMBER,bosnian-podrinje_canton,_T,788
2021,NUMBER,bosnian-podrinje_canton,_T,748
2022,NUMBER,bosnian-podrinje_canton,_T,706
2023,NUMBER,bosnian-podrinje_canton,_T,685
2010,NUMBER,bosnian-podrinje_canton,M,591
2011,NUMBER,bosnian-podrinje_canton,M,659
2012,NUMBER,bosnian-podrinje_canton,M,717
2013,NUMBER,bosnian-podrinje_canton,M,655
2014,NUMBER,bosnian-podrinje_canton,M,644
2015,NUMBER,bosnian-podrinje_canton,M,552
2016,NUMBER,bosnian-podrinje_canton,M,479
2017,NUMBER,bosnian-podrinje_canton,M,485
2018,NUMBER,bosnian-podrinje_canton,M,452
2019,NUMBER,bosnian-podrinje_canton,M,441
2020,NUMBER,bosnian-podrinje_canton,M,423
2021,NUMBER,bosnian-podrinje_canton,M,388
2022,NUMBER,bosnian-podrinje_canton,M,368
2023,NUMBER,bosnian-podrinje_canton,M,352
2010,NUMBER,bosnian-podrinje_canton,F,545
2011,NUMBER,bosnian-podrinje_canton,F,588
2012,NUMBER,bosnian-podrinje_canton,F,672
2013,NUMBER,bosnian-podrinje_canton,F,587
2014,NUMBER,bosnian-podrinje_canton,F,558
2015,NUMBER,bosnian-podrinje_canton,F,479
2016,NUMBER,bosnian-podrinje_canton,F,469
2017,NUMBER,bosnian-podrinje_canton,F,479
2018,NUMBER,bosnian-podrinje_canton,F,434
2019,NUMBER,bosnian-podrinje_canton,F,391
2020,NUMBER,bosnian-podrinje_canton,F,365
2021,NUMBER,bosnian-podrinje_canton,F,360
2022,NUMBER,bosnian-podrinje_canton,F,338
2023,NUMBER,bosnian-podrinje_canton,F,333
2010,NUMBER,central_bosnia_canton,_T,11531
2011,NUMBER,central_bosnia_canton,_T,12712
2012,NUMBER,central_bosnia_canton,_T,13583
2013,NUMBER,central_bosnia_canton,_T,13402
2014,NUMBER,central_bosnia_canton,_T,12333
2015,NUMBER,central_bosnia_canton,_T,11420
2016,NUMBER,central_bosnia_canton,_T,10610
2017,NUMBER,central_bosnia_canton,_T,10087
2018,NUMBER,central_bosnia_canton,_T,8320
2019,NUMBER,central_bosnia_canton,_T,7878
2020,NUMBER,central_bosnia_canton,_T,7869
2021,NUMBER,central_bosnia_canton,_T,8097
2022,NUMBER,central_bosnia_canton,_T,8867
2023,NUMBER,central_bosnia_canton,_T,8749
2010,NUMBER,central_bosnia_canton,M,5829
2011,NUMBER,central_bosnia_canton,M,6467
2012,NUMBER,central_bosnia_canton,M,6915
2013,NUMBER,central_bosnia_canton,M,6792
2014,NUMBER,central_bosnia_canton,M,6120
2015,NUMBER,central_bosnia_canton,M,5619
2016,NUMBER,central_bosnia_canton,M,5211
2017,NUMBER,central_bosnia_canton,M,5032
2018,NUMBER,central_bosnia_canton,M,4131
2019,NUMBER,central_bosnia_canton,M,3906
2020,NUMBER,central_bosnia_canton,M,3922
2021,NUMBER,central_bosnia_canton,M,4135
2022,NUMBER,central_bosnia_canton,M,4418
2023,NUMBER,central_bosnia_canton,M,4362
2023,NUMBER,central_bosnia_canton,M,4362
2010,NUMBER,central_bosnia_canton,F,5702
2011,NUMBER,central_bosnia_canton,F,6245
2012,NUMBER,central_bosnia_canton,F,6668
2013,NUMBER,central_bosnia_canton,F,6610
2014,NUMBER,central_bosnia_canton,F,6213
2015,NUMBER,central_bosnia_canton,F,5801
2016,NUMBER,central_bosnia_canton,F,5399
2017,NUMBER,central_bosnia_canton,F,5055
2018,NUMBER,central_bosnia_canton,F,4189
2019,NUMBER,central_bosnia_canton,F,3972
2020,NUMBER,central_bosnia_canton,F,3947
2021,NUMBER,central_bosnia_canton,F,3962
2022,NUMBER,central_bosnia_canton,F,4449
2023,NUMBER,central_bosnia_canton,F,4387
2010,NUMBER,herzegovina-neretva_canton,_T,9924
2011,NUMBER,herzegovina-neretva_canton,_T,10847
2012,NUMBER,herzegovina-neretva_canton,_T,11385
2013,NUMBER,herzegovina-neretva_canton,_T,11170
2014,NUMBER,herzegovina-neretva_canton,_T,9621
2015,NUMBER,herzegovina-neretva_canton,_T,9386
2016,NUMBER,herzegovina-neretva_canton,_T,8614
2017,NUMBER,herzegovina-neretva_canton,_T,8089
2018,NUMBER,herzegovina-neretva_canton,_T,7614
2019,NUMBER,herzegovina-neretva_canton,_T,7328
2020,NUMBER,herzegovina-neretva_canton,_T,7055
2021,NUMBER,herzegovina-neretva_canton,_T,7121
2022,NUMBER,herzegovina-neretva_canton,_T,7284
2023,NUMBER,herzegovina-neretva_canton,_T,7178
2010,NUMBER,herzegovina-neretva_canton,M,4940
2011,NUMBER,herzegovina-neretva_canton,M,5391
2012,NUMBER,herzegovina-neretva_canton,M,5789
2013,NUMBER,herzegovina-neretva_canton,M,5622
2014,NUMBER,herzegovina-neretva_canton,M,4641
2015,NUMBER,herzegovina-neretva_canton,M,4804
2016,NUMBER,herzegovina-neretva_canton,M,4225
2017,NUMBER,herzegovina-neretva_canton,M,3993
2018,NUMBER,herzegovina-neretva_canton,M,3802
2019,NUMBER,herzegovina-neretva_canton,M,3626
2020,NUMBER,herzegovina-neretva_canton,M,3489
2021,NUMBER,herzegovina-neretva_canton,M,3534
2022,NUMBER,herzegovina-neretva_canton,M,3633
2023,NUMBER,herzegovina-neretva_canton,M,3626
2010,NUMBER,herzegovina-neretva_canton,F,4984
2011,NUMBER,herzegovina-neretva_canton,F,5456
2012,NUMBER,herzegovina-neretva_canton,F,5596
2013,NUMBER,herzegovina-neretva_canton,F,5548
2014,NUMBER,herzegovina-neretva_canton,F,4980
2015,NUMBER,herzegovina-neretva_canton,F,4582
2016,NUMBER,herzegovina-neretva_canton,F,4389
2017,NUMBER,herzegovina-neretva_canton,F,4096
2018,NUMBER,herzegovina-neretva_canton,F,3812
2019,NUMBER,herzegovina-neretva_canton,F,3702
2020,NUMBER,herzegovina-neretva_canton,F,3566
2021,NUMBER,herzegovina-neretva_canton,F,3587
2022,NUMBER,herzegovina-neretva_canton,F,3651
2023,NUMBER,herzegovina-neretva_canton,F,3623
2010,NUMBER,west_herzegovina_canton,_T,4115
2011,NUMBER,west_herzegovina_canton,_T,4250
2012,NUMBER,west_herzegovina_canton,_T,4406
2013,NUMBER,west_herzegovina_canton,_T,4494
2014,NUMBER,west_herzegovina_canton,_T,4419
2015,NUMBER,west_herzegovina_canton,_T,4265
2016,NUMBER,west_herzegovina_canton,_T,4029
2017,NUMBER,west_herzegovina_canton,_T,3803
2018,NUMBER,west_herzegovina_canton,_T,3390
2019,NUMBER,west_herzegovina_canton,_T,3265
2020,NUMBER,west_herzegovina_canton,_T,3138
2021,NUMBER,west_herzegovina_canton,_T,3168
2022,NUMBER,west_herzegovina_canton,_T,3281
2023,NUMBER,west_herzegovina_canton,_T,3367
2010,NUMBER,west_herzegovina_canton,M,1989
2011,NUMBER,west_herzegovina_canton,M,2075
2012,NUMBER,west_herzegovina_canton,M,2174
2013,NUMBER,west_herzegovina_canton,M,2211
2014,NUMBER,west_herzegovina_canton,M,2166
2015,NUMBER,west_herzegovina_canton,M,2087
2016,NUMBER,west_herzegovina_canton,M,1959
2017,NUMBER,west_herzegovina_canton,M,1867
2018,NUMBER,west_herzegovina_canton,M,1708
2019,NUMBER,west_herzegovina_canton,M,1637
2020,NUMBER,west_herzegovina_canton,M,1589
2021,NUMBER,west_herzegovina_canton,M,1600
2022,NUMBER,west_herzegovina_canton,M,1621
2023,NUMBER,west_herzegovina_canton,M,1667
2010,NUMBER,west_herzegovina_canton,F,2126
2011,NUMBER,west_herzegovina_canton,F,2175
2012,NUMBER,west_herzegovina_canton,F,2232
2013,NUMBER,west_herzegovina_canton,F,2283
2014,NUMBER,west_herzegovina_canton,F,2253
2015,NUMBER,west_herzegovina_canton,F,2178
2016,NUMBER,west_herzegovina_canton,F,2070
2017,NUMBER,west_herzegovina_canton,F,1936
2018,NUMBER,west_herzegovina_canton,F,1682
2019,NUMBER,west_herzegovina_canton,F,1628
2020,NUMBER,west_herzegovina_canton,F,1549
2021,NUMBER,west_herzegovina_canton,F,1568
2022,NUMBER,west_herzegovina_canton,F,1660
2023,NUMBER,west_herzegovina_canton,F,1700
2010,NUMBER,sarajevo_canton,_T,18625
2011,NUMBER,sarajevo_canton,_T,20301
2012,NUMBER,sarajevo_canton,_T,21229
2013,NUMBER,sarajevo_canton,_T,18966
2014,NUMBER,sarajevo_canton,_T,17904
2015,NUMBER,sarajevo_canton,_T,16148
2016,NUMBER,sarajevo_canton,_T,15285
2017,NUMBER,sarajevo_canton,_T,15926
2018,NUMBER,sarajevo_canton,_T,15162
2019,NUMBER,sarajevo_canton,_T,14733
2020,NUMBER,sarajevo_canton,_T,14750
2021,NUMBER,sarajevo_canton,_T,14679
2022,NUMBER,sarajevo_canton,_T,14770
2023,NUMBER,sarajevo_canton,_T,15008
2010,NUMBER,sarajevo_canton,M,9360
2011,NUMBER,sarajevo_canton,M,10307
2012,NUMBER,sarajevo_canton,M,10700
2013,NUMBER,sarajevo_canton,M,9551
2014,NUMBER,sarajevo_canton,M,9071
2015,NUMBER,sarajevo_canton,M,8075
2016,NUMBER,sarajevo_canton,M,7678
2017,NUMBER,sarajevo_canton,M,7965
2018,NUMBER,sarajevo_canton,M,7604
2019,NUMBER,sarajevo_canton,M,7432
2020,NUMBER,sarajevo_canton,M,7392
2021,NUMBER,sarajevo_canton,M,7353
2022,NUMBER,sarajevo_canton,M,7320
2023,NUMBER,sarajevo_canton,M,7433
2010,NUMBER,sarajevo_canton,F,9265
2011,NUMBER,sarajevo_canton,F,9994
2012,NUMBER,sarajevo_canton,F,10529
2013,NUMBER,sarajevo_canton,F,9415
2014,NUMBER,sarajevo_canton,F,8833
2015,NUMBER,sarajevo_canton,F,8073
2016,NUMBER,sarajevo_canton,F,7607
2017,NUMBER,sarajevo_canton,F,7961
2018,NUMBER,sarajevo_canton,F,7558
2019,NUMBER,sarajevo_canton,F,7301
2020,NUMBER,sarajevo_canton,F,7358
2021,NUMBER,sarajevo_canton,F,7326
2022,NUMBER,sarajevo_canton,F,7450
2023,NUMBER,sarajevo_canton,F,7575
2010,NUMBER,canton_10,_T,2626
2011,NUMBER,canton_10,_T,2731
2012,NUMBER,canton_10,_T,2864
2013,NUMBER,canton_10,_T,2824
2014,NUMBER,canton_10,_T,2740
2015,NUMBER,canton_10,_T,2283
2016,NUMBER,canton_10,_T,2041
2017,NUMBER,canton_10,_T,1957
2018,NUMBER,canton_10,_T,1917
2019,NUMBER,canton_10,_T,2058
2020,NUMBER,canton_10,_T,2043
2021,NUMBER,canton_10,_T,1947
2022,NUMBER,canton_10,_T,1817
2023,NUMBER,canton_10,_T,1762
2010,NUMBER,canton_10,M,1321
2011,NUMBER,canton_10,M,1354
2012,NUMBER,canton_10,M,1397
2013,NUMBER,canton_10,M,1381
2014,NUMBER,canton_10,M,1334
2015,NUMBER,canton_10,M,1109
2016,NUMBER,canton_10,M,1000
2017,NUMBER,canton_10,M,959
2018,NUMBER,canton_10,M,959
2019,NUMBER,canton_10,M,1027
2020,NUMBER,canton_10,M,1070
2021,NUMBER,canton_10,M,1007
2022,NUMBER,canton_10,M,921
2023,NUMBER,canton_10,M,912
2010,NUMBER,canton_10,F,1305
2011,NUMBER,canton_10,F,1377
2012,NUMBER,canton_10,F,1467
2013,NUMBER,canton_10,F,1443
2014,NUMBER,canton_10,F,1406
2015,NUMBER,canton_10,F,1174
2016,NUMBER,canton_10,F,1041
2017,NUMBER,canton_10,F,998
2018,NUMBER,canton_10,F,958
2019,NUMBER,canton_10,F,1031
2020,NUMBER,canton_10,F,973
2021,NUMBER,canton_10,F,940
2022,NUMBER,canton_10,F,896
2023,NUMBER,canton_10,F,850
