Year,UNIT_MEASURE,Admin_Area,Sex,Value
2010,NUMBER,federation_of_bih,_T,11350.0
2011,NUMBER,federation_of_bih,_T,11209.0
2012,NUMBER,federation_of_bih,_T,12231.0
2013,NUMBER,federation_of_bih,_T,13491.0
2014,NUMBER,federation_of_bih,_T,12183.0
2015,NUMBER,federation_of_bih,_T,11846.0
2016,NUMBER,federation_of_bih,_T,12149.0
2017,NUMBER,federation_of_bih,_T,12060.0
2018,NUMBER,federation_of_bih,_T,11747.0
2019,NUMBER,federation_of_bih,_T,12359.0
2020,NUMBER,federation_of_bih,_T,11476.0
2021,NUMBER,federation_of_bih,_T,11537.0
2022,NUMBER,federation_of_bih,_T,10374.0
2023,NUMBER,federation_of_bih,_T,9286.0
2010,NUMBER,federation_of_bih,M,4143.0
2011,NUMBER,federation_of_bih,M,4291.0
2012,NUMBER,federation_of_bih,M,4650.0
2013,NUMBER,federation_of_bih,M,5150.0
2014,NUMBER,federation_of_bih,M,4700.0
2015,NUMBER,federation_of_bih,M,4611.0
2016,NUMBER,federation_of_bih,M,4767.0
2017,NUMBER,federation_of_bih,M,4798.0
2018,NUMBER,federation_of_bih,M,4682.0
2019,NUMBER,federation_of_bih,M,4803.0
2020,NUMBER,federation_of_bih,M,4403.0
2021,NUMBER,federation_of_bih,M,4230.0
2022,NUMBER,federation_of_bih,M,3731.0
2023,NUMBER,federation_of_bih,M,3331.0
2010,NUMBER,federation_of_bih,F,7207.0
2011,NUMBER,federation_of_bih,F,6918.0
2012,NUMBER,federation_of_bih,F,7581.0
2013,NUMBER,federation_of_bih,F,8341.0
2014,NUMBER,federation_of_bih,F,7483.0
2015,NUMBER,federation_of_bih,F,7235.0
2016,NUMBER,federation_of_bih,F,7382.0
2017,NUMBER,federation_of_bih,F,7262.0
2018,NUMBER,federation_of_bih,F,7065.0
2019,NUMBER,federation_of_bih,F,7556.0
2020,NUMBER,federation_of_bih,F,7073.0
2021,NUMBER,federation_of_bih,F,7307.0
2022,NUMBER,federation_of_bih,F,6643.0
2023,NUMBER,federation_of_bih,F,5955.0
2010,NUMBER,una-sana_canton,_T,729.0
2011,NUMBER,una-sana_canton,_T,409.0
2012,NUMBER,una-sana_canton,_T,603.0
2013,NUMBER,una-sana_canton,_T,588.0
2014,NUMBER,una-sana_canton,_T,514.0
2015,NUMBER,una-sana_canton,_T,481.0
2016,NUMBER,una-sana_canton,_T,417.0
2017,NUMBER,una-sana_canton,_T,432.0
2018,NUMBER,una-sana_canton,_T,423.0
2019,NUMBER,una-sana_canton,_T,330.0
2020,NUMBER,una-sana_canton,_T,272.0
2021,NUMBER,una-sana_canton,_T,384.0
2022,NUMBER,una-sana_canton,_T,314.0
2023,NUMBER,una-sana_canton,_T,236.0
2010,NUMBER,una-sana_canton,M,249.0
2011,NUMBER,una-sana_canton,M,179.0
2012,NUMBER,una-sana_canton,M,204.0
2013,NUMBER,una-sana_canton,M,219.0
2014,NUMBER,una-sana_canton,M,195.0
2015,NUMBER,una-sana_canton,M,210.0
2016,NUMBER,una-sana_canton,M,158.0
2017,NUMBER,una-sana_canton,M,181.0
2018,NUMBER,una-sana_canton,M,178.0
2019,NUMBER,una-sana_canton,M,105.0
2020,NUMBER,una-sana_canton,M,91.0
2021,NUMBER,una-sana_canton,M,108.0
2022,NUMBER,una-sana_canton,M,84.0
2023,NUMBER,una-sana_canton,M,80.0
2010,NUMBER,una-sana_canton,F,480.0
2011,NUMBER,una-sana_canton,F,230.0
2012,NUMBER,una-sana_canton,F,399.0
2013,NUMBER,una-sana_canton,F,369.0
2014,NUMBER,una-sana_canton,F,319.0
2015,NUMBER,una-sana_canton,F,271.0
2016,NUMBER,una-sana_canton,F,259.0
2017,NUMBER,una-sana_canton,F,251.0
2018,NUMBER,una-sana_canton,F,245.0
2019,NUMBER,una-sana_canton,F,225.0
2020,NUMBER,una-sana_canton,F,181.0
2021,NUMBER,una-sana_canton,F,276.0
2022,NUMBER,una-sana_canton,F,230.0
2023,NUMBER,una-sana_canton,F,156.0
2010,NUMBER,tuzla_canton,_T,1938.0
2011,NUMBER,tuzla_canton,_T,2032.0
2012,NUMBER,tuzla_canton,_T,2046.0
2013,NUMBER,tuzla_canton,_T,2050.0
2014,NUMBER,tuzla_canton,_T,1943.0
2015,NUMBER,tuzla_canton,_T,1773.0
2016,NUMBER,tuzla_canton,_T,1548.0
2017,NUMBER,tuzla_canton,_T,1441.0
2018,NUMBER,tuzla_canton,_T,1449.0
2019,NUMBER,tuzla_canton,_T,1656.0
2020,NUMBER,tuzla_canton,_T,1496.0
2021,NUMBER,tuzla_canton,_T,1404.0
2022,NUMBER,tuzla_canton,_T,1346.0
2023,NUMBER,tuzla_canton,_T,1172.0
2010,NUMBER,tuzla_canton,M,646.0
2011,NUMBER,tuzla_canton,M,698.0
2012,NUMBER,tuzla_canton,M,738.0
2013,NUMBER,tuzla_canton,M,732.0
2014,NUMBER,tuzla_canton,M,682.0
2015,NUMBER,tuzla_canton,M,595.0
2016,NUMBER,tuzla_canton,M,581.0
2017,NUMBER,tuzla_canton,M,540.0
2018,NUMBER,tuzla_canton,M,539.0
2019,NUMBER,tuzla_canton,M,569.0
2020,NUMBER,tuzla_canton,M,525.0
2021,NUMBER,tuzla_canton,M,485.0
2022,NUMBER,tuzla_canton,M,464.0
2023,NUMBER,tuzla_canton,M,435.0
2010,NUMBER,tuzla_canton,F,1292.0
2011,NUMBER,tuzla_canton,F,1334.0
2012,NUMBER,tuzla_canton,F,1308.0
2013,NUMBER,tuzla_canton,F,1318.0
2014,NUMBER,tuzla_canton,F,1261.0
2015,NUMBER,tuzla_canton,F,1178.0
2016,NUMBER,tuzla_canton,F,967.0
2017,NUMBER,tuzla_canton,F,901.0
2018,NUMBER,tuzla_canton,F,910.0
2019,NUMBER,tuzla_canton,F,1087.0
2020,NUMBER,tuzla_canton,F,971.0
2021,NUMBER,tuzla_canton,F,919.0
2022,NUMBER,tuzla_canton,F,882.0
2023,NUMBER,tuzla_canton,F,737.0
2010,NUMBER,zenica-doboj_canton,_T,235.0
2011,NUMBER,zenica-doboj_canton,_T,348.0
2012,NUMBER,zenica-doboj_canton,_T,596.0
2013,NUMBER,zenica-doboj_canton,_T,567.0
2014,NUMBER,zenica-doboj_canton,_T,271.0
2015,NUMBER,zenica-doboj_canton,_T,412.0
2016,NUMBER,zenica-doboj_canton,_T,445.0
2017,NUMBER,zenica-doboj_canton,_T,508.0
2018,NUMBER,zenica-doboj_canton,_T,519.0
2019,NUMBER,zenica-doboj_canton,_T,472.0
2020,NUMBER,zenica-doboj_canton,_T,454.0
2021,NUMBER,zenica-doboj_canton,_T,443.0
2022,NUMBER,zenica-doboj_canton,_T,398.0
2023,NUMBER,zenica-doboj_canton,_T,406.0
2010,NUMBER,zenica-doboj_canton,M,85.0
2011,NUMBER,zenica-doboj_canton,M,107.0
2012,NUMBER,zenica-doboj_canton,M,161.0
2013,NUMBER,zenica-doboj_canton,M,170.0
2014,NUMBER,zenica-doboj_canton,M,95.0
2015,NUMBER,zenica-doboj_canton,M,111.0
2016,NUMBER,zenica-doboj_canton,M,153.0
2017,NUMBER,zenica-doboj_canton,M,159.0
2018,NUMBER,zenica-doboj_canton,M,189.0
2019,NUMBER,zenica-doboj_canton,M,148.0
2020,NUMBER,zenica-doboj_canton,M,133.0
2021,NUMBER,zenica-doboj_canton,M,156.0
2022,NUMBER,zenica-doboj_canton,M,97.0
2023,NUMBER,zenica-doboj_canton,M,105.0
2010,NUMBER,zenica-doboj_canton,F,150.0
2011,NUMBER,zenica-doboj_canton,F,241.0
2012,NUMBER,zenica-doboj_canton,F,435.0
2013,NUMBER,zenica-doboj_canton,F,397.0
2014,NUMBER,zenica-doboj_canton,F,176.0
2015,NUMBER,zenica-doboj_canton,F,301.0
2016,NUMBER,zenica-doboj_canton,F,292.0
2017,NUMBER,zenica-doboj_canton,F,349.0
2018,NUMBER,zenica-doboj_canton,F,330.0
2019,NUMBER,zenica-doboj_canton,F,324.0
2020,NUMBER,zenica-doboj_canton,F,321.0
2021,NUMBER,zenica-doboj_canton,F,287.0
2022,NUMBER,zenica-doboj_canton,F,301.0
2023,NUMBER,zenica-doboj_canton,F,301.0
2017,NUMBER,bosnian-podrinje_canton,_T,5.0
2018,NUMBER,bosnian-podrinje_canton,_T,15.0
2019,NUMBER,bosnian-podrinje_canton,_T,3.0
2020,NUMBER,bosnian-podrinje_canton,_T,11.0
2021,NUMBER,bosnian-podrinje_canton,_T,33.0
2022,NUMBER,bosnian-podrinje_canton,_T,6.0
2023,NUMBER,bosnian-podrinje_canton,_T,0.0
2017,NUMBER,bosnian-podrinje_canton,M,4.0
2018,NUMBER,bosnian-podrinje_canton,M,3.0
2019,NUMBER,bosnian-podrinje_canton,M,3.0
2020,NUMBER,bosnian-podrinje_canton,M,7.0
2021,NUMBER,bosnian-podrinje_canton,M,10.0
2022,NUMBER,bosnian-podrinje_canton,M,2.0
2023,NUMBER,bosnian-podrinje_canton,M,0.0
2017,NUMBER,bosnian-podrinje_canton,F,1.0
2018,NUMBER,bosnian-podrinje_canton,F,12.0
2020,NUMBER,bosnian-podrinje_canton,F,4.0
2021,NUMBER,bosnian-podrinje_canton,F,23.0
2022,NUMBER,bosnian-podrinje_canton,F,4.0
2023,NUMBER,bosnian-podrinje_canton,M,0.0
2011,NUMBER,central_bosnia_canton,_T,135.0
2012,NUMBER,central_bosnia_canton,_T,472.0
2013,NUMBER,central_bosnia_canton,_T,910.0
2014,NUMBER,central_bosnia_canton,_T,867.0
2015,NUMBER,central_bosnia_canton,_T,1044.0
2016,NUMBER,central_bosnia_canton,_T,1188.0
2017,NUMBER,central_bosnia_canton,_T,1479.0
2018,NUMBER,central_bosnia_canton,_T,1244.0
2019,NUMBER,central_bosnia_canton,_T,1482.0
2020,NUMBER,central_bosnia_canton,_T,1461.0
2021,NUMBER,central_bosnia_canton,_T,1390.0
2022,NUMBER,central_bosnia_canton,_T,1546.0
2023,NUMBER,central_bosnia_canton,_T,1115.0
2011,NUMBER,central_bosnia_canton,M,64.0
2012,NUMBER,central_bosnia_canton,M,279.0
2013,NUMBER,central_bosnia_canton,M,478.0
2014,NUMBER,central_bosnia_canton,M,484.0
2015,NUMBER,central_bosnia_canton,M,547.0
2016,NUMBER,central_bosnia_canton,M,732.0
2017,NUMBER,central_bosnia_canton,M,932.0
2018,NUMBER,central_bosnia_canton,M,769.0
2019,NUMBER,central_bosnia_canton,M,925.0
2020,NUMBER,central_bosnia_canton,M,842.0
2021,NUMBER,central_bosnia_canton,M,801.0
2022,NUMBER,central_bosnia_canton,M,835.0
2023,NUMBER,central_bosnia_canton,M,608.0
2011,NUMBER,central_bosnia_canton,F,71.0
2012,NUMBER,central_bosnia_canton,F,193.0
2013,NUMBER,central_bosnia_canton,F,432.0
2014,NUMBER,central_bosnia_canton,F,383.0
2015,NUMBER,central_bosnia_canton,F,497.0
2016,NUMBER,central_bosnia_canton,F,456.0
2017,NUMBER,central_bosnia_canton,F,547.0
2018,NUMBER,central_bosnia_canton,F,475.0
2019,NUMBER,central_bosnia_canton,F,557.0
2020,NUMBER,central_bosnia_canton,F,619.0
2021,NUMBER,central_bosnia_canton,F,589.0
2022,NUMBER,central_bosnia_canton,F,711.0
2023,NUMBER,central_bosnia_canton,F,507.0
2010,NUMBER,herzegovina-neretva_canton,_T,2138.0
2011,NUMBER,herzegovina-neretva_canton,_T,2421.0
2012,NUMBER,herzegovina-neretva_canton,_T,2422.0
2013,NUMBER,herzegovina-neretva_canton,_T,2952.0
2014,NUMBER,herzegovina-neretva_canton,_T,3088.0
2015,NUMBER,herzegovina-neretva_canton,_T,2767.0
2016,NUMBER,herzegovina-neretva_canton,_T,2774.0
2017,NUMBER,herzegovina-neretva_canton,_T,2918.0
2018,NUMBER,herzegovina-neretva_canton,_T,2622.0
2019,NUMBER,herzegovina-neretva_canton,_T,3082.0
2020,NUMBER,herzegovina-neretva_canton,_T,2612.0
2021,NUMBER,herzegovina-neretva_canton,_T,2867.0
2022,NUMBER,herzegovina-neretva_canton,_T,2242.0
2023,NUMBER,herzegovina-neretva_canton,_T,2234.0
2010,NUMBER,herzegovina-neretva_canton,M,719.0
2011,NUMBER,herzegovina-neretva_canton,M,823.0
2012,NUMBER,herzegovina-neretva_canton,M,815.0
2013,NUMBER,herzegovina-neretva_canton,M,873.0
2014,NUMBER,herzegovina-neretva_canton,M,982.0
2015,NUMBER,herzegovina-neretva_canton,M,929.0
2016,NUMBER,herzegovina-neretva_canton,M,935.0
2017,NUMBER,herzegovina-neretva_canton,M,910.0
2018,NUMBER,herzegovina-neretva_canton,M,879.0
2019,NUMBER,herzegovina-neretva_canton,M,1024.0
2020,NUMBER,herzegovina-neretva_canton,M,783.0
2021,NUMBER,herzegovina-neretva_canton,M,903.0
2022,NUMBER,herzegovina-neretva_canton,M,739.0
2023,NUMBER,herzegovina-neretva_canton,M,678.0
2010,NUMBER,herzegovina-neretva_canton,F,1419.0
2011,NUMBER,herzegovina-neretva_canton,F,1598.0
2012,NUMBER,herzegovina-neretva_canton,F,1607.0
2013,NUMBER,herzegovina-neretva_canton,F,2079.0
2014,NUMBER,herzegovina-neretva_canton,F,2106.0
2015,NUMBER,herzegovina-neretva_canton,F,1838.0
2016,NUMBER,herzegovina-neretva_canton,F,1839.0
2017,NUMBER,herzegovina-neretva_canton,F,2008.0
2018,NUMBER,herzegovina-neretva_canton,F,1743.0
2019,NUMBER,herzegovina-neretva_canton,F,2058.0
2020,NUMBER,herzegovina-neretva_canton,F,1829.0
2021,NUMBER,herzegovina-neretva_canton,F,1964.0
2022,NUMBER,herzegovina-neretva_canton,F,1503.0
2023,NUMBER,herzegovina-neretva_canton,F,1556.0
2010,NUMBER,west_herzegovina_canton,_T,19.0
2011,NUMBER,west_herzegovina_canton,_T,13.0
2012,NUMBER,west_herzegovina_canton,_T,19.0
2013,NUMBER,west_herzegovina_canton,_T,17.0
2014,NUMBER,west_herzegovina_canton,_T,9.0
2015,NUMBER,west_herzegovina_canton,_T,16.0
2016,NUMBER,west_herzegovina_canton,_T,15.0
2017,NUMBER,west_herzegovina_canton,_T,25.0
2018,NUMBER,west_herzegovina_canton,_T,16.0
2019,NUMBER,west_herzegovina_canton,_T,6.0
2020,NUMBER,west_herzegovina_canton,_T,17.0
2021,NUMBER,west_herzegovina_canton,_T,31.0
2022,NUMBER,west_herzegovina_canton,_T,27.0
2023,NUMBER,west_herzegovina_canton,_T,
2010,NUMBER,west_herzegovina_canton,M,6.0
2011,NUMBER,west_herzegovina_canton,M,6.0
2012,NUMBER,west_herzegovina_canton,M,8.0
2013,NUMBER,west_herzegovina_canton,M,8.0
2014,NUMBER,west_herzegovina_canton,M,4.0
2015,NUMBER,west_herzegovina_canton,M,5.0
2016,NUMBER,west_herzegovina_canton,M,7.0
2017,NUMBER,west_herzegovina_canton,M,6.0
2018,NUMBER,west_herzegovina_canton,M,6.0
2019,NUMBER,west_herzegovina_canton,M,2.0
2020,NUMBER,west_herzegovina_canton,M,7.0
2021,NUMBER,west_herzegovina_canton,M,10.0
2022,NUMBER,west_herzegovina_canton,M,7.0
2023,NUMBER,west_herzegovina_canton,M,
2010,NUMBER,west_herzegovina_canton,F,13.0
2011,NUMBER,west_herzegovina_canton,F,7.0
2012,NUMBER,west_herzegovina_canton,F,11.0
2013,NUMBER,west_herzegovina_canton,F,9.0
2014,NUMBER,west_herzegovina_canton,F,5.0
2015,NUMBER,west_herzegovina_canton,F,11.0
2016,NUMBER,west_herzegovina_canton,F,8.0
2017,NUMBER,west_herzegovina_canton,F,19.0
2018,NUMBER,west_herzegovina_canton,F,10.0
2019,NUMBER,west_herzegovina_canton,F,4.0
2020,NUMBER,west_herzegovina_canton,F,10.0
2021,NUMBER,west_herzegovina_canton,F,21.0
2022,NUMBER,west_herzegovina_canton,F,20.0
2023,NUMBER,west_herzegovina_canton,F,0.0
2010,NUMBER,sarajevo_canton,_T,5026.0
2011,NUMBER,sarajevo_canton,_T,5158.0
2012,NUMBER,sarajevo_canton,_T,5891.0
2013,NUMBER,sarajevo_canton,_T,6109.0
2014,NUMBER,sarajevo_canton,_T,5322.0
2015,NUMBER,sarajevo_canton,_T,5151.0
2016,NUMBER,sarajevo_canton,_T,5551.0
2017,NUMBER,sarajevo_canton,_T,5018.0
2018,NUMBER,sarajevo_canton,_T,5215.0
2019,NUMBER,sarajevo_canton,_T,5144.0
2020,NUMBER,sarajevo_canton,_T,5153.0
2021,NUMBER,sarajevo_canton,_T,4985.0
2022,NUMBER,sarajevo_canton,_T,4495.0
2023,NUMBER,sarajevo_canton,_T,4123.0
2010,NUMBER,sarajevo_canton,M,2018.0
2011,NUMBER,sarajevo_canton,M,2180.0
2012,NUMBER,sarajevo_canton,M,2340.0
2013,NUMBER,sarajevo_canton,M,2531.0
2014,NUMBER,sarajevo_canton,M,2183.0
2015,NUMBER,sarajevo_canton,M,2130.0
2016,NUMBER,sarajevo_canton,M,2085.0
2017,NUMBER,sarajevo_canton,M,1937.0
2018,NUMBER,sarajevo_canton,M,2011.0
2019,NUMBER,sarajevo_canton,M,1924.0
2020,NUMBER,sarajevo_canton,M,2015.0
2021,NUMBER,sarajevo_canton,M,1757.0
2022,NUMBER,sarajevo_canton,M,1503.0
2023,NUMBER,sarajevo_canton,M,1425.0
2010,NUMBER,sarajevo_canton,F,3008.0
2011,NUMBER,sarajevo_canton,F,2978.0
2012,NUMBER,sarajevo_canton,F,3551.0
2013,NUMBER,sarajevo_canton,F,3578.0
2014,NUMBER,sarajevo_canton,F,3139.0
2015,NUMBER,sarajevo_canton,F,3021.0
2016,NUMBER,sarajevo_canton,F,3466.0
2017,NUMBER,sarajevo_canton,F,3081.0
2018,NUMBER,sarajevo_canton,F,3204.0
2019,NUMBER,sarajevo_canton,F,3220.0
2020,NUMBER,sarajevo_canton,F,3138.0
2021,NUMBER,sarajevo_canton,F,3228.0
2022,NUMBER,sarajevo_canton,F,2992.0
2023,NUMBER,sarajevo_canton,F,2698.0
