Year,UNIT_MEASURE,type_of_education,SEX,Value
2018,NUMBER,total,_T,981
2018,NUMBER,education,_T,36
2018,NUMBER,arts_and_humanities,_T,108
2018,NUMBER,social_sciences_journalism_and_information,_T,90
2018,NUMBER,business_administration_and_the_law_of_everything,_T,190
2018,NUMBER,natural_sciences_mathematics_and_statistics_of_all,_T,88
2018,NUMBER,information and communication technologies,_T,51
2018,NUMBER,engineering_manufacturing_and_construction,_T,103
2018,NUMBER,agriculture_forestry_fisheries_and_veterinary_medicine,_T,20
2018,NUMBER,health_and_social_protection,_T,222
2018,NUMBER,services,_T,73
2018,NUMBER,unknown,_T,0
2018,NUMBER,total,M,508
2018,NUMBER,education,M,24
2018,NUMBER,arts_and_humanities,M,36
2018,NUMBER,social_sciences_journalism_and_information,M,55
2018,NUMBER,business_administration_and_the_law_of_everything,M,111
2018,NUMBER,natural_sciences_mathematics_and_statistics_of_all,M,32
2018,NUMBER,information and communication technologies,M,42
2018,NUMBER,engineering_manufacturing_and_construction,M,70
2018,NUMBER,agriculture_forestry_fisheries_and_veterinary_medicine,M,11
2018,NUMBER,health_and_social_protection,M,80
2018,NUMBER,services,M,47
2018,NUMBER,unknown,M,0
2018,NUMBER,total,F,473
2018,NUMBER,education,F,12
2018,NUMBER,arts_and_humanities,F,72
2018,NUMBER,social_sciences_journalism_and_information,F,35
2018,NUMBER,business_administration_and_the_law_of_everything,F,79
2018,NUMBER,natural_sciences_mathematics_and_statistics_of_all,F,56
2018,NUMBER,information and communication technologies,F,9
2018,NUMBER,engineering_manufacturing_and_construction,F,33
2018,NUMBER,agriculture_forestry_fisheries_and_veterinary_medicine,F,9
2018,NUMBER,health_and_social_protection,F,142
2018,NUMBER,services,F,26
2018,NUMBER,unknown,F,0
2019,NUMBER,total,_T,1022
2019,NUMBER,education,_T,40
2019,NUMBER,arts_and_humanities,_T,119
2019,NUMBER,social_sciences_journalism_and_information,_T,173
2019,NUMBER,business_administration_and_the_law_of_everything,_T,183
2019,NUMBER,natural_sciences_mathematics_and_statistics_of_all,_T,85
2019,NUMBER,information and communication technologies,_T,12
2019,NUMBER,engineering_manufacturing_and_construction,_T,88
2019,NUMBER,agriculture_forestry_fisheries_and_veterinary_medicine,_T,97
2019,NUMBER,health_and_social_protection,_T,173
2019,NUMBER,services,_T,52
2019,NUMBER,unknown,_T,0
2019,NUMBER,total,M,492
2019,NUMBER,education,M,20
2019,NUMBER,arts_and_humanities,M,48
2019,NUMBER,social_sciences_journalism_and_information,M,91
2019,NUMBER,business_administration_and_the_law_of_everything,M,97
2019,NUMBER,natural_sciences_mathematics_and_statistics_of_all,M,36
2019,NUMBER,information and communication technologies,M,7
2019,NUMBER,engineering_manufacturing_and_construction,M,54
2019,NUMBER,agriculture_forestry_fisheries_and_veterinary_medicine,M,17
2019,NUMBER,health_and_social_protection,M,88
2019,NUMBER,services,M,34
2019,NUMBER,unknown,M,0
2019,NUMBER,total,F,530
2019,NUMBER,education,F,20
2019,NUMBER,arts_and_humanities,F,71
2019,NUMBER,social_sciences_journalism_and_information,F,82
2019,NUMBER,business_administration_and_the_law_of_everything,F,86
2019,NUMBER,natural_sciences_mathematics_and_statistics_of_all,F,49
2019,NUMBER,information and communication technologies,F,5
2019,NUMBER,engineering_manufacturing_and_construction,F,25
2019,NUMBER,agriculture_forestry_fisheries_and_veterinary_medicine,F,24
2019,NUMBER,health_and_social_protection,F,150
2019,NUMBER,services,F,18
2019,NUMBER,unknown,F,0
2020,NUMBER,total,_T,1208
2020,NUMBER,education,_T,54
2020,NUMBER,arts_and_humanities,_T,116
2020,NUMBER,social_sciences_journalism_and_information,_T,56
2020,NUMBER,business_administration_and_the_law_of_everything,_T,188
2020,NUMBER,natural_sciences_mathematics_and_statistics_of_all,_T,116
2020,NUMBER,information and communication technologies,_T,56
2020,NUMBER,engineering_manufacturing_and_construction,_T,163
2020,NUMBER,agriculture_forestry_fisheries_and_veterinary_medicine,_T,43
2020,NUMBER,health_and_social_protection,_T,371
2020,NUMBER,services,_T,29
2020,NUMBER,unknown,_T,16
2020,NUMBER,total,M,606
2020,NUMBER,education,M,22
2020,NUMBER,arts_and_humanities,M,40
2020,NUMBER,social_sciences_journalism_and_information,M,28
2020,NUMBER,business_administration_and_the_law_of_everything,M,99
2020,NUMBER,natural_sciences_mathematics_and_statistics_of_all,M,50
2020,NUMBER,information and communication technologies,M,41
2020,NUMBER,engineering_manufacturing_and_construction,M,130
2020,NUMBER,agriculture_forestry_fisheries_and_veterinary_medicine,M,22
2020,NUMBER,health_and_social_protection,M,151
2020,NUMBER,services,M,13
2020,NUMBER,unknown,M,10
2020,NUMBER,total,F,602
2020,NUMBER,education,F,32
2020,NUMBER,arts_and_humanities,F,76
2020,NUMBER,social_sciences_journalism_and_information,F,28
2020,NUMBER,business_administration_and_the_law_of_everything,F,89
2020,NUMBER,natural_sciences_mathematics_and_statistics_of_all,F,66
2020,NUMBER,information and communication technologies,F,15
2020,NUMBER,engineering_manufacturing_and_construction,F,33
2020,NUMBER,agriculture_forestry_fisheries_and_veterinary_medicine,F,21
2020,NUMBER,health_and_social_protection,F,220
2020,NUMBER,services,F,16
2020,NUMBER,unknown,F,6
