Year,UNIT_MEASURE,Spol,Uzrok smrti (prema šiframa bolesti po MKB-10),Value
2011,Broj,Oba spola,Ukupno,20208
2012,Broj,Oba spola,Ukupno,20859
2013,Broj,Oba spola,Ukupno,20465
2014,Broj,Oba spola,Ukupno,20283
2015,Broj,Oba spola,Ukupno,21703
2016,Broj,Oba spola,Ukupno,21105
2017,Broj,Oba spola,Ukupno,21689
2018,Broj,Oba spola,Ukupno,21442
2019,Broj,Oba spola,Ukupno,22024
2020,Broj,Oba spola,Ukupno,26026
2011,Broj,Oba spola,infectious_and_parasitic_diseases,179
2012,Broj,Oba spola,infectious_and_parasitic_diseases,208
2013,Broj,Oba spola,infectious_and_parasitic_diseases,143
2014,Broj,Oba spola,infectious_and_parasitic_diseases,149
2015,Broj,Oba spola,infectious_and_parasitic_diseases,202
2016,Broj,Oba spola,infectious_and_parasitic_diseases,213
2017,Broj,Oba spola,infectious_and_parasitic_diseases,214
2018,Broj,Oba spola,infectious_and_parasitic_diseases,215
2019,Broj,Oba spola,infectious_and_parasitic_diseases,213
2020,Broj,Oba spola,infectious_and_parasitic_diseases,229
2011,Broj,Oba spola,"(C00-C97,D00-D48) Neoplazme",4228
2012,Broj,Oba spola,"(C00-C97,D00-D48) Neoplazme",4490
2013,Broj,Oba spola,"(C00-C97,D00-D48) Neoplazme",4217
2014,Broj,Oba spola,"(C00-C97,D00-D48) Neoplazme",4421
2015,Broj,Oba spola,"(C00-C97,D00-D48) Neoplazme",4607
2016,Broj,Oba spola,"(C00-C97,D00-D48) Neoplazme",4592
2017,Broj,Oba spola,"(C00-C97,D00-D48) Neoplazme",4833
2018,Broj,Oba spola,"(C00-C97,D00-D48) Neoplazme",4664
2019,Broj,Oba spola,"(C00-C97,D00-D48) Neoplazme",4868
2020,Broj,Oba spola,"(C00-C97,D00-D48) Neoplazme",4856
2011,Broj,Oba spola,diseases_of_the_blood_and_blood_forming_organs,41
2012,Broj,Oba spola,diseases_of_the_blood_and_blood_forming_organs,30
2013,Broj,Oba spola,diseases_of_the_blood_and_blood_forming_organs,32
2014,Broj,Oba spola,diseases_of_the_blood_and_blood_forming_organs,27
2015,Broj,Oba spola,diseases_of_the_blood_and_blood_forming_organs,35
2016,Broj,Oba spola,diseases_of_the_blood_and_blood_forming_organs,30
2017,Broj,Oba spola,diseases_of_the_blood_and_blood_forming_organs,45
2018,Broj,Oba spola,diseases_of_the_blood_and_blood_forming_organs,35
2019,Broj,Oba spola,diseases_of_the_blood_and_blood_forming_organs,62
2020,Broj,Oba spola,diseases_of_the_blood_and_blood_forming_organs,61
2011,Broj,Oba spola,diseases_of_the_endocrine_glands_nutrition_and_metabolism,1226
2012,Broj,Oba spola,diseases_of_the_endocrine_glands_nutrition_and_metabolism,1309
2013,Broj,Oba spola,diseases_of_the_endocrine_glands_nutrition_and_metabolism,1125
2014,Broj,Oba spola,diseases_of_the_endocrine_glands_nutrition_and_metabolism,1303
2015,Broj,Oba spola,diseases_of_the_endocrine_glands_nutrition_and_metabolism,1197
2016,Broj,Oba spola,diseases_of_the_endocrine_glands_nutrition_and_metabolism,1203
2017,Broj,Oba spola,diseases_of_the_endocrine_glands_nutrition_and_metabolism,1297
2018,Broj,Oba spola,diseases_of_the_endocrine_glands_nutrition_and_metabolism,1190
2019,Broj,Oba spola,diseases_of_the_endocrine_glands_nutrition_and_metabolism,1282
2020,Broj,Oba spola,diseases_of_the_endocrine_glands_nutrition_and_metabolism,1323
2011,Broj,Oba spola,mental_disorders_and_behavioral_disorders,80
2012,Broj,Oba spola,mental_disorders_and_behavioral_disorders,91
2013,Broj,Oba spola,mental_disorders_and_behavioral_disorders,70
2014,Broj,Oba spola,mental_disorders_and_behavioral_disorders,103
2015,Broj,Oba spola,mental_disorders_and_behavioral_disorders,84
2016,Broj,Oba spola,mental_disorders_and_behavioral_disorders,95
2017,Broj,Oba spola,mental_disorders_and_behavioral_disorders,99
2018,Broj,Oba spola,mental_disorders_and_behavioral_disorders,104
2019,Broj,Oba spola,mental_disorders_and_behavioral_disorders,153
2020,Broj,Oba spola,mental_disorders_and_behavioral_disorders,174
2011,Broj,Oba spola,diseases_of_the_nervous_system,189
2012,Broj,Oba spola,diseases_of_the_nervous_system,183
2013,Broj,Oba spola,diseases_of_the_nervous_system,189
2014,Broj,Oba spola,diseases_of_the_nervous_system,194
2015,Broj,Oba spola,diseases_of_the_nervous_system,206
2016,Broj,Oba spola,diseases_of_the_nervous_system,193
2017,Broj,Oba spola,diseases_of_the_nervous_system,167
2018,Broj,Oba spola,diseases_of_the_nervous_system,152
2019,Broj,Oba spola,diseases_of_the_nervous_system,203
2020,Broj,Oba spola,diseases_of_the_nervous_system,251
2011,Broj,Oba spola,eye_diseases_and_eye_soldering_disease,0
2012,Broj,Oba spola,eye_diseases_and_eye_soldering_disease,1
2013,Broj,Oba spola,eye_diseases_and_eye_soldering_disease,0
2014,Broj,Oba spola,eye_diseases_and_eye_soldering_disease,5
2015,Broj,Oba spola,eye_diseases_and_eye_soldering_disease,1
2016,Broj,Oba spola,eye_diseases_and_eye_soldering_disease,0
2017,Broj,Oba spola,eye_diseases_and_eye_soldering_disease,0
2018,Broj,Oba spola,eye_diseases_and_eye_soldering_disease,0
2019,Broj,Oba spola,eye_diseases_and_eye_soldering_disease,2
2020,Broj,Oba spola,eye_diseases_and_eye_soldering_disease,4
2011,Broj,Oba spola,diseases_of_ear_and_mastoid_process,0
2012,Broj,Oba spola,diseases_of_ear_and_mastoid_process,0
2013,Broj,Oba spola,diseases_of_ear_and_mastoid_process,0
2014,Broj,Oba spola,diseases_of_ear_and_mastoid_process,0
2015,Broj,Oba spola,diseases_of_ear_and_mastoid_process,0
2016,Broj,Oba spola,diseases_of_ear_and_mastoid_process,1
2017,Broj,Oba spola,diseases_of_ear_and_mastoid_process,0
2018,Broj,Oba spola,diseases_of_ear_and_mastoid_process,0
2019,Broj,Oba spola,diseases_of_ear_and_mastoid_process,1
2020,Broj,Oba spola,diseases_of_ear_and_mastoid_process,0
2011,Broj,Oba spola,diseases_of_the_circulatory_system,10589
2012,Broj,Oba spola,diseases_of_the_circulatory_system,11028
2013,Broj,Oba spola,diseases_of_the_circulatory_system,10914
2014,Broj,Oba spola,diseases_of_the_circulatory_system,10536
2015,Broj,Oba spola,diseases_of_the_circulatory_system,11672
2016,Broj,Oba spola,diseases_of_the_circulatory_system,11211
2017,Broj,Oba spola,diseases_of_the_circulatory_system,11187
2018,Broj,Oba spola,diseases_of_the_circulatory_system,11043
2019,Broj,Oba spola,diseases_of_the_circulatory_system,10560
2020,Broj,Oba spola,diseases_of_the_circulatory_system,11605
2011,Broj,Oba spola,diseases_of_the_respiratory_system,709
2012,Broj,Oba spola,diseases_of_the_respiratory_system,814
2013,Broj,Oba spola,diseases_of_the_respiratory_system,837
2014,Broj,Oba spola,diseases_of_the_respiratory_system,843
2015,Broj,Oba spola,diseases_of_the_respiratory_system,1054
2016,Broj,Oba spola,diseases_of_the_respiratory_system,915
2017,Broj,Oba spola,diseases_of_the_respiratory_system,906
2018,Broj,Oba spola,diseases_of_the_respiratory_system,1134
2019,Broj,Oba spola,diseases_of_the_respiratory_system,1227
2020,Broj,Oba spola,diseases_of_the_respiratory_system,1537
2011,Broj,Oba spola,diseases_of_the_digestive_system,474
2012,Broj,Oba spola,diseases_of_the_digestive_system,573
2013,Broj,Oba spola,diseases_of_the_digestive_system,541
2014,Broj,Oba spola,diseases_of_the_digestive_system,500
2015,Broj,Oba spola,diseases_of_the_digestive_system,514
2016,Broj,Oba spola,diseases_of_the_digestive_system,568
2017,Broj,Oba spola,diseases_of_the_digestive_system,540
2018,Broj,Oba spola,diseases_of_the_digestive_system,515
2019,Broj,Oba spola,diseases_of_the_digestive_system,582
2020,Broj,Oba spola,diseases_of_the_digestive_system,575
2011,Broj,Oba spola,skin_and_subcutaneous_tissue_disorders,11
2012,Broj,Oba spola,skin_and_subcutaneous_tissue_disorders,8
2013,Broj,Oba spola,skin_and_subcutaneous_tissue_disorders,10
2014,Broj,Oba spola,skin_and_subcutaneous_tissue_disorders,10
2015,Broj,Oba spola,skin_and_subcutaneous_tissue_disorders,10
2016,Broj,Oba spola,skin_and_subcutaneous_tissue_disorders,1
2017,Broj,Oba spola,skin_and_subcutaneous_tissue_disorders,7
2018,Broj,Oba spola,skin_and_subcutaneous_tissue_disorders,4
2019,Broj,Oba spola,skin_and_subcutaneous_tissue_disorders,9
2020,Broj,Oba spola,skin_and_subcutaneous_tissue_disorders,12
2011,Broj,Oba spola,diseases_of_the_musculoskeletal_system_and_connective_tissue,27
2012,Broj,Oba spola,diseases_of_the_musculoskeletal_system_and_connective_tissue,38
2013,Broj,Oba spola,diseases_of_the_musculoskeletal_system_and_connective_tissue,29
2014,Broj,Oba spola,diseases_of_the_musculoskeletal_system_and_connective_tissue,39
2015,Broj,Oba spola,diseases_of_the_musculoskeletal_system_and_connective_tissue,25
2016,Broj,Oba spola,diseases_of_the_musculoskeletal_system_and_connective_tissue,25
2017,Broj,Oba spola,diseases_of_the_musculoskeletal_system_and_connective_tissue,22
2018,Broj,Oba spola,diseases_of_the_musculoskeletal_system_and_connective_tissue,29
2019,Broj,Oba spola,diseases_of_the_musculoskeletal_system_and_connective_tissue,39
2020,Broj,Oba spola,diseases_of_the_musculoskeletal_system_and_connective_tissue,26
2011,Broj,Oba spola,diseases_of_the_genitourinary_system,357
2012,Broj,Oba spola,diseases_of_the_genitourinary_system,333
2013,Broj,Oba spola,diseases_of_the_genitourinary_system,338
2014,Broj,Oba spola,diseases_of_the_genitourinary_system,341
2015,Broj,Oba spola,diseases_of_the_genitourinary_system,449
2016,Broj,Oba spola,diseases_of_the_genitourinary_system,431
2017,Broj,Oba spola,diseases_of_the_genitourinary_system,361
2018,Broj,Oba spola,diseases_of_the_genitourinary_system,367
2019,Broj,Oba spola,diseases_of_the_genitourinary_system,368
2020,Broj,Oba spola,diseases_of_the_genitourinary_system,363
2011,Broj,Oba spola,pregnancy_childbirth_and_puerperium,1
2012,Broj,Oba spola,pregnancy_childbirth_and_puerperium,3
2013,Broj,Oba spola,pregnancy_childbirth_and_puerperium,0
2014,Broj,Oba spola,pregnancy_childbirth_and_puerperium,0
2015,Broj,Oba spola,pregnancy_childbirth_and_puerperium,0
2016,Broj,Oba spola,pregnancy_childbirth_and_puerperium,0
2017,Broj,Oba spola,pregnancy_childbirth_and_puerperium,0
2018,Broj,Oba spola,pregnancy_childbirth_and_puerperium,0
2019,Broj,Oba spola,pregnancy_childbirth_and_puerperium,2
2020,Broj,Oba spola,pregnancy_childbirth_and_puerperium,1
2011,Broj,Oba spola,certain_conditions_occurred_in_the_perinatal_period,82
2012,Broj,Oba spola,certain_conditions_occurred_in_the_perinatal_period,82
2013,Broj,Oba spola,certain_conditions_occurred_in_the_perinatal_period,80
2014,Broj,Oba spola,certain_conditions_occurred_in_the_perinatal_period,69
2015,Broj,Oba spola,certain_conditions_occurred_in_the_perinatal_period,106
2016,Broj,Oba spola,certain_conditions_occurred_in_the_perinatal_period,94
2017,Broj,Oba spola,certain_conditions_occurred_in_the_perinatal_period,112
2018,Broj,Oba spola,certain_conditions_occurred_in_the_perinatal_period,120
2019,Broj,Oba spola,certain_conditions_occurred_in_the_perinatal_period,111
2020,Broj,Oba spola,certain_conditions_occurred_in_the_perinatal_period,78
2011,Broj,Oba spola,congenital_anomalies_deformities_and_chromosomal_abnormalities,49
2012,Broj,Oba spola,congenital_anomalies_deformities_and_chromosomal_abnormalities,34
2013,Broj,Oba spola,congenital_anomalies_deformities_and_chromosomal_abnormalities,28
2014,Broj,Oba spola,congenital_anomalies_deformities_and_chromosomal_abnormalities,38
2015,Broj,Oba spola,congenital_anomalies_deformities_and_chromosomal_abnormalities,24
2016,Broj,Oba spola,congenital_anomalies_deformities_and_chromosomal_abnormalities,10
2017,Broj,Oba spola,congenital_anomalies_deformities_and_chromosomal_abnormalities,20
2018,Broj,Oba spola,congenital_anomalies_deformities_and_chromosomal_abnormalities,19
2019,Broj,Oba spola,congenital_anomalies_deformities_and_chromosomal_abnormalities,26
2020,Broj,Oba spola,congenital_anomalies_deformities_and_chromosomal_abnormalities,28
2011,Broj,Oba spola,symptoms_signs_and_abnormal_clinical_and_laboratory_findings,964
2012,Broj,Oba spola,symptoms_signs_and_abnormal_clinical_and_laboratory_findings,583
2013,Broj,Oba spola,symptoms_signs_and_abnormal_clinical_and_laboratory_findings,832
2014,Broj,Oba spola,symptoms_signs_and_abnormal_clinical_and_laboratory_findings,763
2015,Broj,Oba spola,symptoms_signs_and_abnormal_clinical_and_laboratory_findings,515
2016,Broj,Oba spola,symptoms_signs_and_abnormal_clinical_and_laboratory_findings,489
2017,Broj,Oba spola,symptoms_signs_and_abnormal_clinical_and_laboratory_findings,816
2018,Broj,Oba spola,symptoms_signs_and_abnormal_clinical_and_laboratory_findings,892
2019,Broj,Oba spola,symptoms_signs_and_abnormal_clinical_and_laboratory_findings,1288
2020,Broj,Oba spola,symptoms_signs_and_abnormal_clinical_and_laboratory_findings,1194
2011,Broj,Oba spola,injuries_poisonings_and_consequences_of_external_factors,545
2012,Broj,Oba spola,injuries_poisonings_and_consequences_of_external_factors,508
2013,Broj,Oba spola,injuries_poisonings_and_consequences_of_external_factors,501
2014,Broj,Oba spola,injuries_poisonings_and_consequences_of_external_factors,476
2015,Broj,Oba spola,injuries_poisonings_and_consequences_of_external_factors,507
2016,Broj,Oba spola,injuries_poisonings_and_consequences_of_external_factors,492
2017,Broj,Oba spola,injuries_poisonings_and_consequences_of_external_factors,521
2018,Broj,Oba spola,injuries_poisonings_and_consequences_of_external_factors,494
2019,Broj,Oba spola,injuries_poisonings_and_consequences_of_external_factors,448
2020,Broj,Oba spola,injuries_poisonings_and_consequences_of_external_factors,443
2011,Broj,Oba spola,special_purpose_codes,0
2012,Broj,Oba spola,special_purpose_codes,0
2013,Broj,Oba spola,special_purpose_codes,0
2014,Broj,Oba spola,special_purpose_codes,0
2015,Broj,Oba spola,special_purpose_codes,0
2016,Broj,Oba spola,special_purpose_codes,0
2017,Broj,Oba spola,special_purpose_codes,0
2018,Broj,Oba spola,special_purpose_codes,0
2019,Broj,Oba spola,special_purpose_codes,0
2020,Broj,Oba spola,special_purpose_codes,2690
2011,Broj,Oba spola,Nepoznato,456
2012,Broj,Oba spola,Nepoznato,543
2013,Broj,Oba spola,Nepoznato,579
2014,Broj,Oba spola,Nepoznato,465
2015,Broj,Oba spola,Nepoznato,495
2016,Broj,Oba spola,Nepoznato,542
2017,Broj,Oba spola,Nepoznato,542
2018,Broj,Oba spola,Nepoznato,464
2019,Broj,Oba spola,Nepoznato,570
2020,Broj,Oba spola,Nepoznato,565
2011,Broj,M,Ukupno,10369
2012,Broj,M,Ukupno,10744
2013,Broj,M,Ukupno,10357
2014,Broj,M,Ukupno,10328
2015,Broj,M,Ukupno,10855
2016,Broj,M,Ukupno,10538
2017,Broj,M,Ukupno,10979
2018,Broj,M,Ukupno,10756
2019,Broj,M,Ukupno,11140
2020,Broj,M,Ukupno,13525
2011,Broj,M,infectious_and_parasitic_diseases,111
2012,Broj,M,infectious_and_parasitic_diseases,116
2013,Broj,M,infectious_and_parasitic_diseases,92
2014,Broj,M,infectious_and_parasitic_diseases,80
2015,Broj,M,infectious_and_parasitic_diseases,112
2016,Broj,M,infectious_and_parasitic_diseases,105
2017,Broj,M,infectious_and_parasitic_diseases,106
2018,Broj,M,infectious_and_parasitic_diseases,106
2019,Broj,M,infectious_and_parasitic_diseases,95
2020,Broj,M,infectious_and_parasitic_diseases,122
2011,Broj,M,"(C00-C97,D00-D48) Neoplazme",2518
2012,Broj,M,"(C00-C97,D00-D48) Neoplazme",2598
2013,Broj,M,"(C00-C97,D00-D48) Neoplazme",2406
2014,Broj,M,"(C00-C97,D00-D48) Neoplazme",2621
2015,Broj,M,"(C00-C97,D00-D48) Neoplazme",2619
2016,Broj,M,"(C00-C97,D00-D48) Neoplazme",2596
2017,Broj,M,"(C00-C97,D00-D48) Neoplazme",2722
2018,Broj,M,"(C00-C97,D00-D48) Neoplazme",2706
2019,Broj,M,"(C00-C97,D00-D48) Neoplazme",2732
2020,Broj,M,"(C00-C97,D00-D48) Neoplazme",2731
2011,Broj,M,diseases_of_the_blood_and_blood_forming_organs,13
2012,Broj,M,diseases_of_the_blood_and_blood_forming_organs,14
2013,Broj,M,diseases_of_the_blood_and_blood_forming_organs,11
2014,Broj,M,diseases_of_the_blood_and_blood_forming_organs,9
2015,Broj,M,diseases_of_the_blood_and_blood_forming_organs,10
2016,Broj,M,diseases_of_the_blood_and_blood_forming_organs,13
2017,Broj,M,diseases_of_the_blood_and_blood_forming_organs,20
2018,Broj,M,diseases_of_the_blood_and_blood_forming_organs,9
2019,Broj,M,diseases_of_the_blood_and_blood_forming_organs,21
2020,Broj,M,diseases_of_the_blood_and_blood_forming_organs,24
2011,Broj,M,diseases_of_the_endocrine_glands_nutrition_and_metabolism,480
2012,Broj,M,diseases_of_the_endocrine_glands_nutrition_and_metabolism,547
2013,Broj,M,diseases_of_the_endocrine_glands_nutrition_and_metabolism,466
2014,Broj,M,diseases_of_the_endocrine_glands_nutrition_and_metabolism,493
2015,Broj,M,diseases_of_the_endocrine_glands_nutrition_and_metabolism,458
2016,Broj,M,diseases_of_the_endocrine_glands_nutrition_and_metabolism,446
2017,Broj,M,diseases_of_the_endocrine_glands_nutrition_and_metabolism,494
2018,Broj,M,diseases_of_the_endocrine_glands_nutrition_and_metabolism,468
2019,Broj,M,diseases_of_the_endocrine_glands_nutrition_and_metabolism,525
2020,Broj,M,diseases_of_the_endocrine_glands_nutrition_and_metabolism,514
2011,Broj,M,mental_disorders_and_behavioral_disorders,27
2012,Broj,M,mental_disorders_and_behavioral_disorders,58
2013,Broj,M,mental_disorders_and_behavioral_disorders,28
2014,Broj,M,mental_disorders_and_behavioral_disorders,60
2015,Broj,M,mental_disorders_and_behavioral_disorders,49
2016,Broj,M,mental_disorders_and_behavioral_disorders,53
2017,Broj,M,mental_disorders_and_behavioral_disorders,50
2018,Broj,M,mental_disorders_and_behavioral_disorders,49
2019,Broj,M,mental_disorders_and_behavioral_disorders,74
2020,Broj,M,mental_disorders_and_behavioral_disorders,74
2011,Broj,M,diseases_of_the_nervous_system,95
2012,Broj,M,diseases_of_the_nervous_system,95
2013,Broj,M,diseases_of_the_nervous_system,97
2014,Broj,M,diseases_of_the_nervous_system,101
2015,Broj,M,diseases_of_the_nervous_system,113
2016,Broj,M,diseases_of_the_nervous_system,102
2017,Broj,M,diseases_of_the_nervous_system,80
2018,Broj,M,diseases_of_the_nervous_system,80
2019,Broj,M,diseases_of_the_nervous_system,107
2020,Broj,M,diseases_of_the_nervous_system,121
2011,Broj,M,eye_diseases_and_eye_soldering_disease,0
2012,Broj,M,eye_diseases_and_eye_soldering_disease,0
2013,Broj,M,eye_diseases_and_eye_soldering_disease,0
2014,Broj,M,eye_diseases_and_eye_soldering_disease,0
2015,Broj,M,eye_diseases_and_eye_soldering_disease,0
2016,Broj,M,eye_diseases_and_eye_soldering_disease,0
2017,Broj,M,eye_diseases_and_eye_soldering_disease,0
2018,Broj,M,eye_diseases_and_eye_soldering_disease,0
2019,Broj,M,eye_diseases_and_eye_soldering_disease,0
2020,Broj,M,eye_diseases_and_eye_soldering_disease,3
2011,Broj,M,diseases_of_ear_and_mastoid_process,0
2012,Broj,M,diseases_of_ear_and_mastoid_process,0
2013,Broj,M,diseases_of_ear_and_mastoid_process,0
2014,Broj,M,diseases_of_ear_and_mastoid_process,0
2015,Broj,M,diseases_of_ear_and_mastoid_process,0
2016,Broj,M,diseases_of_ear_and_mastoid_process,0
2017,Broj,M,diseases_of_ear_and_mastoid_process,0
2018,Broj,M,diseases_of_ear_and_mastoid_process,0
2019,Broj,M,diseases_of_ear_and_mastoid_process,0
2020,Broj,M,diseases_of_ear_and_mastoid_process,0
2011,Broj,M,diseases_of_the_circulatory_system,4971
2012,Broj,M,diseases_of_the_circulatory_system,5232
2013,Broj,M,diseases_of_the_circulatory_system,5096
2014,Broj,M,diseases_of_the_circulatory_system,4909
2015,Broj,M,diseases_of_the_circulatory_system,5339
2016,Broj,M,diseases_of_the_circulatory_system,5195
2017,Broj,M,diseases_of_the_circulatory_system,5245
2018,Broj,M,diseases_of_the_circulatory_system,5123
2019,Broj,M,diseases_of_the_circulatory_system,4976
2020,Broj,M,diseases_of_the_circulatory_system,5466
2011,Broj,M,diseases_of_the_respiratory_system,401
2012,Broj,M,diseases_of_the_respiratory_system,478
2013,Broj,M,diseases_of_the_respiratory_system,474
2014,Broj,M,diseases_of_the_respiratory_system,502
2015,Broj,M,diseases_of_the_respiratory_system,577
2016,Broj,M,diseases_of_the_respiratory_system,528
2017,Broj,M,diseases_of_the_respiratory_system,542
2018,Broj,M,diseases_of_the_respiratory_system,593
2019,Broj,M,diseases_of_the_respiratory_system,666
2020,Broj,M,diseases_of_the_respiratory_system,894
2011,Broj,M,diseases_of_the_digestive_system,282
2012,Broj,M,diseases_of_the_digestive_system,333
2013,Broj,M,diseases_of_the_digestive_system,303
2014,Broj,M,diseases_of_the_digestive_system,293
2015,Broj,M,diseases_of_the_digestive_system,298
2016,Broj,M,diseases_of_the_digestive_system,316
2017,Broj,M,diseases_of_the_digestive_system,313
2018,Broj,M,diseases_of_the_digestive_system,286
2019,Broj,M,diseases_of_the_digestive_system,347
2020,Broj,M,diseases_of_the_digestive_system,341
2011,Broj,M,skin_and_subcutaneous_tissue_disorders,2
2012,Broj,M,skin_and_subcutaneous_tissue_disorders,2
2013,Broj,M,skin_and_subcutaneous_tissue_disorders,3
2014,Broj,M,skin_and_subcutaneous_tissue_disorders,3
2015,Broj,M,skin_and_subcutaneous_tissue_disorders,2
2016,Broj,M,skin_and_subcutaneous_tissue_disorders,0
2017,Broj,M,skin_and_subcutaneous_tissue_disorders,3
2018,Broj,M,skin_and_subcutaneous_tissue_disorders,2
2019,Broj,M,skin_and_subcutaneous_tissue_disorders,2
2020,Broj,M,skin_and_subcutaneous_tissue_disorders,5
2011,Broj,M,diseases_of_the_musculoskeletal_system_and_connective_tissue,8
2012,Broj,M,diseases_of_the_musculoskeletal_system_and_connective_tissue,11
2013,Broj,M,diseases_of_the_musculoskeletal_system_and_connective_tissue,9
2014,Broj,M,diseases_of_the_musculoskeletal_system_and_connective_tissue,8
2015,Broj,M,diseases_of_the_musculoskeletal_system_and_connective_tissue,9
2016,Broj,M,diseases_of_the_musculoskeletal_system_and_connective_tissue,3
2017,Broj,M,diseases_of_the_musculoskeletal_system_and_connective_tissue,7
2018,Broj,M,diseases_of_the_musculoskeletal_system_and_connective_tissue,8
2019,Broj,M,diseases_of_the_musculoskeletal_system_and_connective_tissue,10
2020,Broj,M,diseases_of_the_musculoskeletal_system_and_connective_tissue,6
2011,Broj,M,diseases_of_the_genitourinary_system,188
2012,Broj,M,diseases_of_the_genitourinary_system,171
2013,Broj,M,diseases_of_the_genitourinary_system,169
2014,Broj,M,diseases_of_the_genitourinary_system,171
2015,Broj,M,diseases_of_the_genitourinary_system,209
2016,Broj,M,diseases_of_the_genitourinary_system,199
2017,Broj,M,diseases_of_the_genitourinary_system,188
2018,Broj,M,diseases_of_the_genitourinary_system,197
2019,Broj,M,diseases_of_the_genitourinary_system,194
2020,Broj,M,diseases_of_the_genitourinary_system,194
2011,Broj,M,certain_conditions_occurred_in_the_perinatal_period,47
2012,Broj,M,certain_conditions_occurred_in_the_perinatal_period,49
2013,Broj,M,certain_conditions_occurred_in_the_perinatal_period,49
2014,Broj,M,certain_conditions_occurred_in_the_perinatal_period,35
2015,Broj,M,certain_conditions_occurred_in_the_perinatal_period,59
2016,Broj,M,certain_conditions_occurred_in_the_perinatal_period,56
2017,Broj,M,certain_conditions_occurred_in_the_perinatal_period,63
2018,Broj,M,certain_conditions_occurred_in_the_perinatal_period,64
2019,Broj,M,certain_conditions_occurred_in_the_perinatal_period,58
2020,Broj,M,certain_conditions_occurred_in_the_perinatal_period,45
2011,Broj,M,congenital_anomalies_deformities_and_chromosomal_abnormalities,23
2012,Broj,M,congenital_anomalies_deformities_and_chromosomal_abnormalities,21
2013,Broj,M,congenital_anomalies_deformities_and_chromosomal_abnormalities,12
2014,Broj,M,congenital_anomalies_deformities_and_chromosomal_abnormalities,17
2015,Broj,M,congenital_anomalies_deformities_and_chromosomal_abnormalities,12
2016,Broj,M,congenital_anomalies_deformities_and_chromosomal_abnormalities,6
2017,Broj,M,congenital_anomalies_deformities_and_chromosomal_abnormalities,12
2018,Broj,M,congenital_anomalies_deformities_and_chromosomal_abnormalities,8
2019,Broj,M,congenital_anomalies_deformities_and_chromosomal_abnormalities,11
2020,Broj,M,congenital_anomalies_deformities_and_chromosomal_abnormalities,19
2011,Broj,M,symptoms_signs_and_abnormal_clinical_and_laboratory_findings,516
2012,Broj,M,symptoms_signs_and_abnormal_clinical_and_laboratory_findings,324
2013,Broj,M,symptoms_signs_and_abnormal_clinical_and_laboratory_findings,444
2014,Broj,M,symptoms_signs_and_abnormal_clinical_and_laboratory_findings,404
2015,Broj,M,symptoms_signs_and_abnormal_clinical_and_laboratory_findings,303
2016,Broj,M,symptoms_signs_and_abnormal_clinical_and_laboratory_findings,254
2017,Broj,M,symptoms_signs_and_abnormal_clinical_and_laboratory_findings,420
2018,Broj,M,symptoms_signs_and_abnormal_clinical_and_laboratory_findings,438
2019,Broj,M,symptoms_signs_and_abnormal_clinical_and_laboratory_findings,646
2020,Broj,M,symptoms_signs_and_abnormal_clinical_and_laboratory_findings,611
2011,Broj,M,injuries_poisonings_and_consequences_of_external_factors,435
2012,Broj,M,injuries_poisonings_and_consequences_of_external_factors,396
2013,Broj,M,injuries_poisonings_and_consequences_of_external_factors,402
2014,Broj,M,injuries_poisonings_and_consequences_of_external_factors,367
2015,Broj,M,injuries_poisonings_and_consequences_of_external_factors,394
2016,Broj,M,injuries_poisonings_and_consequences_of_external_factors,370
2017,Broj,M,injuries_poisonings_and_consequences_of_external_factors,388
2018,Broj,M,injuries_poisonings_and_consequences_of_external_factors,373
2019,Broj,M,injuries_poisonings_and_consequences_of_external_factors,330
2020,Broj,M,injuries_poisonings_and_consequences_of_external_factors,337
2011,Broj,M,special_purpose_codes,0
2012,Broj,M,special_purpose_codes,0
2013,Broj,M,special_purpose_codes,0
2014,Broj,M,special_purpose_codes,0
2015,Broj,M,special_purpose_codes,0
2016,Broj,M,special_purpose_codes,0
2017,Broj,M,special_purpose_codes,0
2018,Broj,M,special_purpose_codes,0
2019,Broj,M,special_purpose_codes,0
2020,Broj,M,special_purpose_codes,1711
2011,Broj,M,Nepoznato,251
2012,Broj,M,Nepoznato,299
2013,Broj,M,Nepoznato,296
2014,Broj,M,Nepoznato,255
2015,Broj,M,Nepoznato,292
2016,Broj,M,Nepoznato,296
2017,Broj,M,Nepoznato,326
2018,Broj,M,Nepoznato,245
2019,Broj,M,Nepoznato,339
2020,Broj,M,Nepoznato,300
2011,Broj,Ž,Ukupno,9839
2012,Broj,Ž,Ukupno,10115
2013,Broj,Ž,Ukupno,10108
2014,Broj,Ž,Ukupno,9955
2015,Broj,Ž,Ukupno,10848
2016,Broj,Ž,Ukupno,10567
2017,Broj,Ž,Ukupno,10710
2018,Broj,Ž,Ukupno,10686
2019,Broj,Ž,Ukupno,10884
2020,Broj,Ž,Ukupno,12501
2011,Broj,Ž,infectious_and_parasitic_diseases,68
2012,Broj,Ž,infectious_and_parasitic_diseases,92
2013,Broj,Ž,infectious_and_parasitic_diseases,51
2014,Broj,Ž,infectious_and_parasitic_diseases,69
2015,Broj,Ž,infectious_and_parasitic_diseases,90
2016,Broj,Ž,infectious_and_parasitic_diseases,108
2017,Broj,Ž,infectious_and_parasitic_diseases,108
2018,Broj,Ž,infectious_and_parasitic_diseases,109
2019,Broj,Ž,infectious_and_parasitic_diseases,118
2020,Broj,Ž,infectious_and_parasitic_diseases,107
2011,Broj,Ž,"(C00-C97,D00-D48) Neoplazme",1710
2012,Broj,Ž,"(C00-C97,D00-D48) Neoplazme",1892
2013,Broj,Ž,"(C00-C97,D00-D48) Neoplazme",1811
2014,Broj,Ž,"(C00-C97,D00-D48) Neoplazme",1800
2015,Broj,Ž,"(C00-C97,D00-D48) Neoplazme",1988
2016,Broj,Ž,"(C00-C97,D00-D48) Neoplazme",1996
2017,Broj,Ž,"(C00-C97,D00-D48) Neoplazme",2111
2018,Broj,Ž,"(C00-C97,D00-D48) Neoplazme",1958
2019,Broj,Ž,"(C00-C97,D00-D48) Neoplazme",2136
2020,Broj,Ž,"(C00-C97,D00-D48) Neoplazme",2125
2011,Broj,Ž,diseases_of_the_blood_and_blood_forming_organs,28
2012,Broj,Ž,diseases_of_the_blood_and_blood_forming_organs,16
2013,Broj,Ž,diseases_of_the_blood_and_blood_forming_organs,21
2014,Broj,Ž,diseases_of_the_blood_and_blood_forming_organs,18
2015,Broj,Ž,diseases_of_the_blood_and_blood_forming_organs,25
2016,Broj,Ž,diseases_of_the_blood_and_blood_forming_organs,17
2017,Broj,Ž,diseases_of_the_blood_and_blood_forming_organs,25
2018,Broj,Ž,diseases_of_the_blood_and_blood_forming_organs,26
2019,Broj,Ž,diseases_of_the_blood_and_blood_forming_organs,41
2020,Broj,Ž,diseases_of_the_blood_and_blood_forming_organs,37
2011,Broj,Ž,diseases_of_the_endocrine_glands_nutrition_and_metabolism,746
2012,Broj,Ž,diseases_of_the_endocrine_glands_nutrition_and_metabolism,762
2013,Broj,Ž,diseases_of_the_endocrine_glands_nutrition_and_metabolism,659
2014,Broj,Ž,diseases_of_the_endocrine_glands_nutrition_and_metabolism,810
2015,Broj,Ž,diseases_of_the_endocrine_glands_nutrition_and_metabolism,739
2016,Broj,Ž,diseases_of_the_endocrine_glands_nutrition_and_metabolism,757
2017,Broj,Ž,diseases_of_the_endocrine_glands_nutrition_and_metabolism,803
2018,Broj,Ž,diseases_of_the_endocrine_glands_nutrition_and_metabolism,722
2019,Broj,Ž,diseases_of_the_endocrine_glands_nutrition_and_metabolism,757
2020,Broj,Ž,diseases_of_the_endocrine_glands_nutrition_and_metabolism,809
2011,Broj,Ž,mental_disorders_and_behavioral_disorders,53
2012,Broj,Ž,mental_disorders_and_behavioral_disorders,33
2013,Broj,Ž,mental_disorders_and_behavioral_disorders,42
2014,Broj,Ž,mental_disorders_and_behavioral_disorders,43
2015,Broj,Ž,mental_disorders_and_behavioral_disorders,35
2016,Broj,Ž,mental_disorders_and_behavioral_disorders,42
2017,Broj,Ž,mental_disorders_and_behavioral_disorders,49
2018,Broj,Ž,mental_disorders_and_behavioral_disorders,55
2019,Broj,Ž,mental_disorders_and_behavioral_disorders,79
2020,Broj,Ž,mental_disorders_and_behavioral_disorders,100
2011,Broj,Ž,diseases_of_the_nervous_system,94
2012,Broj,Ž,diseases_of_the_nervous_system,88
2013,Broj,Ž,diseases_of_the_nervous_system,92
2014,Broj,Ž,diseases_of_the_nervous_system,93
2015,Broj,Ž,diseases_of_the_nervous_system,93
2016,Broj,Ž,diseases_of_the_nervous_system,91
2017,Broj,Ž,diseases_of_the_nervous_system,87
2018,Broj,Ž,diseases_of_the_nervous_system,72
2019,Broj,Ž,diseases_of_the_nervous_system,96
2020,Broj,Ž,diseases_of_the_nervous_system,130
2011,Broj,Ž,eye_diseases_and_eye_soldering_disease,0
2012,Broj,Ž,eye_diseases_and_eye_soldering_disease,0
2013,Broj,Ž,eye_diseases_and_eye_soldering_disease,0
2014,Broj,Ž,eye_diseases_and_eye_soldering_disease,0
2015,Broj,Ž,eye_diseases_and_eye_soldering_disease,0
2016,Broj,Ž,eye_diseases_and_eye_soldering_disease,0
2017,Broj,Ž,eye_diseases_and_eye_soldering_disease,0
2018,Broj,Ž,eye_diseases_and_eye_soldering_disease,0
2019,Broj,Ž,eye_diseases_and_eye_soldering_disease,2
2020,Broj,Ž,eye_diseases_and_eye_soldering_disease,1
2011,Broj,Ž,diseases_of_ear_and_mastoid_process,0
2012,Broj,Ž,diseases_of_ear_and_mastoid_process,1
2013,Broj,Ž,diseases_of_ear_and_mastoid_process,0
2014,Broj,Ž,diseases_of_ear_and_mastoid_process,5
2015,Broj,Ž,diseases_of_ear_and_mastoid_process,1
2016,Broj,Ž,diseases_of_ear_and_mastoid_process,1
2017,Broj,Ž,diseases_of_ear_and_mastoid_process,0
2018,Broj,Ž,diseases_of_ear_and_mastoid_process,0
2019,Broj,Ž,diseases_of_ear_and_mastoid_process,1
2020,Broj,Ž,diseases_of_ear_and_mastoid_process,0
2011,Broj,Ž,diseases_of_the_circulatory_system,5618
2012,Broj,Ž,diseases_of_the_circulatory_system,5796
2013,Broj,Ž,diseases_of_the_circulatory_system,5818
2014,Broj,Ž,diseases_of_the_circulatory_system,5627
2015,Broj,Ž,diseases_of_the_circulatory_system,6333
2016,Broj,Ž,diseases_of_the_circulatory_system,6016
2017,Broj,Ž,diseases_of_the_circulatory_system,5942
2018,Broj,Ž,diseases_of_the_circulatory_system,5920
2019,Broj,Ž,diseases_of_the_circulatory_system,5584
2020,Broj,Ž,diseases_of_the_circulatory_system,6139
2011,Broj,Ž,diseases_of_the_respiratory_system,308
2012,Broj,Ž,diseases_of_the_respiratory_system,336
2013,Broj,Ž,diseases_of_the_respiratory_system,363
2014,Broj,Ž,diseases_of_the_respiratory_system,341
2015,Broj,Ž,diseases_of_the_respiratory_system,477
2016,Broj,Ž,diseases_of_the_respiratory_system,387
2017,Broj,Ž,diseases_of_the_respiratory_system,364
2018,Broj,Ž,diseases_of_the_respiratory_system,541
2019,Broj,Ž,diseases_of_the_respiratory_system,561
2020,Broj,Ž,diseases_of_the_respiratory_system,643
2011,Broj,Ž,diseases_of_the_digestive_system,192
2012,Broj,Ž,diseases_of_the_digestive_system,240
2013,Broj,Ž,diseases_of_the_digestive_system,238
2014,Broj,Ž,diseases_of_the_digestive_system,207
2015,Broj,Ž,diseases_of_the_digestive_system,216
2016,Broj,Ž,diseases_of_the_digestive_system,252
2017,Broj,Ž,diseases_of_the_digestive_system,227
2018,Broj,Ž,diseases_of_the_digestive_system,229
2019,Broj,Ž,diseases_of_the_digestive_system,235
2020,Broj,Ž,diseases_of_the_digestive_system,234
2011,Broj,Ž,skin_and_subcutaneous_tissue_disorders,9
2012,Broj,Ž,skin_and_subcutaneous_tissue_disorders,6
2013,Broj,Ž,skin_and_subcutaneous_tissue_disorders,7
2014,Broj,Ž,skin_and_subcutaneous_tissue_disorders,7
2015,Broj,Ž,skin_and_subcutaneous_tissue_disorders,8
2016,Broj,Ž,skin_and_subcutaneous_tissue_disorders,1
2017,Broj,Ž,skin_and_subcutaneous_tissue_disorders,4
2018,Broj,Ž,skin_and_subcutaneous_tissue_disorders,2
2019,Broj,Ž,skin_and_subcutaneous_tissue_disorders,7
2020,Broj,Ž,skin_and_subcutaneous_tissue_disorders,7
2011,Broj,Ž,diseases_of_the_musculoskeletal_system_and_connective_tissue,19
2012,Broj,Ž,diseases_of_the_musculoskeletal_system_and_connective_tissue,27
2013,Broj,Ž,diseases_of_the_musculoskeletal_system_and_connective_tissue,20
2014,Broj,Ž,diseases_of_the_musculoskeletal_system_and_connective_tissue,31
2015,Broj,Ž,diseases_of_the_musculoskeletal_system_and_connective_tissue,16
2016,Broj,Ž,diseases_of_the_musculoskeletal_system_and_connective_tissue,22
2017,Broj,Ž,diseases_of_the_musculoskeletal_system_and_connective_tissue,15
2018,Broj,Ž,diseases_of_the_musculoskeletal_system_and_connective_tissue,21
2019,Broj,Ž,diseases_of_the_musculoskeletal_system_and_connective_tissue,29
2020,Broj,Ž,diseases_of_the_musculoskeletal_system_and_connective_tissue,20
2011,Broj,Ž,diseases_of_the_genitourinary_system,169
2012,Broj,Ž,diseases_of_the_genitourinary_system,162
2013,Broj,Ž,diseases_of_the_genitourinary_system,169
2014,Broj,Ž,diseases_of_the_genitourinary_system,170
2015,Broj,Ž,diseases_of_the_genitourinary_system,240
2016,Broj,Ž,diseases_of_the_genitourinary_system,232
2017,Broj,Ž,diseases_of_the_genitourinary_system,173
2018,Broj,Ž,diseases_of_the_genitourinary_system,170
2019,Broj,Ž,diseases_of_the_genitourinary_system,174
2020,Broj,Ž,diseases_of_the_genitourinary_system,169
2011,Broj,Ž,pregnancy_childbirth_and_puerperium,1
2012,Broj,Ž,pregnancy_childbirth_and_puerperium,3
2013,Broj,Ž,pregnancy_childbirth_and_puerperium,0
2014,Broj,Ž,pregnancy_childbirth_and_puerperium,0
2015,Broj,Ž,pregnancy_childbirth_and_puerperium,0
2016,Broj,Ž,pregnancy_childbirth_and_puerperium,0
2017,Broj,Ž,pregnancy_childbirth_and_puerperium,0
2018,Broj,Ž,pregnancy_childbirth_and_puerperium,0
2019,Broj,Ž,pregnancy_childbirth_and_puerperium,2
2020,Broj,Ž,pregnancy_childbirth_and_puerperium,1
2011,Broj,Ž,certain_conditions_occurred_in_the_perinatal_period,35
2012,Broj,Ž,certain_conditions_occurred_in_the_perinatal_period,33
2013,Broj,Ž,certain_conditions_occurred_in_the_perinatal_period,31
2014,Broj,Ž,certain_conditions_occurred_in_the_perinatal_period,34
2015,Broj,Ž,certain_conditions_occurred_in_the_perinatal_period,47
2016,Broj,Ž,certain_conditions_occurred_in_the_perinatal_period,38
2017,Broj,Ž,certain_conditions_occurred_in_the_perinatal_period,49
2018,Broj,Ž,certain_conditions_occurred_in_the_perinatal_period,56
2019,Broj,Ž,certain_conditions_occurred_in_the_perinatal_period,53
2020,Broj,Ž,certain_conditions_occurred_in_the_perinatal_period,33
2011,Broj,Ž,congenital_anomalies_deformities_and_chromosomal_abnormalities,26
2012,Broj,Ž,congenital_anomalies_deformities_and_chromosomal_abnormalities,13
2013,Broj,Ž,congenital_anomalies_deformities_and_chromosomal_abnormalities,16
2014,Broj,Ž,congenital_anomalies_deformities_and_chromosomal_abnormalities,21
2015,Broj,Ž,congenital_anomalies_deformities_and_chromosomal_abnormalities,12
2016,Broj,Ž,congenital_anomalies_deformities_and_chromosomal_abnormalities,4
2017,Broj,Ž,congenital_anomalies_deformities_and_chromosomal_abnormalities,8
2018,Broj,Ž,congenital_anomalies_deformities_and_chromosomal_abnormalities,11
2019,Broj,Ž,congenital_anomalies_deformities_and_chromosomal_abnormalities,15
2020,Broj,Ž,congenital_anomalies_deformities_and_chromosomal_abnormalities,9
2011,Broj,Ž,symptoms_signs_and_abnormal_clinical_and_laboratory_findings,448
2012,Broj,Ž,symptoms_signs_and_abnormal_clinical_and_laboratory_findings,259
2013,Broj,Ž,symptoms_signs_and_abnormal_clinical_and_laboratory_findings,388
2014,Broj,Ž,symptoms_signs_and_abnormal_clinical_and_laboratory_findings,359
2015,Broj,Ž,symptoms_signs_and_abnormal_clinical_and_laboratory_findings,212
2016,Broj,Ž,symptoms_signs_and_abnormal_clinical_and_laboratory_findings,235
2017,Broj,Ž,symptoms_signs_and_abnormal_clinical_and_laboratory_findings,396
2018,Broj,Ž,symptoms_signs_and_abnormal_clinical_and_laboratory_findings,454
2019,Broj,Ž,symptoms_signs_and_abnormal_clinical_and_laboratory_findings,642
2020,Broj,Ž,symptoms_signs_and_abnormal_clinical_and_laboratory_findings,583
2011,Broj,Ž,injuries_poisonings_and_consequences_of_external_factors,110
2012,Broj,Ž,injuries_poisonings_and_consequences_of_external_factors,112
2013,Broj,Ž,injuries_poisonings_and_consequences_of_external_factors,99
2014,Broj,Ž,injuries_poisonings_and_consequences_of_external_factors,109
2015,Broj,Ž,injuries_poisonings_and_consequences_of_external_factors,113
2016,Broj,Ž,injuries_poisonings_and_consequences_of_external_factors,122
2017,Broj,Ž,injuries_poisonings_and_consequences_of_external_factors,133
2018,Broj,Ž,injuries_poisonings_and_consequences_of_external_factors,121
2019,Broj,Ž,injuries_poisonings_and_consequences_of_external_factors,118
2020,Broj,Ž,injuries_poisonings_and_consequences_of_external_factors,106
2011,Broj,Ž,special_purpose_codes,0
2012,Broj,Ž,special_purpose_codes,0
2013,Broj,Ž,special_purpose_codes,0
2014,Broj,Ž,special_purpose_codes,0
2015,Broj,Ž,special_purpose_codes,0
2016,Broj,Ž,special_purpose_codes,0
2017,Broj,Ž,special_purpose_codes,0
2018,Broj,Ž,special_purpose_codes,0
2019,Broj,Ž,special_purpose_codes,0
2020,Broj,Ž,special_purpose_codes,979
2011,Broj,Ž,Nepoznato,205
2012,Broj,Ž,Nepoznato,244
2013,Broj,Ž,Nepoznato,283
2014,Broj,Ž,Nepoznato,210
2015,Broj,Ž,Nepoznato,203
2016,Broj,Ž,Nepoznato,246
2017,Broj,Ž,Nepoznato,216
2018,Broj,Ž,Nepoznato,219
2019,Broj,Ž,Nepoznato,231
2020,Broj,Ž,Nepoznato,265
