Year,UNIT_MEASURE,Starosna dob,Spol,Administrativna oblast,Value
2013,Broj,Ukupno,Oba spola,Federacija Bosne i Hercegovine,2219220
2013,Broj,0-4,Oba spola,Federacija Bosne i Hercegovine,114843
2013,Broj, 5-9,Oba spola,Federacija Bosne i Hercegovine,116052
2013,Broj, 10-14,Oba spola,Federacija Bosne i Hercegovine,126053
2013,Broj, 15-19,Oba spola,Federacija Bosne i Hercegovine,161881
2013,Broj, 20-24,Oba spola,Federacija Bosne i Hercegovine,150902
2013,Broj, 25-29,Oba spola,Federacija Bosne i Hercegovine,164203
2013,Broj, 30-34,Oba spola,Federacija Bosne i Hercegovine,160988
2013,Broj, 35-39,Oba spola,Federacija Bosne i Hercegovine,157715
2013,Broj,40-44,Oba spola,Federacija Bosne i Hercegovine,154830
2013,Broj, 45-49,Oba spola,Federacija Bosne i Hercegovine,167109
2013,Broj, 50-54,Oba spola,Federacija Bosne i Hercegovine,173996
2013,Broj, 55-59,Oba spola,Federacija Bosne i Hercegovine,156089
2013,Broj, 60-64,Oba spola,Federacija Bosne i Hercegovine,128613
2013,Broj, 65-69,Oba spola,Federacija Bosne i Hercegovine,88391
2013,Broj, 70-74,Oba spola,Federacija Bosne i Hercegovine,81023
2013,Broj, 75-79,Oba spola,Federacija Bosne i Hercegovine,65613
2013,Broj, 80-84,Oba spola,Federacija Bosne i Hercegovine,35227
2013,Broj,85+,Oba spola,Federacija Bosne i Hercegovine,15692
2013,Broj,Ukupno,Oba spola,Unsko-sanski kanton,273261
2013,Broj,0-4,Oba spola,Unsko-sanski kanton,14805
2013,Broj, 5-9,Oba spola,Unsko-sanski kanton,15777
2013,Broj, 10-14,Oba spola,Unsko-sanski kanton,17450
2013,Broj, 15-19,Oba spola,Unsko-sanski kanton,21328
2013,Broj, 20-24,Oba spola,Unsko-sanski kanton,19541
2013,Broj, 25-29,Oba spola,Unsko-sanski kanton,20912
2013,Broj, 30-34,Oba spola,Unsko-sanski kanton,20676
2013,Broj, 35-39,Oba spola,Unsko-sanski kanton,21564
2013,Broj,40-44,Oba spola,Unsko-sanski kanton,20687
2013,Broj, 45-49,Oba spola,Unsko-sanski kanton,20701
2013,Broj, 50-54,Oba spola,Unsko-sanski kanton,20224
2013,Broj, 55-59,Oba spola,Unsko-sanski kanton,16989
2013,Broj, 60-64,Oba spola,Unsko-sanski kanton,13344
2013,Broj, 65-69,Oba spola,Unsko-sanski kanton,9626
2013,Broj, 70-74,Oba spola,Unsko-sanski kanton,8824
2013,Broj, 75-79,Oba spola,Unsko-sanski kanton,6527
2013,Broj, 80-84,Oba spola,Unsko-sanski kanton,3067
2013,Broj,85+,Oba spola,Unsko-sanski kanton,1219
2013,Broj,Ukupno,Oba spola,Posavski kanton,43453
2013,Broj,0-4,Oba spola,Posavski kanton,1582
2013,Broj, 5-9,Oba spola,Posavski kanton,1987
2013,Broj, 10-14,Oba spola,Posavski kanton,2466
2013,Broj, 15-19,Oba spola,Posavski kanton,3016
2013,Broj, 20-24,Oba spola,Posavski kanton,2841
2013,Broj, 25-29,Oba spola,Posavski kanton,2823
2013,Broj, 30-34,Oba spola,Posavski kanton,2680
2013,Broj, 35-39,Oba spola,Posavski kanton,3058
2013,Broj,40-44,Oba spola,Posavski kanton,3579
2013,Broj, 45-49,Oba spola,Posavski kanton,4072
2013,Broj, 50-54,Oba spola,Posavski kanton,3535
2013,Broj, 55-59,Oba spola,Posavski kanton,2797
2013,Broj, 60-64,Oba spola,Posavski kanton,2498
2013,Broj, 65-69,Oba spola,Posavski kanton,2138
2013,Broj, 70-74,Oba spola,Posavski kanton,1934
2013,Broj, 75-79,Oba spola,Posavski kanton,1486
2013,Broj, 80-84,Oba spola,Posavski kanton,716
2013,Broj,85+,Oba spola,Posavski kanton,245
2013,Broj,Ukupno,Oba spola,Tuzlanski kanton,445028
2013,Broj,0-4,Oba spola,Tuzlanski kanton,23047
2013,Broj, 5-9,Oba spola,Tuzlanski kanton,22730
2013,Broj, 10-14,Oba spola,Tuzlanski kanton,24027
2013,Broj, 15-19,Oba spola,Tuzlanski kanton,32263
2013,Broj, 20-24,Oba spola,Tuzlanski kanton,31620
2013,Broj, 25-29,Oba spola,Tuzlanski kanton,33046
2013,Broj, 30-34,Oba spola,Tuzlanski kanton,31480
2013,Broj, 35-39,Oba spola,Tuzlanski kanton,31195
2013,Broj,40-44,Oba spola,Tuzlanski kanton,31469
2013,Broj, 45-49,Oba spola,Tuzlanski kanton,34576
2013,Broj, 50-54,Oba spola,Tuzlanski kanton,37032
2013,Broj, 55-59,Oba spola,Tuzlanski kanton,31967
2013,Broj, 60-64,Oba spola,Tuzlanski kanton,26735
2013,Broj, 65-69,Oba spola,Tuzlanski kanton,18379
2013,Broj, 70-74,Oba spola,Tuzlanski kanton,15237
2013,Broj, 75-79,Oba spola,Tuzlanski kanton,11738
2013,Broj, 80-84,Oba spola,Tuzlanski kanton,6071
2013,Broj,85+,Oba spola,Tuzlanski kanton,2416
2013,Broj,Ukupno,Oba spola,Zeničko-dobojski kanton,364433
2013,Broj,0-4,Oba spola,Zeničko-dobojski kanton,19906
2013,Broj, 5-9,Oba spola,Zeničko-dobojski kanton,19610
2013,Broj, 10-14,Oba spola,Zeničko-dobojski kanton,20927
2013,Broj, 15-19,Oba spola,Zeničko-dobojski kanton,27674
2013,Broj, 20-24,Oba spola,Zeničko-dobojski kanton,25340
2013,Broj, 25-29,Oba spola,Zeničko-dobojski kanton,27092
2013,Broj, 30-34,Oba spola,Zeničko-dobojski kanton,26050
2013,Broj, 35-39,Oba spola,Zeničko-dobojski kanton,25766
2013,Broj,40-44,Oba spola,Zeničko-dobojski kanton,25290
2013,Broj, 45-49,Oba spola,Zeničko-dobojski kanton,27980
2013,Broj, 50-54,Oba spola,Zeničko-dobojski kanton,29498
2013,Broj, 55-59,Oba spola,Zeničko-dobojski kanton,26069
2013,Broj, 60-64,Oba spola,Zeničko-dobojski kanton,21251
2013,Broj, 65-69,Oba spola,Zeničko-dobojski kanton,14217
2013,Broj, 70-74,Oba spola,Zeničko-dobojski kanton,12208
2013,Broj, 75-79,Oba spola,Zeničko-dobojski kanton,9237
2013,Broj, 80-84,Oba spola,Zeničko-dobojski kanton,4593
2013,Broj,85+,Oba spola,Zeničko-dobojski kanton,1725
2013,Broj,Ukupno,Oba spola,Bosansko-podrinjski kanton,23734
2013,Broj,0-4,Oba spola,Bosansko-podrinjski kanton,1098
2013,Broj, 5-9,Oba spola,Bosansko-podrinjski kanton,958
2013,Broj, 10-14,Oba spola,Bosansko-podrinjski kanton,1230
2013,Broj, 15-19,Oba spola,Bosansko-podrinjski kanton,1738
2013,Broj, 20-24,Oba spola,Bosansko-podrinjski kanton,1437
2013,Broj, 25-29,Oba spola,Bosansko-podrinjski kanton,1602
2013,Broj, 30-34,Oba spola,Bosansko-podrinjski kanton,1623
2013,Broj, 35-39,Oba spola,Bosansko-podrinjski kanton,1455
2013,Broj,40-44,Oba spola,Bosansko-podrinjski kanton,1403
2013,Broj, 45-49,Oba spola,Bosansko-podrinjski kanton,1706
2013,Broj, 50-54,Oba spola,Bosansko-podrinjski kanton,1914
2013,Broj, 55-59,Oba spola,Bosansko-podrinjski kanton,2028
2013,Broj, 60-64,Oba spola,Bosansko-podrinjski kanton,1677
2013,Broj, 65-69,Oba spola,Bosansko-podrinjski kanton,1071
2013,Broj, 70-74,Oba spola,Bosansko-podrinjski kanton,1042
2013,Broj, 75-79,Oba spola,Bosansko-podrinjski kanton,1021
2013,Broj, 80-84,Oba spola,Bosansko-podrinjski kanton,511
2013,Broj,85+,Oba spola,Bosansko-podrinjski kanton,220
2013,Broj,Ukupno,Oba spola,Srednjobosanski kanton,254686
2013,Broj,0-4,Oba spola,Srednjobosanski kanton,12979
2013,Broj, 5-9,Oba spola,Srednjobosanski kanton,14291
2013,Broj, 10-14,Oba spola,Srednjobosanski kanton,15930
2013,Broj, 15-19,Oba spola,Srednjobosanski kanton,19819
2013,Broj, 20-24,Oba spola,Srednjobosanski kanton,17764
2013,Broj, 25-29,Oba spola,Srednjobosanski kanton,19067
2013,Broj, 30-34,Oba spola,Srednjobosanski kanton,18487
2013,Broj, 35-39,Oba spola,Srednjobosanski kanton,18371
2013,Broj,40-44,Oba spola,Srednjobosanski kanton,18285
2013,Broj, 45-49,Oba spola,Srednjobosanski kanton,19430
2013,Broj, 50-54,Oba spola,Srednjobosanski kanton,19854
2013,Broj, 55-59,Oba spola,Srednjobosanski kanton,17535
2013,Broj, 60-64,Oba spola,Srednjobosanski kanton,13788
2013,Broj, 65-69,Oba spola,Srednjobosanski kanton,9151
2013,Broj, 70-74,Oba spola,Srednjobosanski kanton,8847
2013,Broj, 75-79,Oba spola,Srednjobosanski kanton,6561
2013,Broj, 80-84,Oba spola,Srednjobosanski kanton,3264
2013,Broj,85+,Oba spola,Srednjobosanski kanton,1263
2013,Broj,Ukupno,Oba spola,Hercegovačko-neretvanski kanton,222007
2013,Broj,0-4,Oba spola,Hercegovačko-neretvanski kanton,10717
2013,Broj, 5-9,Oba spola,Hercegovačko-neretvanski kanton,10866
2013,Broj, 10-14,Oba spola,Hercegovačko-neretvanski kanton,12576
2013,Broj, 15-19,Oba spola,Hercegovačko-neretvanski kanton,16497
2013,Broj, 20-24,Oba spola,Hercegovačko-neretvanski kanton,14626
2013,Broj, 25-29,Oba spola,Hercegovačko-neretvanski kanton,15752
2013,Broj, 30-34,Oba spola,Hercegovačko-neretvanski kanton,15188
2013,Broj, 35-39,Oba spola,Hercegovačko-neretvanski kanton,14551
2013,Broj,40-44,Oba spola,Hercegovačko-neretvanski kanton,14619
2013,Broj, 45-49,Oba spola,Hercegovačko-neretvanski kanton,16426
2013,Broj, 50-54,Oba spola,Hercegovačko-neretvanski kanton,17397
2013,Broj, 55-59,Oba spola,Hercegovačko-neretvanski kanton,15819
2013,Broj, 60-64,Oba spola,Hercegovačko-neretvanski kanton,12748
2013,Broj, 65-69,Oba spola,Hercegovačko-neretvanski kanton,8805
2013,Broj, 70-74,Oba spola,Hercegovačko-neretvanski kanton,9454
2013,Broj, 75-79,Oba spola,Hercegovačko-neretvanski kanton,8323
2013,Broj, 80-84,Oba spola,Hercegovačko-neretvanski kanton,5051
2013,Broj,85+,Oba spola,Hercegovačko-neretvanski kanton,2592
2013,Broj,Ukupno,Oba spola,Zapadno-hercegovački kanton,94898
2013,Broj,0-4,Oba spola,Zapadno-hercegovački kanton,5017
2013,Broj, 5-9,Oba spola,Zapadno-hercegovački kanton,5519
2013,Broj, 10-14,Oba spola,Zapadno-hercegovački kanton,6316
2013,Broj, 15-19,Oba spola,Zapadno-hercegovački kanton,7379
2013,Broj, 20-24,Oba spola,Zapadno-hercegovački kanton,6886
2013,Broj, 25-29,Oba spola,Zapadno-hercegovački kanton,6575
2013,Broj, 30-34,Oba spola,Zapadno-hercegovački kanton,5795
2013,Broj, 35-39,Oba spola,Zapadno-hercegovački kanton,6013
2013,Broj,40-44,Oba spola,Zapadno-hercegovački kanton,6517
2013,Broj, 45-49,Oba spola,Zapadno-hercegovački kanton,7179
2013,Broj, 50-54,Oba spola,Zapadno-hercegovački kanton,6999
2013,Broj, 55-59,Oba spola,Zapadno-hercegovački kanton,5838
2013,Broj, 60-64,Oba spola,Zapadno-hercegovački kanton,4357
2013,Broj, 65-69,Oba spola,Zapadno-hercegovački kanton,3394
2013,Broj, 70-74,Oba spola,Zapadno-hercegovački kanton,3928
2013,Broj, 75-79,Oba spola,Zapadno-hercegovački kanton,3466
2013,Broj, 80-84,Oba spola,Zapadno-hercegovački kanton,2275
2013,Broj,85+,Oba spola,Zapadno-hercegovački kanton,1445
2013,Broj,Ukupno,Oba spola,Kanton Sarajevo,413593
2013,Broj,0-4,Oba spola,Kanton Sarajevo,22280
2013,Broj, 5-9,Oba spola,Kanton Sarajevo,20434
2013,Broj, 10-14,Oba spola,Kanton Sarajevo,20546
2013,Broj, 15-19,Oba spola,Kanton Sarajevo,26388
2013,Broj, 20-24,Oba spola,Kanton Sarajevo,25484
2013,Broj, 25-29,Oba spola,Kanton Sarajevo,31933
2013,Broj, 30-34,Oba spola,Kanton Sarajevo,33628
2013,Broj, 35-39,Oba spola,Kanton Sarajevo,30097
2013,Broj,40-44,Oba spola,Kanton Sarajevo,26828
2013,Broj, 45-49,Oba spola,Kanton Sarajevo,28776
2013,Broj, 50-54,Oba spola,Kanton Sarajevo,31191
2013,Broj, 55-59,Oba spola,Kanton Sarajevo,31115
2013,Broj, 60-64,Oba spola,Kanton Sarajevo,27127
2013,Broj, 65-69,Oba spola,Kanton Sarajevo,17662
2013,Broj, 70-74,Oba spola,Kanton Sarajevo,15468
2013,Broj, 75-79,Oba spola,Kanton Sarajevo,13717
2013,Broj, 80-84,Oba spola,Kanton Sarajevo,7483
2013,Broj,85+,Oba spola,Kanton Sarajevo,3436
2013,Broj,Ukupno,Oba spola,Kanton 10,84127
2013,Broj,0-4,Oba spola,Kanton 10,3412
2013,Broj, 5-9,Oba spola,Kanton 10,3880
2013,Broj, 10-14,Oba spola,Kanton 10,4585
2013,Broj, 15-19,Oba spola,Kanton 10,5779
2013,Broj, 20-24,Oba spola,Kanton 10,5363
2013,Broj, 25-29,Oba spola,Kanton 10,5401
2013,Broj, 30-34,Oba spola,Kanton 10,5381
2013,Broj, 35-39,Oba spola,Kanton 10,5645
2013,Broj,40-44,Oba spola,Kanton 10,6153
2013,Broj, 45-49,Oba spola,Kanton 10,6263
2013,Broj, 50-54,Oba spola,Kanton 10,6352
2013,Broj, 55-59,Oba spola,Kanton 10,5932
2013,Broj, 60-64,Oba spola,Kanton 10,5088
2013,Broj, 65-69,Oba spola,Kanton 10,3948
2013,Broj, 70-74,Oba spola,Kanton 10,4081
2013,Broj, 75-79,Oba spola,Kanton 10,3537
2013,Broj, 80-84,Oba spola,Kanton 10,2196
2013,Broj,85+,Oba spola,Kanton 10,1131
2013,Broj,Ukupno,M,Federacija Bosne i Hercegovine,1087993
2013,Broj,0-4,M,Federacija Bosne i Hercegovine,59017
2013,Broj, 5-9,M,Federacija Bosne i Hercegovine,59633
2013,Broj, 10-14,M,Federacija Bosne i Hercegovine,64493
2013,Broj, 15-19,M,Federacija Bosne i Hercegovine,83298
2013,Broj, 20-24,M,Federacija Bosne i Hercegovine,77103
2013,Broj, 25-29,M,Federacija Bosne i Hercegovine,84119
2013,Broj, 30-34,M,Federacija Bosne i Hercegovine,81932
2013,Broj, 35-39,M,Federacija Bosne i Hercegovine,78939
2013,Broj,40-44,M,Federacija Bosne i Hercegovine,77122
2013,Broj, 45-49,M,Federacija Bosne i Hercegovine,82594
2013,Broj, 50-54,M,Federacija Bosne i Hercegovine,85303
2013,Broj, 55-59,M,Federacija Bosne i Hercegovine,75568
2013,Broj, 60-64,M,Federacija Bosne i Hercegovine,59899
2013,Broj, 65-69,M,Federacija Bosne i Hercegovine,39438
2013,Broj, 70-74,M,Federacija Bosne i Hercegovine,34445
2013,Broj, 75-79,M,Federacija Bosne i Hercegovine,26695
2013,Broj, 80-84,M,Federacija Bosne i Hercegovine,13493
2013,Broj,85+,M,Federacija Bosne i Hercegovine,4902
2013,Broj,Ukupno,M,Unsko-sanski kanton,135304
2013,Broj,0-4,M,Unsko-sanski kanton,7629
2013,Broj, 5-9,M,Unsko-sanski kanton,8062
2013,Broj, 10-14,M,Unsko-sanski kanton,8902
2013,Broj, 15-19,M,Unsko-sanski kanton,11007
2013,Broj, 20-24,M,Unsko-sanski kanton,10030
2013,Broj, 25-29,M,Unsko-sanski kanton,10851
2013,Broj, 30-34,M,Unsko-sanski kanton,10676
2013,Broj, 35-39,M,Unsko-sanski kanton,10867
2013,Broj,40-44,M,Unsko-sanski kanton,10236
2013,Broj, 45-49,M,Unsko-sanski kanton,10261
2013,Broj, 50-54,M,Unsko-sanski kanton,9978
2013,Broj, 55-59,M,Unsko-sanski kanton,8241
2013,Broj, 60-64,M,Unsko-sanski kanton,6329
2013,Broj, 65-69,M,Unsko-sanski kanton,4351
2013,Broj, 70-74,M,Unsko-sanski kanton,3767
2013,Broj, 75-79,M,Unsko-sanski kanton,2604
2013,Broj, 80-84,M,Unsko-sanski kanton,1126
2013,Broj,85+,M,Unsko-sanski kanton,387
2013,Broj,Ukupno,M,Posavski kanton,21805
2013,Broj,0-4,M,Posavski kanton,802
2013,Broj, 5-9,M,Posavski kanton,1024
2013,Broj, 10-14,M,Posavski kanton,1323
2013,Broj, 15-19,M,Posavski kanton,1560
2013,Broj, 20-24,M,Posavski kanton,1509
2013,Broj, 25-29,M,Posavski kanton,1473
2013,Broj, 30-34,M,Posavski kanton,1369
2013,Broj, 35-39,M,Posavski kanton,1544
2013,Broj,40-44,M,Posavski kanton,1877
2013,Broj, 45-49,M,Posavski kanton,2195
2013,Broj, 50-54,M,Posavski kanton,1868
2013,Broj, 55-59,M,Posavski kanton,1443
2013,Broj, 60-64,M,Posavski kanton,1178
2013,Broj, 65-69,M,Posavski kanton,965
2013,Broj, 70-74,M,Posavski kanton,832
2013,Broj, 75-79,M,Posavski kanton,535
2013,Broj, 80-84,M,Posavski kanton,250
2013,Broj,85+,M,Posavski kanton,58
2013,Broj,Ukupno,M,Tuzlanski kanton,217388
2013,Broj,0-4,M,Tuzlanski kanton,11848
2013,Broj, 5-9,M,Tuzlanski kanton,11715
2013,Broj, 10-14,M,Tuzlanski kanton,12290
2013,Broj, 15-19,M,Tuzlanski kanton,16556
2013,Broj, 20-24,M,Tuzlanski kanton,16209
2013,Broj, 25-29,M,Tuzlanski kanton,16947
2013,Broj, 30-34,M,Tuzlanski kanton,15950
2013,Broj, 35-39,M,Tuzlanski kanton,15374
2013,Broj,40-44,M,Tuzlanski kanton,15535
2013,Broj, 45-49,M,Tuzlanski kanton,16715
2013,Broj, 50-54,M,Tuzlanski kanton,17905
2013,Broj, 55-59,M,Tuzlanski kanton,15310
2013,Broj, 60-64,M,Tuzlanski kanton,12416
2013,Broj, 65-69,M,Tuzlanski kanton,8194
2013,Broj, 70-74,M,Tuzlanski kanton,6519
2013,Broj, 75-79,M,Tuzlanski kanton,4763
2013,Broj, 80-84,M,Tuzlanski kanton,2345
2013,Broj,85+,M,Tuzlanski kanton,797
2013,Broj,Ukupno,M,Zeničko-dobojski kanton,180780
2013,Broj,0-4,M,Zeničko-dobojski kanton,10265
2013,Broj, 5-9,M,Zeničko-dobojski kanton,10010
2013,Broj, 10-14,M,Zeničko-dobojski kanton,10668
2013,Broj, 15-19,M,Zeničko-dobojski kanton,14352
2013,Broj, 20-24,M,Zeničko-dobojski kanton,12872
2013,Broj, 25-29,M,Zeničko-dobojski kanton,13981
2013,Broj, 30-34,M,Zeničko-dobojski kanton,13592
2013,Broj, 35-39,M,Zeničko-dobojski kanton,13134
2013,Broj,40-44,M,Zeničko-dobojski kanton,12655
2013,Broj, 45-49,M,Zeničko-dobojski kanton,13872
2013,Broj, 50-54,M,Zeničko-dobojski kanton,14553
2013,Broj, 55-59,M,Zeničko-dobojski kanton,12699
2013,Broj, 60-64,M,Zeničko-dobojski kanton,10075
2013,Broj, 65-69,M,Zeničko-dobojski kanton,6460
2013,Broj, 70-74,M,Zeničko-dobojski kanton,5267
2013,Broj, 75-79,M,Zeničko-dobojski kanton,3869
2013,Broj, 80-84,M,Zeničko-dobojski kanton,1851
2013,Broj,85+,M,Zeničko-dobojski kanton,605
2013,Broj,Ukupno,M,Bosansko-podrinjski kanton,11617
2013,Broj,0-4,M,Bosansko-podrinjski kanton,581
2013,Broj, 5-9,M,Bosansko-podrinjski kanton,520
2013,Broj, 10-14,M,Bosansko-podrinjski kanton,635
2013,Broj, 15-19,M,Bosansko-podrinjski kanton,897
2013,Broj, 20-24,M,Bosansko-podrinjski kanton,749
2013,Broj, 25-29,M,Bosansko-podrinjski kanton,839
2013,Broj, 30-34,M,Bosansko-podrinjski kanton,843
2013,Broj, 35-39,M,Bosansko-podrinjski kanton,738
2013,Broj,40-44,M,Bosansko-podrinjski kanton,700
2013,Broj, 45-49,M,Bosansko-podrinjski kanton,838
2013,Broj, 50-54,M,Bosansko-podrinjski kanton,939
2013,Broj, 55-59,M,Bosansko-podrinjski kanton,969
2013,Broj, 60-64,M,Bosansko-podrinjski kanton,752
2013,Broj, 65-69,M,Bosansko-podrinjski kanton,446
2013,Broj, 70-74,M,Bosansko-podrinjski kanton,443
2013,Broj, 75-79,M,Bosansko-podrinjski kanton,429
2013,Broj, 80-84,M,Bosansko-podrinjski kanton,225
2013,Broj,85+,M,Bosansko-podrinjski kanton,74
2013,Broj,Ukupno,M,Srednjobosanski kanton,127266
2013,Broj,0-4,M,Srednjobosanski kanton,6724
2013,Broj, 5-9,M,Srednjobosanski kanton,7358
2013,Broj, 10-14,M,Srednjobosanski kanton,8167
2013,Broj, 15-19,M,Srednjobosanski kanton,10172
2013,Broj, 20-24,M,Srednjobosanski kanton,9168
2013,Broj, 25-29,M,Srednjobosanski kanton,10118
2013,Broj, 30-34,M,Srednjobosanski kanton,9717
2013,Broj, 35-39,M,Srednjobosanski kanton,9480
2013,Broj,40-44,M,Srednjobosanski kanton,9424
2013,Broj, 45-49,M,Srednjobosanski kanton,9761
2013,Broj, 50-54,M,Srednjobosanski kanton,9778
2013,Broj, 55-59,M,Srednjobosanski kanton,8565
2013,Broj, 60-64,M,Srednjobosanski kanton,6485
2013,Broj, 65-69,M,Srednjobosanski kanton,4104
2013,Broj, 70-74,M,Srednjobosanski kanton,3712
2013,Broj, 75-79,M,Srednjobosanski kanton,2809
2013,Broj, 80-84,M,Srednjobosanski kanton,1300
2013,Broj,85+,M,Srednjobosanski kanton,424
2013,Broj,Ukupno,M,Hercegovačko-neretvanski kanton,109018
2013,Broj,0-4,M,Hercegovačko-neretvanski kanton,5448
2013,Broj, 5-9,M,Hercegovačko-neretvanski kanton,5571
2013,Broj, 10-14,M,Hercegovačko-neretvanski kanton,6370
2013,Broj, 15-19,M,Hercegovačko-neretvanski kanton,8565
2013,Broj, 20-24,M,Hercegovačko-neretvanski kanton,7456
2013,Broj, 25-29,M,Hercegovačko-neretvanski kanton,8141
2013,Broj, 30-34,M,Hercegovačko-neretvanski kanton,7856
2013,Broj, 35-39,M,Hercegovačko-neretvanski kanton,7391
2013,Broj,40-44,M,Hercegovačko-neretvanski kanton,7436
2013,Broj, 45-49,M,Hercegovačko-neretvanski kanton,8303
2013,Broj, 50-54,M,Hercegovačko-neretvanski kanton,8611
2013,Broj, 55-59,M,Hercegovačko-neretvanski kanton,7907
2013,Broj, 60-64,M,Hercegovačko-neretvanski kanton,5983
2013,Broj, 65-69,M,Hercegovačko-neretvanski kanton,3888
2013,Broj, 70-74,M,Hercegovačko-neretvanski kanton,4005
2013,Broj, 75-79,M,Hercegovačko-neretvanski kanton,3437
2013,Broj, 80-84,M,Hercegovačko-neretvanski kanton,1927
2013,Broj,85+,M,Hercegovačko-neretvanski kanton,723
2013,Broj,Ukupno,M,Zapadno-hercegovački kanton,47311
2013,Broj,0-4,M,Zapadno-hercegovački kanton,2595
2013,Broj, 5-9,M,Zapadno-hercegovački kanton,2863
2013,Broj, 10-14,M,Zapadno-hercegovački kanton,3176
2013,Broj, 15-19,M,Zapadno-hercegovački kanton,3779
2013,Broj, 20-24,M,Zapadno-hercegovački kanton,3491
2013,Broj, 25-29,M,Zapadno-hercegovački kanton,3340
2013,Broj, 30-34,M,Zapadno-hercegovački kanton,2920
2013,Broj, 35-39,M,Zapadno-hercegovački kanton,2989
2013,Broj,40-44,M,Zapadno-hercegovački kanton,3316
2013,Broj, 45-49,M,Zapadno-hercegovački kanton,3775
2013,Broj, 50-54,M,Zapadno-hercegovački kanton,3761
2013,Broj, 55-59,M,Zapadno-hercegovački kanton,3123
2013,Broj, 60-64,M,Zapadno-hercegovački kanton,2197
2013,Broj, 65-69,M,Zapadno-hercegovački kanton,1681
2013,Broj, 70-74,M,Zapadno-hercegovački kanton,1761
2013,Broj, 75-79,M,Zapadno-hercegovački kanton,1356
2013,Broj, 80-84,M,Zapadno-hercegovački kanton,854
2013,Broj,85+,M,Zapadno-hercegovački kanton,334
2013,Broj,Ukupno,M,Kanton Sarajevo,195161
2013,Broj,0-4,M,Kanton Sarajevo,11376
2013,Broj, 5-9,M,Kanton Sarajevo,10480
2013,Broj, 10-14,M,Kanton Sarajevo,10607
2013,Broj, 15-19,M,Kanton Sarajevo,13496
2013,Broj, 20-24,M,Kanton Sarajevo,12845
2013,Broj, 25-29,M,Kanton Sarajevo,15536
2013,Broj, 30-34,M,Kanton Sarajevo,16189
2013,Broj, 35-39,M,Kanton Sarajevo,14472
2013,Broj,40-44,M,Kanton Sarajevo,12745
2013,Broj, 45-49,M,Kanton Sarajevo,13595
2013,Broj, 50-54,M,Kanton Sarajevo,14485
2013,Broj, 55-59,M,Kanton Sarajevo,14220
2013,Broj, 60-64,M,Kanton Sarajevo,11885
2013,Broj, 65-69,M,Kanton Sarajevo,7451
2013,Broj, 70-74,M,Kanton Sarajevo,6327
2013,Broj, 75-79,M,Kanton Sarajevo,5450
2013,Broj, 80-84,M,Kanton Sarajevo,2806
2013,Broj,85+,M,Kanton Sarajevo,1196
2013,Broj,Ukupno,M,Kanton 10,42343
2013,Broj,0-4,M,Kanton 10,1749
2013,Broj, 5-9,M,Kanton 10,2030
2013,Broj, 10-14,M,Kanton 10,2355
2013,Broj, 15-19,M,Kanton 10,2914
2013,Broj, 20-24,M,Kanton 10,2774
2013,Broj, 25-29,M,Kanton 10,2893
2013,Broj, 30-34,M,Kanton 10,2820
2013,Broj, 35-39,M,Kanton 10,2950
2013,Broj,40-44,M,Kanton 10,3198
2013,Broj, 45-49,M,Kanton 10,3279
2013,Broj, 50-54,M,Kanton 10,3425
2013,Broj, 55-59,M,Kanton 10,3091
2013,Broj, 60-64,M,Kanton 10,2599
2013,Broj, 65-69,M,Kanton 10,1898
2013,Broj, 70-74,M,Kanton 10,1812
2013,Broj, 75-79,M,Kanton 10,1443
2013,Broj, 80-84,M,Kanton 10,809
2013,Broj,85+,M,Kanton 10,304
2013,Broj,Ukupno,Ž,Federacija Bosne i Hercegovine,1131227
2013,Broj,0-4,Ž,Federacija Bosne i Hercegovine,55826
2013,Broj, 5-9,Ž,Federacija Bosne i Hercegovine,56419
2013,Broj, 10-14,Ž,Federacija Bosne i Hercegovine,61560
2013,Broj, 15-19,Ž,Federacija Bosne i Hercegovine,78583
2013,Broj, 20-24,Ž,Federacija Bosne i Hercegovine,73799
2013,Broj, 25-29,Ž,Federacija Bosne i Hercegovine,80084
2013,Broj, 30-34,Ž,Federacija Bosne i Hercegovine,79056
2013,Broj, 35-39,Ž,Federacija Bosne i Hercegovine,78776
2013,Broj,40-44,Ž,Federacija Bosne i Hercegovine,77708
2013,Broj, 45-49,Ž,Federacija Bosne i Hercegovine,84515
2013,Broj, 50-54,Ž,Federacija Bosne i Hercegovine,88693
2013,Broj, 55-59,Ž,Federacija Bosne i Hercegovine,80521
2013,Broj, 60-64,Ž,Federacija Bosne i Hercegovine,68714
2013,Broj, 65-69,Ž,Federacija Bosne i Hercegovine,48953
2013,Broj, 70-74,Ž,Federacija Bosne i Hercegovine,46578
2013,Broj, 75-79,Ž,Federacija Bosne i Hercegovine,38918
2013,Broj, 80-84,Ž,Federacija Bosne i Hercegovine,21734
2013,Broj,85+,Ž,Federacija Bosne i Hercegovine,10790
2013,Broj,Ukupno,Ž,Unsko-sanski kanton,137957
2013,Broj,0-4,Ž,Unsko-sanski kanton,7176
2013,Broj, 5-9,Ž,Unsko-sanski kanton,7715
2013,Broj, 10-14,Ž,Unsko-sanski kanton,8548
2013,Broj, 15-19,Ž,Unsko-sanski kanton,10321
2013,Broj, 20-24,Ž,Unsko-sanski kanton,9511
2013,Broj, 25-29,Ž,Unsko-sanski kanton,10061
2013,Broj, 30-34,Ž,Unsko-sanski kanton,10000
2013,Broj, 35-39,Ž,Unsko-sanski kanton,10697
2013,Broj,40-44,Ž,Unsko-sanski kanton,10451
2013,Broj, 45-49,Ž,Unsko-sanski kanton,10440
2013,Broj, 50-54,Ž,Unsko-sanski kanton,10246
2013,Broj, 55-59,Ž,Unsko-sanski kanton,8748
2013,Broj, 60-64,Ž,Unsko-sanski kanton,7015
2013,Broj, 65-69,Ž,Unsko-sanski kanton,5275
2013,Broj, 70-74,Ž,Unsko-sanski kanton,5057
2013,Broj, 75-79,Ž,Unsko-sanski kanton,3923
2013,Broj, 80-84,Ž,Unsko-sanski kanton,1941
2013,Broj,85+,Ž,Unsko-sanski kanton,832
2013,Broj,Ukupno,Ž,Posavski kanton,21648
2013,Broj,0-4,Ž,Posavski kanton,780
2013,Broj, 5-9,Ž,Posavski kanton,963
2013,Broj, 10-14,Ž,Posavski kanton,1143
2013,Broj, 15-19,Ž,Posavski kanton,1456
2013,Broj, 20-24,Ž,Posavski kanton,1332
2013,Broj, 25-29,Ž,Posavski kanton,1350
2013,Broj, 30-34,Ž,Posavski kanton,1311
2013,Broj, 35-39,Ž,Posavski kanton,1514
2013,Broj,40-44,Ž,Posavski kanton,1702
2013,Broj, 45-49,Ž,Posavski kanton,1877
2013,Broj, 50-54,Ž,Posavski kanton,1667
2013,Broj, 55-59,Ž,Posavski kanton,1354
2013,Broj, 60-64,Ž,Posavski kanton,1320
2013,Broj, 65-69,Ž,Posavski kanton,1173
2013,Broj, 70-74,Ž,Posavski kanton,1102
2013,Broj, 75-79,Ž,Posavski kanton,951
2013,Broj, 80-84,Ž,Posavski kanton,466
2013,Broj,85+,Ž,Posavski kanton,187
2013,Broj,Ukupno,Ž,Tuzlanski kanton,227640
2013,Broj,0-4,Ž,Tuzlanski kanton,11199
2013,Broj, 5-9,Ž,Tuzlanski kanton,11015
2013,Broj, 10-14,Ž,Tuzlanski kanton,11737
2013,Broj, 15-19,Ž,Tuzlanski kanton,15707
2013,Broj, 20-24,Ž,Tuzlanski kanton,15411
2013,Broj, 25-29,Ž,Tuzlanski kanton,16099
2013,Broj, 30-34,Ž,Tuzlanski kanton,15530
2013,Broj, 35-39,Ž,Tuzlanski kanton,15821
2013,Broj,40-44,Ž,Tuzlanski kanton,15934
2013,Broj, 45-49,Ž,Tuzlanski kanton,17861
2013,Broj, 50-54,Ž,Tuzlanski kanton,19127
2013,Broj, 55-59,Ž,Tuzlanski kanton,16657
2013,Broj, 60-64,Ž,Tuzlanski kanton,14319
2013,Broj, 65-69,Ž,Tuzlanski kanton,10185
2013,Broj, 70-74,Ž,Tuzlanski kanton,8718
2013,Broj, 75-79,Ž,Tuzlanski kanton,6975
2013,Broj, 80-84,Ž,Tuzlanski kanton,3726
2013,Broj,85+,Ž,Tuzlanski kanton,1619
2013,Broj,Ukupno,Ž,Zeničko-dobojski kanton,183653
2013,Broj,0-4,Ž,Zeničko-dobojski kanton,9641
2013,Broj, 5-9,Ž,Zeničko-dobojski kanton,9600
2013,Broj, 10-14,Ž,Zeničko-dobojski kanton,10259
2013,Broj, 15-19,Ž,Zeničko-dobojski kanton,13322
2013,Broj, 20-24,Ž,Zeničko-dobojski kanton,12468
2013,Broj, 25-29,Ž,Zeničko-dobojski kanton,13111
2013,Broj, 30-34,Ž,Zeničko-dobojski kanton,12458
2013,Broj, 35-39,Ž,Zeničko-dobojski kanton,12632
2013,Broj,40-44,Ž,Zeničko-dobojski kanton,12635
2013,Broj, 45-49,Ž,Zeničko-dobojski kanton,14108
2013,Broj, 50-54,Ž,Zeničko-dobojski kanton,14945
2013,Broj, 55-59,Ž,Zeničko-dobojski kanton,13370
2013,Broj, 60-64,Ž,Zeničko-dobojski kanton,11176
2013,Broj, 65-69,Ž,Zeničko-dobojski kanton,7757
2013,Broj, 70-74,Ž,Zeničko-dobojski kanton,6941
2013,Broj, 75-79,Ž,Zeničko-dobojski kanton,5368
2013,Broj, 80-84,Ž,Zeničko-dobojski kanton,2742
2013,Broj,85+,Ž,Zeničko-dobojski kanton,1120
2013,Broj,Ukupno,Ž,Bosansko-podrinjski kanton,12117
2013,Broj,0-4,Ž,Bosansko-podrinjski kanton,517
2013,Broj, 5-9,Ž,Bosansko-podrinjski kanton,438
2013,Broj, 10-14,Ž,Bosansko-podrinjski kanton,595
2013,Broj, 15-19,Ž,Bosansko-podrinjski kanton,841
2013,Broj, 20-24,Ž,Bosansko-podrinjski kanton,688
2013,Broj, 25-29,Ž,Bosansko-podrinjski kanton,763
2013,Broj, 30-34,Ž,Bosansko-podrinjski kanton,780
2013,Broj, 35-39,Ž,Bosansko-podrinjski kanton,717
2013,Broj,40-44,Ž,Bosansko-podrinjski kanton,703
2013,Broj, 45-49,Ž,Bosansko-podrinjski kanton,868
2013,Broj, 50-54,Ž,Bosansko-podrinjski kanton,975
2013,Broj, 55-59,Ž,Bosansko-podrinjski kanton,1059
2013,Broj, 60-64,Ž,Bosansko-podrinjski kanton,925
2013,Broj, 65-69,Ž,Bosansko-podrinjski kanton,625
2013,Broj, 70-74,Ž,Bosansko-podrinjski kanton,599
2013,Broj, 75-79,Ž,Bosansko-podrinjski kanton,592
2013,Broj, 80-84,Ž,Bosansko-podrinjski kanton,286
2013,Broj,85+,Ž,Bosansko-podrinjski kanton,146
2013,Broj,Ukupno,Ž,Srednjobosanski kanton,127420
2013,Broj,0-4,Ž,Srednjobosanski kanton,6255
2013,Broj, 5-9,Ž,Srednjobosanski kanton,6933
2013,Broj, 10-14,Ž,Srednjobosanski kanton,7763
2013,Broj, 15-19,Ž,Srednjobosanski kanton,9647
2013,Broj, 20-24,Ž,Srednjobosanski kanton,8596
2013,Broj, 25-29,Ž,Srednjobosanski kanton,8949
2013,Broj, 30-34,Ž,Srednjobosanski kanton,8770
2013,Broj, 35-39,Ž,Srednjobosanski kanton,8891
2013,Broj,40-44,Ž,Srednjobosanski kanton,8861
2013,Broj, 45-49,Ž,Srednjobosanski kanton,9669
2013,Broj, 50-54,Ž,Srednjobosanski kanton,10076
2013,Broj, 55-59,Ž,Srednjobosanski kanton,8970
2013,Broj, 60-64,Ž,Srednjobosanski kanton,7303
2013,Broj, 65-69,Ž,Srednjobosanski kanton,5047
2013,Broj, 70-74,Ž,Srednjobosanski kanton,5135
2013,Broj, 75-79,Ž,Srednjobosanski kanton,3752
2013,Broj, 80-84,Ž,Srednjobosanski kanton,1964
2013,Broj,85+,Ž,Srednjobosanski kanton,839
2013,Broj,Ukupno,Ž,Hercegovačko-neretvanski kanton,112989
2013,Broj,0-4,Ž,Hercegovačko-neretvanski kanton,5269
2013,Broj, 5-9,Ž,Hercegovačko-neretvanski kanton,5295
2013,Broj, 10-14,Ž,Hercegovačko-neretvanski kanton,6206
2013,Broj, 15-19,Ž,Hercegovačko-neretvanski kanton,7932
2013,Broj, 20-24,Ž,Hercegovačko-neretvanski kanton,7170
2013,Broj, 25-29,Ž,Hercegovačko-neretvanski kanton,7611
2013,Broj, 30-34,Ž,Hercegovačko-neretvanski kanton,7332
2013,Broj, 35-39,Ž,Hercegovačko-neretvanski kanton,7160
2013,Broj,40-44,Ž,Hercegovačko-neretvanski kanton,7183
2013,Broj, 45-49,Ž,Hercegovačko-neretvanski kanton,8123
2013,Broj, 50-54,Ž,Hercegovačko-neretvanski kanton,8786
2013,Broj, 55-59,Ž,Hercegovačko-neretvanski kanton,7912
2013,Broj, 60-64,Ž,Hercegovačko-neretvanski kanton,6765
2013,Broj, 65-69,Ž,Hercegovačko-neretvanski kanton,4917
2013,Broj, 70-74,Ž,Hercegovačko-neretvanski kanton,5449
2013,Broj, 75-79,Ž,Hercegovačko-neretvanski kanton,4886
2013,Broj, 80-84,Ž,Hercegovačko-neretvanski kanton,3124
2013,Broj,85+,Ž,Hercegovačko-neretvanski kanton,1869
2013,Broj,Ukupno,Ž,Zapadno-hercegovački kanton,47587
2013,Broj,0-4,Ž,Zapadno-hercegovački kanton,2422
2013,Broj, 5-9,Ž,Zapadno-hercegovački kanton,2656
2013,Broj, 10-14,Ž,Zapadno-hercegovački kanton,3140
2013,Broj, 15-19,Ž,Zapadno-hercegovački kanton,3600
2013,Broj, 20-24,Ž,Zapadno-hercegovački kanton,3395
2013,Broj, 25-29,Ž,Zapadno-hercegovački kanton,3235
2013,Broj, 30-34,Ž,Zapadno-hercegovački kanton,2875
2013,Broj, 35-39,Ž,Zapadno-hercegovački kanton,3024
2013,Broj,40-44,Ž,Zapadno-hercegovački kanton,3201
2013,Broj, 45-49,Ž,Zapadno-hercegovački kanton,3404
2013,Broj, 50-54,Ž,Zapadno-hercegovački kanton,3238
2013,Broj, 55-59,Ž,Zapadno-hercegovački kanton,2715
2013,Broj, 60-64,Ž,Zapadno-hercegovački kanton,2160
2013,Broj, 65-69,Ž,Zapadno-hercegovački kanton,1713
2013,Broj, 70-74,Ž,Zapadno-hercegovački kanton,2167
2013,Broj, 75-79,Ž,Zapadno-hercegovački kanton,2110
2013,Broj, 80-84,Ž,Zapadno-hercegovački kanton,1421
2013,Broj,85+,Ž,Zapadno-hercegovački kanton,1111
2013,Broj,Ukupno,Ž,Kanton Sarajevo,218432
2013,Broj,0-4,Ž,Kanton Sarajevo,10904
2013,Broj, 5-9,Ž,Kanton Sarajevo,9954
2013,Broj, 10-14,Ž,Kanton Sarajevo,9939
2013,Broj, 15-19,Ž,Kanton Sarajevo,12892
2013,Broj, 20-24,Ž,Kanton Sarajevo,12639
2013,Broj, 25-29,Ž,Kanton Sarajevo,16397
2013,Broj, 30-34,Ž,Kanton Sarajevo,17439
2013,Broj, 35-39,Ž,Kanton Sarajevo,15625
2013,Broj,40-44,Ž,Kanton Sarajevo,14083
2013,Broj, 45-49,Ž,Kanton Sarajevo,15181
2013,Broj, 50-54,Ž,Kanton Sarajevo,16706
2013,Broj, 55-59,Ž,Kanton Sarajevo,16895
2013,Broj, 60-64,Ž,Kanton Sarajevo,15242
2013,Broj, 65-69,Ž,Kanton Sarajevo,10211
2013,Broj, 70-74,Ž,Kanton Sarajevo,9141
2013,Broj, 75-79,Ž,Kanton Sarajevo,8267
2013,Broj, 80-84,Ž,Kanton Sarajevo,4677
2013,Broj,85+,Ž,Kanton Sarajevo,2240
2013,Broj,Ukupno,Ž,Kanton 10,41784
2013,Broj,0-4,Ž,Kanton 10,1663
2013,Broj, 5-9,Ž,Kanton 10,1850
2013,Broj, 10-14,Ž,Kanton 10,2230
2013,Broj, 15-19,Ž,Kanton 10,2865
2013,Broj, 20-24,Ž,Kanton 10,2589
2013,Broj, 25-29,Ž,Kanton 10,2508
2013,Broj, 30-34,Ž,Kanton 10,2561
2013,Broj, 35-39,Ž,Kanton 10,2695
2013,Broj,40-44,Ž,Kanton 10,2955
2013,Broj, 45-49,Ž,Kanton 10,2984
2013,Broj, 50-54,Ž,Kanton 10,2927
2013,Broj, 55-59,Ž,Kanton 10,2841
2013,Broj, 60-64,Ž,Kanton 10,2489
2013,Broj, 65-69,Ž,Kanton 10,2050
2013,Broj, 70-74,Ž,Kanton 10,2269
2013,Broj, 75-79,Ž,Kanton 10,2094
2013,Broj, 80-84,Ž,Kanton 10,1387
2013,Broj,85+,Ž,Kanton 10,827
