Year,UNIT_MEASURE,Administrativna jedinica,Brojnost domaćinstva,Value
2013,Broj,Federacija Bosne i Hercegovine,Ukupno,715665
2013,Broj,Federacija Bosne i Hercegovine,1,125942
2013,Broj,Federacija Bosne i Hercegovine,2,167372
2013,Broj,Federacija Bosne i Hercegovine,3,148905
2013,Broj,Federacija Bosne i Hercegovine,4,154944
2013,Broj,Federacija Bosne i Hercegovine,5,67486
2013,Broj,Federacija Bosne i Hercegovine,6,30205
2013,Broj,Federacija Bosne i Hercegovine,7,11533
2013,Broj,Federacija Bosne i Hercegovine,8+,9278
2013,Broj,Unsko-sanski kanton,Ukupno,78255
2013,Broj,Unsko-sanski kanton,1,11192
2013,Broj,Unsko-sanski kanton,2,15317
2013,Broj,Unsko-sanski kanton,3,14714
2013,Broj,Unsko-sanski kanton,4,17510
2013,Broj,Unsko-sanski kanton,5,9711
2013,Broj,Unsko-sanski kanton,6,5226
2013,Broj,Unsko-sanski kanton,7,2332
2013,Broj,Unsko-sanski kanton,8+,2253
2013,Broj,Posavski kanton,Ukupno,13312
2013,Broj,Posavski kanton,1,2537
2013,Broj,Posavski kanton,2,2808
2013,Broj,Posavski kanton,3,2366
2013,Broj,Posavski kanton,4,2606
2013,Broj,Posavski kanton,5,1588
2013,Broj,Posavski kanton,6,803
2013,Broj,Posavski kanton,7,321
2013,Broj,Posavski kanton,8+,283
2013,Broj,Tuzlanski kanton,Ukupno,150598
2013,Broj,Tuzlanski kanton,1,25880
2013,Broj,Tuzlanski kanton,2,37907
2013,Broj,Tuzlanski kanton,3,34556
2013,Broj,Tuzlanski kanton,4,33863
2013,Broj,Tuzlanski kanton,5,11199
2013,Broj,Tuzlanski kanton,6,4894
2013,Broj,Tuzlanski kanton,7,1427
2013,Broj,Tuzlanski kanton,8+,872
2013,Broj,Zeničko-dobojski kanton,Ukupno,121139
2013,Broj,Zeničko-dobojski kanton,1,20383
2013,Broj,Zeničko-dobojski kanton,2,29234
2013,Broj,Zeničko-dobojski kanton,3,27207
2013,Broj,Zeničko-dobojski kanton,4,28049
2013,Broj,Zeničko-dobojski kanton,5,10450
2013,Broj,Zeničko-dobojski kanton,6,3802
2013,Broj,Zeničko-dobojski kanton,7,1245
2013,Broj,Zeničko-dobojski kanton,8+,769
2013,Broj,Bosansko-podrinjski kanton,Ukupno,8670
2013,Broj,Bosansko-podrinjski kanton,1,1937
2013,Broj,Bosansko-podrinjski kanton,2,2413
2013,Broj,Bosansko-podrinjski kanton,3,1732
2013,Broj,Bosansko-podrinjski kanton,4,1719
2013,Broj,Bosansko-podrinjski kanton,5,565
2013,Broj,Bosansko-podrinjski kanton,6,206
2013,Broj,Bosansko-podrinjski kanton,7,71
2013,Broj,Bosansko-podrinjski kanton,8+,27
2013,Broj,Srednjobosanski kanton,Ukupno,77881
2013,Broj,Srednjobosanski kanton,1,12274
2013,Broj,Srednjobosanski kanton,2,16738
2013,Broj,Srednjobosanski kanton,3,15345
2013,Broj,Srednjobosanski kanton,4,17704
2013,Broj,Srednjobosanski kanton,5,9194
2013,Broj,Srednjobosanski kanton,6,4056
2013,Broj,Srednjobosanski kanton,7,1496
2013,Broj,Srednjobosanski kanton,8+,1074
2013,Broj,Hercegovačko-neretvanski kanton,Ukupno,68117
2013,Broj,Hercegovačko-neretvanski kanton,1,11555
2013,Broj,Hercegovačko-neretvanski kanton,2,14958
2013,Broj,Hercegovačko-neretvanski kanton,3,13109
2013,Broj,Hercegovačko-neretvanski kanton,4,14116
2013,Broj,Hercegovačko-neretvanski kanton,5,7861
2013,Broj,Hercegovačko-neretvanski kanton,6,3792
2013,Broj,Hercegovačko-neretvanski kanton,7,1576
2013,Broj,Hercegovačko-neretvanski kanton,8+,1150
2013,Broj,Zapadno-hercegovački kanton,Ukupno,25078
2013,Broj,Zapadno-hercegovački kanton,1,3477
2013,Broj,Zapadno-hercegovački kanton,2,4584
2013,Broj,Zapadno-hercegovački kanton,3,3831
2013,Broj,Zapadno-hercegovački kanton,4,4716
2013,Broj,Zapadno-hercegovački kanton,5,3764
2013,Broj,Zapadno-hercegovački kanton,6,2375
2013,Broj,Zapadno-hercegovački kanton,7,1193
2013,Broj,Zapadno-hercegovački kanton,8+,1138
2013,Broj,Kanton Sarajevo,Ukupno,148860
2013,Broj,Kanton Sarajevo,1,32661
2013,Broj,Kanton Sarajevo,2,38480
2013,Broj,Kanton Sarajevo,3,32297
2013,Broj,Kanton Sarajevo,4,30523
2013,Broj,Kanton Sarajevo,5,9905
2013,Broj,Kanton Sarajevo,6,3254
2013,Broj,Kanton Sarajevo,7,988
2013,Broj,Kanton Sarajevo,8+,752
2013,Broj,Kanton 10,Ukupno,23755
2013,Broj,Kanton 10,1,4046
2013,Broj,Kanton 10,2,4933
2013,Broj,Kanton 10,3,3748
2013,Broj,Kanton 10,4,4138
2013,Broj,Kanton 10,5,3249
2013,Broj,Kanton 10,6,1797
2013,Broj,Kanton 10,7,884
2013,Broj,Kanton 10,8+,960
2023,Broj,Federacija Bosne i Hercegovine,Ukupno,715665
2023,Broj,Unsko-sanski kanton,Ukupno,78255
2023,Broj,Bihać,Ukupno,18293
2023,Broj,Bosanska Krupa,Ukupno,7672
2023,Broj,Bosanski Petrovac,Ukupno,2797
2023,Broj,Bužim,Ukupno,4326
2023,Broj,Cazin,Ukupno,16682
2023,Broj,Ključ,Ukupno,4990
2023,Broj,Sanski Most,Ukupno,11845
2023,Broj,Velika Kladuša,Ukupno,11650
2023,Broj,Posavski kanton,Ukupno,13312
2023,Broj,Domaljevac-Šamac,Ukupno,1312
2023,Broj,Odžak,Ukupno,5808
2023,Broj,Orašje,Ukupno,6192
2023,Broj,Tuzlanski kanton,Ukupno,150598
2023,Broj,Banovići,Ukupno,7636
2023,Broj,Čelić,Ukupno,3203
2023,Broj,Doboj-Istok,Ukupno,3167
2023,Broj,Gračanica,Ukupno,15082
2023,Broj,Gradačac,Ukupno,11881
2023,Broj,Kalesija,Ukupno,9780
2023,Broj,Kladanj,Ukupno,3847
2023,Broj,Lukavac,Ukupno,16654
2023,Broj,Sapna,Ukupno,3085
2023,Broj,Srebrenik,Ukupno,13187
2023,Broj,Teočak,Ukupno,2020
2023,Broj,Tuzla,Ukupno,42625
2023,Broj,Živinice,Ukupno,18431
2023,Broj,Zeničko-dobojski kanton,Ukupno,121139
2023,Broj,Breza,Ukupno,5058
2023,Broj,Doboj-Jug,Ukupno,1307
2023,Broj,Kakanj,Ukupno,12237
2023,Broj,Maglaj,Ukupno,7687
2023,Broj,Olovo,Ukupno,3492
2023,Broj,Tešanj,Ukupno,13425
2023,Broj,Usora,Ukupno,1936
2023,Broj,Vareš,Ukupno,3580
2023,Broj,Visoko,Ukupno,12900
2023,Broj,Zavidovići,Ukupno,12088
2023,Broj,Zenica,Ukupno,38601
2023,Broj,Žepče,Ukupno,8828
2023,Broj,Bosansko-podrinjski kanton,Ukupno,8670
2023,Broj,Foča-FBiH,Ukupno,747
2023,Broj,Goražde,Ukupno,7573
2023,Broj,Pale-FBiH,Ukupno,350
2023,Broj,Srednjobosanski kanton,Ukupno,77881
2023,Broj,Bugojno,Ukupno,9429
2023,Broj,Busovača,Ukupno,5620
2023,Broj,Dobretići,Ukupno,473
2023,Broj,Donji Vakuf,Ukupno,4182
2023,Broj,Fojnica,Ukupno,3908
2023,Broj,Gornji Vakuf-Uskoplje,Ukupno,5685
2023,Broj,Jajce,Ukupno,8040
2023,Broj,Kiseljak,Ukupno,6800
2023,Broj,Kreševo,Ukupno,1845
2023,Broj,Novi Travnik,Ukupno,7265
2023,Broj,Travnik,Ukupno,16444
2023,Broj,Vitez,Ukupno,8190
2023,Broj,Hercegovačko-neretvanski kanton,Ukupno,68117
2023,Broj,Čapljina,Ukupno,7916
2023,Broj,Čitluk,Ukupno,4666
2023,Broj,Mostar,Ukupno,34128
2023,Broj,Jablanica,Ukupno,3167
2023,Broj,Konjic,Ukupno,8380
2023,Broj,Neum,Ukupno,1394
2023,Broj,Prozor,Ukupno,3653
2023,Broj,Ravno,Ukupno,929
2023,Broj,Stolac,Ukupno,3884
2023,Broj,Zapadno-hercegovački kanton,Ukupno,25078
2023,Broj,Grude,Ukupno,4502
2023,Broj,Ljubuški,Ukupno,7444
2023,Broj,Posušje,Ukupno,5153
2023,Broj,Široki Brijeg,Ukupno,7979
2023,Broj,Kanton Sarajevo,Ukupno,148860
2023,Broj,Sarajevo-Centar,Ukupno,21482
2023,Broj,Sarajevo-Hadžići,Ukupno,7530
2023,Broj,Sarajevo-Ilidža,Ukupno,22295
2023,Broj,Sarajevo-Ilijaš,Ukupno,6383
2023,Broj,Sarajevo-Novi Grad,Ukupno,42274
2023,Broj,Sarajevo-Novo Sarajevo,Ukupno,25688
2023,Broj,Sarajevo-Stari Grad,Ukupno,13750
2023,Broj,Trnovo-FBiH,Ukupno,647
2023,Broj,Sarajevo-Vogošća,Ukupno,8811
2023,Broj,Kanton 10,Ukupno,23755
2023,Broj,Bosansko Grahovo,Ukupno,1038
2023,Broj,Drvar,Ukupno,3033
2023,Broj,Glamoč,Ukupno,1437
2023,Broj,kupres,Ukupno,1488
2023,Broj,Livno,Ukupno,9028
2023,Broj,Tomislavgrad,Ukupno,7731
2023,Broj,Federacija Bosne i Hercegovine,1,125942
2023,Broj,Unsko-sanski kanton,1,11192
2023,Broj,Bihać,1,3136
2023,Broj,Bosanska Krupa,1,1176
2023,Broj,Bosanski Petrovac,1,759
2023,Broj,Bužim,1,290
2023,Broj,Cazin,1,1558
2023,Broj,Ključ,1,788
2023,Broj,Sanski Most,1,1809
2023,Broj,Velika Kladuša,1,1676
2023,Broj,Posavski kanton,1,2537
2023,Broj,Domaljevac-Šamac,1,207
2023,Broj,Odžak,1,1124
2023,Broj,Orašje,1,1206
2023,Broj,Tuzlanski kanton,1,25880
2023,Broj,Banovići,1,1063
2023,Broj,Čelić,1,517
2023,Broj,Doboj-Istok,1,410
2023,Broj,Gračanica,1,2276
2023,Broj,Gradačac,1,1672
2023,Broj,Kalesija,1,1146
2023,Broj,Kladanj,1,528
2023,Broj,Lukavac,1,3319
2023,Broj,Sapna,1,366
2023,Broj,Srebrenik,1,2075
2023,Broj,Teočak,1,251
2023,Broj,Tuzla,1,9810
2023,Broj,Živinice,1,2447
2023,Broj,Zeničko-dobojski kanton,1,20383
2023,Broj,Breza,1,937
2023,Broj,Doboj-Jug,1,166
2023,Broj,Kakanj,1,1922
2023,Broj,Maglaj,1,1351
2023,Broj,Olovo,1,584
2023,Broj,Tešanj,1,1819
2023,Broj,Usora,1,298
2023,Broj,Vareš,1,1016
2023,Broj,Visoko,1,1952
2023,Broj,Zavidovići,1,1917
2023,Broj,Zenica,1,7253
2023,Broj,Žepče,1,1168
2023,Broj,Bosansko-podrinjski kanton,1,1937
2023,Broj,Foča-FBiH,1,225
2023,Broj,Goražde,1,1599
2023,Broj,Pale-FBiH,1,113
2023,Broj,Srednjobosanski kanton,1,12274
2023,Broj,Bugojno,1,1438
2023,Broj,Busovača,1,885
2023,Broj,Dobretići,1,73
2023,Broj,Donji Vakuf,1,569
2023,Broj,Fojnica,1,721
2023,Broj,Gornji Vakuf-Uskoplje,1,675
2023,Broj,Jajce,1,1281
2023,Broj,Kiseljak,1,1199
2023,Broj,Kreševo,1,439
2023,Broj,Novi Travnik,1,1080
2023,Broj,Travnik,1,2579
2023,Broj,Vitez,1,1335
2023,Broj,Hercegovačko-neretvanski kanton,1,11555
2023,Broj,Čapljina,1,1420
2023,Broj,Čitluk,1,591
2023,Broj,Mostar,1,6277
2023,Broj,Jablanica,1,448
2023,Broj,Konjic,1,1518
2023,Broj,Neum,1,242
2023,Broj,Prozor,1,434
2023,Broj,Ravno,1,137
2023,Broj,Stolac,1,488
2023,Broj,Zapadno-hercegovački kanton,1,3477
2023,Broj,Grude,1,668
2023,Broj,Ljubuški,1,1127
2023,Broj,Posušje,1,581
2023,Broj,Široki Brijeg,1,1101
2023,Broj,Kanton Sarajevo,1,32661
2023,Broj,Sarajevo-Centar,1,5731
2023,Broj,Sarajevo-Hadžići,1,1198
2023,Broj,Sarajevo-Ilidža,1,4040
2023,Broj,Sarajevo-Ilijaš,1,1017
2023,Broj,Sarajevo-Novi Grad,1,8666
2023,Broj,Sarajevo-Novo Sarajevo,1,6987
2023,Broj,Sarajevo-Stari Grad,1,3401
2023,Broj,Trnovo-FBiH,1,196
2023,Broj,Sarajevo-Vogošća,1,1425
2023,Broj,Kanton 10,1,4046
2023,Broj,Bosansko Grahovo,1,352
2023,Broj,Drvar,1,1018
2023,Broj,Glamoč,1,404
2023,Broj,kupres,1,223
2023,Broj,Livno,1,1215
2023,Broj,Tomislavgrad,1,834
2023,Broj,Federacija Bosne i Hercegovine,2,167372
2023,Broj,Unsko-sanski kanton,2,15317
2023,Broj,Bihać,2,4422
2023,Broj,Bosanska Krupa,2,1645
2023,Broj,Bosanski Petrovac,2,794
2023,Broj,Bužim,2,469
2023,Broj,Cazin,2,2366
2023,Broj,Ključ,2,1032
2023,Broj,Sanski Most,2,2315
2023,Broj,Velika Kladuša,2,2274
2023,Broj,Posavski kanton,2,2808
2023,Broj,Domaljevac-Šamac,2,230
2023,Broj,Odžak,2,1281
2023,Broj,Orašje,2,1297
2023,Broj,Tuzlanski kanton,2,37907
2023,Broj,Banovići,2,1878
2023,Broj,Čelić,2,718
2023,Broj,Doboj-Istok,2,746
2023,Broj,Gračanica,2,3828
2023,Broj,Gradačac,2,2571
2023,Broj,Kalesija,2,1939
2023,Broj,Kladanj,2,816
2023,Broj,Lukavac,2,4793
2023,Broj,Sapna,2,559
2023,Broj,Srebrenik,2,3340
2023,Broj,Teočak,2,325
2023,Broj,Tuzla,2,12230
2023,Broj,Živinice,2,4164
2023,Broj,Zeničko-dobojski kanton,2,29234
2023,Broj,Breza,2,1337
2023,Broj,Doboj-Jug,2,281
2023,Broj,Kakanj,2,2844
2023,Broj,Maglaj,2,1858
2023,Broj,Olovo,2,919
2023,Broj,Tešanj,2,2857
2023,Broj,Usora,2,397
2023,Broj,Vareš,2,996
2023,Broj,Visoko,2,2945
2023,Broj,Zavidovići,2,3024
2023,Broj,Zenica,2,9980
2023,Broj,Žepče,2,1796
2023,Broj,Bosansko-podrinjski kanton,2,2413
2023,Broj,Foča-FBiH,2,211
2023,Broj,Goražde,2,2101
2023,Broj,Pale-FBiH,2,101
2023,Broj,Srednjobosanski kanton,2,16738
2023,Broj,Bugojno,2,1991
2023,Broj,Busovača,2,1156
2023,Broj,Dobretići,2,112
2023,Broj,Donji Vakuf,2,843
2023,Broj,Fojnica,2,954
2023,Broj,Gornji Vakuf-Uskoplje,2,1030
2023,Broj,Jajce,2,1683
2023,Broj,Kiseljak,2,1636
2023,Broj,Kreševo,2,426
2023,Broj,Novi Travnik,2,1518
2023,Broj,Travnik,2,3618
2023,Broj,Vitez,2,1771
2023,Broj,Hercegovačko-neretvanski kanton,2,14958
2023,Broj,Čapljina,2,1653
2023,Broj,Čitluk,2,846
2023,Broj,Mostar,2,7817
2023,Broj,Jablanica,2,718
2023,Broj,Konjic,2,2047
2023,Broj,Neum,2,312
2023,Broj,Prozor,2,640
2023,Broj,Ravno,2,197
2023,Broj,Stolac,2,728
2023,Broj,Zapadno-hercegovački kanton,2,4584
2023,Broj,Grude,2,843
2023,Broj,Ljubuški,2,1323
2023,Broj,Posušje,2,832
2023,Broj,Široki Brijeg,2,1586
2023,Broj,Kanton Sarajevo,2,38480
2023,Broj,Sarajevo-Centar,2,5977
2023,Broj,Sarajevo-Hadžići,2,1673
2023,Broj,Sarajevo-Ilidža,2,5455
2023,Broj,Sarajevo-Ilijaš,2,1516
2023,Broj,Sarajevo-Novi Grad,2,10926
2023,Broj,Sarajevo-Novo Sarajevo,2,7065
2023,Broj,Sarajevo-Stari Grad,2,3523
2023,Broj,Trnovo-FBiH,2,246
2023,Broj,Sarajevo-Vogošća,2,2099
2023,Broj,Kanton 10,2,4933
2023,Broj,Bosansko Grahovo,2,335
2023,Broj,Drvar,2,940
2023,Broj,Glamoč,2,439
2023,Broj,kupres,2,311
2023,Broj,Livno,2,1728
2023,Broj,Tomislavgrad,2,1180
2023,Broj,Federacija Bosne i Hercegovine,3,148905
2023,Broj,Unsko-sanski kanton,3,14714
2023,Broj,Bihać,3,3833
2023,Broj,Bosanska Krupa,3,1460
2023,Broj,Bosanski Petrovac,3,485
2023,Broj,Bužim,3,615
2023,Broj,Cazin,3,3075
2023,Broj,Ključ,3,929
2023,Broj,Sanski Most,3,2089
2023,Broj,Velika Kladuša,3,2228
2023,Broj,Posavski kanton,3,2366
2023,Broj,Domaljevac-Šamac,3,202
2023,Broj,Odžak,3,1016
2023,Broj,Orašje,3,1148
2023,Broj,Tuzlanski kanton,3,34556
2023,Broj,Banovići,3,1978
2023,Broj,Čelić,3,573
2023,Broj,Doboj-Istok,3,750
2023,Broj,Gračanica,3,3624
2023,Broj,Gradačac,3,2382
2023,Broj,Kalesija,3,2034
2023,Broj,Kladanj,3,822
2023,Broj,Lukavac,3,4194
2023,Broj,Sapna,3,497
2023,Broj,Srebrenik,3,2980
2023,Broj,Teočak,3,348
2023,Broj,Tuzla,3,9991
2023,Broj,Živinice,3,4383
2023,Broj,Zeničko-dobojski kanton,3,27207
2023,Broj,Breza,3,1221
2023,Broj,Doboj-Jug,3,322
2023,Broj,Kakanj,3,2667
2023,Broj,Maglaj,3,1671
2023,Broj,Olovo,3,789
2023,Broj,Tešanj,3,2991
2023,Broj,Usora,3,318
2023,Broj,Vareš,3,739
2023,Broj,Visoko,3,2933
2023,Broj,Zavidovići,3,2792
2023,Broj,Zenica,3,9052
2023,Broj,Žepče,3,1712
2023,Broj,Bosansko-podrinjski kanton,3,1732
2023,Broj,Foča-FBiH,3,108
2023,Broj,Goražde,3,1590
2023,Broj,Pale-FBiH,3,34
2023,Broj,Srednjobosanski kanton,3,15345
2023,Broj,Bugojno,3,1770
2023,Broj,Busovača,3,1209
2023,Broj,Dobretići,3,73
2023,Broj,Donji Vakuf,3,829
2023,Broj,Fojnica,3,814
2023,Broj,Gornji Vakuf-Uskoplje,3,994
2023,Broj,Jajce,3,1438
2023,Broj,Kiseljak,3,1355
2023,Broj,Kreševo,3,330
2023,Broj,Novi Travnik,3,1526
2023,Broj,Travnik,3,3355
2023,Broj,Vitez,3,1652
2023,Broj,Hercegovačko-neretvanski kanton,3,13109
2023,Broj,Čapljina,3,1426
2023,Broj,Čitluk,3,760
2023,Broj,Mostar,3,6904
2023,Broj,Jablanica,3,679
2023,Broj,Konjic,3,1676
2023,Broj,Neum,3,230
2023,Broj,Prozor,3,569
2023,Broj,Ravno,3,165
2023,Broj,Stolac,3,700
2023,Broj,Zapadno-hercegovački kanton,3,3831
2023,Broj,Grude,3,630
2023,Broj,Ljubuški,3,1126
2023,Broj,Posušje,3,810
2023,Broj,Široki Brijeg,3,1265
2023,Broj,Kanton Sarajevo,3,32297
2023,Broj,Sarajevo-Centar,3,4414
2023,Broj,Sarajevo-Hadžići,3,1608
2023,Broj,Sarajevo-Ilidža,3,4784
2023,Broj,Sarajevo-Ilijaš,3,1399
2023,Broj,Sarajevo-Novi Grad,3,9682
2023,Broj,Sarajevo-Novo Sarajevo,3,5402
2023,Broj,Sarajevo-Stari Grad,3,2857
2023,Broj,Trnovo-FBiH,3,90
2023,Broj,Sarajevo-Vogošća,3,2061
2023,Broj,Kanton 10,3,3748
2023,Broj,Bosansko Grahovo,3,162
2023,Broj,Drvar,3,470
2023,Broj,Glamoč,3,198
2023,Broj,kupres,3,281
2023,Broj,Livno,3,1463
2023,Broj,Tomislavgrad,3,1174
2023,Broj,Federacija Bosne i Hercegovine,4,154944
2023,Broj,Unsko-sanski kanton,4,17510
2023,Broj,Bihać,4,3933
2023,Broj,Bosanska Krupa,4,1672
2023,Broj,Bosanski Petrovac,4,453
2023,Broj,Bužim,4,1044
2023,Broj,Cazin,4,4036
2023,Broj,Ključ,4,1144
2023,Broj,Sanski Most,4,2706
2023,Broj,Velika Kladuša,4,2522
2023,Broj,Posavski kanton,4,2606
2023,Broj,Domaljevac-Šamac,4,253
2023,Broj,Odžak,4,1134
2023,Broj,Orašje,4,1219
2023,Broj,Tuzlanski kanton,4,33863
2023,Broj,Banovići,4,1948
2023,Broj,Čelić,4,719
2023,Broj,Doboj-Istok,4,807
2023,Broj,Gračanica,4,3457
2023,Broj,Gradačac,4,2695
2023,Broj,Kalesija,4,2687
2023,Broj,Kladanj,4,1023
2023,Broj,Lukavac,4,3309
2023,Broj,Sapna,4,839
2023,Broj,Srebrenik,4,3052
2023,Broj,Teočak,4,485
2023,Broj,Tuzla,4,7999
2023,Broj,Živinice,4,4843
2023,Broj,Zeničko-dobojski kanton,4,28049
2023,Broj,Breza,4,1102
2023,Broj,Doboj-Jug,4,337
2023,Broj,Kakanj,4,3099
2023,Broj,Maglaj,4,1746
2023,Broj,Olovo,4,787
2023,Broj,Tešanj,4,3473
2023,Broj,Usora,4,461
2023,Broj,Vareš,4,588
2023,Broj,Visoko,4,3164
2023,Broj,Zavidovići,4,2920
2023,Broj,Zenica,4,8336
2023,Broj,Žepče,4,2036
2023,Broj,Bosansko-podrinjski kanton,4,1719
2023,Broj,Foča-FBiH,4,132
2023,Broj,Goražde,4,1529
2023,Broj,Pale-FBiH,4,58
2023,Broj,Srednjobosanski kanton,4,17704
2023,Broj,Bugojno,4,2159
2023,Broj,Busovača,4,1372
2023,Broj,Dobretići,4,93
2023,Broj,Donji Vakuf,4,1043
2023,Broj,Fojnica,4,867
2023,Broj,Gornji Vakuf-Uskoplje,4,1283
2023,Broj,Jajce,4,1738
2023,Broj,Kiseljak,4,1547
2023,Broj,Kreševo,4,382
2023,Broj,Novi Travnik,4,1661
2023,Broj,Travnik,4,3594
2023,Broj,Vitez,4,1965
2023,Broj,Hercegovačko-neretvanski kanton,4,14116
2023,Broj,Čapljina,4,1540
2023,Broj,Čitluk,4,807
2023,Broj,Mostar,4,7152
2023,Broj,Jablanica,4,781
2023,Broj,Konjic,4,1888
2023,Broj,Neum,4,263
2023,Broj,Prozor,4,728
2023,Broj,Ravno,4,181
2023,Broj,Stolac,4,776
2023,Broj,Zapadno-hercegovački kanton,4,4716
2023,Broj,Grude,4,768
2023,Broj,Ljubuški,4,1365
2023,Broj,Posušje,4,986
2023,Broj,Široki Brijeg,4,1597
2023,Broj,Kanton Sarajevo,4,30523
2023,Broj,Sarajevo-Centar,4,3832
2023,Broj,Sarajevo-Hadžići,4,1873
2023,Broj,Sarajevo-Ilidža,4,5079
2023,Broj,Sarajevo-Ilijaš,4,1476
2023,Broj,Sarajevo-Novi Grad,4,8817
2023,Broj,Sarajevo-Novo Sarajevo,4,4557
2023,Broj,Sarajevo-Stari Grad,4,2674
2023,Broj,Trnovo-FBiH,4,63
2023,Broj,Sarajevo-Vogošća,4,2152
2023,Broj,Kanton 10,4,4138
2023,Broj,Bosansko Grahovo,4,100
2023,Broj,Drvar,4,390
2023,Broj,Glamoč,4,172
2023,Broj,kupres,4,275
2023,Broj,Livno,4,1740
2023,Broj,Tomislavgrad,4,1461
2023,Broj,Federacija Bosne i Hercegovine,5,67486
2023,Broj,Unsko-sanski kanton,5,9711
2023,Broj,Bihać,5,1737
2023,Broj,Bosanska Krupa,5,911
2023,Broj,Bosanski Petrovac,5,185
2023,Broj,Bužim,5,800
2023,Broj,Cazin,5,2592
2023,Broj,Ključ,5,586
2023,Broj,Sanski Most,5,1405
2023,Broj,Velika Kladuša,5,1495
2023,Broj,Posavski kanton,5,1588
2023,Broj,Domaljevac-Šamac,5,216
2023,Broj,Odžak,5,644
2023,Broj,Orašje,5,728
2023,Broj,Tuzlanski kanton,5,11199
2023,Broj,Banovići,5,510
2023,Broj,Čelić,5,376
2023,Broj,Doboj-Istok,5,278
2023,Broj,Gračanica,5,1143
2023,Broj,Gradačac,5,1367
2023,Broj,Kalesija,5,1166
2023,Broj,Kladanj,5,434
2023,Broj,Lukavac,5,753
2023,Broj,Sapna,5,413
2023,Broj,Srebrenik,5,1047
2023,Broj,Teočak,5,327
2023,Broj,Tuzla,5,1782
2023,Broj,Živinice,5,1603
2023,Broj,Zeničko-dobojski kanton,5,10450
2023,Broj,Breza,5,329
2023,Broj,Doboj-Jug,5,145
2023,Broj,Kakanj,5,1112
2023,Broj,Maglaj,5,601
2023,Broj,Olovo,5,294
2023,Broj,Tešanj,5,1440
2023,Broj,Usora,5,258
2023,Broj,Vareš,5,173
2023,Broj,Visoko,5,1238
2023,Broj,Zavidovići,5,955
2023,Broj,Zenica,5,2672
2023,Broj,Žepče,5,1233
2023,Broj,Bosansko-podrinjski kanton,5,565
2023,Broj,Foča-FBiH,5,43
2023,Broj,Goražde,5,499
2023,Broj,Pale-FBiH,5,23
2023,Broj,Srednjobosanski kanton,5,9194
2023,Broj,Bugojno,5,1132
2023,Broj,Busovača,5,651
2023,Broj,Dobretići,5,57
2023,Broj,Donji Vakuf,5,527
2023,Broj,Fojnica,5,380
2023,Broj,Gornji Vakuf-Uskoplje,5,863
2023,Broj,Jajce,5,1004
2023,Broj,Kiseljak,5,669
2023,Broj,Kreševo,5,182
2023,Broj,Novi Travnik,5,878
2023,Broj,Travnik,5,1869
2023,Broj,Vitez,5,982
2023,Broj,Hercegovačko-neretvanski kanton,5,7861
2023,Broj,Čapljina,5,978
2023,Broj,Čitluk,5,747
2023,Broj,Mostar,5,3595
2023,Broj,Jablanica,5,340
2023,Broj,Konjic,5,803
2023,Broj,Neum,5,185
2023,Broj,Prozor,5,546
2023,Broj,Ravno,5,123
2023,Broj,Stolac,5,544
2023,Broj,Zapadno-hercegovački kanton,5,3764
2023,Broj,Grude,5,663
2023,Broj,Ljubuški,5,1081
2023,Broj,Posušje,5,860
2023,Broj,Široki Brijeg,5,1160
2023,Broj,Kanton Sarajevo,5,9905
2023,Broj,Sarajevo-Centar,5,1042
2023,Broj,Sarajevo-Hadžići,5,735
2023,Broj,Sarajevo-Ilidža,5,1845
2023,Broj,Sarajevo-Ilijaš,5,616
2023,Broj,Sarajevo-Novi Grad,5,2831
2023,Broj,Sarajevo-Novo Sarajevo,5,1204
2023,Broj,Sarajevo-Stari Grad,5,875
2023,Broj,Trnovo-FBiH,5,33
2023,Broj,Sarajevo-Vogošća,5,724
2023,Broj,Kanton 10,5,3249
2023,Broj,Bosansko Grahovo,5,44
2023,Broj,Drvar,5,143
2023,Broj,Glamoč,5,123
2023,Broj,kupres,5,227
2023,Broj,Livno,5,1297
2023,Broj,Tomislavgrad,5,1415
2023,Broj,Federacija Bosne i Hercegovine,6,30205
2023,Broj,Unsko-sanski kanton,6,5226
2023,Broj,Bihać,6,785
2023,Broj,Bosanska Krupa,6,468
2023,Broj,Bosanski Petrovac,6,86
2023,Broj,Bužim,6,523
2023,Broj,Cazin,6,1509
2023,Broj,Ključ,6,268
2023,Broj,Sanski Most,6,767
2023,Broj,Velika Kladuša,6,820
2023,Broj,Posavski kanton,6,803
2023,Broj,Domaljevac-Šamac,6,120
2023,Broj,Odžak,6,332
2023,Broj,Orašje,6,351
2023,Broj,Tuzlanski kanton,6,4894
2023,Broj,Banovići,6,188
2023,Broj,Čelić,6,180
2023,Broj,Doboj-Istok,6,126
2023,Broj,Gračanica,6,563
2023,Broj,Gradačac,6,815
2023,Broj,Kalesija,6,537
2023,Broj,Kladanj,6,157
2023,Broj,Lukavac,6,185
2023,Broj,Sapna,6,244
2023,Broj,Srebrenik,6,455
2023,Broj,Teočak,6,178
2023,Broj,Tuzla,6,574
2023,Broj,Živinice,6,692
2023,Broj,Zeničko-dobojski kanton,6,3802
2023,Broj,Breza,6,99
2023,Broj,Doboj-Jug,6,36
2023,Broj,Kakanj,6,413
2023,Broj,Maglaj,6,304
2023,Broj,Olovo,6,84
2023,Broj,Tešanj,6,576
2023,Broj,Usora,6,105
2023,Broj,Vareš,6,54
2023,Broj,Visoko,6,449
2023,Broj,Zavidovići,6,318
2023,Broj,Zenica,6,868
2023,Broj,Žepče,6,496
2023,Broj,Bosansko-podrinjski kanton,6,206
2023,Broj,Foča-FBiH,6,16
2023,Broj,Goražde,6,177
2023,Broj,Pale-FBiH,6,13
2023,Broj,Srednjobosanski kanton,6,4056
2023,Broj,Bugojno,6,519
2023,Broj,Busovača,6,231
2023,Broj,Dobretići,6,30
2023,Broj,Donji Vakuf,6,251
2023,Broj,Fojnica,6,117
2023,Broj,Gornji Vakuf-Uskoplje,6,484
2023,Broj,Jajce,6,471
2023,Broj,Kiseljak,6,281
2023,Broj,Kreševo,6,64
2023,Broj,Novi Travnik,6,382
2023,Broj,Travnik,6,890
2023,Broj,Vitez,6,336
2023,Broj,Hercegovačko-neretvanski kanton,6,3792
2023,Broj,Čapljina,6,542
2023,Broj,Čitluk,6,456
2023,Broj,Mostar,6,1494
2023,Broj,Jablanica,6,129
2023,Broj,Konjic,6,302
2023,Broj,Neum,6,96
2023,Broj,Prozor,6,366
2023,Broj,Ravno,6,75
2023,Broj,Stolac,6,332
2023,Broj,Zapadno-hercegovački kanton,6,2375
2023,Broj,Grude,6,431
2023,Broj,Ljubuški,6,682
2023,Broj,Posušje,6,570
2023,Broj,Široki Brijeg,6,692
2023,Broj,Kanton Sarajevo,6,3254
2023,Broj,Sarajevo-Centar,6,318
2023,Broj,Sarajevo-Hadžići,6,311
2023,Broj,Sarajevo-Ilidža,6,684
2023,Broj,Sarajevo-Ilijaš,6,240
2023,Broj,Sarajevo-Novi Grad,6,856
2023,Broj,Sarajevo-Novo Sarajevo,6,322
2023,Broj,Sarajevo-Stari Grad,6,277
2023,Broj,Trnovo-FBiH,6,13
2023,Broj,Sarajevo-Vogošća,6,233
2023,Broj,Kanton 10,6,1797
2023,Broj,Bosansko Grahovo,6,27
2023,Broj,Drvar,6,55
2023,Broj,Glamoč,6,61
2023,Broj,kupres,6,103
2023,Broj,Livno,6,749
2023,Broj,Tomislavgrad,6,802
2023,Broj,Federacija Bosne i Hercegovine,7,11533
2023,Broj,Unsko-sanski kanton,7,2332
2023,Broj,Bihać,7,266
2023,Broj,Bosanska Krupa,7,204
2023,Broj,Bosanski Petrovac,7,20
2023,Broj,Bužim,7,268
2023,Broj,Cazin,7,766
2023,Broj,Ključ,7,123
2023,Broj,Sanski Most,7,347
2023,Broj,Velika Kladuša,7,338
2023,Broj,Posavski kanton,7,321
2023,Broj,Domaljevac-Šamac,7,36
2023,Broj,Odžak,7,137
2023,Broj,Orašje,7,148
2023,Broj,Tuzlanski kanton,7,1427
2023,Broj,Banovići,7,51
2023,Broj,Čelić,7,61
2023,Broj,Doboj-Istok,7,37
2023,Broj,Gračanica,7,135
2023,Broj,Gradačac,7,250
2023,Broj,Kalesija,7,163
2023,Broj,Kladanj,7,37
2023,Broj,Lukavac,7,59
2023,Broj,Sapna,7,91
2023,Broj,Srebrenik,7,152
2023,Broj,Teočak,7,57
2023,Broj,Tuzla,7,142
2023,Broj,Živinice,7,192
2023,Broj,Zeničko-dobojski kanton,7,1245
2023,Broj,Breza,7,24
2023,Broj,Doboj-Jug,7,15
2023,Broj,Kakanj,7,119
2023,Broj,Maglaj,7,82
2023,Broj,Olovo,7,27
2023,Broj,Tešanj,7,194
2023,Broj,Usora,7,50
2023,Broj,Vareš,7,7
2023,Broj,Visoko,7,135
2023,Broj,Zavidovići,7,102
2023,Broj,Zenica,7,275
2023,Broj,Žepče,7,215
2023,Broj,Bosansko-podrinjski kanton,7,71
2023,Broj,Foča-FBiH,7,9
2023,Broj,Goražde,7,56
2023,Broj,Pale-FBiH,7,6
2023,Broj,Srednjobosanski kanton,7,1496
2023,Broj,Bugojno,7,226
2023,Broj,Busovača,7,78
2023,Broj,Dobretići,7,19
2023,Broj,Donji Vakuf,7,74
2023,Broj,Fojnica,7,43
2023,Broj,Gornji Vakuf-Uskoplje,7,177
2023,Broj,Jajce,7,219
2023,Broj,Kiseljak,7,77
2023,Broj,Kreševo,7,18
2023,Broj,Novi Travnik,7,127
2023,Broj,Travnik,7,337
2023,Broj,Vitez,7,101
2023,Broj,Hercegovačko-neretvanski kanton,7,1576
2023,Broj,Čapljina,7,225
2023,Broj,Čitluk,7,260
2023,Broj,Mostar,7,547
2023,Broj,Jablanica,7,43
2023,Broj,Konjic,7,101
2023,Broj,Neum,7,28
2023,Broj,Prozor,7,182
2023,Broj,Ravno,7,28
2023,Broj,Stolac,7,162
2023,Broj,Zapadno-hercegovački kanton,7,1193
2023,Broj,Grude,7,237
2023,Broj,Ljubuški,7,377
2023,Broj,Posušje,7,248
2023,Broj,Široki Brijeg,7,331
2023,Broj,Kanton Sarajevo,7,988
2023,Broj,Sarajevo-Centar,7,99
2023,Broj,Sarajevo-Hadžići,7,79
2023,Broj,Sarajevo-Ilidža,7,222
2023,Broj,Sarajevo-Ilijaš,7,69
2023,Broj,Sarajevo-Novi Grad,7,281
2023,Broj,Sarajevo-Novo Sarajevo,7,79
2023,Broj,Sarajevo-Stari Grad,7,88
2023,Broj,Trnovo-FBiH,7,2
2023,Broj,Sarajevo-Vogošća,7,69
2023,Broj,Kanton 10,7,884
2023,Broj,Bosansko Grahovo,7,10
2023,Broj,Drvar,7,14
2023,Broj,Glamoč,7,22
2023,Broj,kupres,7,44
2023,Broj,Livno,7,368
2023,Broj,Tomislavgrad,7,426
2023,Broj,Federacija Bosne i Hercegovine,8+,9278
2023,Broj,Unsko-sanski kanton,8+,2253
2023,Broj,Bihać,8+,181
2023,Broj,Bosanska Krupa,8+,136
2023,Broj,Bosanski Petrovac,8+,15
2023,Broj,Bužim,8+,317
2023,Broj,Cazin,8+,780
2023,Broj,Ključ,8+,120
2023,Broj,Sanski Most,8+,407
2023,Broj,Velika Kladuša,8+,297
2023,Broj,Posavski kanton,8+,283
2023,Broj,Domaljevac-Šamac,8+,48
2023,Broj,Odžak,8+,140
2023,Broj,Orašje,8+,95
2023,Broj,Tuzlanski kanton,8+,872
2023,Broj,Banovići,8+,20
2023,Broj,Čelić,8+,59
2023,Broj,Doboj-Istok,8+,13
2023,Broj,Gračanica,8+,56
2023,Broj,Gradačac,8+,129
2023,Broj,Kalesija,8+,108
2023,Broj,Kladanj,8+,30
2023,Broj,Lukavac,8+,42
2023,Broj,Sapna,8+,76
2023,Broj,Srebrenik,8+,86
2023,Broj,Teočak,8+,49
2023,Broj,Tuzla,8+,97
2023,Broj,Živinice,8+,107
2023,Broj,Zeničko-dobojski kanton,8+,769
2023,Broj,Breza,8+,9
2023,Broj,Doboj-Jug,8+,5
2023,Broj,Kakanj,8+,61
2023,Broj,Maglaj,8+,74
2023,Broj,Olovo,8+,8
2023,Broj,Tešanj,8+,75
2023,Broj,Usora,8+,49
2023,Broj,Vareš,8+,7
2023,Broj,Visoko,8+,84
2023,Broj,Zavidovići,8+,60
2023,Broj,Zenica,8+,165
2023,Broj,Žepče,8+,172
2023,Broj,Bosansko-podrinjski kanton,8+,27
2023,Broj,Foča-FBiH,8+,3
2023,Broj,Goražde,8+,22
2023,Broj,Pale-FBiH,8+,2
2023,Broj,Srednjobosanski kanton,8+,1074
2023,Broj,Bugojno,8+,194
2023,Broj,Busovača,8+,38
2023,Broj,Dobretići,8+,16
2023,Broj,Donji Vakuf,8+,46
2023,Broj,Fojnica,8+,12
2023,Broj,Gornji Vakuf-Uskoplje,8+,179
2023,Broj,Jajce,8+,206
2023,Broj,Kiseljak,8+,36
2023,Broj,Kreševo,8+,4
2023,Broj,Novi Travnik,8+,93
2023,Broj,Travnik,8+,202
2023,Broj,Vitez,8+,48
2023,Broj,Hercegovačko-neretvanski kanton,8+,1150
2023,Broj,Čapljina,8+,132
2023,Broj,Čitluk,8+,199
2023,Broj,Mostar,8+,342
2023,Broj,Jablanica,8+,29
2023,Broj,Konjic,8+,45
2023,Broj,Neum,8+,38
2023,Broj,Prozor,8+,188
2023,Broj,Ravno,8+,23
2023,Broj,Stolac,8+,154
2023,Broj,Zapadno-hercegovački kanton,8+,1138
2023,Broj,Grude,8+,262
2023,Broj,Ljubuški,8+,363
2023,Broj,Posušje,8+,266
2023,Broj,Široki Brijeg,8+,247
2023,Broj,Kanton Sarajevo,8+,752
2023,Broj,Sarajevo-Centar,8+,69
2023,Broj,Sarajevo-Hadžići,8+,53
2023,Broj,Sarajevo-Ilidža,8+,186
2023,Broj,Sarajevo-Ilijaš,8+,50
2023,Broj,Sarajevo-Novi Grad,8+,215
2023,Broj,Sarajevo-Novo Sarajevo,8+,72
2023,Broj,Sarajevo-Stari Grad,8+,55
2023,Broj,Trnovo-FBiH,8+,4
2023,Broj,Sarajevo-Vogošća,8+,48
2023,Broj,Kanton 10,8+,960
2023,Broj,Bosansko Grahovo,8+,8
2023,Broj,Drvar,8+,3
2023,Broj,Glamoč,8+,18
2023,Broj,kupres,8+,24
2023,Broj,Livno,8+,468
2023,Broj,Tomislavgrad,8+,439
