Year,UNIT_MEASURE,Općina,Pismenost,Spol,Value
2013,Broj,Banovići,Pismeno stanovništvo,M,10008
2013,Broj,Bihać,Pismeno stanovništvo,M,23902
2013,Broj,Bosanska Krupa,Pismeno stanovništvo,M,10827
2013,Broj,Bosanski Petrovac,Pismeno stanovništvo,M,3310
2013,Broj,Bosansko Grahovo,Pismeno stanovništvo,M,1205
2013,Broj,Breza,Pismeno stanovništvo,M,6215
2013,Broj,Bugojno,Pismeno stanovništvo,M,13689
2013,Broj,Busovača,Pismeno stanovništvo,M,7922
2013,Broj,Bužim,Pismeno stanovništvo,M,8307
2013,Broj,Cazin,Pismeno stanovništvo,M,28347
2013,Broj,Sarajevo-Centar,Pismeno stanovništvo,M,22675
2013,Broj,Čapljina,Pismeno stanovništvo,M,11440
2013,Broj,Čelić,Pismeno stanovništvo,M,4628
2013,Broj,Čitluk,Pismeno stanovništvo,M,7768
2013,Broj,Doboj-Istok,Pismeno stanovništvo,M,4352
2013,Broj,Doboj-Jug,Pismeno stanovništvo,M,1775
2013,Broj,Dobretići,Pismeno stanovništvo,M,827
2013,Broj,Domaljevac-Šamac,Pismeno stanovništvo,M,2125
2013,Broj,Donji Vakuf,Pismeno stanovništvo,M,6037
2013,Broj,Drvar,Pismeno stanovništvo,M,3200
2013,Broj,Foča-FBiH,Pismeno stanovništvo,M,901
2013,Broj,Fojnica,Pismeno stanovništvo,M,5384
2013,Broj,Glamoč,Pismeno stanovništvo,M,1746
2013,Broj,Goražde,Pismeno stanovništvo,M,9077
2013,Broj,Gornji Vakuf-Uskoplje,Pismeno stanovništvo,M,9125
2013,Broj,Gračanica,Pismeno stanovništvo,M,18769
2013,Broj,Gradačac,Pismeno stanovništvo,M,16725
2013,Broj,Grude,Pismeno stanovništvo,M,7599
2013,Broj,Sarajevo-Hadžići,Pismeno stanovništvo,M,10287
2013,Broj,Sarajevo-Ilidža,Pismeno stanovništvo,M,28235
2013,Broj,Sarajevo-Ilijaš,Pismeno stanovništvo,M,8171
2013,Broj,Jablanica,Pismeno stanovništvo,M,4526
2013,Broj,Jajce,Pismeno stanovništvo,M,12185
2013,Broj,Kakanj,Pismeno stanovništvo,M,16181
2013,Broj,Kalesija,Pismeno stanovništvo,M,14425
2013,Broj,Kiseljak,Pismeno stanovništvo,M,8979
2013,Broj,Kladanj,Pismeno stanovništvo,M,5388
2013,Broj,Ključ,Pismeno stanovništvo,M,7484
2013,Broj,Konjic,Pismeno stanovništvo,M,11032
2013,Broj,Kreševo,Pismeno stanovništvo,M,2276
2013,Broj,Kupres-FBiH,Pismeno stanovništvo,M,2308
2013,Broj,Livno,Pismeno stanovništvo,M,15330
2013,Broj,Lukavac,Pismeno stanovništvo,M,19474
2013,Broj,Ljubuški,Pismeno stanovništvo,M,12328
2013,Broj,Maglaj,Pismeno stanovništvo,M,10042
2013,Broj,Mostar,Pismeno stanovništvo,M,45482
2013,Broj,Neum,Pismeno stanovništvo,M,2089
2013,Broj,Sarajevo-Novi Grad,Pismeno stanovništvo,M,48841
2013,Broj,Novi Travnik,Pismeno stanovništvo,M,10277
2013,Broj,Sarajevo-Novo Sarajevo,Pismeno stanovništvo,M,26401
2013,Broj,Odžak,Pismeno stanovništvo,M,8411
2013,Broj,Olovo,Pismeno stanovništvo,M,4568
2013,Broj,Orašje,Pismeno stanovništvo,M,9033
2013,Broj,Pale-FBiH,Pismeno stanovništvo,M,401
2013,Broj,Posušje,Pismeno stanovništvo,M,8798
2013,Broj,Prozor,Pismeno stanovništvo,M,6273
2013,Broj,Ravno,Pismeno stanovništvo,M,1508
2013,Broj,Sanski Most,Pismeno stanovništvo,M,18623
2013,Broj,Sapna,Pismeno stanovništvo,M,4910
2013,Broj,Srebrenik,Pismeno stanovništvo,M,16723
2013,Broj,Sarajevo-Stari Grad,Pismeno stanovništvo,M,15740
2013,Broj,Stolac,Pismeno stanovništvo,M,6483
2013,Broj,Široki Brijeg,Pismeno stanovništvo,M,12458
2013,Broj,Teočak,Pismeno stanovništvo,M,3296
2013,Broj,Tešanj,Pismeno stanovništvo,M,18374
2013,Broj,Tomislavgrad,Pismeno stanovništvo,M,14131
2013,Broj,Travnik,Pismeno stanovništvo,M,23009
2013,Broj,Trnovo-FBiH,Pismeno stanovništvo,M,692
2013,Broj,Tuzla,Pismeno stanovništvo,M,47151
2013,Broj,Usora,Pismeno stanovništvo,M,2968
2013,Broj,Vareš,Pismeno stanovništvo,M,4022
2013,Broj,Velika Kladuša,Pismeno stanovništvo,M,16588
2013,Broj,Visoko,Pismeno stanovništvo,M,17119
2013,Broj,Vitez,Pismeno stanovništvo,M,11068
2013,Broj,Sarajevo-Vogošća,Pismeno stanovništvo,M,10944
2013,Broj,Zavidovići,Pismeno stanovništvo,M,15597
2013,Broj,Zenica,Pismeno stanovništvo,M,48308
2013,Broj,Žepče,Pismeno stanovništvo,M,13364
2013,Broj,Živinice,Pismeno stanovništvo,M,24945
2013,Broj,Banovići,Pismeno stanovništvo,Ž,9449
2013,Broj,Bihać,Pismeno stanovništvo,Ž,25191
2013,Broj,Bosanska Krupa,Pismeno stanovništvo,Ž,10591
2013,Broj,Bosanski Petrovac,Pismeno stanovništvo,Ž,3120
2013,Broj,Bosansko Grahovo,Pismeno stanovništvo,Ž,1011
2013,Broj,Breza,Pismeno stanovništvo,Ž,6159
2013,Broj,Bugojno,Pismeno stanovništvo,Ž,13439
2013,Broj,Busovača,Pismeno stanovništvo,Ž,7250
2013,Broj,Bužim,Pismeno stanovništvo,Ž,7529
2013,Broj,Cazin,Pismeno stanovništvo,Ž,26903
2013,Broj,Sarajevo-Centar,Pismeno stanovništvo,Ž,26859
2013,Broj,Čapljina,Pismeno stanovništvo,Ž,11407
2013,Broj,Čelić,Pismeno stanovništvo,Ž,4354
2013,Broj,Čitluk,Pismeno stanovništvo,Ž,7793
2013,Broj,Doboj-Istok,Pismeno stanovništvo,Ž,4211
2013,Broj,Doboj-Jug,Pismeno stanovništvo,Ž,1718
2013,Broj,Dobretići,Pismeno stanovništvo,Ž,571
2013,Broj,Domaljevac-Šamac,Pismeno stanovništvo,Ž,2070
2013,Broj,Donji Vakuf,Pismeno stanovništvo,Ž,5837
2013,Broj,Drvar,Pismeno stanovništvo,Ž,3186
2013,Broj,Foča-FBiH,Pismeno stanovništvo,Ž,777
2013,Broj,Fojnica,Pismeno stanovništvo,Ž,5050
2013,Broj,Glamoč,Pismeno stanovništvo,Ž,1620
2013,Broj,Goražde,Pismeno stanovništvo,Ž,9190
2013,Broj,Gornji Vakuf-Uskoplje,Pismeno stanovništvo,Ž,8461
2013,Broj,Gračanica,Pismeno stanovništvo,Ž,19536
2013,Broj,Gradačac,Pismeno stanovništvo,Ž,16905
2013,Broj,Grude,Pismeno stanovništvo,Ž,7467
2013,Broj,Sarajevo-Hadžići,Pismeno stanovništvo,Ž,9893
2013,Broj,Sarajevo-Ilidža,Pismeno stanovništvo,Ž,29428
2013,Broj,Sarajevo-Ilijaš,Pismeno stanovništvo,Ž,8409
2013,Broj,Jablanica,Pismeno stanovništvo,Ž,4353
2013,Broj,Jajce,Pismeno stanovništvo,Ž,10881
2013,Broj,Kakanj,Pismeno stanovništvo,Ž,15590
2013,Broj,Kalesija,Pismeno stanovništvo,Ž,13271
2013,Broj,Kiseljak,Pismeno stanovništvo,Ž,8691
2013,Broj,Kladanj,Pismeno stanovništvo,Ž,5368
2013,Broj,Ključ,Pismeno stanovništvo,Ž,7018
2013,Broj,Konjic,Pismeno stanovništvo,Ž,10641
2013,Broj,Kreševo,Pismeno stanovništvo,Ž,2278
2013,Broj,Kupres-FBiH,Pismeno stanovništvo,Ž,2202
2013,Broj,Livno,Pismeno stanovništvo,Ž,15001
2013,Broj,Lukavac,Pismeno stanovništvo,Ž,19292
2013,Broj,Ljubuški,Pismeno stanovništvo,Ž,12242
2013,Broj,Maglaj,Pismeno stanovništvo,Ž,9966
2013,Broj,Mostar,Pismeno stanovništvo,Ž,48016
2013,Broj,Neum,Pismeno stanovništvo,Ž,1960
2013,Broj,Sarajevo-Novi Grad,Pismeno stanovništvo,Ž,54682
2013,Broj,Novi Travnik,Pismeno stanovništvo,Ž,10000
2013,Broj,Sarajevo-Novo Sarajevo,Pismeno stanovništvo,Ž,31659
2013,Broj,Odžak,Pismeno stanovništvo,Ž,8175
2013,Broj,Olovo,Pismeno stanovništvo,Ž,4277
2013,Broj,Orašje,Pismeno stanovništvo,Ž,8543
2013,Broj,Pale-FBiH,Pismeno stanovništvo,Ž,361
2013,Broj,Posušje,Pismeno stanovništvo,Ž,8492
2013,Broj,Prozor,Pismeno stanovništvo,Ž,5788
2013,Broj,Ravno,Pismeno stanovništvo,Ž,1385
2013,Broj,Sanski Most,Pismeno stanovništvo,Ž,17587
2013,Broj,Sapna,Pismeno stanovništvo,Ž,4220
2013,Broj,Srebrenik,Pismeno stanovništvo,Ž,16438
2013,Broj,Sarajevo-Stari Grad,Pismeno stanovništvo,Ž,17397
2013,Broj,Stolac,Pismeno stanovništvo,Ž,6214
2013,Broj,Široki Brijeg,Pismeno stanovništvo,Ž,12343
2013,Broj,Teočak,Pismeno stanovništvo,Ž,3034
2013,Broj,Tešanj,Pismeno stanovništvo,Ž,17845
2013,Broj,Tomislavgrad,Pismeno stanovništvo,Ž,13164
2013,Broj,Travnik,Pismeno stanovništvo,Ž,22430
2013,Broj,Trnovo-FBiH,Pismeno stanovništvo,Ž,575
2013,Broj,Tuzla,Pismeno stanovništvo,Ž,51056
2013,Broj,Usora,Pismeno stanovništvo,Ž,2885
2013,Broj,Vareš,Pismeno stanovništvo,Ž,4016
2013,Broj,Velika Kladuša,Pismeno stanovništvo,Ž,16281
2013,Broj,Visoko,Pismeno stanovništvo,Ž,16939
2013,Broj,Vitez,Pismeno stanovništvo,Ž,11025
2013,Broj,Sarajevo-Vogošća,Pismeno stanovništvo,Ž,11682
2013,Broj,Zavidovići,Pismeno stanovništvo,Ž,14998
2013,Broj,Zenica,Pismeno stanovništvo,Ž,48203
2013,Broj,Žepče,Pismeno stanovništvo,Ž,12489
2013,Broj,Živinice,Pismeno stanovništvo,Ž,23846
2013,Broj,Banovići,Nepismeno stanovništvo,M,62
2013,Broj,Bihać,Nepismeno stanovništvo,M,200
2013,Broj,Bosanska Krupa,Nepismeno stanovništvo,M,125
2013,Broj,Bosanski Petrovac,Nepismeno stanovništvo,M,34
2013,Broj,Bosansko Grahovo,Nepismeno stanovništvo,M,7
2013,Broj,Breza,Nepismeno stanovništvo,M,32
2013,Broj,Bugojno,Nepismeno stanovništvo,M,97
2013,Broj,Busovača,Nepismeno stanovništvo,M,60
2013,Broj,Bužim,Nepismeno stanovništvo,M,95
2013,Broj,Cazin,Nepismeno stanovništvo,M,277
2013,Broj,Sarajevo-Centar,Nepismeno stanovništvo,M,60
2013,Broj,Čapljina,Nepismeno stanovništvo,M,46
2013,Broj,Čelić,Nepismeno stanovništvo,M,64
2013,Broj,Čitluk,Nepismeno stanovništvo,M,22
2013,Broj,Doboj-Istok,Nepismeno stanovništvo,M,103
2013,Broj,Doboj-Jug,Nepismeno stanovništvo,M,2
2013,Broj,Dobretići,Nepismeno stanovništvo,M,22
2013,Broj,Domaljevac-Šamac,Nepismeno stanovništvo,M,23
2013,Broj,Donji Vakuf,Nepismeno stanovništvo,M,55
2013,Broj,Drvar,Nepismeno stanovništvo,M,21
2013,Broj,Foča-FBiH,Nepismeno stanovništvo,M,7
2013,Broj,Fojnica,Nepismeno stanovništvo,M,57
2013,Broj,Glamoč,Nepismeno stanovništvo,M,17
2013,Broj,Goražde,Nepismeno stanovništvo,M,70
2013,Broj,Gornji Vakuf-Uskoplje,Nepismeno stanovništvo,M,85
2013,Broj,Gračanica,Nepismeno stanovništvo,M,168
2013,Broj,Gradačac,Nepismeno stanovništvo,M,165
2013,Broj,Grude,Nepismeno stanovništvo,M,42
2013,Broj,Sarajevo-Hadžići,Nepismeno stanovništvo,M,198
2013,Broj,Sarajevo-Ilidža,Nepismeno stanovništvo,M,107
2013,Broj,Sarajevo-Ilijaš,Nepismeno stanovništvo,M,60
2013,Broj,Jablanica,Nepismeno stanovništvo,M,37
2013,Broj,Jajce,Nepismeno stanovništvo,M,110
2013,Broj,Kakanj,Nepismeno stanovništvo,M,171
2013,Broj,Kalesija,Nepismeno stanovništvo,M,119
2013,Broj,Kiseljak,Nepismeno stanovništvo,M,93
2013,Broj,Kladanj,Nepismeno stanovništvo,M,36
2013,Broj,Ključ,Nepismeno stanovništvo,M,53
2013,Broj,Konjic,Nepismeno stanovništvo,M,86
2013,Broj,Kreševo,Nepismeno stanovništvo,M,16
2013,Broj,Kupres-FBiH,Nepismeno stanovništvo,M,14
2013,Broj,Livno,Nepismeno stanovništvo,M,77
2013,Broj,Lukavac,Nepismeno stanovništvo,M,185
2013,Broj,Ljubuški,Nepismeno stanovništvo,M,49
2013,Broj,Maglaj,Nepismeno stanovništvo,M,64
2013,Broj,Mostar,Nepismeno stanovništvo,M,137
2013,Broj,Neum,Nepismeno stanovništvo,M,11
2013,Broj,Sarajevo-Novi Grad,Nepismeno stanovništvo,M,159
2013,Broj,Novi Travnik,Nepismeno stanovništvo,M,58
2013,Broj,Sarajevo-Novo Sarajevo,Nepismeno stanovništvo,M,58
2013,Broj,Odžak,Nepismeno stanovništvo,M,64
2013,Broj,Olovo,Nepismeno stanovništvo,M,32
2013,Broj,Orašje,Nepismeno stanovništvo,M,81
2013,Broj,Pale-FBiH,Nepismeno stanovništvo,M,12
2013,Broj,Posušje,Nepismeno stanovništvo,M,52
2013,Broj,Prozor,Nepismeno stanovništvo,M,55
2013,Broj,Ravno,Nepismeno stanovništvo,M,5
2013,Broj,Sanski Most,Nepismeno stanovništvo,M,150
2013,Broj,Sapna,Nepismeno stanovništvo,M,72
2013,Broj,Srebrenik,Nepismeno stanovništvo,M,213
2013,Broj,Sarajevo-Stari Grad,Nepismeno stanovništvo,M,44
2013,Broj,Stolac,Nepismeno stanovništvo,M,67
2013,Broj,Široki Brijeg,Nepismeno stanovništvo,M,53
2013,Broj,Teočak,Nepismeno stanovništvo,M,40
2013,Broj,Tešanj,Nepismeno stanovništvo,M,152
2013,Broj,Tomislavgrad,Nepismeno stanovništvo,M,104
2013,Broj,Travnik,Nepismeno stanovništvo,M,212
2013,Broj,Trnovo-FBiH,Nepismeno stanovništvo,M,12
2013,Broj,Tuzla,Nepismeno stanovništvo,M,277
2013,Broj,Usora,Nepismeno stanovništvo,M,18
2013,Broj,Vareš,Nepismeno stanovništvo,M,29
2013,Broj,Velika Kladuša,Nepismeno stanovništvo,M,267
2013,Broj,Visoko,Nepismeno stanovništvo,M,120
2013,Broj,Vitez,Nepismeno stanovništvo,M,51
2013,Broj,Sarajevo-Vogošća,Nepismeno stanovništvo,M,50
2013,Broj,Zavidovići,Nepismeno stanovništvo,M,150
2013,Broj,Zenica,Nepismeno stanovništvo,M,214
2013,Broj,Žepče,Nepismeno stanovništvo,M,93
2013,Broj,Živinice,Nepismeno stanovništvo,M,218
2013,Broj,Banovići,Nepismeno stanovništvo,Ž,603
2013,Broj,Bihać,Nepismeno stanovništvo,Ž,1031
2013,Broj,Bosanska Krupa,Nepismeno stanovništvo,Ž,793
2013,Broj,Bosanski Petrovac,Nepismeno stanovništvo,Ž,166
2013,Broj,Bosansko Grahovo,Nepismeno stanovništvo,Ž,82
2013,Broj,Breza,Nepismeno stanovništvo,Ž,355
2013,Broj,Bugojno,Nepismeno stanovništvo,Ž,612
2013,Broj,Busovača,Nepismeno stanovništvo,Ž,409
2013,Broj,Bužim,Nepismeno stanovništvo,Ž,480
2013,Broj,Cazin,Nepismeno stanovništvo,Ž,1794
2013,Broj,Sarajevo-Centar,Nepismeno stanovništvo,Ž,354
2013,Broj,Čapljina,Nepismeno stanovništvo,Ž,294
2013,Broj,Čelić,Nepismeno stanovništvo,Ž,293
2013,Broj,Čitluk,Nepismeno stanovništvo,Ž,164
2013,Broj,Doboj-Istok,Nepismeno stanovništvo,Ž,400
2013,Broj,Doboj-Jug,Nepismeno stanovništvo,Ž,74
2013,Broj,Dobretići,Nepismeno stanovništvo,Ž,107
2013,Broj,Domaljevac-Šamac,Nepismeno stanovništvo,Ž,94
2013,Broj,Donji Vakuf,Nepismeno stanovništvo,Ž,344
2013,Broj,Drvar,Nepismeno stanovništvo,Ž,118
2013,Broj,Foča-FBiH,Nepismeno stanovništvo,Ž,84
2013,Broj,Fojnica,Nepismeno stanovništvo,Ž,341
2013,Broj,Glamoč,Nepismeno stanovništvo,Ž,102
2013,Broj,Goražde,Nepismeno stanovništvo,Ž,587
2013,Broj,Gornji Vakuf-Uskoplje,Nepismeno stanovništvo,Ž,548
2013,Broj,Gračanica,Nepismeno stanovništvo,Ž,1207
2013,Broj,Gradačac,Nepismeno stanovništvo,Ž,900
2013,Broj,Grude,Nepismeno stanovništvo,Ž,219
2013,Broj,Sarajevo-Hadžići,Nepismeno stanovništvo,Ž,621
2013,Broj,Sarajevo-Ilidža,Nepismeno stanovništvo,Ž,1004
2013,Broj,Sarajevo-Ilijaš,Nepismeno stanovništvo,Ž,643
2013,Broj,Jablanica,Nepismeno stanovništvo,Ž,282
2013,Broj,Jajce,Nepismeno stanovništvo,Ž,782
2013,Broj,Kakanj,Nepismeno stanovništvo,Ž,961
2013,Broj,Kalesija,Nepismeno stanovništvo,Ž,1075
2013,Broj,Kiseljak,Nepismeno stanovništvo,Ž,509
2013,Broj,Kladanj,Nepismeno stanovništvo,Ž,249
2013,Broj,Ključ,Nepismeno stanovništvo,Ž,512
2013,Broj,Konjic,Nepismeno stanovništvo,Ž,765
2013,Broj,Kreševo,Nepismeno stanovništvo,Ž,127
2013,Broj,Kupres-FBiH,Nepismeno stanovništvo,Ž,100
2013,Broj,Livno,Nepismeno stanovništvo,Ž,554
2013,Broj,Lukavac,Nepismeno stanovništvo,Ž,1359
2013,Broj,Ljubuški,Nepismeno stanovništvo,Ž,312
2013,Broj,Maglaj,Nepismeno stanovništvo,Ž,444
2013,Broj,Mostar,Nepismeno stanovništvo,Ž,1006
2013,Broj,Neum,Nepismeno stanovništvo,Ž,105
2013,Broj,Sarajevo-Novi Grad,Nepismeno stanovništvo,Ž,1470
2013,Broj,Novi Travnik,Nepismeno stanovništvo,Ž,459
2013,Broj,Sarajevo-Novo Sarajevo,Nepismeno stanovništvo,Ž,450
2013,Broj,Odžak,Nepismeno stanovništvo,Ž,370
2013,Broj,Olovo,Nepismeno stanovništvo,Ž,307
2013,Broj,Orašje,Nepismeno stanovništvo,Ž,297
2013,Broj,Pale-FBiH,Nepismeno stanovništvo,Ž,50
2013,Broj,Posušje,Nepismeno stanovništvo,Ž,314
2013,Broj,Prozor,Nepismeno stanovništvo,Ž,357
2013,Broj,Ravno,Nepismeno stanovništvo,Ž,33
2013,Broj,Sanski Most,Nepismeno stanovništvo,Ž,959
2013,Broj,Sapna,Nepismeno stanovništvo,Ž,484
2013,Broj,Srebrenik,Nepismeno stanovništvo,Ž,1388
2013,Broj,Sarajevo-Stari Grad,Nepismeno stanovništvo,Ž,392
2013,Broj,Stolac,Nepismeno stanovništvo,Ž,232
2013,Broj,Široki Brijeg,Nepismeno stanovništvo,Ž,385
2013,Broj,Teočak,Nepismeno stanovništvo,Ž,241
2013,Broj,Tešanj,Nepismeno stanovništvo,Ž,1053
2013,Broj,Tomislavgrad,Nepismeno stanovništvo,Ž,579
2013,Broj,Travnik,Nepismeno stanovništvo,Ž,1191
2013,Broj,Trnovo-FBiH,Nepismeno stanovništvo,Ž,135
2013,Broj,Tuzla,Nepismeno stanovništvo,Ž,1992
2013,Broj,Usora,Nepismeno stanovništvo,Ž,151
2013,Broj,Vareš,Nepismeno stanovništvo,Ž,175
2013,Broj,Velika Kladuša,Nepismeno stanovništvo,Ž,1348
2013,Broj,Visoko,Nepismeno stanovništvo,Ž,865
2013,Broj,Vitez,Nepismeno stanovništvo,Ž,402
2013,Broj,Sarajevo-Vogošća,Nepismeno stanovništvo,Ž,489
2013,Broj,Zavidovići,Nepismeno stanovništvo,Ž,885
2013,Broj,Zenica,Nepismeno stanovništvo,Ž,1597
2013,Broj,Žepče,Nepismeno stanovništvo,Ž,591
2013,Broj,Živinice,Nepismeno stanovništvo,Ž,1798
2013,Broj,Banovići,Nepoznato,M,85
2013,Broj,Bihać,Nepoznato,M,162
2013,Broj,Bosanska Krupa,Nepoznato,M,113
2013,Broj,Bosanski Petrovac,Nepoznato,M,50
2013,Broj,Bosansko Grahovo,Nepoznato,M,7
2013,Broj,Breza,Nepoznato,M,14
2013,Broj,Bugojno,Nepoznato,M,170
2013,Broj,Busovača,Nepoznato,M,85
2013,Broj,Bužim,Nepoznato,M,76
2013,Broj,Cazin,Nepoznato,M,251
2013,Broj,Sarajevo-Centar,Nepoznato,M,55
2013,Broj,Čapljina,Nepoznato,M,130
2013,Broj,Čelić,Nepoznato,M,48
2013,Broj,Čitluk,Nepoznato,M,117
2013,Broj,Doboj-Istok,Nepoznato,M,23
2013,Broj,Doboj-Jug,Nepoznato,M,13
2013,Broj,Dobretići,Nepoznato,M,8
2013,Broj,Domaljevac-Šamac,Nepoznato,M,27
2013,Broj,Donji Vakuf,Nepoznato,M,66
2013,Broj,Drvar,Nepoznato,M,16
2013,Broj,Foča-FBiH,Nepoznato,M,3
2013,Broj,Fojnica,Nepoznato,M,131
2013,Broj,Glamoč,Nepoznato,M,22
2013,Broj,Goražde,Nepoznato,M,45
2013,Broj,Gornji Vakuf-Uskoplje,Nepoznato,M,144
2013,Broj,Gračanica,Nepoznato,M,141
2013,Broj,Gradačac,Nepoznato,M,96
2013,Broj,Grude,Nepoznato,M,89
2013,Broj,Sarajevo-Hadžići,Nepoznato,M,43
2013,Broj,Sarajevo-Ilidža,Nepoznato,M,108
2013,Broj,Sarajevo-Ilijaš,Nepoznato,M,30
2013,Broj,Jablanica,Nepoznato,M,15
2013,Broj,Jajce,Nepoznato,M,157
2013,Broj,Kakanj,Nepoznato,M,92
2013,Broj,Kalesija,Nepoznato,M,136
2013,Broj,Kiseljak,Nepoznato,M,86
2013,Broj,Kladanj,Nepoznato,M,33
2013,Broj,Ključ,Nepoznato,M,67
2013,Broj,Konjic,Nepoznato,M,119
2013,Broj,Kreševo,Nepoznato,M,31
2013,Broj,Kupres-FBiH,Nepoznato,M,19
2013,Broj,Livno,Nepoznato,M,157
2013,Broj,Lukavac,Nepoznato,M,125
2013,Broj,Ljubuški,Nepoznato,M,131
2013,Broj,Maglaj,Nepoznato,M,70
2013,Broj,Mostar,Nepoznato,M,338
2013,Broj,Neum,Nepoznato,M,18
2013,Broj,Sarajevo-Novi Grad,Nepoznato,M,176
2013,Broj,Novi Travnik,Nepoznato,M,153
2013,Broj,Sarajevo-Novo Sarajevo,Nepoznato,M,62
2013,Broj,Odžak,Nepoznato,M,114
2013,Broj,Olovo,Nepoznato,M,27
2013,Broj,Orašje,Nepoznato,M,101
2013,Broj,Pale-FBiH,Nepoznato,M,0
2013,Broj,Posušje,Nepoznato,M,110
2013,Broj,Prozor,Nepoznato,M,105
2013,Broj,Ravno,Nepoznato,M,10
2013,Broj,Sanski Most,Nepoznato,M,179
2013,Broj,Sapna,Nepoznato,M,45
2013,Broj,Srebrenik,Nepoznato,M,172
2013,Broj,Sarajevo-Stari Grad,Nepoznato,M,63
2013,Broj,Stolac,Nepoznato,M,80
2013,Broj,Široki Brijeg,Nepoznato,M,144
2013,Broj,Teočak,Nepoznato,M,23
2013,Broj,Tešanj,Nepoznato,M,120
2013,Broj,Tomislavgrad,Nepoznato,M,183
2013,Broj,Travnik,Nepoznato,M,330
2013,Broj,Trnovo-FBiH,Nepoznato,M,3
2013,Broj,Tuzla,Nepoznato,M,257
2013,Broj,Usora,Nepoznato,M,23
2013,Broj,Vareš,Nepoznato,M,31
2013,Broj,Velika Kladuša,Nepoznato,M,126
2013,Broj,Visoko,Nepoznato,M,100
2013,Broj,Vitez,Nepoznato,M,129
2013,Broj,Sarajevo-Vogošća,Nepoznato,M,31
2013,Broj,Zavidovići,Nepoznato,M,119
2013,Broj,Zenica,Nepoznato,M,190
2013,Broj,Žepče,Nepoznato,M,96
2013,Broj,Živinice,Nepoznato,M,125
2013,Broj,Banovići,Nepoznato,Ž,148
2013,Broj,Bihać,Nepoznato,Ž,317
2013,Broj,Bosanska Krupa,Nepoznato,Ž,178
2013,Broj,Bosanski Petrovac,Nepoznato,Ž,75
2013,Broj,Bosansko Grahovo,Nepoznato,Ž,19
2013,Broj,Breza,Nepoznato,Ž,34
2013,Broj,Bugojno,Nepoznato,Ž,298
2013,Broj,Busovača,Nepoznato,Ž,144
2013,Broj,Bužim,Nepoznato,Ž,103
2013,Broj,Cazin,Nepoznato,Ž,445
2013,Broj,Sarajevo-Centar,Nepoznato,Ž,158
2013,Broj,Čapljina,Nepoznato,Ž,248
2013,Broj,Čelić,Nepoznato,Ž,67
2013,Broj,Čitluk,Nepoznato,Ž,184
2013,Broj,Doboj-Istok,Nepoznato,Ž,48
2013,Broj,Doboj-Jug,Nepoznato,Ž,32
2013,Broj,Dobretići,Nepoznato,Ž,10
2013,Broj,Domaljevac-Šamac,Nepoznato,Ž,32
2013,Broj,Donji Vakuf,Nepoznato,Ž,105
2013,Broj,Drvar,Nepoznato,Ž,35
2013,Broj,Foča-FBiH,Nepoznato,Ž,5
2013,Broj,Fojnica,Nepoznato,Ž,201
2013,Broj,Glamoč,Nepoznato,Ž,27
2013,Broj,Goražde,Nepoznato,Ž,105
2013,Broj,Gornji Vakuf-Uskoplje,Nepoznato,Ž,267
2013,Broj,Gračanica,Nepoznato,Ž,281
2013,Broj,Gradačac,Nepoznato,Ž,206
2013,Broj,Grude,Nepoznato,Ž,135
2013,Broj,Sarajevo-Hadžići,Nepoznato,Ž,130
2013,Broj,Sarajevo-Ilidža,Nepoznato,Ž,269
2013,Broj,Sarajevo-Ilijaš,Nepoznato,Ž,77
2013,Broj,Jablanica,Nepoznato,Ž,37
2013,Broj,Jajce,Nepoznato,Ž,298
2013,Broj,Kakanj,Nepoznato,Ž,210
2013,Broj,Kalesija,Nepoznato,Ž,286
2013,Broj,Kiseljak,Nepoznato,Ž,135
2013,Broj,Kladanj,Nepoznato,Ž,66
2013,Broj,Ključ,Nepoznato,Ž,102
2013,Broj,Konjic,Nepoznato,Ž,222
2013,Broj,Kreševo,Nepoznato,Ž,35
2013,Broj,Kupres-FBiH,Nepoznato,Ž,34
2013,Broj,Livno,Nepoznato,Ž,215
2013,Broj,Lukavac,Nepoznato,Ž,225
2013,Broj,Ljubuški,Nepoznato,Ž,197
2013,Broj,Maglaj,Nepoznato,Ž,167
2013,Broj,Mostar,Nepoznato,Ž,594
2013,Broj,Neum,Nepoznato,Ž,27
2013,Broj,Sarajevo-Novi Grad,Nepoznato,Ž,425
2013,Broj,Novi Travnik,Nepoznato,Ž,222
2013,Broj,Sarajevo-Novo Sarajevo,Nepoznato,Ž,153
2013,Broj,Odžak,Nepoznato,Ž,171
2013,Broj,Olovo,Nepoznato,Ž,101
2013,Broj,Orašje,Nepoznato,Ž,153
2013,Broj,Pale-FBiH,Nepoznato,Ž,3
2013,Broj,Posušje,Nepoznato,Ž,142
2013,Broj,Prozor,Nepoznato,Ž,194
2013,Broj,Ravno,Nepoznato,Ž,24
2013,Broj,Sanski Most,Nepoznato,Ž,321
2013,Broj,Sapna,Nepoznato,Ž,67
2013,Broj,Srebrenik,Nepoznato,Ž,329
2013,Broj,Sarajevo-Stari Grad,Nepoznato,Ž,124
2013,Broj,Stolac,Nepoznato,Ž,100
2013,Broj,Široki Brijeg,Nepoznato,Ž,261
2013,Broj,Teočak,Nepoznato,Ž,36
2013,Broj,Tešanj,Nepoznato,Ž,220
2013,Broj,Tomislavgrad,Nepoznato,Ž,222
2013,Broj,Travnik,Nepoznato,Ž,538
2013,Broj,Trnovo-FBiH,Nepoznato,Ž,4
2013,Broj,Tuzla,Nepoznato,Ž,432
2013,Broj,Usora,Nepoznato,Ž,36
2013,Broj,Vareš,Nepoznato,Ž,53
2013,Broj,Velika Kladuša,Nepoznato,Ž,222
2013,Broj,Visoko,Nepoznato,Ž,155
2013,Broj,Vitez,Nepoznato,Ž,235
2013,Broj,Sarajevo-Vogošća,Nepoznato,Ž,92
2013,Broj,Zavidovići,Nepoznato,Ž,237
2013,Broj,Zenica,Nepoznato,Ž,438
2013,Broj,Žepče,Nepoznato,Ž,186
2013,Broj,Živinice,Nepoznato,Ž,266
