Year,UNIT_MEASURE,Općina,Spol,Education,Value
2013,Broj,Banovići,Oba spola,Bez obrazovanja,692
2013,Broj,Bihać,Oba spola,Bez obrazovanja,1976
2013,Broj,Bosanska Krupa,Oba spola,Bez obrazovanja,1511
2013,Broj,Bosanski Petrovac,Oba spola,Bez obrazovanja,399
2013,Broj,Bosansko Grahovo,Oba spola,Bez obrazovanja,127
2013,Broj,Breza,Oba spola,Bez obrazovanja,589
2013,Broj,Bugojno,Oba spola,Bez obrazovanja,1137
2013,Broj,Busovača,Oba spola,Bez obrazovanja,755
2013,Broj,Bužim,Oba spola,Bez obrazovanja,938
2013,Broj,Cazin,Oba spola,Bez obrazovanja,3220
2013,Broj,Sarajevo-Centar,Oba spola,Bez obrazovanja,675
2013,Broj,Čapljina,Oba spola,Bez obrazovanja,793
2013,Broj,Čelić,Oba spola,Bez obrazovanja,685
2013,Broj,Čitluk,Oba spola,Bez obrazovanja,369
2013,Broj,Doboj-Istok,Oba spola,Bez obrazovanja,682
2013,Broj,Doboj-Jug,Oba spola,Bez obrazovanja,130
2013,Broj,Dobretići,Oba spola,Bez obrazovanja,174
2013,Broj,Domaljevac-Šamac,Oba spola,Bez obrazovanja,259
2013,Broj,Donji Vakuf,Oba spola,Bez obrazovanja,631
2013,Broj,Drvar,Oba spola,Bez obrazovanja,273
2013,Broj,Foča-FBiH,Oba spola,Bez obrazovanja,148
2013,Broj,Fojnica,Oba spola,Bez obrazovanja,681
2013,Broj,Glamoč,Oba spola,Bez obrazovanja,244
2013,Broj,Goražde,Oba spola,Bez obrazovanja,915
2013,Broj,Gornji Vakuf-Uskoplje,Oba spola,Bez obrazovanja,1145
2013,Broj,Gračanica,Oba spola,Bez obrazovanja,1989
2013,Broj,Gradačac,Oba spola,Bez obrazovanja,1660
2013,Broj,Grude,Oba spola,Bez obrazovanja,526
2013,Broj,Sarajevo-Hadžići,Oba spola,Bez obrazovanja,1177
2013,Broj,Sarajevo-Ilidža,Oba spola,Bez obrazovanja,1729
2013,Broj,Sarajevo-Ilijaš,Oba spola,Bez obrazovanja,990
2013,Broj,Jablanica,Oba spola,Bez obrazovanja,483
2013,Broj,Jajce,Oba spola,Bez obrazovanja,1443
2013,Broj,Kakanj,Oba spola,Bez obrazovanja,1699
2013,Broj,Kalesija,Oba spola,Bez obrazovanja,1714
2013,Broj,Kiseljak,Oba spola,Bez obrazovanja,860
2013,Broj,Kladanj,Oba spola,Bez obrazovanja,455
2013,Broj,Ključ,Oba spola,Bez obrazovanja,918
2013,Broj,Konjic,Oba spola,Bez obrazovanja,1320
2013,Broj,Kreševo,Oba spola,Bez obrazovanja,290
2013,Broj,Kupres-FBiH,Oba spola,Bez obrazovanja,217
2013,Broj,Livno,Oba spola,Bez obrazovanja,1393
2013,Broj,Lukavac,Oba spola,Bez obrazovanja,2081
2013,Broj,Ljubuški,Oba spola,Bez obrazovanja,691
2013,Broj,Maglaj,Oba spola,Bez obrazovanja,831
2013,Broj,Mostar,Oba spola,Bez obrazovanja,2024
2013,Broj,Neum,Oba spola,Bez obrazovanja,204
2013,Broj,Sarajevo-Novi Grad,Oba spola,Bez obrazovanja,2624
2013,Broj,Novi Travnik,Oba spola,Bez obrazovanja,844
2013,Broj,Sarajevo-Novo Sarajevo,Oba spola,Bez obrazovanja,872
2013,Broj,Odžak,Oba spola,Bez obrazovanja,899
2013,Broj,Olovo,Oba spola,Bez obrazovanja,511
2013,Broj,Orašje,Oba spola,Bez obrazovanja,719
2013,Broj,Pale-FBiH,Oba spola,Bez obrazovanja,70
2013,Broj,Posušje,Oba spola,Bez obrazovanja,779
2013,Broj,Prozor,Oba spola,Bez obrazovanja,943
2013,Broj,Ravno,Oba spola,Bez obrazovanja,83
2013,Broj,Sanski Most,Oba spola,Bez obrazovanja,2061
2013,Broj,Sapna,Oba spola,Bez obrazovanja,760
2013,Broj,Srebrenik,Oba spola,Bez obrazovanja,2208
2013,Broj,Sarajevo-Stari Grad,Oba spola,Bez obrazovanja,710
2013,Broj,Stolac,Oba spola,Bez obrazovanja,570
2013,Broj,Široki Brijeg,Oba spola,Bez obrazovanja,964
2013,Broj,Teočak,Oba spola,Bez obrazovanja,410
2013,Broj,Tešanj,Oba spola,Bez obrazovanja,1730
2013,Broj,Tomislavgrad,Oba spola,Bez obrazovanja,1432
2013,Broj,Travnik,Oba spola,Bez obrazovanja,2182
2013,Broj,Trnovo-FBiH,Oba spola,Bez obrazovanja,203
2013,Broj,Tuzla,Oba spola,Bez obrazovanja,3226
2013,Broj,Usora,Oba spola,Bez obrazovanja,420
2013,Broj,Vareš,Oba spola,Bez obrazovanja,299
2013,Broj,Velika Kladuša,Oba spola,Bez obrazovanja,2257
2013,Broj,Visoko,Oba spola,Bez obrazovanja,1394
2013,Broj,Vitez,Oba spola,Bez obrazovanja,816
2013,Broj,Sarajevo-Vogošća,Oba spola,Bez obrazovanja,786
2013,Broj,Zavidovići,Oba spola,Bez obrazovanja,1563
2013,Broj,Zenica,Oba spola,Bez obrazovanja,2731
2013,Broj,Žepče,Oba spola,Bez obrazovanja,1143
2013,Broj,Živinice,Oba spola,Bez obrazovanja,2673
2013,Broj,Banovići,M,Bez obrazovanja,70
2013,Broj,Bihać,M,Bez obrazovanja,356
2013,Broj,Bosanska Krupa,M,Bez obrazovanja,309
2013,Broj,Bosanski Petrovac,M,Bez obrazovanja,72
2013,Broj,Bosansko Grahovo,M,Bez obrazovanja,7
2013,Broj,Breza,M,Bez obrazovanja,37
2013,Broj,Bugojno,M,Bez obrazovanja,180
2013,Broj,Busovača,M,Bez obrazovanja,98
2013,Broj,Bužim,M,Bez obrazovanja,230
2013,Broj,Cazin,M,Bez obrazovanja,649
2013,Broj,Sarajevo-Centar,M,Bez obrazovanja,103
2013,Broj,Čapljina,M,Bez obrazovanja,106
2013,Broj,Čelić,M,Bez obrazovanja,173
2013,Broj,Čitluk,M,Bez obrazovanja,46
2013,Broj,Doboj-Istok,M,Bez obrazovanja,136
2013,Broj,Doboj-Jug,M,Bez obrazovanja,4
2013,Broj,Dobretići,M,Bez obrazovanja,34
2013,Broj,Domaljevac-Šamac,M,Bez obrazovanja,54
2013,Broj,Donji Vakuf,M,Bez obrazovanja,129
2013,Broj,Drvar,M,Bez obrazovanja,39
2013,Broj,Foča-FBiH,M,Bez obrazovanja,24
2013,Broj,Fojnica,M,Bez obrazovanja,133
2013,Broj,Glamoč,M,Bez obrazovanja,40
2013,Broj,Goražde,M,Bez obrazovanja,118
2013,Broj,Gornji Vakuf-Uskoplje,M,Bez obrazovanja,260
2013,Broj,Gračanica,M,Bez obrazovanja,353
2013,Broj,Gradačac,M,Bez obrazovanja,344
2013,Broj,Grude,M,Bez obrazovanja,89
2013,Broj,Sarajevo-Hadžići,M,Bez obrazovanja,266
2013,Broj,Sarajevo-Ilidža,M,Bez obrazovanja,234
2013,Broj,Sarajevo-Ilijaš,M,Bez obrazovanja,112
2013,Broj,Jablanica,M,Bez obrazovanja,59
2013,Broj,Jajce,M,Bez obrazovanja,281
2013,Broj,Kakanj,M,Bez obrazovanja,287
2013,Broj,Kalesija,M,Bez obrazovanja,274
2013,Broj,Kiseljak,M,Bez obrazovanja,128
2013,Broj,Kladanj,M,Bez obrazovanja,76
2013,Broj,Ključ,M,Bez obrazovanja,132
2013,Broj,Konjic,M,Bez obrazovanja,204
2013,Broj,Kreševo,M,Bez obrazovanja,41
2013,Broj,Kupres-FBiH,M,Bez obrazovanja,37
2013,Broj,Livno,M,Bez obrazovanja,201
2013,Broj,Lukavac,M,Bez obrazovanja,267
2013,Broj,Ljubuški,M,Bez obrazovanja,91
2013,Broj,Maglaj,M,Bez obrazovanja,121
2013,Broj,Mostar,M,Bez obrazovanja,275
2013,Broj,Neum,M,Bez obrazovanja,34
2013,Broj,Sarajevo-Novi Grad,M,Bez obrazovanja,362
2013,Broj,Novi Travnik,M,Bez obrazovanja,126
2013,Broj,Sarajevo-Novo Sarajevo,M,Bez obrazovanja,119
2013,Broj,Odžak,M,Bez obrazovanja,182
2013,Broj,Olovo,M,Bez obrazovanja,62
2013,Broj,Orašje,M,Bez obrazovanja,131
2013,Broj,Pale-FBiH,M,Bez obrazovanja,17
2013,Broj,Posušje,M,Bez obrazovanja,134
2013,Broj,Prozor,M,Bez obrazovanja,204
2013,Broj,Ravno,M,Bez obrazovanja,7
2013,Broj,Sanski Most,M,Bez obrazovanja,366
2013,Broj,Sapna,M,Bez obrazovanja,148
2013,Broj,Srebrenik,M,Bez obrazovanja,384
2013,Broj,Sarajevo-Stari Grad,M,Bez obrazovanja,100
2013,Broj,Stolac,M,Bez obrazovanja,112
2013,Broj,Široki Brijeg,M,Bez obrazovanja,136
2013,Broj,Teočak,M,Bez obrazovanja,82
2013,Broj,Tešanj,M,Bez obrazovanja,266
2013,Broj,Tomislavgrad,M,Bez obrazovanja,256
2013,Broj,Travnik,M,Bez obrazovanja,445
2013,Broj,Trnovo-FBiH,M,Bez obrazovanja,28
2013,Broj,Tuzla,M,Bez obrazovanja,413
2013,Broj,Usora,M,Bez obrazovanja,48
2013,Broj,Vareš,M,Bez obrazovanja,30
2013,Broj,Velika Kladuša,M,Bez obrazovanja,495
2013,Broj,Visoko,M,Bez obrazovanja,218
2013,Broj,Vitez,M,Bez obrazovanja,126
2013,Broj,Sarajevo-Vogošća,M,Bez obrazovanja,93
2013,Broj,Zavidovići,M,Bez obrazovanja,259
2013,Broj,Zenica,M,Bez obrazovanja,429
2013,Broj,Žepče,M,Bez obrazovanja,175
2013,Broj,Živinice,M,Bez obrazovanja,369
2013,Broj,Banovići,Ž,Bez obrazovanja,622
2013,Broj,Bihać,Ž,Bez obrazovanja,1620
2013,Broj,Bosanska Krupa,Ž,Bez obrazovanja,1202
2013,Broj,Bosanski Petrovac,Ž,Bez obrazovanja,327
2013,Broj,Bosansko Grahovo,Ž,Bez obrazovanja,120
2013,Broj,Breza,Ž,Bez obrazovanja,552
2013,Broj,Bugojno,Ž,Bez obrazovanja,957
2013,Broj,Busovača,Ž,Bez obrazovanja,657
2013,Broj,Bužim,Ž,Bez obrazovanja,708
2013,Broj,Cazin,Ž,Bez obrazovanja,2571
2013,Broj,Sarajevo-Centar,Ž,Bez obrazovanja,572
2013,Broj,Čapljina,Ž,Bez obrazovanja,687
2013,Broj,Čelić,Ž,Bez obrazovanja,512
2013,Broj,Čitluk,Ž,Bez obrazovanja,323
2013,Broj,Doboj-Istok,Ž,Bez obrazovanja,546
2013,Broj,Doboj-Jug,Ž,Bez obrazovanja,126
2013,Broj,Dobretići,Ž,Bez obrazovanja,140
2013,Broj,Domaljevac-Šamac,Ž,Bez obrazovanja,205
2013,Broj,Donji Vakuf,Ž,Bez obrazovanja,502
2013,Broj,Drvar,Ž,Bez obrazovanja,234
2013,Broj,Foča-FBiH,Ž,Bez obrazovanja,124
2013,Broj,Fojnica,Ž,Bez obrazovanja,548
2013,Broj,Glamoč,Ž,Bez obrazovanja,204
2013,Broj,Goražde,Ž,Bez obrazovanja,797
2013,Broj,Gornji Vakuf-Uskoplje,Ž,Bez obrazovanja,885
2013,Broj,Gračanica,Ž,Bez obrazovanja,1636
2013,Broj,Gradačac,Ž,Bez obrazovanja,1316
2013,Broj,Grude,Ž,Bez obrazovanja,437
2013,Broj,Sarajevo-Hadžići,Ž,Bez obrazovanja,911
2013,Broj,Sarajevo-Ilidža,Ž,Bez obrazovanja,1495
2013,Broj,Sarajevo-Ilijaš,Ž,Bez obrazovanja,878
2013,Broj,Jablanica,Ž,Bez obrazovanja,424
2013,Broj,Jajce,Ž,Bez obrazovanja,1162
2013,Broj,Kakanj,Ž,Bez obrazovanja,1412
2013,Broj,Kalesija,Ž,Bez obrazovanja,1440
2013,Broj,Kiseljak,Ž,Bez obrazovanja,732
2013,Broj,Kladanj,Ž,Bez obrazovanja,379
2013,Broj,Ključ,Ž,Bez obrazovanja,786
2013,Broj,Konjic,Ž,Bez obrazovanja,1116
2013,Broj,Kreševo,Ž,Bez obrazovanja,249
2013,Broj,Kupres-FBiH,Ž,Bez obrazovanja,180
2013,Broj,Livno,Ž,Bez obrazovanja,1192
2013,Broj,Lukavac,Ž,Bez obrazovanja,1814
2013,Broj,Ljubuški,Ž,Bez obrazovanja,600
2013,Broj,Maglaj,Ž,Bez obrazovanja,710
2013,Broj,Mostar,Ž,Bez obrazovanja,1749
2013,Broj,Neum,Ž,Bez obrazovanja,170
2013,Broj,Sarajevo-Novi Grad,Ž,Bez obrazovanja,2262
2013,Broj,Novi Travnik,Ž,Bez obrazovanja,718
2013,Broj,Sarajevo-Novo Sarajevo,Ž,Bez obrazovanja,753
2013,Broj,Odžak,Ž,Bez obrazovanja,717
2013,Broj,Olovo,Ž,Bez obrazovanja,449
2013,Broj,Orašje,Ž,Bez obrazovanja,588
2013,Broj,Pale-FBiH,Ž,Bez obrazovanja,53
2013,Broj,Posušje,Ž,Bez obrazovanja,645
2013,Broj,Prozor,Ž,Bez obrazovanja,739
2013,Broj,Ravno,Ž,Bez obrazovanja,76
2013,Broj,Sanski Most,Ž,Bez obrazovanja,1695
2013,Broj,Sapna,Ž,Bez obrazovanja,612
2013,Broj,Srebrenik,Ž,Bez obrazovanja,1824
2013,Broj,Sarajevo-Stari Grad,Ž,Bez obrazovanja,610
2013,Broj,Stolac,Ž,Bez obrazovanja,458
2013,Broj,Široki Brijeg,Ž,Bez obrazovanja,828
2013,Broj,Teočak,Ž,Bez obrazovanja,328
2013,Broj,Tešanj,Ž,Bez obrazovanja,1464
2013,Broj,Tomislavgrad,Ž,Bez obrazovanja,1176
2013,Broj,Travnik,Ž,Bez obrazovanja,1737
2013,Broj,Trnovo-FBiH,Ž,Bez obrazovanja,175
2013,Broj,Tuzla,Ž,Bez obrazovanja,2813
2013,Broj,Usora,Ž,Bez obrazovanja,372
2013,Broj,Vareš,Ž,Bez obrazovanja,269
2013,Broj,Velika Kladuša,Ž,Bez obrazovanja,1762
2013,Broj,Visoko,Ž,Bez obrazovanja,1176
2013,Broj,Vitez,Ž,Bez obrazovanja,690
2013,Broj,Sarajevo-Vogošća,Ž,Bez obrazovanja,693
2013,Broj,Zavidovići,Ž,Bez obrazovanja,1304
2013,Broj,Zenica,Ž,Bez obrazovanja,2302
2013,Broj,Žepče,Ž,Bez obrazovanja,968
2013,Broj,Živinice,Ž,Bez obrazovanja,2304
2013,Broj,Banovići,Oba spola,Nepotpuno osnovno obrazovanje,1845
2013,Broj,Bihać,Oba spola,Nepotpuno osnovno obrazovanje,3478
2013,Broj,Bosanska Krupa,Oba spola,Nepotpuno osnovno obrazovanje,2675
2013,Broj,Bosanski Petrovac,Oba spola,Nepotpuno osnovno obrazovanje,782
2013,Broj,Bosansko Grahovo,Oba spola,Nepotpuno osnovno obrazovanje,337
2013,Broj,Breza,Oba spola,Nepotpuno osnovno obrazovanje,1289
2013,Broj,Bugojno,Oba spola,Nepotpuno osnovno obrazovanje,2265
2013,Broj,Busovača,Oba spola,Nepotpuno osnovno obrazovanje,1492
2013,Broj,Bužim,Oba spola,Nepotpuno osnovno obrazovanje,1875
2013,Broj,Cazin,Oba spola,Nepotpuno osnovno obrazovanje,5704
2013,Broj,Sarajevo-Centar,Oba spola,Nepotpuno osnovno obrazovanje,1129
2013,Broj,Čapljina,Oba spola,Nepotpuno osnovno obrazovanje,1671
2013,Broj,Čelić,Oba spola,Nepotpuno osnovno obrazovanje,1336
2013,Broj,Čitluk,Oba spola,Nepotpuno osnovno obrazovanje,1074
2013,Broj,Doboj-Istok,Oba spola,Nepotpuno osnovno obrazovanje,974
2013,Broj,Doboj-Jug,Oba spola,Nepotpuno osnovno obrazovanje,266
2013,Broj,Dobretići,Oba spola,Nepotpuno osnovno obrazovanje,150
2013,Broj,Domaljevac-Šamac,Oba spola,Nepotpuno osnovno obrazovanje,687
2013,Broj,Donji Vakuf,Oba spola,Nepotpuno osnovno obrazovanje,1308
2013,Broj,Drvar,Oba spola,Nepotpuno osnovno obrazovanje,534
2013,Broj,Foča-FBiH,Oba spola,Nepotpuno osnovno obrazovanje,225
2013,Broj,Fojnica,Oba spola,Nepotpuno osnovno obrazovanje,1369
2013,Broj,Glamoč,Oba spola,Nepotpuno osnovno obrazovanje,443
2013,Broj,Goražde,Oba spola,Nepotpuno osnovno obrazovanje,1388
2013,Broj,Gornji Vakuf-Uskoplje,Oba spola,Nepotpuno osnovno obrazovanje,1628
2013,Broj,Gračanica,Oba spola,Nepotpuno osnovno obrazovanje,4661
2013,Broj,Gradačac,Oba spola,Nepotpuno osnovno obrazovanje,4577
2013,Broj,Grude,Oba spola,Nepotpuno osnovno obrazovanje,1079
2013,Broj,Sarajevo-Hadžići,Oba spola,Nepotpuno osnovno obrazovanje,1630
2013,Broj,Sarajevo-Ilidža,Oba spola,Nepotpuno osnovno obrazovanje,2597
2013,Broj,Sarajevo-Ilijaš,Oba spola,Nepotpuno osnovno obrazovanje,1548
2013,Broj,Jablanica,Oba spola,Nepotpuno osnovno obrazovanje,1031
2013,Broj,Jajce,Oba spola,Nepotpuno osnovno obrazovanje,3291
2013,Broj,Kakanj,Oba spola,Nepotpuno osnovno obrazovanje,3704
2013,Broj,Kalesija,Oba spola,Nepotpuno osnovno obrazovanje,3528
2013,Broj,Kiseljak,Oba spola,Nepotpuno osnovno obrazovanje,1873
2013,Broj,Kladanj,Oba spola,Nepotpuno osnovno obrazovanje,1154
2013,Broj,Ključ,Oba spola,Nepotpuno osnovno obrazovanje,1516
2013,Broj,Konjic,Oba spola,Nepotpuno osnovno obrazovanje,2665
2013,Broj,Kreševo,Oba spola,Nepotpuno osnovno obrazovanje,477
2013,Broj,Kupres-FBiH,Oba spola,Nepotpuno osnovno obrazovanje,421
2013,Broj,Livno,Oba spola,Nepotpuno osnovno obrazovanje,3312
2013,Broj,Lukavac,Oba spola,Nepotpuno osnovno obrazovanje,4069
2013,Broj,Ljubuški,Oba spola,Nepotpuno osnovno obrazovanje,2547
2013,Broj,Maglaj,Oba spola,Nepotpuno osnovno obrazovanje,2087
2013,Broj,Mostar,Oba spola,Nepotpuno osnovno obrazovanje,4310
2013,Broj,Neum,Oba spola,Nepotpuno osnovno obrazovanje,282
2013,Broj,Sarajevo-Novi Grad,Oba spola,Nepotpuno osnovno obrazovanje,4062
2013,Broj,Novi Travnik,Oba spola,Nepotpuno osnovno obrazovanje,1863
2013,Broj,Sarajevo-Novo Sarajevo,Oba spola,Nepotpuno osnovno obrazovanje,1351
2013,Broj,Odžak,Oba spola,Nepotpuno osnovno obrazovanje,1925
2013,Broj,Olovo,Oba spola,Nepotpuno osnovno obrazovanje,1122
2013,Broj,Orašje,Oba spola,Nepotpuno osnovno obrazovanje,2799
2013,Broj,Pale-FBiH,Oba spola,Nepotpuno osnovno obrazovanje,92
2013,Broj,Posušje,Oba spola,Nepotpuno osnovno obrazovanje,864
2013,Broj,Prozor,Oba spola,Nepotpuno osnovno obrazovanje,1507
2013,Broj,Ravno,Oba spola,Nepotpuno osnovno obrazovanje,206
2013,Broj,Sanski Most,Oba spola,Nepotpuno osnovno obrazovanje,2511
2013,Broj,Sapna,Oba spola,Nepotpuno osnovno obrazovanje,1367
2013,Broj,Srebrenik,Oba spola,Nepotpuno osnovno obrazovanje,4665
2013,Broj,Sarajevo-Stari Grad,Oba spola,Nepotpuno osnovno obrazovanje,1020
2013,Broj,Stolac,Oba spola,Nepotpuno osnovno obrazovanje,902
2013,Broj,Široki Brijeg,Oba spola,Nepotpuno osnovno obrazovanje,1777
2013,Broj,Teočak,Oba spola,Nepotpuno osnovno obrazovanje,762
2013,Broj,Tešanj,Oba spola,Nepotpuno osnovno obrazovanje,3225
2013,Broj,Tomislavgrad,Oba spola,Nepotpuno osnovno obrazovanje,2290
2013,Broj,Travnik,Oba spola,Nepotpuno osnovno obrazovanje,5388
2013,Broj,Trnovo-FBiH,Oba spola,Nepotpuno osnovno obrazovanje,217
2013,Broj,Tuzla,Oba spola,Nepotpuno osnovno obrazovanje,6228
2013,Broj,Usora,Oba spola,Nepotpuno osnovno obrazovanje,478
2013,Broj,Vareš,Oba spola,Nepotpuno osnovno obrazovanje,1345
2013,Broj,Velika Kladuša,Oba spola,Nepotpuno osnovno obrazovanje,5157
2013,Broj,Visoko,Oba spola,Nepotpuno osnovno obrazovanje,3457
2013,Broj,Vitez,Oba spola,Nepotpuno osnovno obrazovanje,1941
2013,Broj,Sarajevo-Vogošća,Oba spola,Nepotpuno osnovno obrazovanje,1115
2013,Broj,Zavidovići,Oba spola,Nepotpuno osnovno obrazovanje,3318
2013,Broj,Zenica,Oba spola,Nepotpuno osnovno obrazovanje,8547
2013,Broj,Žepče,Oba spola,Nepotpuno osnovno obrazovanje,2487
2013,Broj,Živinice,Oba spola,Nepotpuno osnovno obrazovanje,5685
2013,Broj,Banovići,M,Nepotpuno osnovno obrazovanje,295
2013,Broj,Bihać,M,Nepotpuno osnovno obrazovanje,1050
2013,Broj,Bosanska Krupa,M,Nepotpuno osnovno obrazovanje,998
2013,Broj,Bosanski Petrovac,M,Nepotpuno osnovno obrazovanje,284
2013,Broj,Bosansko Grahovo,M,Nepotpuno osnovno obrazovanje,109
2013,Broj,Breza,M,Nepotpuno osnovno obrazovanje,303
2013,Broj,Bugojno,M,Nepotpuno osnovno obrazovanje,621
2013,Broj,Busovača,M,Nepotpuno osnovno obrazovanje,359
2013,Broj,Bužim,M,Nepotpuno osnovno obrazovanje,703
2013,Broj,Cazin,M,Nepotpuno osnovno obrazovanje,2086
2013,Broj,Sarajevo-Centar,M,Nepotpuno osnovno obrazovanje,181
2013,Broj,Čapljina,M,Nepotpuno osnovno obrazovanje,425
2013,Broj,Čelić,M,Nepotpuno osnovno obrazovanje,544
2013,Broj,Čitluk,M,Nepotpuno osnovno obrazovanje,325
2013,Broj,Doboj-Istok,M,Nepotpuno osnovno obrazovanje,279
2013,Broj,Doboj-Jug,M,Nepotpuno osnovno obrazovanje,61
2013,Broj,Dobretići,M,Nepotpuno osnovno obrazovanje,81
2013,Broj,Domaljevac-Šamac,M,Nepotpuno osnovno obrazovanje,297
2013,Broj,Donji Vakuf,M,Nepotpuno osnovno obrazovanje,370
2013,Broj,Drvar,M,Nepotpuno osnovno obrazovanje,105
2013,Broj,Foča-FBiH,M,Nepotpuno osnovno obrazovanje,71
2013,Broj,Fojnica,M,Nepotpuno osnovno obrazovanje,466
2013,Broj,Glamoč,M,Nepotpuno osnovno obrazovanje,146
2013,Broj,Goražde,M,Nepotpuno osnovno obrazovanje,309
2013,Broj,Gornji Vakuf-Uskoplje,M,Nepotpuno osnovno obrazovanje,449
2013,Broj,Gračanica,M,Nepotpuno osnovno obrazovanje,1278
2013,Broj,Gradačac,M,Nepotpuno osnovno obrazovanje,1387
2013,Broj,Grude,M,Nepotpuno osnovno obrazovanje,352
2013,Broj,Sarajevo-Hadžići,M,Nepotpuno osnovno obrazovanje,272
2013,Broj,Sarajevo-Ilidža,M,Nepotpuno osnovno obrazovanje,419
2013,Broj,Sarajevo-Ilijaš,M,Nepotpuno osnovno obrazovanje,336
2013,Broj,Jablanica,M,Nepotpuno osnovno obrazovanje,254
2013,Broj,Jajce,M,Nepotpuno osnovno obrazovanje,1039
2013,Broj,Kakanj,M,Nepotpuno osnovno obrazovanje,821
2013,Broj,Kalesija,M,Nepotpuno osnovno obrazovanje,878
2013,Broj,Kiseljak,M,Nepotpuno osnovno obrazovanje,493
2013,Broj,Kladanj,M,Nepotpuno osnovno obrazovanje,287
2013,Broj,Ključ,M,Nepotpuno osnovno obrazovanje,536
2013,Broj,Konjic,M,Nepotpuno osnovno obrazovanje,778
2013,Broj,Kreševo,M,Nepotpuno osnovno obrazovanje,138
2013,Broj,Kupres-FBiH,M,Nepotpuno osnovno obrazovanje,170
2013,Broj,Livno,M,Nepotpuno osnovno obrazovanje,1238
2013,Broj,Lukavac,M,Nepotpuno osnovno obrazovanje,778
2013,Broj,Ljubuški,M,Nepotpuno osnovno obrazovanje,889
2013,Broj,Maglaj,M,Nepotpuno osnovno obrazovanje,553
2013,Broj,Mostar,M,Nepotpuno osnovno obrazovanje,929
2013,Broj,Neum,M,Nepotpuno osnovno obrazovanje,87
2013,Broj,Sarajevo-Novi Grad,M,Nepotpuno osnovno obrazovanje,739
2013,Broj,Novi Travnik,M,Nepotpuno osnovno obrazovanje,359
2013,Broj,Sarajevo-Novo Sarajevo,M,Nepotpuno osnovno obrazovanje,210
2013,Broj,Odžak,M,Nepotpuno osnovno obrazovanje,718
2013,Broj,Olovo,M,Nepotpuno osnovno obrazovanje,243
2013,Broj,Orašje,M,Nepotpuno osnovno obrazovanje,1110
2013,Broj,Pale-FBiH,M,Nepotpuno osnovno obrazovanje,25
2013,Broj,Posušje,M,Nepotpuno osnovno obrazovanje,293
2013,Broj,Prozor,M,Nepotpuno osnovno obrazovanje,528
2013,Broj,Ravno,M,Nepotpuno osnovno obrazovanje,53
2013,Broj,Sanski Most,M,Nepotpuno osnovno obrazovanje,849
2013,Broj,Sapna,M,Nepotpuno osnovno obrazovanje,325
2013,Broj,Srebrenik,M,Nepotpuno osnovno obrazovanje,1428
2013,Broj,Sarajevo-Stari Grad,M,Nepotpuno osnovno obrazovanje,155
2013,Broj,Stolac,M,Nepotpuno osnovno obrazovanje,278
2013,Broj,Široki Brijeg,M,Nepotpuno osnovno obrazovanje,538
2013,Broj,Teočak,M,Nepotpuno osnovno obrazovanje,197
2013,Broj,Tešanj,M,Nepotpuno osnovno obrazovanje,947
2013,Broj,Tomislavgrad,M,Nepotpuno osnovno obrazovanje,803
2013,Broj,Travnik,M,Nepotpuno osnovno obrazovanje,1567
2013,Broj,Trnovo-FBiH,M,Nepotpuno osnovno obrazovanje,67
2013,Broj,Tuzla,M,Nepotpuno osnovno obrazovanje,1450
2013,Broj,Usora,M,Nepotpuno osnovno obrazovanje,178
2013,Broj,Vareš,M,Nepotpuno osnovno obrazovanje,264
2013,Broj,Velika Kladuša,M,Nepotpuno osnovno obrazovanje,2005
2013,Broj,Visoko,M,Nepotpuno osnovno obrazovanje,921
2013,Broj,Vitez,M,Nepotpuno osnovno obrazovanje,481
2013,Broj,Sarajevo-Vogošća,M,Nepotpuno osnovno obrazovanje,189
2013,Broj,Zavidovići,M,Nepotpuno osnovno obrazovanje,1010
2013,Broj,Zenica,M,Nepotpuno osnovno obrazovanje,1864
2013,Broj,Žepče,M,Nepotpuno osnovno obrazovanje,743
2013,Broj,Živinice,M,Nepotpuno osnovno obrazovanje,1104
2013,Broj,Banovići,Ž,Nepotpuno osnovno obrazovanje,1550
2013,Broj,Bihać,Ž,Nepotpuno osnovno obrazovanje,2428
2013,Broj,Bosanska Krupa,Ž,Nepotpuno osnovno obrazovanje,1677
2013,Broj,Bosanski Petrovac,Ž,Nepotpuno osnovno obrazovanje,498
2013,Broj,Bosansko Grahovo,Ž,Nepotpuno osnovno obrazovanje,228
2013,Broj,Breza,Ž,Nepotpuno osnovno obrazovanje,986
2013,Broj,Bugojno,Ž,Nepotpuno osnovno obrazovanje,1644
2013,Broj,Busovača,Ž,Nepotpuno osnovno obrazovanje,1133
2013,Broj,Bužim,Ž,Nepotpuno osnovno obrazovanje,1172
2013,Broj,Cazin,Ž,Nepotpuno osnovno obrazovanje,3618
2013,Broj,Sarajevo-Centar,Ž,Nepotpuno osnovno obrazovanje,948
2013,Broj,Čapljina,Ž,Nepotpuno osnovno obrazovanje,1246
2013,Broj,Čelić,Ž,Nepotpuno osnovno obrazovanje,792
2013,Broj,Čitluk,Ž,Nepotpuno osnovno obrazovanje,749
2013,Broj,Doboj-Istok,Ž,Nepotpuno osnovno obrazovanje,695
2013,Broj,Doboj-Jug,Ž,Nepotpuno osnovno obrazovanje,205
2013,Broj,Dobretići,Ž,Nepotpuno osnovno obrazovanje,69
2013,Broj,Domaljevac-Šamac,Ž,Nepotpuno osnovno obrazovanje,390
2013,Broj,Donji Vakuf,Ž,Nepotpuno osnovno obrazovanje,938
2013,Broj,Drvar,Ž,Nepotpuno osnovno obrazovanje,429
2013,Broj,Foča-FBiH,Ž,Nepotpuno osnovno obrazovanje,154
2013,Broj,Fojnica,Ž,Nepotpuno osnovno obrazovanje,903
2013,Broj,Glamoč,Ž,Nepotpuno osnovno obrazovanje,297
2013,Broj,Goražde,Ž,Nepotpuno osnovno obrazovanje,1079
2013,Broj,Gornji Vakuf-Uskoplje,Ž,Nepotpuno osnovno obrazovanje,1179
2013,Broj,Gračanica,Ž,Nepotpuno osnovno obrazovanje,3383
2013,Broj,Gradačac,Ž,Nepotpuno osnovno obrazovanje,3190
2013,Broj,Grude,Ž,Nepotpuno osnovno obrazovanje,727
2013,Broj,Sarajevo-Hadžići,Ž,Nepotpuno osnovno obrazovanje,1358
2013,Broj,Sarajevo-Ilidža,Ž,Nepotpuno osnovno obrazovanje,2178
2013,Broj,Sarajevo-Ilijaš,Ž,Nepotpuno osnovno obrazovanje,1212
2013,Broj,Jablanica,Ž,Nepotpuno osnovno obrazovanje,777
2013,Broj,Jajce,Ž,Nepotpuno osnovno obrazovanje,2252
2013,Broj,Kakanj,Ž,Nepotpuno osnovno obrazovanje,2883
2013,Broj,Kalesija,Ž,Nepotpuno osnovno obrazovanje,2650
2013,Broj,Kiseljak,Ž,Nepotpuno osnovno obrazovanje,1380
2013,Broj,Kladanj,Ž,Nepotpuno osnovno obrazovanje,867
2013,Broj,Ključ,Ž,Nepotpuno osnovno obrazovanje,980
2013,Broj,Konjic,Ž,Nepotpuno osnovno obrazovanje,1887
2013,Broj,Kreševo,Ž,Nepotpuno osnovno obrazovanje,339
2013,Broj,Kupres-FBiH,Ž,Nepotpuno osnovno obrazovanje,251
2013,Broj,Livno,Ž,Nepotpuno osnovno obrazovanje,2074
2013,Broj,Lukavac,Ž,Nepotpuno osnovno obrazovanje,3291
2013,Broj,Ljubuški,Ž,Nepotpuno osnovno obrazovanje,1658
2013,Broj,Maglaj,Ž,Nepotpuno osnovno obrazovanje,1534
2013,Broj,Mostar,Ž,Nepotpuno osnovno obrazovanje,3381
2013,Broj,Neum,Ž,Nepotpuno osnovno obrazovanje,195
2013,Broj,Sarajevo-Novi Grad,Ž,Nepotpuno osnovno obrazovanje,3323
2013,Broj,Novi Travnik,Ž,Nepotpuno osnovno obrazovanje,1504
2013,Broj,Sarajevo-Novo Sarajevo,Ž,Nepotpuno osnovno obrazovanje,1141
2013,Broj,Odžak,Ž,Nepotpuno osnovno obrazovanje,1207
2013,Broj,Olovo,Ž,Nepotpuno osnovno obrazovanje,879
2013,Broj,Orašje,Ž,Nepotpuno osnovno obrazovanje,1689
2013,Broj,Pale-FBiH,Ž,Nepotpuno osnovno obrazovanje,67
2013,Broj,Posušje,Ž,Nepotpuno osnovno obrazovanje,571
2013,Broj,Prozor,Ž,Nepotpuno osnovno obrazovanje,979
2013,Broj,Ravno,Ž,Nepotpuno osnovno obrazovanje,153
2013,Broj,Sanski Most,Ž,Nepotpuno osnovno obrazovanje,1662
2013,Broj,Sapna,Ž,Nepotpuno osnovno obrazovanje,1042
2013,Broj,Srebrenik,Ž,Nepotpuno osnovno obrazovanje,3237
2013,Broj,Sarajevo-Stari Grad,Ž,Nepotpuno osnovno obrazovanje,865
2013,Broj,Stolac,Ž,Nepotpuno osnovno obrazovanje,624
2013,Broj,Široki Brijeg,Ž,Nepotpuno osnovno obrazovanje,1239
2013,Broj,Teočak,Ž,Nepotpuno osnovno obrazovanje,565
2013,Broj,Tešanj,Ž,Nepotpuno osnovno obrazovanje,2278
2013,Broj,Tomislavgrad,Ž,Nepotpuno osnovno obrazovanje,1487
2013,Broj,Travnik,Ž,Nepotpuno osnovno obrazovanje,3821
2013,Broj,Trnovo-FBiH,Ž,Nepotpuno osnovno obrazovanje,150
2013,Broj,Tuzla,Ž,Nepotpuno osnovno obrazovanje,4778
2013,Broj,Usora,Ž,Nepotpuno osnovno obrazovanje,300
2013,Broj,Vareš,Ž,Nepotpuno osnovno obrazovanje,1081
2013,Broj,Velika Kladuša,Ž,Nepotpuno osnovno obrazovanje,3152
2013,Broj,Visoko,Ž,Nepotpuno osnovno obrazovanje,2536
2013,Broj,Vitez,Ž,Nepotpuno osnovno obrazovanje,1460
2013,Broj,Sarajevo-Vogošća,Ž,Nepotpuno osnovno obrazovanje,926
2013,Broj,Zavidovići,Ž,Nepotpuno osnovno obrazovanje,2308
2013,Broj,Zenica,Ž,Nepotpuno osnovno obrazovanje,6683
2013,Broj,Žepče,Ž,Nepotpuno osnovno obrazovanje,1744
2013,Broj,Živinice,Ž,Nepotpuno osnovno obrazovanje,4581
2013,Broj,Banovići,Oba spola,Osnovna škola,4419
2013,Broj,Bihać,Oba spola,Osnovna škola,11023
2013,Broj,Bosanska Krupa,Oba spola,Osnovna škola,6093
2013,Broj,Bosanski Petrovac,Oba spola,Osnovna škola,1564
2013,Broj,Bosansko Grahovo,Oba spola,Osnovna škola,425
2013,Broj,Breza,Oba spola,Osnovna škola,2276
2013,Broj,Bugojno,Oba spola,Osnovna škola,6364
2013,Broj,Busovača,Oba spola,Osnovna škola,3490
2013,Broj,Bužim,Oba spola,Osnovna škola,5643
2013,Broj,Cazin,Oba spola,Osnovna škola,17120
2013,Broj,Sarajevo-Centar,Oba spola,Osnovna škola,5446
2013,Broj,Čapljina,Oba spola,Osnovna škola,3780
2013,Broj,Čelić,Oba spola,Osnovna škola,2884
2013,Broj,Čitluk,Oba spola,Osnovna škola,2467
2013,Broj,Doboj-Istok,Oba spola,Osnovna škola,2026
2013,Broj,Doboj-Jug,Oba spola,Osnovna škola,854
2013,Broj,Dobretići,Oba spola,Osnovna škola,451
2013,Broj,Domaljevac-Šamac,Oba spola,Osnovna škola,968
2013,Broj,Donji Vakuf,Oba spola,Osnovna škola,3250
2013,Broj,Drvar,Oba spola,Osnovna škola,1232
2013,Broj,Foča-FBiH,Oba spola,Osnovna škola,440
2013,Broj,Fojnica,Oba spola,Osnovna škola,2448
2013,Broj,Glamoč,Oba spola,Osnovna škola,781
2013,Broj,Goražde,Oba spola,Osnovna škola,4197
2013,Broj,Gornji Vakuf-Uskoplje,Oba spola,Osnovna škola,4130
2013,Broj,Gračanica,Oba spola,Osnovna škola,9413
2013,Broj,Gradačac,Oba spola,Osnovna škola,9408
2013,Broj,Grude,Oba spola,Osnovna škola,2466
2013,Broj,Sarajevo-Hadžići,Oba spola,Osnovna škola,4317
2013,Broj,Sarajevo-Ilidža,Oba spola,Osnovna škola,9887
2013,Broj,Sarajevo-Ilijaš,Oba spola,Osnovna škola,3968
2013,Broj,Jablanica,Oba spola,Osnovna škola,1662
2013,Broj,Jajce,Oba spola,Osnovna škola,4851
2013,Broj,Kakanj,Oba spola,Osnovna škola,7556
2013,Broj,Kalesija,Oba spola,Osnovna škola,6841
2013,Broj,Kiseljak,Oba spola,Osnovna škola,3616
2013,Broj,Kladanj,Oba spola,Osnovna škola,2730
2013,Broj,Ključ,Oba spola,Osnovna škola,3753
2013,Broj,Konjic,Oba spola,Osnovna škola,5206
2013,Broj,Kreševo,Oba spola,Osnovna škola,861
2013,Broj,Kupres-FBiH,Oba spola,Osnovna škola,714
2013,Broj,Livno,Oba spola,Osnovna škola,5245
2013,Broj,Lukavac,Oba spola,Osnovna škola,7860
2013,Broj,Ljubuški,Oba spola,Osnovna škola,3509
2013,Broj,Maglaj,Oba spola,Osnovna škola,4758
2013,Broj,Mostar,Oba spola,Osnovna škola,14243
2013,Broj,Neum,Oba spola,Osnovna škola,608
2013,Broj,Sarajevo-Novi Grad,Oba spola,Osnovna škola,15973
2013,Broj,Novi Travnik,Oba spola,Osnovna škola,4298
2013,Broj,Sarajevo-Novo Sarajevo,Oba spola,Osnovna škola,6456
2013,Broj,Odžak,Oba spola,Osnovna škola,3982
2013,Broj,Olovo,Oba spola,Osnovna škola,2421
2013,Broj,Orašje,Oba spola,Osnovna škola,4015
2013,Broj,Pale-FBiH,Oba spola,Osnovna škola,249
2013,Broj,Posušje,Oba spola,Osnovna škola,3149
2013,Broj,Prozor,Oba spola,Osnovna škola,2471
2013,Broj,Ravno,Oba spola,Osnovna škola,442
2013,Broj,Sanski Most,Oba spola,Osnovna škola,8907
2013,Broj,Sapna,Oba spola,Osnovna škola,2930
2013,Broj,Srebrenik,Oba spola,Osnovna škola,8593
2013,Broj,Sarajevo-Stari Grad,Oba spola,Osnovna škola,4518
2013,Broj,Stolac,Oba spola,Osnovna škola,2417
2013,Broj,Široki Brijeg,Oba spola,Osnovna škola,3451
2013,Broj,Teočak,Oba spola,Osnovna škola,1846
2013,Broj,Tešanj,Oba spola,Osnovna škola,9991
2013,Broj,Tomislavgrad,Oba spola,Osnovna škola,5398
2013,Broj,Travnik,Oba spola,Osnovna škola,11614
2013,Broj,Trnovo-FBiH,Oba spola,Osnovna škola,290
2013,Broj,Tuzla,Oba spola,Osnovna škola,15907
2013,Broj,Usora,Oba spola,Osnovna škola,1370
2013,Broj,Vareš,Oba spola,Osnovna škola,1649
2013,Broj,Velika Kladuša,Oba spola,Osnovna škola,11344
2013,Broj,Visoko,Oba spola,Osnovna škola,6961
2013,Broj,Vitez,Oba spola,Osnovna škola,4317
2013,Broj,Sarajevo-Vogošća,Oba spola,Osnovna škola,4100
2013,Broj,Zavidovići,Oba spola,Osnovna škola,7764
2013,Broj,Zenica,Oba spola,Osnovna škola,19375
2013,Broj,Žepče,Oba spola,Osnovna škola,6573
2013,Broj,Živinice,Oba spola,Osnovna škola,11174
2013,Broj,Banovići,M,Osnovna škola,1488
2013,Broj,Bihać,M,Osnovna škola,4692
2013,Broj,Bosanska Krupa,M,Osnovna škola,2713
2013,Broj,Bosanski Petrovac,M,Osnovna škola,752
2013,Broj,Bosansko Grahovo,M,Osnovna škola,197
2013,Broj,Breza,M,Osnovna škola,816
2013,Broj,Bugojno,M,Osnovna škola,2713
2013,Broj,Busovača,M,Osnovna škola,1485
2013,Broj,Bužim,M,Osnovna škola,2656
2013,Broj,Cazin,M,Osnovna škola,7667
2013,Broj,Sarajevo-Centar,M,Osnovna škola,1889
2013,Broj,Čapljina,M,Osnovna škola,1561
2013,Broj,Čelić,M,Osnovna škola,1313
2013,Broj,Čitluk,M,Osnovna škola,1072
2013,Broj,Doboj-Istok,M,Osnovna škola,863
2013,Broj,Doboj-Jug,M,Osnovna škola,346
2013,Broj,Dobretići,M,Osnovna škola,245
2013,Broj,Domaljevac-Šamac,M,Osnovna škola,488
2013,Broj,Donji Vakuf,M,Osnovna škola,1432
2013,Broj,Drvar,M,Osnovna škola,466
2013,Broj,Foča-FBiH,M,Osnovna škola,202
2013,Broj,Fojnica,M,Osnovna škola,1059
2013,Broj,Glamoč,M,Osnovna škola,357
2013,Broj,Goražde,M,Osnovna škola,1544
2013,Broj,Gornji Vakuf-Uskoplje,M,Osnovna škola,1925
2013,Broj,Gračanica,M,Osnovna škola,3765
2013,Broj,Gradačac,M,Osnovna škola,4069
2013,Broj,Grude,M,Osnovna škola,1172
2013,Broj,Sarajevo-Hadžići,M,Osnovna škola,1641
2013,Broj,Sarajevo-Ilidža,M,Osnovna škola,3476
2013,Broj,Sarajevo-Ilijaš,M,Osnovna škola,1526
2013,Broj,Jablanica,M,Osnovna škola,638
2013,Broj,Jajce,M,Osnovna škola,2227
2013,Broj,Kakanj,M,Osnovna škola,2703
2013,Broj,Kalesija,M,Osnovna škola,2869
2013,Broj,Kiseljak,M,Osnovna škola,1573
2013,Broj,Kladanj,M,Osnovna škola,1070
2013,Broj,Ključ,M,Osnovna škola,1778
2013,Broj,Konjic,M,Osnovna škola,2205
2013,Broj,Kreševo,M,Osnovna škola,335
2013,Broj,Kupres-FBiH,M,Osnovna škola,358
2013,Broj,Livno,M,Osnovna škola,2491
2013,Broj,Lukavac,M,Osnovna škola,2992
2013,Broj,Ljubuški,M,Osnovna škola,1694
2013,Broj,Maglaj,M,Osnovna škola,1890
2013,Broj,Mostar,M,Osnovna škola,5501
2013,Broj,Neum,M,Osnovna škola,281
2013,Broj,Sarajevo-Novi Grad,M,Osnovna škola,5492
2013,Broj,Novi Travnik,M,Osnovna škola,1682
2013,Broj,Sarajevo-Novo Sarajevo,M,Osnovna škola,2258
2013,Broj,Odžak,M,Osnovna škola,1870
2013,Broj,Olovo,M,Osnovna škola,963
2013,Broj,Orašje,M,Osnovna škola,1958
2013,Broj,Pale-FBiH,M,Osnovna škola,93
2013,Broj,Posušje,M,Osnovna škola,1558
2013,Broj,Prozor,M,Osnovna škola,1244
2013,Broj,Ravno,M,Osnovna škola,204
2013,Broj,Sanski Most,M,Osnovna škola,3935
2013,Broj,Sapna,M,Osnovna škola,1457
2013,Broj,Srebrenik,M,Osnovna škola,3715
2013,Broj,Sarajevo-Stari Grad,M,Osnovna škola,1634
2013,Broj,Stolac,M,Osnovna škola,980
2013,Broj,Široki Brijeg,M,Osnovna škola,1633
2013,Broj,Teočak,M,Osnovna škola,823
2013,Broj,Tešanj,M,Osnovna škola,4192
2013,Broj,Tomislavgrad,M,Osnovna škola,2765
2013,Broj,Travnik,M,Osnovna škola,5002
2013,Broj,Trnovo-FBiH,M,Osnovna škola,124
2013,Broj,Tuzla,M,Osnovna škola,6043
2013,Broj,Usora,M,Osnovna škola,603
2013,Broj,Vareš,M,Osnovna škola,623
2013,Broj,Velika Kladuša,M,Osnovna škola,5360
2013,Broj,Visoko,M,Osnovna škola,3040
2013,Broj,Vitez,M,Osnovna škola,1713
2013,Broj,Sarajevo-Vogošća,M,Osnovna škola,1387
2013,Broj,Zavidovići,M,Osnovna škola,2812
2013,Broj,Zenica,M,Osnovna škola,7484
2013,Broj,Žepče,M,Osnovna škola,2813
2013,Broj,Živinice,M,Osnovna škola,4423
2013,Broj,Banovići,Ž,Osnovna škola,2931
2013,Broj,Bihać,Ž,Osnovna škola,6331
2013,Broj,Bosanska Krupa,Ž,Osnovna škola,3380
2013,Broj,Bosanski Petrovac,Ž,Osnovna škola,812
2013,Broj,Bosansko Grahovo,Ž,Osnovna škola,228
2013,Broj,Breza,Ž,Osnovna škola,1460
2013,Broj,Bugojno,Ž,Osnovna škola,3651
2013,Broj,Busovača,Ž,Osnovna škola,2005
2013,Broj,Bužim,Ž,Osnovna škola,2987
2013,Broj,Cazin,Ž,Osnovna škola,9453
2013,Broj,Sarajevo-Centar,Ž,Osnovna škola,3557
2013,Broj,Čapljina,Ž,Osnovna škola,2219
2013,Broj,Čelić,Ž,Osnovna škola,1571
2013,Broj,Čitluk,Ž,Osnovna škola,1395
2013,Broj,Doboj-Istok,Ž,Osnovna škola,1163
2013,Broj,Doboj-Jug,Ž,Osnovna škola,508
2013,Broj,Dobretići,Ž,Osnovna škola,206
2013,Broj,Domaljevac-Šamac,Ž,Osnovna škola,480
2013,Broj,Donji Vakuf,Ž,Osnovna škola,1818
2013,Broj,Drvar,Ž,Osnovna škola,766
2013,Broj,Foča-FBiH,Ž,Osnovna škola,238
2013,Broj,Fojnica,Ž,Osnovna škola,1389
2013,Broj,Glamoč,Ž,Osnovna škola,424
2013,Broj,Goražde,Ž,Osnovna škola,2653
2013,Broj,Gornji Vakuf-Uskoplje,Ž,Osnovna škola,2205
2013,Broj,Gračanica,Ž,Osnovna škola,5648
2013,Broj,Gradačac,Ž,Osnovna škola,5339
2013,Broj,Grude,Ž,Osnovna škola,1294
2013,Broj,Sarajevo-Hadžići,Ž,Osnovna škola,2676
2013,Broj,Sarajevo-Ilidža,Ž,Osnovna škola,6411
2013,Broj,Sarajevo-Ilijaš,Ž,Osnovna škola,2442
2013,Broj,Jablanica,Ž,Osnovna škola,1024
2013,Broj,Jajce,Ž,Osnovna škola,2624
2013,Broj,Kakanj,Ž,Osnovna škola,4853
2013,Broj,Kalesija,Ž,Osnovna škola,3972
2013,Broj,Kiseljak,Ž,Osnovna škola,2043
2013,Broj,Kladanj,Ž,Osnovna škola,1660
2013,Broj,Ključ,Ž,Osnovna škola,1975
2013,Broj,Konjic,Ž,Osnovna škola,3001
2013,Broj,Kreševo,Ž,Osnovna škola,526
2013,Broj,Kupres-FBiH,Ž,Osnovna škola,356
2013,Broj,Livno,Ž,Osnovna škola,2754
2013,Broj,Lukavac,Ž,Osnovna škola,4868
2013,Broj,Ljubuški,Ž,Osnovna škola,1815
2013,Broj,Maglaj,Ž,Osnovna škola,2868
2013,Broj,Mostar,Ž,Osnovna škola,8742
2013,Broj,Neum,Ž,Osnovna škola,327
2013,Broj,Sarajevo-Novi Grad,Ž,Osnovna škola,10481
2013,Broj,Novi Travnik,Ž,Osnovna škola,2616
2013,Broj,Sarajevo-Novo Sarajevo,Ž,Osnovna škola,4198
2013,Broj,Odžak,Ž,Osnovna škola,2112
2013,Broj,Olovo,Ž,Osnovna škola,1458
2013,Broj,Orašje,Ž,Osnovna škola,2057
2013,Broj,Pale-FBiH,Ž,Osnovna škola,156
2013,Broj,Posušje,Ž,Osnovna škola,1591
2013,Broj,Prozor,Ž,Osnovna škola,1227
2013,Broj,Ravno,Ž,Osnovna škola,238
2013,Broj,Sanski Most,Ž,Osnovna škola,4972
2013,Broj,Sapna,Ž,Osnovna škola,1473
2013,Broj,Srebrenik,Ž,Osnovna škola,4878
2013,Broj,Sarajevo-Stari Grad,Ž,Osnovna škola,2884
2013,Broj,Stolac,Ž,Osnovna škola,1437
2013,Broj,Široki Brijeg,Ž,Osnovna škola,1818
2013,Broj,Teočak,Ž,Osnovna škola,1023
2013,Broj,Tešanj,Ž,Osnovna škola,5799
2013,Broj,Tomislavgrad,Ž,Osnovna škola,2633
2013,Broj,Travnik,Ž,Osnovna škola,6612
2013,Broj,Trnovo-FBiH,Ž,Osnovna škola,166
2013,Broj,Tuzla,Ž,Osnovna škola,9864
2013,Broj,Usora,Ž,Osnovna škola,767
2013,Broj,Vareš,Ž,Osnovna škola,1026
2013,Broj,Velika Kladuša,Ž,Osnovna škola,5984
2013,Broj,Visoko,Ž,Osnovna škola,3921
2013,Broj,Vitez,Ž,Osnovna škola,2604
2013,Broj,Sarajevo-Vogošća,Ž,Osnovna škola,2713
2013,Broj,Zavidovići,Ž,Osnovna škola,4952
2013,Broj,Zenica,Ž,Osnovna škola,11891
2013,Broj,Žepče,Ž,Osnovna škola,3760
2013,Broj,Živinice,Ž,Osnovna škola,6751
2013,Broj,Banovići,Oba spola,Srednja škola,10567
2013,Broj,Bihać,Oba spola,Srednja škola,22893
2013,Broj,Bosanska Krupa,Oba spola,Srednja škola,8892
2013,Broj,Bosanski Petrovac,Oba spola,Srednja škola,3060
2013,Broj,Bosansko Grahovo,Oba spola,Srednja škola,1116
2013,Broj,Breza,Oba spola,Srednja škola,6653
2013,Broj,Bugojno,Oba spola,Srednja škola,13972
2013,Broj,Busovača,Oba spola,Srednja škola,7814
2013,Broj,Bužim,Oba spola,Srednja škola,5704
2013,Broj,Cazin,Oba spola,Srednja škola,23905
2013,Broj,Sarajevo-Centar,Oba spola,Srednja škola,22213
2013,Broj,Čapljina,Oba spola,Srednja škola,12475
2013,Broj,Čelić,Oba spola,Srednja škola,3489
2013,Broj,Čitluk,Oba spola,Srednja škola,8453
2013,Broj,Doboj-Istok,Oba spola,Srednja škola,4280
2013,Broj,Doboj-Jug,Oba spola,Srednja škola,1864
2013,Broj,Dobretići,Oba spola,Srednja škola,651
2013,Broj,Domaljevac-Šamac,Oba spola,Srednja škola,1754
2013,Broj,Donji Vakuf,Oba spola,Srednja škola,5494
2013,Broj,Drvar,Oba spola,Srednja škola,3594
2013,Broj,Foča-FBiH,Oba spola,Srednja škola,748
2013,Broj,Fojnica,Oba spola,Srednja škola,4766
2013,Broj,Glamoč,Oba spola,Srednja škola,1572
2013,Broj,Goražde,Oba spola,Srednja škola,9103
2013,Broj,Gornji Vakuf-Uskoplje,Oba spola,Srednja škola,8817
2013,Broj,Gračanica,Oba spola,Srednja škola,18522
2013,Broj,Gradačac,Oba spola,Srednja škola,14750
2013,Broj,Grude,Oba spola,Srednja škola,7830
2013,Broj,Sarajevo-Hadžići,Oba spola,Srednja škola,10861
2013,Broj,Sarajevo-Ilidža,Oba spola,Srednja škola,31683
2013,Broj,Sarajevo-Ilijaš,Oba spola,Srednja škola,8352
2013,Broj,Jablanica,Oba spola,Srednja škola,4565
2013,Broj,Jajce,Oba spola,Srednja škola,11293
2013,Broj,Kakanj,Oba spola,Srednja škola,15259
2013,Broj,Kalesija,Oba spola,Srednja škola,13592
2013,Broj,Kiseljak,Oba spola,Srednja škola,9291
2013,Broj,Kladanj,Oba spola,Srednja škola,5276
2013,Broj,Ključ,Oba spola,Srednja škola,6950
2013,Broj,Konjic,Oba spola,Srednja škola,9767
2013,Broj,Kreševo,Oba spola,Srednja škola,2391
2013,Broj,Kupres-FBiH,Oba spola,Srednja škola,2154
2013,Broj,Livno,Oba spola,Srednja škola,14513
2013,Broj,Lukavac,Oba spola,Srednja škola,20955
2013,Broj,Ljubuški,Oba spola,Srednja škola,12685
2013,Broj,Maglaj,Oba spola,Srednja škola,10053
2013,Broj,Mostar,Oba spola,Srednja škola,50196
2013,Broj,Neum,Oba spola,Srednja škola,2092
2013,Broj,Sarajevo-Novi Grad,Oba spola,Srednja škola,55560
2013,Broj,Novi Travnik,Oba spola,Srednja škola,10488
2013,Broj,Sarajevo-Novo Sarajevo,Oba spola,Srednja škola,27377
2013,Broj,Odžak,Oba spola,Srednja škola,8118
2013,Broj,Olovo,Oba spola,Srednja škola,4040
2013,Broj,Orašje,Oba spola,Srednja škola,7596
2013,Broj,Pale-FBiH,Oba spola,Srednja škola,322
2013,Broj,Posušje,Oba spola,Srednja škola,9020
2013,Broj,Prozor,Oba spola,Srednja škola,5640
2013,Broj,Ravno,Oba spola,Srednja škola,1588
2013,Broj,Sanski Most,Oba spola,Srednja škola,18955
2013,Broj,Sapna,Oba spola,Srednja škola,3667
2013,Broj,Srebrenik,Oba spola,Srednja škola,15295
2013,Broj,Sarajevo-Stari Grad,Oba spola,Srednja škola,18034
2013,Broj,Stolac,Oba spola,Srednja škola,6576
2013,Broj,Široki Brijeg,Oba spola,Srednja škola,13451
2013,Broj,Teočak,Oba spola,Srednja škola,2938
2013,Broj,Tešanj,Oba spola,Srednja škola,17257
2013,Broj,Tomislavgrad,Oba spola,Srednja škola,13379
2013,Broj,Travnik,Oba spola,Srednja škola,20889
2013,Broj,Trnovo-FBiH,Oba spola,Srednja škola,549
2013,Broj,Tuzla,Oba spola,Srednja škola,52917
2013,Broj,Usora,Oba spola,Srednja škola,3000
2013,Broj,Vareš,Oba spola,Srednja škola,3914
2013,Broj,Velika Kladuša,Oba spola,Srednja škola,11477
2013,Broj,Visoko,Oba spola,Srednja škola,17614
2013,Broj,Vitez,Oba spola,Srednja škola,11791
2013,Broj,Sarajevo-Vogošća,Oba spola,Srednja škola,12299
2013,Broj,Zavidovići,Oba spola,Srednja škola,15051
2013,Broj,Zenica,Oba spola,Srednja škola,49301
2013,Broj,Žepče,Oba spola,Srednja škola,12585
2013,Broj,Živinice,Oba spola,Srednja škola,24753
2013,Broj,Banovići,M,Srednja škola,6668
2013,Broj,Bihać,M,Srednja škola,12626
2013,Broj,Bosanska Krupa,M,Srednja škola,5304
2013,Broj,Bosanski Petrovac,M,Srednja škola,1784
2013,Broj,Bosansko Grahovo,M,Srednja škola,711
2013,Broj,Breza,M,Srednja škola,4058
2013,Broj,Bugojno,M,Srednja škola,8010
2013,Broj,Busovača,M,Srednja škola,4855
2013,Broj,Bužim,M,Srednja škola,3639
2013,Broj,Cazin,M,Srednja škola,14381
2013,Broj,Sarajevo-Centar,M,Srednja škola,10885
2013,Broj,Čapljina,M,Srednja škola,7100
2013,Broj,Čelić,M,Srednja škola,2141
2013,Broj,Čitluk,M,Srednja škola,4733
2013,Broj,Doboj-Istok,M,Srednja škola,2556
2013,Broj,Doboj-Jug,M,Srednja škola,1111
2013,Broj,Dobretići,M,Srednja škola,430
2013,Broj,Domaljevac-Šamac,M,Srednja škola,973
2013,Broj,Donji Vakuf,M,Srednja škola,3313
2013,Broj,Drvar,M,Srednja škola,2098
2013,Broj,Foča-FBiH,M,Srednja škola,486
2013,Broj,Fojnica,M,Srednja škola,2861
2013,Broj,Glamoč,M,Srednja škola,963
2013,Broj,Goražde,M,Srednja škola,5252
2013,Broj,Gornji Vakuf-Uskoplje,M,Srednja škola,5192
2013,Broj,Gračanica,M,Srednja škola,10727
2013,Broj,Gradačac,M,Srednja škola,8767
2013,Broj,Grude,M,Srednja škola,4306
2013,Broj,Sarajevo-Hadžići,M,Srednja škola,6625
2013,Broj,Sarajevo-Ilidža,M,Srednja škola,17593
2013,Broj,Sarajevo-Ilijaš,M,Srednja škola,4982
2013,Broj,Jablanica,M,Srednja škola,2795
2013,Broj,Jajce,M,Srednja škola,7050
2013,Broj,Kakanj,M,Srednja škola,9882
2013,Broj,Kalesija,M,Srednja škola,8660
2013,Broj,Kiseljak,M,Srednja škola,5495
2013,Broj,Kladanj,M,Srednja škola,3206
2013,Broj,Ključ,M,Srednja škola,4083
2013,Broj,Konjic,M,Srednja škola,5937
2013,Broj,Kreševo,M,Srednja škola,1416
2013,Broj,Kupres-FBiH,M,Srednja škola,1159
2013,Broj,Livno,M,Srednja škola,8114
2013,Broj,Lukavac,M,Srednja škola,12568
2013,Broj,Ljubuški,M,Srednja škola,6924
2013,Broj,Maglaj,M,Srednja škola,5969
2013,Broj,Mostar,M,Srednja škola,27372
2013,Broj,Neum,M,Srednja škola,1157
2013,Broj,Sarajevo-Novi Grad,M,Srednja škola,29274
2013,Broj,Novi Travnik,M,Srednja škola,6287
2013,Broj,Sarajevo-Novo Sarajevo,M,Srednja škola,13288
2013,Broj,Odžak,M,Srednja škola,4533
2013,Broj,Olovo,M,Srednja škola,2667
2013,Broj,Orašje,M,Srednja škola,4325
2013,Broj,Pale-FBiH,M,Srednja škola,222
2013,Broj,Posušje,M,Srednja škola,5026
2013,Broj,Prozor,M,Srednja škola,3308
2013,Broj,Ravno,M,Srednja škola,910
2013,Broj,Sanski Most,M,Srednja škola,11103
2013,Broj,Sapna,M,Srednja škola,2509
2013,Broj,Srebrenik,M,Srednja škola,9129
2013,Broj,Sarajevo-Stari Grad,M,Srednja škola,9459
2013,Broj,Stolac,M,Srednja škola,3873
2013,Broj,Široki Brijeg,M,Srednja škola,7390
2013,Broj,Teočak,M,Srednja škola,1891
2013,Broj,Tešanj,M,Srednja škola,10235
2013,Broj,Tomislavgrad,M,Srednja škola,7566
2013,Broj,Travnik,M,Srednja škola,12467
2013,Broj,Trnovo-FBiH,M,Srednja škola,391
2013,Broj,Tuzla,M,Srednja škola,28217
2013,Broj,Usora,M,Srednja škola,1756
2013,Broj,Vareš,M,Srednja škola,2521
2013,Broj,Velika Kladuša,M,Srednja škola,6766
2013,Broj,Visoko,M,Srednja škola,10178
2013,Broj,Vitez,M,Srednja škola,6815
2013,Broj,Sarajevo-Vogošća,M,Srednja škola,6798
2013,Broj,Zavidovići,M,Srednja škola,9485
2013,Broj,Zenica,M,Srednja škola,28605
2013,Broj,Žepče,M,Srednja škola,7714
2013,Broj,Živinice,M,Srednja škola,15656
2013,Broj,Banovići,Ž,Srednja škola,3899
2013,Broj,Bihać,Ž,Srednja škola,10267
2013,Broj,Bosanska Krupa,Ž,Srednja škola,3588
2013,Broj,Bosanski Petrovac,Ž,Srednja škola,1276
2013,Broj,Bosansko Grahovo,Ž,Srednja škola,405
2013,Broj,Breza,Ž,Srednja škola,2595
2013,Broj,Bugojno,Ž,Srednja škola,5962
2013,Broj,Busovača,Ž,Srednja škola,2959
2013,Broj,Bužim,Ž,Srednja škola,2065
2013,Broj,Cazin,Ž,Srednja škola,9524
2013,Broj,Sarajevo-Centar,Ž,Srednja škola,11328
2013,Broj,Čapljina,Ž,Srednja škola,5375
2013,Broj,Čelić,Ž,Srednja škola,1348
2013,Broj,Čitluk,Ž,Srednja škola,3720
2013,Broj,Doboj-Istok,Ž,Srednja škola,1724
2013,Broj,Doboj-Jug,Ž,Srednja škola,753
2013,Broj,Dobretići,Ž,Srednja škola,221
2013,Broj,Domaljevac-Šamac,Ž,Srednja škola,781
2013,Broj,Donji Vakuf,Ž,Srednja škola,2181
2013,Broj,Drvar,Ž,Srednja škola,1496
2013,Broj,Foča-FBiH,Ž,Srednja škola,262
2013,Broj,Fojnica,Ž,Srednja škola,1905
2013,Broj,Glamoč,Ž,Srednja škola,609
2013,Broj,Goražde,Ž,Srednja škola,3851
2013,Broj,Gornji Vakuf-Uskoplje,Ž,Srednja škola,3625
2013,Broj,Gračanica,Ž,Srednja škola,7795
2013,Broj,Gradačac,Ž,Srednja škola,5983
2013,Broj,Grude,Ž,Srednja škola,3524
2013,Broj,Sarajevo-Hadžići,Ž,Srednja škola,4236
2013,Broj,Sarajevo-Ilidža,Ž,Srednja škola,14090
2013,Broj,Sarajevo-Ilijaš,Ž,Srednja škola,3370
2013,Broj,Jablanica,Ž,Srednja škola,1770
2013,Broj,Jajce,Ž,Srednja škola,4243
2013,Broj,Kakanj,Ž,Srednja škola,5377
2013,Broj,Kalesija,Ž,Srednja škola,4932
2013,Broj,Kiseljak,Ž,Srednja škola,3796
2013,Broj,Kladanj,Ž,Srednja škola,2070
2013,Broj,Ključ,Ž,Srednja škola,2867
2013,Broj,Konjic,Ž,Srednja škola,3830
2013,Broj,Kreševo,Ž,Srednja škola,975
2013,Broj,Kupres-FBiH,Ž,Srednja škola,995
2013,Broj,Livno,Ž,Srednja škola,6399
2013,Broj,Lukavac,Ž,Srednja škola,8387
2013,Broj,Ljubuški,Ž,Srednja škola,5761
2013,Broj,Maglaj,Ž,Srednja škola,4084
2013,Broj,Mostar,Ž,Srednja škola,22824
2013,Broj,Neum,Ž,Srednja škola,935
2013,Broj,Sarajevo-Novi Grad,Ž,Srednja škola,26286
2013,Broj,Novi Travnik,Ž,Srednja škola,4201
2013,Broj,Sarajevo-Novo Sarajevo,Ž,Srednja škola,14089
2013,Broj,Odžak,Ž,Srednja škola,3585
2013,Broj,Olovo,Ž,Srednja škola,1373
2013,Broj,Orašje,Ž,Srednja škola,3271
2013,Broj,Pale-FBiH,Ž,Srednja škola,100
2013,Broj,Posušje,Ž,Srednja škola,3994
2013,Broj,Prozor,Ž,Srednja škola,2332
2013,Broj,Ravno,Ž,Srednja škola,678
2013,Broj,Sanski Most,Ž,Srednja škola,7852
2013,Broj,Sapna,Ž,Srednja škola,1158
2013,Broj,Srebrenik,Ž,Srednja škola,6166
2013,Broj,Sarajevo-Stari Grad,Ž,Srednja škola,8575
2013,Broj,Stolac,Ž,Srednja škola,2703
2013,Broj,Široki Brijeg,Ž,Srednja škola,6061
2013,Broj,Teočak,Ž,Srednja škola,1047
2013,Broj,Tešanj,Ž,Srednja škola,7022
2013,Broj,Tomislavgrad,Ž,Srednja škola,5813
2013,Broj,Travnik,Ž,Srednja škola,8422
2013,Broj,Trnovo-FBiH,Ž,Srednja škola,158
2013,Broj,Tuzla,Ž,Srednja škola,24700
2013,Broj,Usora,Ž,Srednja škola,1244
2013,Broj,Vareš,Ž,Srednja škola,1393
2013,Broj,Velika Kladuša,Ž,Srednja škola,4711
2013,Broj,Visoko,Ž,Srednja škola,7436
2013,Broj,Vitez,Ž,Srednja škola,4976
2013,Broj,Sarajevo-Vogošća,Ž,Srednja škola,5501
2013,Broj,Zavidovići,Ž,Srednja škola,5566
2013,Broj,Zenica,Ž,Srednja škola,20696
2013,Broj,Žepče,Ž,Srednja škola,4871
2013,Broj,Živinice,Ž,Srednja škola,9097
2013,Broj,Banovići,Oba spola,Specijalizacija poslije srednje škole,150
2013,Broj,Bihać,Oba spola,Specijalizacija poslije srednje škole,216
2013,Broj,Bosanska Krupa,Oba spola,Specijalizacija poslije srednje škole,64
2013,Broj,Bosanski Petrovac,Oba spola,Specijalizacija poslije srednje škole,16
2013,Broj,Bosansko Grahovo,Oba spola,Specijalizacija poslije srednje škole,3
2013,Broj,Breza,Oba spola,Specijalizacija poslije srednje škole,111
2013,Broj,Bugojno,Oba spola,Specijalizacija poslije srednje škole,114
2013,Broj,Busovača,Oba spola,Specijalizacija poslije srednje škole,104
2013,Broj,Bužim,Oba spola,Specijalizacija poslije srednje škole,39
2013,Broj,Cazin,Oba spola,Specijalizacija poslije srednje škole,140
2013,Broj,Sarajevo-Centar,Oba spola,Specijalizacija poslije srednje škole,282
2013,Broj,Čapljina,Oba spola,Specijalizacija poslije srednje škole,130
2013,Broj,Čelić,Oba spola,Specijalizacija poslije srednje škole,16
2013,Broj,Čitluk,Oba spola,Specijalizacija poslije srednje škole,84
2013,Broj,Doboj-Istok,Oba spola,Specijalizacija poslije srednje škole,24
2013,Broj,Doboj-Jug,Oba spola,Specijalizacija poslije srednje škole,23
2013,Broj,Dobretići,Oba spola,Specijalizacija poslije srednje škole,1
2013,Broj,Domaljevac-Šamac,Oba spola,Specijalizacija poslije srednje škole,30
2013,Broj,Donji Vakuf,Oba spola,Specijalizacija poslije srednje škole,24
2013,Broj,Drvar,Oba spola,Specijalizacija poslije srednje škole,32
2013,Broj,Foča-FBiH,Oba spola,Specijalizacija poslije srednje škole,11
2013,Broj,Fojnica,Oba spola,Specijalizacija poslije srednje škole,42
2013,Broj,Glamoč,Oba spola,Specijalizacija poslije srednje škole,13
2013,Broj,Goražde,Oba spola,Specijalizacija poslije srednje škole,190
2013,Broj,Gornji Vakuf-Uskoplje,Oba spola,Specijalizacija poslije srednje škole,30
2013,Broj,Gračanica,Oba spola,Specijalizacija poslije srednje škole,189
2013,Broj,Gradačac,Oba spola,Specijalizacija poslije srednje škole,136
2013,Broj,Grude,Oba spola,Specijalizacija poslije srednje škole,75
2013,Broj,Sarajevo-Hadžići,Oba spola,Specijalizacija poslije srednje škole,89
2013,Broj,Sarajevo-Ilidža,Oba spola,Specijalizacija poslije srednje škole,375
2013,Broj,Sarajevo-Ilijaš,Oba spola,Specijalizacija poslije srednje škole,97
2013,Broj,Jablanica,Oba spola,Specijalizacija poslije srednje škole,133
2013,Broj,Jajce,Oba spola,Specijalizacija poslije srednje škole,113
2013,Broj,Kakanj,Oba spola,Specijalizacija poslije srednje škole,313
2013,Broj,Kalesija,Oba spola,Specijalizacija poslije srednje škole,115
2013,Broj,Kiseljak,Oba spola,Specijalizacija poslije srednje škole,80
2013,Broj,Kladanj,Oba spola,Specijalizacija poslije srednje škole,24
2013,Broj,Ključ,Oba spola,Specijalizacija poslije srednje škole,74
2013,Broj,Konjic,Oba spola,Specijalizacija poslije srednje škole,144
2013,Broj,Kreševo,Oba spola,Specijalizacija poslije srednje škole,22
2013,Broj,Kupres-FBiH,Oba spola,Specijalizacija poslije srednje škole,11
2013,Broj,Livno,Oba spola,Specijalizacija poslije srednje škole,164
2013,Broj,Lukavac,Oba spola,Specijalizacija poslije srednje škole,517
2013,Broj,Ljubuški,Oba spola,Specijalizacija poslije srednje škole,138
2013,Broj,Maglaj,Oba spola,Specijalizacija poslije srednje škole,208
2013,Broj,Mostar,Oba spola,Specijalizacija poslije srednje škole,698
2013,Broj,Neum,Oba spola,Specijalizacija poslije srednje škole,53
2013,Broj,Sarajevo-Novi Grad,Oba spola,Specijalizacija poslije srednje škole,665
2013,Broj,Novi Travnik,Oba spola,Specijalizacija poslije srednje škole,335
2013,Broj,Sarajevo-Novo Sarajevo,Oba spola,Specijalizacija poslije srednje škole,446
2013,Broj,Odžak,Oba spola,Specijalizacija poslije srednje škole,94
2013,Broj,Olovo,Oba spola,Specijalizacija poslije srednje škole,32
2013,Broj,Orašje,Oba spola,Specijalizacija poslije srednje škole,76
2013,Broj,Pale-FBiH,Oba spola,Specijalizacija poslije srednje škole,4
2013,Broj,Posušje,Oba spola,Specijalizacija poslije srednje škole,103
2013,Broj,Prozor,Oba spola,Specijalizacija poslije srednje škole,25
2013,Broj,Ravno,Oba spola,Specijalizacija poslije srednje škole,6
2013,Broj,Sanski Most,Oba spola,Specijalizacija poslije srednje škole,207
2013,Broj,Sapna,Oba spola,Specijalizacija poslije srednje škole,11
2013,Broj,Srebrenik,Oba spola,Specijalizacija poslije srednje škole,145
2013,Broj,Sarajevo-Stari Grad,Oba spola,Specijalizacija poslije srednje škole,238
2013,Broj,Stolac,Oba spola,Specijalizacija poslije srednje škole,74
2013,Broj,Široki Brijeg,Oba spola,Specijalizacija poslije srednje škole,71
2013,Broj,Teočak,Oba spola,Specijalizacija poslije srednje škole,20
2013,Broj,Tešanj,Oba spola,Specijalizacija poslije srednje škole,271
2013,Broj,Tomislavgrad,Oba spola,Specijalizacija poslije srednje škole,74
2013,Broj,Travnik,Oba spola,Specijalizacija poslije srednje škole,248
2013,Broj,Trnovo-FBiH,Oba spola,Specijalizacija poslije srednje škole,13
2013,Broj,Tuzla,Oba spola,Specijalizacija poslije srednje škole,1125
2013,Broj,Usora,Oba spola,Specijalizacija poslije srednje škole,42
2013,Broj,Vareš,Oba spola,Specijalizacija poslije srednje škole,88
2013,Broj,Velika Kladuša,Oba spola,Specijalizacija poslije srednje škole,71
2013,Broj,Visoko,Oba spola,Specijalizacija poslije srednje škole,226
2013,Broj,Vitez,Oba spola,Specijalizacija poslije srednje škole,208
2013,Broj,Sarajevo-Vogošća,Oba spola,Specijalizacija poslije srednje škole,180
2013,Broj,Zavidovići,Oba spola,Specijalizacija poslije srednje škole,152
2013,Broj,Zenica,Oba spola,Specijalizacija poslije srednje škole,1966
2013,Broj,Žepče,Oba spola,Specijalizacija poslije srednje škole,161
2013,Broj,Živinice,Oba spola,Specijalizacija poslije srednje škole,220
2013,Broj,Banovići,M,Specijalizacija poslije srednje škole,142
2013,Broj,Bihać,M,Specijalizacija poslije srednje škole,181
2013,Broj,Bosanska Krupa,M,Specijalizacija poslije srednje škole,45
2013,Broj,Bosanski Petrovac,M,Specijalizacija poslije srednje škole,13
2013,Broj,Bosansko Grahovo,M,Specijalizacija poslije srednje škole,3
2013,Broj,Breza,M,Specijalizacija poslije srednje škole,101
2013,Broj,Bugojno,M,Specijalizacija poslije srednje škole,85
2013,Broj,Busovača,M,Specijalizacija poslije srednje škole,94
2013,Broj,Bužim,M,Specijalizacija poslije srednje škole,18
2013,Broj,Cazin,M,Specijalizacija poslije srednje škole,99
2013,Broj,Sarajevo-Centar,M,Specijalizacija poslije srednje škole,220
2013,Broj,Čapljina,M,Specijalizacija poslije srednje škole,96
2013,Broj,Čelić,M,Specijalizacija poslije srednje škole,14
2013,Broj,Čitluk,M,Specijalizacija poslije srednje škole,61
2013,Broj,Doboj-Istok,M,Specijalizacija poslije srednje škole,20
2013,Broj,Doboj-Jug,M,Specijalizacija poslije srednje škole,21
2013,Broj,Dobretići,M,Specijalizacija poslije srednje škole,1
2013,Broj,Domaljevac-Šamac,M,Specijalizacija poslije srednje škole,19
2013,Broj,Donji Vakuf,M,Specijalizacija poslije srednje škole,19
2013,Broj,Drvar,M,Specijalizacija poslije srednje škole,27
2013,Broj,Foča-FBiH,M,Specijalizacija poslije srednje škole,8
2013,Broj,Fojnica,M,Specijalizacija poslije srednje škole,36
2013,Broj,Glamoč,M,Specijalizacija poslije srednje škole,10
2013,Broj,Goražde,M,Specijalizacija poslije srednje škole,163
2013,Broj,Gornji Vakuf-Uskoplje,M,Specijalizacija poslije srednje škole,25
2013,Broj,Gračanica,M,Specijalizacija poslije srednje škole,175
2013,Broj,Gradačac,M,Specijalizacija poslije srednje škole,105
2013,Broj,Grude,M,Specijalizacija poslije srednje škole,50
2013,Broj,Sarajevo-Hadžići,M,Specijalizacija poslije srednje škole,74
2013,Broj,Sarajevo-Ilidža,M,Specijalizacija poslije srednje škole,311
2013,Broj,Sarajevo-Ilijaš,M,Specijalizacija poslije srednje škole,82
2013,Broj,Jablanica,M,Specijalizacija poslije srednje škole,127
2013,Broj,Jajce,M,Specijalizacija poslije srednje škole,86
2013,Broj,Kakanj,M,Specijalizacija poslije srednje škole,295
2013,Broj,Kalesija,M,Specijalizacija poslije srednje škole,94
2013,Broj,Kiseljak,M,Specijalizacija poslije srednje škole,71
2013,Broj,Kladanj,M,Specijalizacija poslije srednje škole,16
2013,Broj,Ključ,M,Specijalizacija poslije srednje škole,51
2013,Broj,Konjic,M,Specijalizacija poslije srednje škole,130
2013,Broj,Kreševo,M,Specijalizacija poslije srednje škole,19
2013,Broj,Kupres-FBiH,M,Specijalizacija poslije srednje škole,8
2013,Broj,Livno,M,Specijalizacija poslije srednje škole,104
2013,Broj,Lukavac,M,Specijalizacija poslije srednje škole,478
2013,Broj,Ljubuški,M,Specijalizacija poslije srednje škole,83
2013,Broj,Maglaj,M,Specijalizacija poslije srednje škole,173
2013,Broj,Mostar,M,Specijalizacija poslije srednje škole,555
2013,Broj,Neum,M,Specijalizacija poslije srednje škole,45
2013,Broj,Sarajevo-Novi Grad,M,Specijalizacija poslije srednje škole,539
2013,Broj,Novi Travnik,M,Specijalizacija poslije srednje škole,301
2013,Broj,Sarajevo-Novo Sarajevo,M,Specijalizacija poslije srednje škole,346
2013,Broj,Odžak,M,Specijalizacija poslije srednje škole,70
2013,Broj,Olovo,M,Specijalizacija poslije srednje škole,27
2013,Broj,Orašje,M,Specijalizacija poslije srednje škole,57
2013,Broj,Pale-FBiH,M,Specijalizacija poslije srednje škole,4
2013,Broj,Posušje,M,Specijalizacija poslije srednje škole,69
2013,Broj,Prozor,M,Specijalizacija poslije srednje škole,17
2013,Broj,Ravno,M,Specijalizacija poslije srednje škole,4
2013,Broj,Sanski Most,M,Specijalizacija poslije srednje škole,128
2013,Broj,Sapna,M,Specijalizacija poslije srednje škole,8
2013,Broj,Srebrenik,M,Specijalizacija poslije srednje škole,124
2013,Broj,Sarajevo-Stari Grad,M,Specijalizacija poslije srednje škole,197
2013,Broj,Stolac,M,Specijalizacija poslije srednje škole,63
2013,Broj,Široki Brijeg,M,Specijalizacija poslije srednje škole,55
2013,Broj,Teočak,M,Specijalizacija poslije srednje škole,16
2013,Broj,Tešanj,M,Specijalizacija poslije srednje škole,236
2013,Broj,Tomislavgrad,M,Specijalizacija poslije srednje škole,46
2013,Broj,Travnik,M,Specijalizacija poslije srednje škole,211
2013,Broj,Trnovo-FBiH,M,Specijalizacija poslije srednje škole,11
2013,Broj,Tuzla,M,Specijalizacija poslije srednje škole,933
2013,Broj,Usora,M,Specijalizacija poslije srednje škole,32
2013,Broj,Vareš,M,Specijalizacija poslije srednje škole,82
2013,Broj,Velika Kladuša,M,Specijalizacija poslije srednje škole,48
2013,Broj,Visoko,M,Specijalizacija poslije srednje škole,200
2013,Broj,Vitez,M,Specijalizacija poslije srednje škole,184
2013,Broj,Sarajevo-Vogošća,M,Specijalizacija poslije srednje škole,158
2013,Broj,Zavidovići,M,Specijalizacija poslije srednje škole,119
2013,Broj,Zenica,M,Specijalizacija poslije srednje škole,1728
2013,Broj,Žepče,M,Specijalizacija poslije srednje škole,139
2013,Broj,Živinice,M,Specijalizacija poslije srednje škole,200
2013,Broj,Banovići,Ž,Specijalizacija poslije srednje škole,8
2013,Broj,Bihać,Ž,Specijalizacija poslije srednje škole,35
2013,Broj,Bosanska Krupa,Ž,Specijalizacija poslije srednje škole,19
2013,Broj,Bosanski Petrovac,Ž,Specijalizacija poslije srednje škole,3
2013,Broj,Bosansko Grahovo,Ž,Specijalizacija poslije srednje škole,0
2013,Broj,Breza,Ž,Specijalizacija poslije srednje škole,10
2013,Broj,Bugojno,Ž,Specijalizacija poslije srednje škole,29
2013,Broj,Busovača,Ž,Specijalizacija poslije srednje škole,10
2013,Broj,Bužim,Ž,Specijalizacija poslije srednje škole,21
2013,Broj,Cazin,Ž,Specijalizacija poslije srednje škole,41
2013,Broj,Sarajevo-Centar,Ž,Specijalizacija poslije srednje škole,62
2013,Broj,Čapljina,Ž,Specijalizacija poslije srednje škole,34
2013,Broj,Čelić,Ž,Specijalizacija poslije srednje škole,2
2013,Broj,Čitluk,Ž,Specijalizacija poslije srednje škole,23
2013,Broj,Doboj-Istok,Ž,Specijalizacija poslije srednje škole,4
2013,Broj,Doboj-Jug,Ž,Specijalizacija poslije srednje škole,2
2013,Broj,Dobretići,Ž,Specijalizacija poslije srednje škole,0
2013,Broj,Domaljevac-Šamac,Ž,Specijalizacija poslije srednje škole,11
2013,Broj,Donji Vakuf,Ž,Specijalizacija poslije srednje škole,5
2013,Broj,Drvar,Ž,Specijalizacija poslije srednje škole,5
2013,Broj,Foča-FBiH,Ž,Specijalizacija poslije srednje škole,3
2013,Broj,Fojnica,Ž,Specijalizacija poslije srednje škole,6
2013,Broj,Glamoč,Ž,Specijalizacija poslije srednje škole,3
2013,Broj,Goražde,Ž,Specijalizacija poslije srednje škole,27
2013,Broj,Gornji Vakuf-Uskoplje,Ž,Specijalizacija poslije srednje škole,5
2013,Broj,Gračanica,Ž,Specijalizacija poslije srednje škole,14
2013,Broj,Gradačac,Ž,Specijalizacija poslije srednje škole,31
2013,Broj,Grude,Ž,Specijalizacija poslije srednje škole,25
2013,Broj,Sarajevo-Hadžići,Ž,Specijalizacija poslije srednje škole,15
2013,Broj,Sarajevo-Ilidža,Ž,Specijalizacija poslije srednje škole,64
2013,Broj,Sarajevo-Ilijaš,Ž,Specijalizacija poslije srednje škole,15
2013,Broj,Jablanica,Ž,Specijalizacija poslije srednje škole,6
2013,Broj,Jajce,Ž,Specijalizacija poslije srednje škole,27
2013,Broj,Kakanj,Ž,Specijalizacija poslije srednje škole,18
2013,Broj,Kalesija,Ž,Specijalizacija poslije srednje škole,21
2013,Broj,Kiseljak,Ž,Specijalizacija poslije srednje škole,9
2013,Broj,Kladanj,Ž,Specijalizacija poslije srednje škole,8
2013,Broj,Ključ,Ž,Specijalizacija poslije srednje škole,23
2013,Broj,Konjic,Ž,Specijalizacija poslije srednje škole,14
2013,Broj,Kreševo,Ž,Specijalizacija poslije srednje škole,3
2013,Broj,Kupres-FBiH,Ž,Specijalizacija poslije srednje škole,3
2013,Broj,Livno,Ž,Specijalizacija poslije srednje škole,60
2013,Broj,Lukavac,Ž,Specijalizacija poslije srednje škole,39
2013,Broj,Ljubuški,Ž,Specijalizacija poslije srednje škole,55
2013,Broj,Maglaj,Ž,Specijalizacija poslije srednje škole,35
2013,Broj,Mostar,Ž,Specijalizacija poslije srednje škole,143
2013,Broj,Neum,Ž,Specijalizacija poslije srednje škole,8
2013,Broj,Sarajevo-Novi Grad,Ž,Specijalizacija poslije srednje škole,126
2013,Broj,Novi Travnik,Ž,Specijalizacija poslije srednje škole,34
2013,Broj,Sarajevo-Novo Sarajevo,Ž,Specijalizacija poslije srednje škole,100
2013,Broj,Odžak,Ž,Specijalizacija poslije srednje škole,24
2013,Broj,Olovo,Ž,Specijalizacija poslije srednje škole,5
2013,Broj,Orašje,Ž,Specijalizacija poslije srednje škole,19
2013,Broj,Pale-FBiH,Ž,Specijalizacija poslije srednje škole,0
2013,Broj,Posušje,Ž,Specijalizacija poslije srednje škole,34
2013,Broj,Prozor,Ž,Specijalizacija poslije srednje škole,8
2013,Broj,Ravno,Ž,Specijalizacija poslije srednje škole,2
2013,Broj,Sanski Most,Ž,Specijalizacija poslije srednje škole,79
2013,Broj,Sapna,Ž,Specijalizacija poslije srednje škole,3
2013,Broj,Srebrenik,Ž,Specijalizacija poslije srednje škole,21
2013,Broj,Sarajevo-Stari Grad,Ž,Specijalizacija poslije srednje škole,41
2013,Broj,Stolac,Ž,Specijalizacija poslije srednje škole,11
2013,Broj,Široki Brijeg,Ž,Specijalizacija poslije srednje škole,16
2013,Broj,Teočak,Ž,Specijalizacija poslije srednje škole,4
2013,Broj,Tešanj,Ž,Specijalizacija poslije srednje škole,35
2013,Broj,Tomislavgrad,Ž,Specijalizacija poslije srednje škole,28
2013,Broj,Travnik,Ž,Specijalizacija poslije srednje škole,37
2013,Broj,Trnovo-FBiH,Ž,Specijalizacija poslije srednje škole,2
2013,Broj,Tuzla,Ž,Specijalizacija poslije srednje škole,192
2013,Broj,Usora,Ž,Specijalizacija poslije srednje škole,10
2013,Broj,Vareš,Ž,Specijalizacija poslije srednje škole,6
2013,Broj,Velika Kladuša,Ž,Specijalizacija poslije srednje škole,23
2013,Broj,Visoko,Ž,Specijalizacija poslije srednje škole,26
2013,Broj,Vitez,Ž,Specijalizacija poslije srednje škole,24
2013,Broj,Sarajevo-Vogošća,Ž,Specijalizacija poslije srednje škole,22
2013,Broj,Zavidovići,Ž,Specijalizacija poslije srednje škole,33
2013,Broj,Zenica,Ž,Specijalizacija poslije srednje škole,238
2013,Broj,Žepče,Ž,Specijalizacija poslije srednje škole,22
2013,Broj,Živinice,Ž,Specijalizacija poslije srednje škole,20
2013,Broj,Banovići,Oba spola,Viša škola i prvi stepen fakulteta,185
2013,Broj,Bihać,Oba spola,Viša škola i prvi stepen fakulteta,2465
2013,Broj,Bosanska Krupa,Oba spola,Viša škola i prvi stepen fakulteta,587
2013,Broj,Bosanski Petrovac,Oba spola,Viša škola i prvi stepen fakulteta,194
2013,Broj,Bosansko Grahovo,Oba spola,Viša škola i prvi stepen fakulteta,113
2013,Broj,Breza,Oba spola,Viša škola i prvi stepen fakulteta,232
2013,Broj,Bugojno,Oba spola,Viša škola i prvi stepen fakulteta,763
2013,Broj,Busovača,Oba spola,Viša škola i prvi stepen fakulteta,280
2013,Broj,Bužim,Oba spola,Viša škola i prvi stepen fakulteta,315
2013,Broj,Cazin,Oba spola,Viša škola i prvi stepen fakulteta,1168
2013,Broj,Sarajevo-Centar,Oba spola,Viša škola i prvi stepen fakulteta,2724
2013,Broj,Čapljina,Oba spola,Viša škola i prvi stepen fakulteta,852
2013,Broj,Čelić,Oba spola,Viša škola i prvi stepen fakulteta,72
2013,Broj,Čitluk,Oba spola,Viša škola i prvi stepen fakulteta,491
2013,Broj,Doboj-Istok,Oba spola,Viša škola i prvi stepen fakulteta,102
2013,Broj,Doboj-Jug,Oba spola,Viša škola i prvi stepen fakulteta,47
2013,Broj,Dobretići,Oba spola,Viša škola i prvi stepen fakulteta,12
2013,Broj,Domaljevac-Šamac,Oba spola,Viša škola i prvi stepen fakulteta,112
2013,Broj,Donji Vakuf,Oba spola,Viša škola i prvi stepen fakulteta,257
2013,Broj,Drvar,Oba spola,Viša škola i prvi stepen fakulteta,280
2013,Broj,Foča-FBiH,Oba spola,Viša škola i prvi stepen fakulteta,43
2013,Broj,Fojnica,Oba spola,Viša škola i prvi stepen fakulteta,235
2013,Broj,Glamoč,Oba spola,Viša škola i prvi stepen fakulteta,94
2013,Broj,Goražde,Oba spola,Viša škola i prvi stepen fakulteta,468
2013,Broj,Gornji Vakuf-Uskoplje,Oba spola,Viša škola i prvi stepen fakulteta,480
2013,Broj,Gračanica,Oba spola,Viša škola i prvi stepen fakulteta,676
2013,Broj,Gradačac,Oba spola,Viša škola i prvi stepen fakulteta,512
2013,Broj,Grude,Oba spola,Viša škola i prvi stepen fakulteta,741
2013,Broj,Sarajevo-Hadžići,Oba spola,Viša škola i prvi stepen fakulteta,406
2013,Broj,Sarajevo-Ilidža,Oba spola,Viša škola i prvi stepen fakulteta,1896
2013,Broj,Sarajevo-Ilijaš,Oba spola,Viša škola i prvi stepen fakulteta,282
2013,Broj,Jablanica,Oba spola,Viša škola i prvi stepen fakulteta,236
2013,Broj,Jajce,Oba spola,Viša škola i prvi stepen fakulteta,522
2013,Broj,Kakanj,Oba spola,Viša škola i prvi stepen fakulteta,602
2013,Broj,Kalesija,Oba spola,Viša škola i prvi stepen fakulteta,271
2013,Broj,Kiseljak,Oba spola,Viša škola i prvi stepen fakulteta,349
2013,Broj,Kladanj,Oba spola,Viša škola i prvi stepen fakulteta,174
2013,Broj,Ključ,Oba spola,Viša škola i prvi stepen fakulteta,344
2013,Broj,Konjic,Oba spola,Viša škola i prvi stepen fakulteta,663
2013,Broj,Kreševo,Oba spola,Viša škola i prvi stepen fakulteta,119
2013,Broj,Kupres-FBiH,Oba spola,Viša škola i prvi stepen fakulteta,220
2013,Broj,Livno,Oba spola,Viša škola i prvi stepen fakulteta,1457
2013,Broj,Lukavac,Oba spola,Viša škola i prvi stepen fakulteta,690
2013,Broj,Ljubuški,Oba spola,Viša škola i prvi stepen fakulteta,891
2013,Broj,Maglaj,Oba spola,Viša škola i prvi stepen fakulteta,417
2013,Broj,Mostar,Oba spola,Viša škola i prvi stepen fakulteta,4422
2013,Broj,Neum,Oba spola,Viša škola i prvi stepen fakulteta,157
2013,Broj,Sarajevo-Novi Grad,Oba spola,Viša škola i prvi stepen fakulteta,4084
2013,Broj,Novi Travnik,Oba spola,Viša škola i prvi stepen fakulteta,520
2013,Broj,Sarajevo-Novo Sarajevo,Oba spola,Viša škola i prvi stepen fakulteta,3299
2013,Broj,Odžak,Oba spola,Viša škola i prvi stepen fakulteta,364
2013,Broj,Olovo,Oba spola,Viša škola i prvi stepen fakulteta,184
2013,Broj,Orašje,Oba spola,Viša škola i prvi stepen fakulteta,525
2013,Broj,Pale-FBiH,Oba spola,Viša škola i prvi stepen fakulteta,7
2013,Broj,Posušje,Oba spola,Viša škola i prvi stepen fakulteta,790
2013,Broj,Prozor,Oba spola,Viša škola i prvi stepen fakulteta,301
2013,Broj,Ravno,Oba spola,Viša škola i prvi stepen fakulteta,180
2013,Broj,Sanski Most,Oba spola,Viša škola i prvi stepen fakulteta,890
2013,Broj,Sapna,Oba spola,Viša škola i prvi stepen fakulteta,56
2013,Broj,Srebrenik,Oba spola,Viša škola i prvi stepen fakulteta,395
2013,Broj,Sarajevo-Stari Grad,Oba spola,Viša škola i prvi stepen fakulteta,1353
2013,Broj,Stolac,Oba spola,Viša škola i prvi stepen fakulteta,470
2013,Broj,Široki Brijeg,Oba spola,Viša škola i prvi stepen fakulteta,1005
2013,Broj,Teočak,Oba spola,Viša škola i prvi stepen fakulteta,41
2013,Broj,Tešanj,Oba spola,Viša škola i prvi stepen fakulteta,677
2013,Broj,Tomislavgrad,Oba spola,Viša škola i prvi stepen fakulteta,988
2013,Broj,Travnik,Oba spola,Viša škola i prvi stepen fakulteta,1068
2013,Broj,Trnovo-FBiH,Oba spola,Viša škola i prvi stepen fakulteta,28
2013,Broj,Tuzla,Oba spola,Viša škola i prvi stepen fakulteta,3591
2013,Broj,Usora,Oba spola,Viša škola i prvi stepen fakulteta,121
2013,Broj,Vareš,Oba spola,Viša škola i prvi stepen fakulteta,161
2013,Broj,Velika Kladuša,Oba spola,Viša škola i prvi stepen fakulteta,532
2013,Broj,Visoko,Oba spola,Viša škola i prvi stepen fakulteta,755
2013,Broj,Vitez,Oba spola,Viša škola i prvi stepen fakulteta,614
2013,Broj,Sarajevo-Vogošća,Oba spola,Viša škola i prvi stepen fakulteta,644
2013,Broj,Zavidovići,Oba spola,Viša škola i prvi stepen fakulteta,530
2013,Broj,Zenica,Oba spola,Viša škola i prvi stepen fakulteta,2791
2013,Broj,Žepče,Oba spola,Viša škola i prvi stepen fakulteta,533
2013,Broj,Živinice,Oba spola,Viša škola i prvi stepen fakulteta,605
2013,Broj,Banovići,M,Viša škola i prvi stepen fakulteta,106
2013,Broj,Bihać,M,Viša škola i prvi stepen fakulteta,1217
2013,Broj,Bosanska Krupa,M,Viša škola i prvi stepen fakulteta,297
2013,Broj,Bosanski Petrovac,M,Viša škola i prvi stepen fakulteta,96
2013,Broj,Bosansko Grahovo,M,Viša škola i prvi stepen fakulteta,75
2013,Broj,Breza,M,Viša škola i prvi stepen fakulteta,121
2013,Broj,Bugojno,M,Viša škola i prvi stepen fakulteta,409
2013,Broj,Busovača,M,Viša škola i prvi stepen fakulteta,165
2013,Broj,Bužim,M,Viša škola i prvi stepen fakulteta,173
2013,Broj,Cazin,M,Viša škola i prvi stepen fakulteta,607
2013,Broj,Sarajevo-Centar,M,Viša škola i prvi stepen fakulteta,1284
2013,Broj,Čapljina,M,Viša škola i prvi stepen fakulteta,409
2013,Broj,Čelić,M,Viša škola i prvi stepen fakulteta,51
2013,Broj,Čitluk,M,Viša škola i prvi stepen fakulteta,231
2013,Broj,Doboj-Istok,M,Viša škola i prvi stepen fakulteta,70
2013,Broj,Doboj-Jug,M,Viša škola i prvi stepen fakulteta,26
2013,Broj,Dobretići,M,Viša škola i prvi stepen fakulteta,5
2013,Broj,Domaljevac-Šamac,M,Viša škola i prvi stepen fakulteta,64
2013,Broj,Donji Vakuf,M,Viša škola i prvi stepen fakulteta,116
2013,Broj,Drvar,M,Viša škola i prvi stepen fakulteta,162
2013,Broj,Foča-FBiH,M,Viša škola i prvi stepen fakulteta,30
2013,Broj,Fojnica,M,Viša škola i prvi stepen fakulteta,154
2013,Broj,Glamoč,M,Viša škola i prvi stepen fakulteta,58
2013,Broj,Goražde,M,Viša škola i prvi stepen fakulteta,318
2013,Broj,Gornji Vakuf-Uskoplje,M,Viša škola i prvi stepen fakulteta,264
2013,Broj,Gračanica,M,Viša škola i prvi stepen fakulteta,409
2013,Broj,Gradačac,M,Viša škola i prvi stepen fakulteta,290
2013,Broj,Grude,M,Viša škola i prvi stepen fakulteta,366
2013,Broj,Sarajevo-Hadžići,M,Viša škola i prvi stepen fakulteta,267
2013,Broj,Sarajevo-Ilidža,M,Viša škola i prvi stepen fakulteta,1085
2013,Broj,Sarajevo-Ilijaš,M,Viša škola i prvi stepen fakulteta,169
2013,Broj,Jablanica,M,Viša škola i prvi stepen fakulteta,142
2013,Broj,Jajce,M,Viša škola i prvi stepen fakulteta,241
2013,Broj,Kakanj,M,Viša škola i prvi stepen fakulteta,335
2013,Broj,Kalesija,M,Viša škola i prvi stepen fakulteta,170
2013,Broj,Kiseljak,M,Viša škola i prvi stepen fakulteta,206
2013,Broj,Kladanj,M,Viša škola i prvi stepen fakulteta,108
2013,Broj,Ključ,M,Viša škola i prvi stepen fakulteta,175
2013,Broj,Konjic,M,Viša škola i prvi stepen fakulteta,397
2013,Broj,Kreševo,M,Viša škola i prvi stepen fakulteta,69
2013,Broj,Kupres-FBiH,M,Viša škola i prvi stepen fakulteta,120
2013,Broj,Livno,M,Viša škola i prvi stepen fakulteta,792
2013,Broj,Lukavac,M,Viša škola i prvi stepen fakulteta,441
2013,Broj,Ljubuški,M,Viša škola i prvi stepen fakulteta,416
2013,Broj,Maglaj,M,Viša škola i prvi stepen fakulteta,233
2013,Broj,Mostar,M,Viša škola i prvi stepen fakulteta,2202
2013,Broj,Neum,M,Viša škola i prvi stepen fakulteta,89
2013,Broj,Sarajevo-Novi Grad,M,Viša škola i prvi stepen fakulteta,2238
2013,Broj,Novi Travnik,M,Viša škola i prvi stepen fakulteta,300
2013,Broj,Sarajevo-Novo Sarajevo,M,Viša škola i prvi stepen fakulteta,1675
2013,Broj,Odžak,M,Viša škola i prvi stepen fakulteta,214
2013,Broj,Olovo,M,Viša škola i prvi stepen fakulteta,119
2013,Broj,Orašje,M,Viša škola i prvi stepen fakulteta,294
2013,Broj,Pale-FBiH,M,Viša škola i prvi stepen fakulteta,4
2013,Broj,Posušje,M,Viša škola i prvi stepen fakulteta,351
2013,Broj,Prozor,M,Viša škola i prvi stepen fakulteta,148
2013,Broj,Ravno,M,Viša škola i prvi stepen fakulteta,98
2013,Broj,Sanski Most,M,Viša škola i prvi stepen fakulteta,438
2013,Broj,Sapna,M,Viša škola i prvi stepen fakulteta,33
2013,Broj,Srebrenik,M,Viša škola i prvi stepen fakulteta,257
2013,Broj,Sarajevo-Stari Grad,M,Viša škola i prvi stepen fakulteta,736
2013,Broj,Stolac,M,Viša škola i prvi stepen fakulteta,259
2013,Broj,Široki Brijeg,M,Viša škola i prvi stepen fakulteta,496
2013,Broj,Teočak,M,Viša škola i prvi stepen fakulteta,19
2013,Broj,Tešanj,M,Viša škola i prvi stepen fakulteta,390
2013,Broj,Tomislavgrad,M,Viša škola i prvi stepen fakulteta,495
2013,Broj,Travnik,M,Viša škola i prvi stepen fakulteta,621
2013,Broj,Trnovo-FBiH,M,Viša škola i prvi stepen fakulteta,23
2013,Broj,Tuzla,M,Viša škola i prvi stepen fakulteta,1961
2013,Broj,Usora,M,Viša škola i prvi stepen fakulteta,70
2013,Broj,Vareš,M,Viša škola i prvi stepen fakulteta,89
2013,Broj,Velika Kladuša,M,Viša škola i prvi stepen fakulteta,291
2013,Broj,Visoko,M,Viša škola i prvi stepen fakulteta,398
2013,Broj,Vitez,M,Viša škola i prvi stepen fakulteta,369
2013,Broj,Sarajevo-Vogošća,M,Viša škola i prvi stepen fakulteta,398
2013,Broj,Zavidovići,M,Viša škola i prvi stepen fakulteta,294
2013,Broj,Zenica,M,Viša škola i prvi stepen fakulteta,1544
2013,Broj,Žepče,M,Viša škola i prvi stepen fakulteta,290
2013,Broj,Živinice,M,Viša škola i prvi stepen fakulteta,378
2013,Broj,Banovići,Ž,Viša škola i prvi stepen fakulteta,79
2013,Broj,Bihać,Ž,Viša škola i prvi stepen fakulteta,1248
2013,Broj,Bosanska Krupa,Ž,Viša škola i prvi stepen fakulteta,290
2013,Broj,Bosanski Petrovac,Ž,Viša škola i prvi stepen fakulteta,98
2013,Broj,Bosansko Grahovo,Ž,Viša škola i prvi stepen fakulteta,38
2013,Broj,Breza,Ž,Viša škola i prvi stepen fakulteta,111
2013,Broj,Bugojno,Ž,Viša škola i prvi stepen fakulteta,354
2013,Broj,Busovača,Ž,Viša škola i prvi stepen fakulteta,115
2013,Broj,Bužim,Ž,Viša škola i prvi stepen fakulteta,142
2013,Broj,Cazin,Ž,Viša škola i prvi stepen fakulteta,561
2013,Broj,Sarajevo-Centar,Ž,Viša škola i prvi stepen fakulteta,1440
2013,Broj,Čapljina,Ž,Viša škola i prvi stepen fakulteta,443
2013,Broj,Čelić,Ž,Viša škola i prvi stepen fakulteta,21
2013,Broj,Čitluk,Ž,Viša škola i prvi stepen fakulteta,260
2013,Broj,Doboj-Istok,Ž,Viša škola i prvi stepen fakulteta,32
2013,Broj,Doboj-Jug,Ž,Viša škola i prvi stepen fakulteta,21
2013,Broj,Dobretići,Ž,Viša škola i prvi stepen fakulteta,7
2013,Broj,Domaljevac-Šamac,Ž,Viša škola i prvi stepen fakulteta,48
2013,Broj,Donji Vakuf,Ž,Viša škola i prvi stepen fakulteta,141
2013,Broj,Drvar,Ž,Viša škola i prvi stepen fakulteta,118
2013,Broj,Foča-FBiH,Ž,Viša škola i prvi stepen fakulteta,13
2013,Broj,Fojnica,Ž,Viša škola i prvi stepen fakulteta,81
2013,Broj,Glamoč,Ž,Viša škola i prvi stepen fakulteta,36
2013,Broj,Goražde,Ž,Viša škola i prvi stepen fakulteta,150
2013,Broj,Gornji Vakuf-Uskoplje,Ž,Viša škola i prvi stepen fakulteta,216
2013,Broj,Gračanica,Ž,Viša škola i prvi stepen fakulteta,267
2013,Broj,Gradačac,Ž,Viša škola i prvi stepen fakulteta,222
2013,Broj,Grude,Ž,Viša škola i prvi stepen fakulteta,375
2013,Broj,Sarajevo-Hadžići,Ž,Viša škola i prvi stepen fakulteta,139
2013,Broj,Sarajevo-Ilidža,Ž,Viša škola i prvi stepen fakulteta,811
2013,Broj,Sarajevo-Ilijaš,Ž,Viša škola i prvi stepen fakulteta,113
2013,Broj,Jablanica,Ž,Viša škola i prvi stepen fakulteta,94
2013,Broj,Jajce,Ž,Viša škola i prvi stepen fakulteta,281
2013,Broj,Kakanj,Ž,Viša škola i prvi stepen fakulteta,267
2013,Broj,Kalesija,Ž,Viša škola i prvi stepen fakulteta,101
2013,Broj,Kiseljak,Ž,Viša škola i prvi stepen fakulteta,143
2013,Broj,Kladanj,Ž,Viša škola i prvi stepen fakulteta,66
2013,Broj,Ključ,Ž,Viša škola i prvi stepen fakulteta,169
2013,Broj,Konjic,Ž,Viša škola i prvi stepen fakulteta,266
2013,Broj,Kreševo,Ž,Viša škola i prvi stepen fakulteta,50
2013,Broj,Kupres-FBiH,Ž,Viša škola i prvi stepen fakulteta,100
2013,Broj,Livno,Ž,Viša škola i prvi stepen fakulteta,665
2013,Broj,Lukavac,Ž,Viša škola i prvi stepen fakulteta,249
2013,Broj,Ljubuški,Ž,Viša škola i prvi stepen fakulteta,475
2013,Broj,Maglaj,Ž,Viša škola i prvi stepen fakulteta,184
2013,Broj,Mostar,Ž,Viša škola i prvi stepen fakulteta,2220
2013,Broj,Neum,Ž,Viša škola i prvi stepen fakulteta,68
2013,Broj,Sarajevo-Novi Grad,Ž,Viša škola i prvi stepen fakulteta,1846
2013,Broj,Novi Travnik,Ž,Viša škola i prvi stepen fakulteta,220
2013,Broj,Sarajevo-Novo Sarajevo,Ž,Viša škola i prvi stepen fakulteta,1624
2013,Broj,Odžak,Ž,Viša škola i prvi stepen fakulteta,150
2013,Broj,Olovo,Ž,Viša škola i prvi stepen fakulteta,65
2013,Broj,Orašje,Ž,Viša škola i prvi stepen fakulteta,231
2013,Broj,Pale-FBiH,Ž,Viša škola i prvi stepen fakulteta,3
2013,Broj,Posušje,Ž,Viša škola i prvi stepen fakulteta,439
2013,Broj,Prozor,Ž,Viša škola i prvi stepen fakulteta,153
2013,Broj,Ravno,Ž,Viša škola i prvi stepen fakulteta,82
2013,Broj,Sanski Most,Ž,Viša škola i prvi stepen fakulteta,452
2013,Broj,Sapna,Ž,Viša škola i prvi stepen fakulteta,23
2013,Broj,Srebrenik,Ž,Viša škola i prvi stepen fakulteta,138
2013,Broj,Sarajevo-Stari Grad,Ž,Viša škola i prvi stepen fakulteta,617
2013,Broj,Stolac,Ž,Viša škola i prvi stepen fakulteta,211
2013,Broj,Široki Brijeg,Ž,Viša škola i prvi stepen fakulteta,509
2013,Broj,Teočak,Ž,Viša škola i prvi stepen fakulteta,22
2013,Broj,Tešanj,Ž,Viša škola i prvi stepen fakulteta,287
2013,Broj,Tomislavgrad,Ž,Viša škola i prvi stepen fakulteta,493
2013,Broj,Travnik,Ž,Viša škola i prvi stepen fakulteta,447
2013,Broj,Trnovo-FBiH,Ž,Viša škola i prvi stepen fakulteta,5
2013,Broj,Tuzla,Ž,Viša škola i prvi stepen fakulteta,1630
2013,Broj,Usora,Ž,Viša škola i prvi stepen fakulteta,51
2013,Broj,Vareš,Ž,Viša škola i prvi stepen fakulteta,72
2013,Broj,Velika Kladuša,Ž,Viša škola i prvi stepen fakulteta,241
2013,Broj,Visoko,Ž,Viša škola i prvi stepen fakulteta,357
2013,Broj,Vitez,Ž,Viša škola i prvi stepen fakulteta,245
2013,Broj,Sarajevo-Vogošća,Ž,Viša škola i prvi stepen fakulteta,246
2013,Broj,Zavidovići,Ž,Viša škola i prvi stepen fakulteta,236
2013,Broj,Zenica,Ž,Viša škola i prvi stepen fakulteta,1247
2013,Broj,Žepče,Ž,Viša škola i prvi stepen fakulteta,243
2013,Broj,Živinice,Ž,Viša škola i prvi stepen fakulteta,227
2013,Broj,Banovići,Oba spola,Visoka škola / fakultet / akademija / univerzitet,1276
2013,Broj,Bihać,Oba spola,Visoka škola / fakultet / akademija / univerzitet,5359
2013,Broj,Bosanska Krupa,Oba spola,Visoka škola / fakultet / akademija / univerzitet,1193
2013,Broj,Bosanski Petrovac,Oba spola,Visoka škola / fakultet / akademija / univerzitet,352
2013,Broj,Bosansko Grahovo,Oba spola,Visoka škola / fakultet / akademija / univerzitet,143
2013,Broj,Breza,Oba spola,Visoka škola / fakultet / akademija / univerzitet,959
2013,Broj,Bugojno,Oba spola,Visoka škola / fakultet / akademija / univerzitet,1816
2013,Broj,Busovača,Oba spola,Visoka škola / fakultet / akademija / univerzitet,798
2013,Broj,Bužim,Oba spola,Visoka škola / fakultet / akademija / univerzitet,607
2013,Broj,Cazin,Oba spola,Visoka škola / fakultet / akademija / univerzitet,2404
2013,Broj,Sarajevo-Centar,Oba spola,Visoka škola / fakultet / akademija / univerzitet,15300
2013,Broj,Čapljina,Oba spola,Visoka škola / fakultet / akademija / univerzitet,2237
2013,Broj,Čelić,Oba spola,Visoka škola / fakultet / akademija / univerzitet,285
2013,Broj,Čitluk,Oba spola,Visoka škola / fakultet / akademija / univerzitet,1820
2013,Broj,Doboj-Istok,Oba spola,Visoka škola / fakultet / akademija / univerzitet,442
2013,Broj,Doboj-Jug,Oba spola,Visoka škola / fakultet / akademija / univerzitet,171
2013,Broj,Dobretići,Oba spola,Visoka škola / fakultet / akademija / univerzitet,50
2013,Broj,Domaljevac-Šamac,Oba spola,Visoka škola / fakultet / akademija / univerzitet,289
2013,Broj,Donji Vakuf,Oba spola,Visoka škola / fakultet / akademija / univerzitet,522
2013,Broj,Drvar,Oba spola,Visoka škola / fakultet / akademija / univerzitet,363
2013,Broj,Foča-FBiH,Oba spola,Visoka škola / fakultet / akademija / univerzitet,77
2013,Broj,Fojnica,Oba spola,Visoka škola / fakultet / akademija / univerzitet,885
2013,Broj,Glamoč,Oba spola,Visoka škola / fakultet / akademija / univerzitet,210
2013,Broj,Goražde,Oba spola,Visoka škola / fakultet / akademija / univerzitet,1727
2013,Broj,Gornji Vakuf-Uskoplje,Oba spola,Visoka škola / fakultet / akademija / univerzitet,1050
2013,Broj,Gračanica,Oba spola,Visoka škola / fakultet / akademija / univerzitet,2110
2013,Broj,Gradačac,Oba spola,Visoka škola / fakultet / akademija / univerzitet,1556
2013,Broj,Grude,Oba spola,Visoka škola / fakultet / akademija / univerzitet,1738
2013,Broj,Sarajevo-Hadžići,Oba spola,Visoka škola / fakultet / akademija / univerzitet,1307
2013,Broj,Sarajevo-Ilidža,Oba spola,Visoka škola / fakultet / akademija / univerzitet,7309
2013,Broj,Sarajevo-Ilijaš,Oba spola,Visoka škola / fakultet / akademija / univerzitet,1041
2013,Broj,Jablanica,Oba spola,Visoka škola / fakultet / akademija / univerzitet,669
2013,Broj,Jajce,Oba spola,Visoka škola / fakultet / akademija / univerzitet,1249
2013,Broj,Kakanj,Oba spola,Visoka škola / fakultet / akademija / univerzitet,1861
2013,Broj,Kalesija,Oba spola,Visoka škola / fakultet / akademija / univerzitet,1178
2013,Broj,Kiseljak,Oba spola,Visoka škola / fakultet / akademija / univerzitet,1140
2013,Broj,Kladanj,Oba spola,Visoka škola / fakultet / akademija / univerzitet,615
2013,Broj,Ključ,Oba spola,Visoka škola / fakultet / akademija / univerzitet,695
2013,Broj,Konjic,Oba spola,Visoka škola / fakultet / akademija / univerzitet,1710
2013,Broj,Kreševo,Oba spola,Visoka škola / fakultet / akademija / univerzitet,309
2013,Broj,Kupres-FBiH,Oba spola,Visoka škola / fakultet / akademija / univerzitet,625
2013,Broj,Livno,Oba spola,Visoka škola / fakultet / akademija / univerzitet,3460
2013,Broj,Lukavac,Oba spola,Visoka škola / fakultet / akademija / univerzitet,2326
2013,Broj,Ljubuški,Oba spola,Visoka škola / fakultet / akademija / univerzitet,2948
2013,Broj,Maglaj,Oba spola,Visoka škola / fakultet / akademija / univerzitet,1097
2013,Broj,Mostar,Oba spola,Visoka škola / fakultet / akademija / univerzitet,14199
2013,Broj,Neum,Oba spola,Visoka škola / fakultet / akademija / univerzitet,532
2013,Broj,Sarajevo-Novi Grad,Oba spola,Visoka škola / fakultet / akademija / univerzitet,16824
2013,Broj,Novi Travnik,Oba spola,Visoka škola / fakultet / akademija / univerzitet,1330
2013,Broj,Sarajevo-Novo Sarajevo,Oba spola,Visoka škola / fakultet / akademija / univerzitet,16145
2013,Broj,Odžak,Oba spola,Visoka škola / fakultet / akademija / univerzitet,887
2013,Broj,Olovo,Oba spola,Visoka škola / fakultet / akademija / univerzitet,506
2013,Broj,Orašje,Oba spola,Visoka škola / fakultet / akademija / univerzitet,1320
2013,Broj,Pale-FBiH,Oba spola,Visoka škola / fakultet / akademija / univerzitet,24
2013,Broj,Posušje,Oba spola,Visoka škola / fakultet / akademija / univerzitet,1756
2013,Broj,Prozor,Oba spola,Visoka škola / fakultet / akademija / univerzitet,911
2013,Broj,Ravno,Oba spola,Visoka škola / fakultet / akademija / univerzitet,305
2013,Broj,Sanski Most,Oba spola,Visoka škola / fakultet / akademija / univerzitet,1815
2013,Broj,Sapna,Oba spola,Visoka škola / fakultet / akademija / univerzitet,285
2013,Broj,Srebrenik,Oba spola,Visoka škola / fakultet / akademija / univerzitet,1654
2013,Broj,Sarajevo-Stari Grad,Oba spola,Visoka škola / fakultet / akademija / univerzitet,6106
2013,Broj,Stolac,Oba spola,Visoka škola / fakultet / akademija / univerzitet,1261
2013,Broj,Široki Brijeg,Oba spola,Visoka škola / fakultet / akademija / univerzitet,3002
2013,Broj,Teočak,Oba spola,Visoka škola / fakultet / akademija / univerzitet,207
2013,Broj,Tešanj,Oba spola,Visoka škola / fakultet / akademija / univerzitet,1787
2013,Broj,Tomislavgrad,Oba spola,Visoka škola / fakultet / akademija / univerzitet,2854
2013,Broj,Travnik,Oba spola,Visoka škola / fakultet / akademija / univerzitet,2975
2013,Broj,Trnovo-FBiH,Oba spola,Visoka škola / fakultet / akademija / univerzitet,72
2013,Broj,Tuzla,Oba spola,Visoka škola / fakultet / akademija / univerzitet,13355
2013,Broj,Usora,Oba spola,Visoka škola / fakultet / akademija / univerzitet,301
2013,Broj,Vareš,Oba spola,Visoka škola / fakultet / akademija / univerzitet,491
2013,Broj,Velika Kladuša,Oba spola,Visoka škola / fakultet / akademija / univerzitet,1221
2013,Broj,Visoko,Oba spola,Visoka škola / fakultet / akademija / univerzitet,2567
2013,Broj,Vitez,Oba spola,Visoka škola / fakultet / akademija / univerzitet,1472
2013,Broj,Sarajevo-Vogošća,Oba spola,Visoka škola / fakultet / akademija / univerzitet,2810
2013,Broj,Zavidovići,Oba spola,Visoka škola / fakultet / akademija / univerzitet,1535
2013,Broj,Zenica,Oba spola,Visoka škola / fakultet / akademija / univerzitet,8195
2013,Broj,Žepče,Oba spola,Visoka škola / fakultet / akademija / univerzitet,1373
2013,Broj,Živinice,Oba spola,Visoka škola / fakultet / akademija / univerzitet,2755
2013,Broj,Banovići,M,Visoka škola / fakultet / akademija / univerzitet,733
2013,Broj,Bihać,M,Visoka škola / fakultet / akademija / univerzitet,2479
2013,Broj,Bosanska Krupa,M,Visoka škola / fakultet / akademija / univerzitet,553
2013,Broj,Bosanski Petrovac,M,Visoka škola / fakultet / akademija / univerzitet,185
2013,Broj,Bosansko Grahovo,M,Visoka škola / fakultet / akademija / univerzitet,92
2013,Broj,Breza,M,Visoka škola / fakultet / akademija / univerzitet,477
2013,Broj,Bugojno,M,Visoka škola / fakultet / akademija / univerzitet,992
2013,Broj,Busovača,M,Visoka škola / fakultet / akademija / univerzitet,407
2013,Broj,Bužim,M,Visoka škola / fakultet / akademija / univerzitet,295
2013,Broj,Cazin,M,Visoka škola / fakultet / akademija / univerzitet,1145
2013,Broj,Sarajevo-Centar,M,Visoka škola / fakultet / akademija / univerzitet,7006
2013,Broj,Čapljina,M,Visoka škola / fakultet / akademija / univerzitet,1090
2013,Broj,Čelić,M,Visoka škola / fakultet / akademija / univerzitet,159
2013,Broj,Čitluk,M,Visoka škola / fakultet / akademija / univerzitet,793
2013,Broj,Doboj-Istok,M,Visoka škola / fakultet / akademija / univerzitet,232
2013,Broj,Doboj-Jug,M,Visoka škola / fakultet / akademija / univerzitet,91
2013,Broj,Dobretići,M,Visoka škola / fakultet / akademija / univerzitet,29
2013,Broj,Domaljevac-Šamac,M,Visoka škola / fakultet / akademija / univerzitet,131
2013,Broj,Donji Vakuf,M,Visoka škola / fakultet / akademija / univerzitet,285
2013,Broj,Drvar,M,Visoka škola / fakultet / akademija / univerzitet,193
2013,Broj,Foča-FBiH,M,Visoka škola / fakultet / akademija / univerzitet,46
2013,Broj,Fojnica,M,Visoka škola / fakultet / akademija / univerzitet,488
2013,Broj,Glamoč,M,Visoka škola / fakultet / akademija / univerzitet,109
2013,Broj,Goražde,M,Visoka škola / fakultet / akademija / univerzitet,933
2013,Broj,Gornji Vakuf-Uskoplje,M,Visoka škola / fakultet / akademija / univerzitet,559
2013,Broj,Gračanica,M,Visoka škola / fakultet / akademija / univerzitet,1064
2013,Broj,Gradačac,M,Visoka škola / fakultet / akademija / univerzitet,767
2013,Broj,Grude,M,Visoka škola / fakultet / akademija / univerzitet,858
2013,Broj,Sarajevo-Hadžići,M,Visoka škola / fakultet / akademija / univerzitet,639
2013,Broj,Sarajevo-Ilidža,M,Visoka škola / fakultet / akademija / univerzitet,3455
2013,Broj,Sarajevo-Ilijaš,M,Visoka škola / fakultet / akademija / univerzitet,498
2013,Broj,Jablanica,M,Visoka škola / fakultet / akademija / univerzitet,322
2013,Broj,Jajce,M,Visoka škola / fakultet / akademija / univerzitet,681
2013,Broj,Kakanj,M,Visoka škola / fakultet / akademija / univerzitet,1009
2013,Broj,Kalesija,M,Visoka škola / fakultet / akademija / univerzitet,657
2013,Broj,Kiseljak,M,Visoka škola / fakultet / akademija / univerzitet,518
2013,Broj,Kladanj,M,Visoka škola / fakultet / akademija / univerzitet,340
2013,Broj,Ključ,M,Visoka škola / fakultet / akademija / univerzitet,345
2013,Broj,Konjic,M,Visoka škola / fakultet / akademija / univerzitet,879
2013,Broj,Kreševo,M,Visoka škola / fakultet / akademija / univerzitet,147
2013,Broj,Kupres-FBiH,M,Visoka škola / fakultet / akademija / univerzitet,334
2013,Broj,Livno,M,Visoka škola / fakultet / akademija / univerzitet,1719
2013,Broj,Lukavac,M,Visoka škola / fakultet / akademija / univerzitet,1150
2013,Broj,Ljubuški,M,Visoka škola / fakultet / akademija / univerzitet,1440
2013,Broj,Maglaj,M,Visoka škola / fakultet / akademija / univerzitet,550
2013,Broj,Mostar,M,Visoka škola / fakultet / akademija / univerzitet,6346
2013,Broj,Neum,M,Visoka škola / fakultet / akademija / univerzitet,287
2013,Broj,Sarajevo-Novi Grad,M,Visoka škola / fakultet / akademija / univerzitet,7465
2013,Broj,Novi Travnik,M,Visoka škola / fakultet / akademija / univerzitet,660
2013,Broj,Sarajevo-Novo Sarajevo,M,Visoka škola / fakultet / akademija / univerzitet,7132
2013,Broj,Odžak,M,Visoka škola / fakultet / akademija / univerzitet,472
2013,Broj,Olovo,M,Visoka škola / fakultet / akademija / univerzitet,301
2013,Broj,Orašje,M,Visoka škola / fakultet / akademija / univerzitet,696
2013,Broj,Pale-FBiH,M,Visoka škola / fakultet / akademija / univerzitet,12
2013,Broj,Posušje,M,Visoka škola / fakultet / akademija / univerzitet,822
2013,Broj,Prozor,M,Visoka škola / fakultet / akademija / univerzitet,482
2013,Broj,Ravno,M,Visoka škola / fakultet / akademija / univerzitet,173
2013,Broj,Sanski Most,M,Visoka škola / fakultet / akademija / univerzitet,862
2013,Broj,Sapna,M,Visoka škola / fakultet / akademija / univerzitet,175
2013,Broj,Srebrenik,M,Visoka škola / fakultet / akademija / univerzitet,881
2013,Broj,Sarajevo-Stari Grad,M,Visoka škola / fakultet / akademija / univerzitet,2639
2013,Broj,Stolac,M,Visoka škola / fakultet / akademija / univerzitet,609
2013,Broj,Široki Brijeg,M,Visoka škola / fakultet / akademija / univerzitet,1446
2013,Broj,Teočak,M,Visoka škola / fakultet / akademija / univerzitet,118
2013,Broj,Tešanj,M,Visoka škola / fakultet / akademija / univerzitet,931
2013,Broj,Tomislavgrad,M,Visoka škola / fakultet / akademija / univerzitet,1466
2013,Broj,Travnik,M,Visoka škola / fakultet / akademija / univerzitet,1519
2013,Broj,Trnovo-FBiH,M,Visoka škola / fakultet / akademija / univerzitet,35
2013,Broj,Tuzla,M,Visoka škola / fakultet / akademija / univerzitet,6260
2013,Broj,Usora,M,Visoka škola / fakultet / akademija / univerzitet,145
2013,Broj,Vareš,M,Visoka škola / fakultet / akademija / univerzitet,268
2013,Broj,Velika Kladuša,M,Visoka škola / fakultet / akademija / univerzitet,611
2013,Broj,Visoko,M,Visoka škola / fakultet / akademija / univerzitet,1155
2013,Broj,Vitez,M,Visoka škola / fakultet / akademija / univerzitet,695
2013,Broj,Sarajevo-Vogošća,M,Visoka škola / fakultet / akademija / univerzitet,1309
2013,Broj,Zavidovići,M,Visoka škola / fakultet / akademija / univerzitet,826
2013,Broj,Zenica,M,Visoka škola / fakultet / akademija / univerzitet,4010
2013,Broj,Žepče,M,Visoka škola / fakultet / akademija / univerzitet,702
2013,Broj,Živinice,M,Visoka škola / fakultet / akademija / univerzitet,1477
2013,Broj,Banovići,Ž,Visoka škola / fakultet / akademija / univerzitet,543
2013,Broj,Bihać,Ž,Visoka škola / fakultet / akademija / univerzitet,2880
2013,Broj,Bosanska Krupa,Ž,Visoka škola / fakultet / akademija / univerzitet,640
2013,Broj,Bosanski Petrovac,Ž,Visoka škola / fakultet / akademija / univerzitet,167
2013,Broj,Bosansko Grahovo,Ž,Visoka škola / fakultet / akademija / univerzitet,51
2013,Broj,Breza,Ž,Visoka škola / fakultet / akademija / univerzitet,482
2013,Broj,Bugojno,Ž,Visoka škola / fakultet / akademija / univerzitet,824
2013,Broj,Busovača,Ž,Visoka škola / fakultet / akademija / univerzitet,391
2013,Broj,Bužim,Ž,Visoka škola / fakultet / akademija / univerzitet,312
2013,Broj,Cazin,Ž,Visoka škola / fakultet / akademija / univerzitet,1259
2013,Broj,Sarajevo-Centar,Ž,Visoka škola / fakultet / akademija / univerzitet,8294
2013,Broj,Čapljina,Ž,Visoka škola / fakultet / akademija / univerzitet,1147
2013,Broj,Čelić,Ž,Visoka škola / fakultet / akademija / univerzitet,126
2013,Broj,Čitluk,Ž,Visoka škola / fakultet / akademija / univerzitet,1027
2013,Broj,Doboj-Istok,Ž,Visoka škola / fakultet / akademija / univerzitet,210
2013,Broj,Doboj-Jug,Ž,Visoka škola / fakultet / akademija / univerzitet,80
2013,Broj,Dobretići,Ž,Visoka škola / fakultet / akademija / univerzitet,21
2013,Broj,Domaljevac-Šamac,Ž,Visoka škola / fakultet / akademija / univerzitet,158
2013,Broj,Donji Vakuf,Ž,Visoka škola / fakultet / akademija / univerzitet,237
2013,Broj,Drvar,Ž,Visoka škola / fakultet / akademija / univerzitet,170
2013,Broj,Foča-FBiH,Ž,Visoka škola / fakultet / akademija / univerzitet,31
2013,Broj,Fojnica,Ž,Visoka škola / fakultet / akademija / univerzitet,397
2013,Broj,Glamoč,Ž,Visoka škola / fakultet / akademija / univerzitet,101
2013,Broj,Goražde,Ž,Visoka škola / fakultet / akademija / univerzitet,794
2013,Broj,Gornji Vakuf-Uskoplje,Ž,Visoka škola / fakultet / akademija / univerzitet,491
2013,Broj,Gračanica,Ž,Visoka škola / fakultet / akademija / univerzitet,1046
2013,Broj,Gradačac,Ž,Visoka škola / fakultet / akademija / univerzitet,789
2013,Broj,Grude,Ž,Visoka škola / fakultet / akademija / univerzitet,880
2013,Broj,Sarajevo-Hadžići,Ž,Visoka škola / fakultet / akademija / univerzitet,668
2013,Broj,Sarajevo-Ilidža,Ž,Visoka škola / fakultet / akademija / univerzitet,3854
2013,Broj,Sarajevo-Ilijaš,Ž,Visoka škola / fakultet / akademija / univerzitet,543
2013,Broj,Jablanica,Ž,Visoka škola / fakultet / akademija / univerzitet,347
2013,Broj,Jajce,Ž,Visoka škola / fakultet / akademija / univerzitet,568
2013,Broj,Kakanj,Ž,Visoka škola / fakultet / akademija / univerzitet,852
2013,Broj,Kalesija,Ž,Visoka škola / fakultet / akademija / univerzitet,521
2013,Broj,Kiseljak,Ž,Visoka škola / fakultet / akademija / univerzitet,622
2013,Broj,Kladanj,Ž,Visoka škola / fakultet / akademija / univerzitet,275
2013,Broj,Ključ,Ž,Visoka škola / fakultet / akademija / univerzitet,350
2013,Broj,Konjic,Ž,Visoka škola / fakultet / akademija / univerzitet,831
2013,Broj,Kreševo,Ž,Visoka škola / fakultet / akademija / univerzitet,162
2013,Broj,Kupres-FBiH,Ž,Visoka škola / fakultet / akademija / univerzitet,291
2013,Broj,Livno,Ž,Visoka škola / fakultet / akademija / univerzitet,1741
2013,Broj,Lukavac,Ž,Visoka škola / fakultet / akademija / univerzitet,1176
2013,Broj,Ljubuški,Ž,Visoka škola / fakultet / akademija / univerzitet,1508
2013,Broj,Maglaj,Ž,Visoka škola / fakultet / akademija / univerzitet,547
2013,Broj,Mostar,Ž,Visoka škola / fakultet / akademija / univerzitet,7853
2013,Broj,Neum,Ž,Visoka škola / fakultet / akademija / univerzitet,245
2013,Broj,Sarajevo-Novi Grad,Ž,Visoka škola / fakultet / akademija / univerzitet,9359
2013,Broj,Novi Travnik,Ž,Visoka škola / fakultet / akademija / univerzitet,670
2013,Broj,Sarajevo-Novo Sarajevo,Ž,Visoka škola / fakultet / akademija / univerzitet,9013
2013,Broj,Odžak,Ž,Visoka škola / fakultet / akademija / univerzitet,415
2013,Broj,Olovo,Ž,Visoka škola / fakultet / akademija / univerzitet,205
2013,Broj,Orašje,Ž,Visoka škola / fakultet / akademija / univerzitet,624
2013,Broj,Pale-FBiH,Ž,Visoka škola / fakultet / akademija / univerzitet,12
2013,Broj,Posušje,Ž,Visoka škola / fakultet / akademija / univerzitet,934
2013,Broj,Prozor,Ž,Visoka škola / fakultet / akademija / univerzitet,429
2013,Broj,Ravno,Ž,Visoka škola / fakultet / akademija / univerzitet,132
2013,Broj,Sanski Most,Ž,Visoka škola / fakultet / akademija / univerzitet,953
2013,Broj,Sapna,Ž,Visoka škola / fakultet / akademija / univerzitet,110
2013,Broj,Srebrenik,Ž,Visoka škola / fakultet / akademija / univerzitet,773
2013,Broj,Sarajevo-Stari Grad,Ž,Visoka škola / fakultet / akademija / univerzitet,3467
2013,Broj,Stolac,Ž,Visoka škola / fakultet / akademija / univerzitet,652
2013,Broj,Široki Brijeg,Ž,Visoka škola / fakultet / akademija / univerzitet,1556
2013,Broj,Teočak,Ž,Visoka škola / fakultet / akademija / univerzitet,89
2013,Broj,Tešanj,Ž,Visoka škola / fakultet / akademija / univerzitet,856
2013,Broj,Tomislavgrad,Ž,Visoka škola / fakultet / akademija / univerzitet,1388
2013,Broj,Travnik,Ž,Visoka škola / fakultet / akademija / univerzitet,1456
2013,Broj,Trnovo-FBiH,Ž,Visoka škola / fakultet / akademija / univerzitet,37
2013,Broj,Tuzla,Ž,Visoka škola / fakultet / akademija / univerzitet,7095
2013,Broj,Usora,Ž,Visoka škola / fakultet / akademija / univerzitet,156
2013,Broj,Vareš,Ž,Visoka škola / fakultet / akademija / univerzitet,223
2013,Broj,Velika Kladuša,Ž,Visoka škola / fakultet / akademija / univerzitet,610
2013,Broj,Visoko,Ž,Visoka škola / fakultet / akademija / univerzitet,1412
2013,Broj,Vitez,Ž,Visoka škola / fakultet / akademija / univerzitet,777
2013,Broj,Sarajevo-Vogošća,Ž,Visoka škola / fakultet / akademija / univerzitet,1501
2013,Broj,Zavidovići,Ž,Visoka škola / fakultet / akademija / univerzitet,709
2013,Broj,Zenica,Ž,Visoka škola / fakultet / akademija / univerzitet,4185
2013,Broj,Žepče,Ž,Visoka škola / fakultet / akademija / univerzitet,671
2013,Broj,Živinice,Ž,Visoka škola / fakultet / akademija / univerzitet,1278
