Year,UNIT_MEASURE,Administrativna jedinica,Spol,Unnamed: 5,Unnamed: 6,Unnamed: 7,Value
1998.0,Broj,Federacija Bosne i Hercegovine,Oba spola,,,,483426.0
1998.0,Broj,Unsko-sanski kanton,Oba spola,,,,19062.0
1998.0,Broj,Posavski kanton,Oba spola,,,,400.0
1998.0,Broj,Tuzlanski kanton,Oba spola,,,,52338.0
1998.0,Broj,Zeničko-dobojski kanton,Oba spola,,,,166900.0
1998.0,Broj,Bosansko-podrinjski kanton,Oba spola,,,,
1998.0,Broj,Srednjobosanski kanton,Oba spola,,,,19686.0
1998.0,Broj,Hercegovačko-neretvanski kanton,Oba spola,,,,18032.0
1998.0,Broj,Zapadno-hercegovački kanton,Oba spola,,,,
1998.0,Broj,Kanton Sarajevo,Oba spola,,,,205599.0
1998.0,Broj,Kanton 10,Oba spola,,,,1409.0
1998.0,Broj,Federacija Bosne i Hercegovine,M,,,,256508.0
1998.0,Broj,Unsko-sanski kanton,M,,,,8518.0
1998.0,Broj,Posavski kanton,M,,,,167.0
1998.0,Broj,Tuzlanski kanton,M,,,,25383.0
1998.0,Broj,Zeničko-dobojski kanton,M,,,,93367.0
1998.0,Broj,Bosansko-podrinjski kanton,M,,,,
1998.0,Broj,Srednjobosanski kanton,M,,,,8634.0
1998.0,Broj,Hercegovačko-neretvanski kanton,M,,,,7469.0
1998.0,Broj,Zapadno-hercegovački kanton,M,,,,
1998.0,Broj,Kanton Sarajevo,M,,,,112504.0
1998.0,Broj,Kanton 10,M,,,,466.0
1998.0,Broj,Federacija Bosne i Hercegovine,Ž,,,,226918.0
1998.0,Broj,Unsko-sanski kanton,Ž,,,,10544.0
1998.0,Broj,Posavski kanton,Ž,,,,233.0
1998.0,Broj,Tuzlanski kanton,Ž,,,,26955.0
1998.0,Broj,Zeničko-dobojski kanton,Ž,,,,73533.0
1998.0,Broj,Bosansko-podrinjski kanton,Ž,,,,
1998.0,Broj,Srednjobosanski kanton,Ž,,,,11052.0
1998.0,Broj,Hercegovačko-neretvanski kanton,Ž,,,,10563.0
1998.0,Broj,Zapadno-hercegovački kanton,Ž,,,,
1998.0,Broj,Kanton Sarajevo,Ž,,,,93095.0
1998.0,Broj,Kanton 10,Ž,,,,943.0
1999.0,Broj,Federacija Bosne i Hercegovine,Oba spola,,,,316644.0
1999.0,Broj,Unsko-sanski kanton,Oba spola,,,,8787.0
1999.0,Broj,Posavski kanton,Oba spola,,,,911.0
1999.0,Broj,Tuzlanski kanton,Oba spola,,,,49938.0
1999.0,Broj,Zeničko-dobojski kanton,Oba spola,,,,122126.0
1999.0,Broj,Bosansko-podrinjski kanton,Oba spola,,,,
1999.0,Broj,Srednjobosanski kanton,Oba spola,,,,25288.0
1999.0,Broj,Hercegovačko-neretvanski kanton,Oba spola,,,,33768.0
1999.0,Broj,Zapadno-hercegovački kanton,Oba spola,,,,1198.0
1999.0,Broj,Kanton Sarajevo,Oba spola,,,,71624.0
1999.0,Broj,Kanton 10,Oba spola,,,,3004.0
1999.0,Broj,Federacija Bosne i Hercegovine,M,,,,158297.0
1999.0,Broj,Unsko-sanski kanton,M,,,,4056.0
1999.0,Broj,Posavski kanton,M,,,,459.0
1999.0,Broj,Tuzlanski kanton,M,,,,24031.0
1999.0,Broj,Zeničko-dobojski kanton,M,,,,52694.0
1999.0,Broj,Bosansko-podrinjski kanton,M,,,,
1999.0,Broj,Srednjobosanski kanton,M,,,,11153.0
1999.0,Broj,Hercegovačko-neretvanski kanton,M,,,,18834.0
1999.0,Broj,Zapadno-hercegovački kanton,M,,,,830.0
1999.0,Broj,Kanton Sarajevo,M,,,,45340.0
1999.0,Broj,Kanton 10,M,,,,901.0
1999.0,Broj,Federacija Bosne i Hercegovine,Ž,,,,158347.0
1999.0,Broj,Unsko-sanski kanton,Ž,,,,4731.0
1999.0,Broj,Posavski kanton,Ž,,,,452.0
1999.0,Broj,Tuzlanski kanton,Ž,,,,25907.0
1999.0,Broj,Zeničko-dobojski kanton,Ž,,,,69432.0
1999.0,Broj,Bosansko-podrinjski kanton,Ž,,,,
1999.0,Broj,Srednjobosanski kanton,Ž,,,,14135.0
1999.0,Broj,Hercegovačko-neretvanski kanton,Ž,,,,14934.0
1999.0,Broj,Zapadno-hercegovački kanton,Ž,,,,368.0
1999.0,Broj,Kanton Sarajevo,Ž,,,,26284.0
1999.0,Broj,Kanton 10,Ž,,,,2103.0
2000.0,Broj,Federacija Bosne i Hercegovine,Oba spola,,,,283785.0
2000.0,Broj,Unsko-sanski kanton,Oba spola,,,,11514.0
2000.0,Broj,Posavski kanton,Oba spola,,,,1759.0
2000.0,Broj,Tuzlanski kanton,Oba spola,,,,51918.0
2000.0,Broj,Zeničko-dobojski kanton,Oba spola,,,,84090.0
2000.0,Broj,Bosansko-podrinjski kanton,Oba spola,,,,
2000.0,Broj,Srednjobosanski kanton,Oba spola,,,,28632.0
2000.0,Broj,Hercegovačko-neretvanski kanton,Oba spola,,,,25754.0
2000.0,Broj,Zapadno-hercegovački kanton,Oba spola,,,,1198.0
2000.0,Broj,Kanton Sarajevo,Oba spola,,,,76363.0
2000.0,Broj,Kanton 10,Oba spola,,,,2557.0
2000.0,Broj,Federacija Bosne i Hercegovine,M,,,,150741.0
2000.0,Broj,Unsko-sanski kanton,M,,,,3628.0
2000.0,Broj,Posavski kanton,M,,,,900.0
2000.0,Broj,Tuzlanski kanton,M,,,,25809.0
2000.0,Broj,Zeničko-dobojski kanton,M,,,,45290.0
2000.0,Broj,Bosansko-podrinjski kanton,M,,,,
2000.0,Broj,Srednjobosanski kanton,M,,,,11909.0
2000.0,Broj,Hercegovačko-neretvanski kanton,M,,,,10760.0
2000.0,Broj,Zapadno-hercegovački kanton,M,,,,830.0
2000.0,Broj,Kanton Sarajevo,M,,,,50388.0
2000.0,Broj,Kanton 10,M,,,,1227.0
2000.0,Broj,Federacija Bosne i Hercegovine,Ž,,,,133044.0
2000.0,Broj,Unsko-sanski kanton,Ž,,,,7886.0
2000.0,Broj,Posavski kanton,Ž,,,,859.0
2000.0,Broj,Tuzlanski kanton,Ž,,,,26109.0
2000.0,Broj,Zeničko-dobojski kanton,Ž,,,,38800.0
2000.0,Broj,Bosansko-podrinjski kanton,Ž,,,,
2000.0,Broj,Srednjobosanski kanton,Ž,,,,16723.0
2000.0,Broj,Hercegovačko-neretvanski kanton,Ž,,,,14994.0
2000.0,Broj,Zapadno-hercegovački kanton,Ž,,,,368.0
2000.0,Broj,Kanton Sarajevo,Ž,,,,25975.0
2000.0,Broj,Kanton 10,Ž,,,,1330.0
2001.0,Broj,Federacija Bosne i Hercegovine,Oba spola,,,,290612.0
2001.0,Broj,Unsko-sanski kanton,Oba spola,,,,11912.0
2001.0,Broj,Posavski kanton,Oba spola,,,,1156.0
2001.0,Broj,Tuzlanski kanton,Oba spola,,,,28365.0
2001.0,Broj,Zeničko-dobojski kanton,Oba spola,,,,94505.0
2001.0,Broj,Bosansko-podrinjski kanton,Oba spola,,,,
2001.0,Broj,Srednjobosanski kanton,Oba spola,,,,21221.0
2001.0,Broj,Hercegovačko-neretvanski kanton,Oba spola,,,,27091.0
2001.0,Broj,Zapadno-hercegovački kanton,Oba spola,,,,627.0
2001.0,Broj,Kanton Sarajevo,Oba spola,,,,103226.0
2001.0,Broj,Kanton 10,Oba spola,,,,2509.0
2001.0,Broj,Federacija Bosne i Hercegovine,M,,,,174528.0
2001.0,Broj,Unsko-sanski kanton,M,,,,6205.0
2001.0,Broj,Posavski kanton,M,,,,481.0
2001.0,Broj,Tuzlanski kanton,M,,,,11941.0
2001.0,Broj,Zeničko-dobojski kanton,M,,,,51720.0
2001.0,Broj,Bosansko-podrinjski kanton,M,,,,
2001.0,Broj,Srednjobosanski kanton,M,,,,9183.0
2001.0,Broj,Hercegovačko-neretvanski kanton,M,,,,12154.0
2001.0,Broj,Zapadno-hercegovački kanton,M,,,,304.0
2001.0,Broj,Kanton Sarajevo,M,,,,81369.0
2001.0,Broj,Kanton 10,M,,,,1171.0
2001.0,Broj,Federacija Bosne i Hercegovine,Ž,,,,116084.0
2001.0,Broj,Unsko-sanski kanton,Ž,,,,5707.0
2001.0,Broj,Posavski kanton,Ž,,,,675.0
2001.0,Broj,Tuzlanski kanton,Ž,,,,16424.0
2001.0,Broj,Zeničko-dobojski kanton,Ž,,,,42785.0
2001.0,Broj,Bosansko-podrinjski kanton,Ž,,,,
2001.0,Broj,Srednjobosanski kanton,Ž,,,,12038.0
2001.0,Broj,Hercegovačko-neretvanski kanton,Ž,,,,14937.0
2001.0,Broj,Zapadno-hercegovački kanton,Ž,,,,323.0
2001.0,Broj,Kanton Sarajevo,Ž,,,,21857.0
2001.0,Broj,Kanton 10,Ž,,,,1338.0
2002.0,Broj,Federacija Bosne i Hercegovine,Oba spola,,,,278769.0
2002.0,Broj,Unsko-sanski kanton,Oba spola,,,,13413.0
2002.0,Broj,Posavski kanton,Oba spola,,,,445.0
2002.0,Broj,Tuzlanski kanton,Oba spola,,,,27426.0
2002.0,Broj,Zeničko-dobojski kanton,Oba spola,,,,90861.0
2002.0,Broj,Bosansko-podrinjski kanton,Oba spola,,,,
2002.0,Broj,Srednjobosanski kanton,Oba spola,,,,25509.0
2002.0,Broj,Hercegovačko-neretvanski kanton,Oba spola,,,,33238.0
2002.0,Broj,Zapadno-hercegovački kanton,Oba spola,,,,1435.0
2002.0,Broj,Kanton Sarajevo,Oba spola,,,,84101.0
2002.0,Broj,Kanton 10,Oba spola,,,,2341.0
2002.0,Broj,Federacija Bosne i Hercegovine,M,,,,149039.0
2002.0,Broj,Unsko-sanski kanton,M,,,,6158.0
2002.0,Broj,Posavski kanton,M,,,,209.0
2002.0,Broj,Tuzlanski kanton,M,,,,11177.0
2002.0,Broj,Zeničko-dobojski kanton,M,,,,47241.0
2002.0,Broj,Bosansko-podrinjski kanton,M,,,,
2002.0,Broj,Srednjobosanski kanton,M,,,,12470.0
2002.0,Broj,Hercegovačko-neretvanski kanton,M,,,,14442.0
2002.0,Broj,Zapadno-hercegovački kanton,M,,,,799.0
2002.0,Broj,Kanton Sarajevo,M,,,,55462.0
2002.0,Broj,Kanton 10,M,,,,1081.0
2002.0,Broj,Federacija Bosne i Hercegovine,Ž,,,,129730.0
2002.0,Broj,Unsko-sanski kanton,Ž,,,,7255.0
2002.0,Broj,Posavski kanton,Ž,,,,236.0
2002.0,Broj,Tuzlanski kanton,Ž,,,,16249.0
2002.0,Broj,Zeničko-dobojski kanton,Ž,,,,43620.0
2002.0,Broj,Bosansko-podrinjski kanton,Ž,,,,
2002.0,Broj,Srednjobosanski kanton,Ž,,,,13039.0
2002.0,Broj,Hercegovačko-neretvanski kanton,Ž,,,,18796.0
2002.0,Broj,Zapadno-hercegovački kanton,Ž,,,,636.0
2002.0,Broj,Kanton Sarajevo,Ž,,,,28639.0
2002.0,Broj,Kanton 10,Ž,,,,1260.0
2003.0,Broj,Federacija Bosne i Hercegovine,Oba spola,,,,289167.0
2003.0,Broj,Unsko-sanski kanton,Oba spola,,,,31374.0
2003.0,Broj,Posavski kanton,Oba spola,,,,63.0
2003.0,Broj,Tuzlanski kanton,Oba spola,,,,28411.0
2003.0,Broj,Zeničko-dobojski kanton,Oba spola,,,,94539.0
2003.0,Broj,Bosansko-podrinjski kanton,Oba spola,,,,
2003.0,Broj,Srednjobosanski kanton,Oba spola,,,,17320.0
2003.0,Broj,Hercegovačko-neretvanski kanton,Oba spola,,,,31978.0
2003.0,Broj,Zapadno-hercegovački kanton,Oba spola,,,,1733.0
2003.0,Broj,Kanton Sarajevo,Oba spola,,,,81448.0
2003.0,Broj,Kanton 10,Oba spola,,,,2301.0
2003.0,Broj,Federacija Bosne i Hercegovine,M,,,,156012.0
2003.0,Broj,Unsko-sanski kanton,M,,,,21833.0
2003.0,Broj,Posavski kanton,M,,,,26.0
2003.0,Broj,Tuzlanski kanton,M,,,,11375.0
2003.0,Broj,Zeničko-dobojski kanton,M,,,,49827.0
2003.0,Broj,Bosansko-podrinjski kanton,M,,,,
2003.0,Broj,Srednjobosanski kanton,M,,,,8597.0
2003.0,Broj,Hercegovačko-neretvanski kanton,M,,,,14707.0
2003.0,Broj,Zapadno-hercegovački kanton,M,,,,1020.0
2003.0,Broj,Kanton Sarajevo,M,,,,47683.0
2003.0,Broj,Kanton 10,M,,,,944.0
2003.0,Broj,Federacija Bosne i Hercegovine,Ž,,,,133155.0
2003.0,Broj,Unsko-sanski kanton,Ž,,,,9541.0
2003.0,Broj,Posavski kanton,Ž,,,,37.0
2003.0,Broj,Tuzlanski kanton,Ž,,,,17036.0
2003.0,Broj,Zeničko-dobojski kanton,Ž,,,,44712.0
2003.0,Broj,Bosansko-podrinjski kanton,Ž,,,,
2003.0,Broj,Srednjobosanski kanton,Ž,,,,8723.0
2003.0,Broj,Hercegovačko-neretvanski kanton,Ž,,,,17271.0
2003.0,Broj,Zapadno-hercegovački kanton,Ž,,,,713.0
2003.0,Broj,Kanton Sarajevo,Ž,,,,33765.0
2003.0,Broj,Kanton 10,Ž,,,,1357.0
2004.0,Broj,Federacija Bosne i Hercegovine,Oba spola,,,,270507.0
2004.0,Broj,Unsko-sanski kanton,Oba spola,,,,15996.0
2004.0,Broj,Posavski kanton,Oba spola,,,,94.0
2004.0,Broj,Tuzlanski kanton,Oba spola,,,,29152.0
2004.0,Broj,Zeničko-dobojski kanton,Oba spola,,,,86461.0
2004.0,Broj,Bosansko-podrinjski kanton,Oba spola,,,,
2004.0,Broj,Srednjobosanski kanton,Oba spola,,,,15487.0
2004.0,Broj,Hercegovačko-neretvanski kanton,Oba spola,,,,26784.0
2004.0,Broj,Zapadno-hercegovački kanton,Oba spola,,,,1826.0
2004.0,Broj,Kanton Sarajevo,Oba spola,,,,92390.0
2004.0,Broj,Kanton 10,Oba spola,,,,2317.0
2004.0,Broj,Federacija Bosne i Hercegovine,M,,,,140214.0
2004.0,Broj,Unsko-sanski kanton,M,,,,4970.0
2004.0,Broj,Posavski kanton,M,,,,35.0
2004.0,Broj,Tuzlanski kanton,M,,,,13090.0
2004.0,Broj,Zeničko-dobojski kanton,M,,,,43327.0
2004.0,Broj,Bosansko-podrinjski kanton,M,,,,
2004.0,Broj,Srednjobosanski kanton,M,,,,7645.0
2004.0,Broj,Hercegovačko-neretvanski kanton,M,,,,13121.0
2004.0,Broj,Zapadno-hercegovački kanton,M,,,,1053.0
2004.0,Broj,Kanton Sarajevo,M,,,,56016.0
2004.0,Broj,Kanton 10,M,,,,957.0
2004.0,Broj,Federacija Bosne i Hercegovine,Ž,,,,130293.0
2004.0,Broj,Unsko-sanski kanton,Ž,,,,11026.0
2004.0,Broj,Posavski kanton,Ž,,,,59.0
2004.0,Broj,Tuzlanski kanton,Ž,,,,16062.0
2004.0,Broj,Zeničko-dobojski kanton,Ž,,,,43134.0
2004.0,Broj,Bosansko-podrinjski kanton,Ž,,,,
2004.0,Broj,Srednjobosanski kanton,Ž,,,,7842.0
2004.0,Broj,Hercegovačko-neretvanski kanton,Ž,,,,13663.0
2004.0,Broj,Zapadno-hercegovački kanton,Ž,,,,773.0
2004.0,Broj,Kanton Sarajevo,Ž,,,,36374.0
2004.0,Broj,Kanton 10,Ž,,,,1360.0
2005.0,Broj,Federacija Bosne i Hercegovine,Oba spola,,,,249848.0
2005.0,Broj,Unsko-sanski kanton,Oba spola,,,,17657.0
2005.0,Broj,Posavski kanton,Oba spola,,,,120.0
2005.0,Broj,Tuzlanski kanton,Oba spola,,,,31339.0
2005.0,Broj,Zeničko-dobojski kanton,Oba spola,,,,71895.0
2005.0,Broj,Bosansko-podrinjski kanton,Oba spola,,,,
2005.0,Broj,Srednjobosanski kanton,Oba spola,,,,16422.0
2005.0,Broj,Hercegovačko-neretvanski kanton,Oba spola,,,,19460.0
2005.0,Broj,Zapadno-hercegovački kanton,Oba spola,,,,1894.0
2005.0,Broj,Kanton Sarajevo,Oba spola,,,,88769.0
2005.0,Broj,Kanton 10,Oba spola,,,,2292.0
2005.0,Broj,Federacija Bosne i Hercegovine,M,,,,126173.0
2005.0,Broj,Unsko-sanski kanton,M,,,,5530.0
2005.0,Broj,Posavski kanton,M,,,,51.0
2005.0,Broj,Tuzlanski kanton,M,,,,13199.0
2005.0,Broj,Zeničko-dobojski kanton,M,,,,36270.0
2005.0,Broj,Bosansko-podrinjski kanton,M,,,,
2005.0,Broj,Srednjobosanski kanton,M,,,,7964.0
2005.0,Broj,Hercegovačko-neretvanski kanton,M,,,,8200.0
2005.0,Broj,Zapadno-hercegovački kanton,M,,,,1097.0
2005.0,Broj,Kanton Sarajevo,M,,,,52885.0
2005.0,Broj,Kanton 10,M,,,,977.0
2005.0,Broj,Federacija Bosne i Hercegovine,Ž,,,,123675.0
2005.0,Broj,Unsko-sanski kanton,Ž,,,,12127.0
2005.0,Broj,Posavski kanton,Ž,,,,69.0
2005.0,Broj,Tuzlanski kanton,Ž,,,,18140.0
2005.0,Broj,Zeničko-dobojski kanton,Ž,,,,35625.0
2005.0,Broj,Bosansko-podrinjski kanton,Ž,,,,
2005.0,Broj,Srednjobosanski kanton,Ž,,,,8458.0
2005.0,Broj,Hercegovačko-neretvanski kanton,Ž,,,,11260.0
2005.0,Broj,Zapadno-hercegovački kanton,Ž,,,,797.0
2005.0,Broj,Kanton Sarajevo,Ž,,,,35884.0
2005.0,Broj,Kanton 10,Ž,,,,1315.0
2006.0,Broj,Federacija Bosne i Hercegovine,Oba spola,,,,333918.0
2006.0,Broj,Unsko-sanski kanton,Oba spola,,,,21373.0
2006.0,Broj,Posavski kanton,Oba spola,,,,136.0
2006.0,Broj,Tuzlanski kanton,Oba spola,,,,48970.0
2006.0,Broj,Zeničko-dobojski kanton,Oba spola,,,,100693.0
2006.0,Broj,Bosansko-podrinjski kanton,Oba spola,,,,
2006.0,Broj,Srednjobosanski kanton,Oba spola,,,,18658.0
2006.0,Broj,Hercegovačko-neretvanski kanton,Oba spola,,,,21145.0
2006.0,Broj,Zapadno-hercegovački kanton,Oba spola,,,,2345.0
2006.0,Broj,Kanton Sarajevo,Oba spola,,,,117743.0
2006.0,Broj,Kanton 10,Oba spola,,,,2855.0
2006.0,Broj,Federacija Bosne i Hercegovine,M,,,,188431.0
2006.0,Broj,Unsko-sanski kanton,M,,,,8672.0
2006.0,Broj,Posavski kanton,M,,,,136.0
2006.0,Broj,Tuzlanski kanton,M,,,,26081.0
2006.0,Broj,Zeničko-dobojski kanton,M,,,,57897.0
2006.0,Broj,Bosansko-podrinjski kanton,M,,,,
2006.0,Broj,Srednjobosanski kanton,M,,,,8419.0
2006.0,Broj,Hercegovačko-neretvanski kanton,M,,,,10559.0
2006.0,Broj,Zapadno-hercegovački kanton,M,,,,1460.0
2006.0,Broj,Kanton Sarajevo,M,,,,73991.0
2006.0,Broj,Kanton 10,M,,,,1219.0
2006.0,Broj,Federacija Bosne i Hercegovine,Ž,,,,145487.0
2006.0,Broj,Unsko-sanski kanton,Ž,,,,12701.0
2006.0,Broj,Posavski kanton,Ž,,,,0.0
2006.0,Broj,Tuzlanski kanton,Ž,,,,22889.0
2006.0,Broj,Zeničko-dobojski kanton,Ž,,,,42796.0
2006.0,Broj,Bosansko-podrinjski kanton,Ž,,,,
2006.0,Broj,Srednjobosanski kanton,Ž,,,,10239.0
2006.0,Broj,Hercegovačko-neretvanski kanton,Ž,,,,10586.0
2006.0,Broj,Zapadno-hercegovački kanton,Ž,,,,885.0
2006.0,Broj,Kanton Sarajevo,Ž,,,,43752.0
2006.0,Broj,Kanton 10,Ž,,,,1636.0
2007.0,Broj,Federacija Bosne i Hercegovine,Oba spola,,,,334660.0
2007.0,Broj,Unsko-sanski kanton,Oba spola,,,,17226.0
2007.0,Broj,Posavski kanton,Oba spola,,,,1287.0
2007.0,Broj,Tuzlanski kanton,Oba spola,,,,46851.0
2007.0,Broj,Zeničko-dobojski kanton,Oba spola,,,,77762.0
2007.0,Broj,Bosansko-podrinjski kanton,Oba spola,,,,
2007.0,Broj,Srednjobosanski kanton,Oba spola,,,,19464.0
2007.0,Broj,Hercegovačko-neretvanski kanton,Oba spola,,,,21708.0
2007.0,Broj,Zapadno-hercegovački kanton,Oba spola,,,,2560.0
2007.0,Broj,Kanton Sarajevo,Oba spola,,,,144940.0
2007.0,Broj,Kanton 10,Oba spola,,,,2862.0
2007.0,Broj,Federacija Bosne i Hercegovine,M,,,,183592.0
2007.0,Broj,Unsko-sanski kanton,M,,,,7586.0
2007.0,Broj,Posavski kanton,M,,,,481.0
2007.0,Broj,Tuzlanski kanton,M,,,,21048.0
2007.0,Broj,Zeničko-dobojski kanton,M,,,,39940.0
2007.0,Broj,Bosansko-podrinjski kanton,M,,,,
2007.0,Broj,Srednjobosanski kanton,M,,,,8681.0
2007.0,Broj,Hercegovačko-neretvanski kanton,M,,,,9489.0
2007.0,Broj,Zapadno-hercegovački kanton,M,,,,1579.0
2007.0,Broj,Kanton Sarajevo,M,,,,93705.0
2007.0,Broj,Kanton 10,M,,,,1083.0
2007.0,Broj,Federacija Bosne i Hercegovine,Ž,,,,151068.0
2007.0,Broj,Unsko-sanski kanton,Ž,,,,9640.0
2007.0,Broj,Posavski kanton,Ž,,,,806.0
2007.0,Broj,Tuzlanski kanton,Ž,,,,25803.0
2007.0,Broj,Zeničko-dobojski kanton,Ž,,,,37822.0
2007.0,Broj,Bosansko-podrinjski kanton,Ž,,,,
2007.0,Broj,Srednjobosanski kanton,Ž,,,,10783.0
2007.0,Broj,Hercegovačko-neretvanski kanton,Ž,,,,12219.0
2007.0,Broj,Zapadno-hercegovački kanton,Ž,,,,981.0
2007.0,Broj,Kanton Sarajevo,Ž,,,,51235.0
2007.0,Broj,Kanton 10,Ž,,,,1779.0
2008.0,Broj,Federacija Bosne i Hercegovine,Oba spola,,,,340152.0
2008.0,Broj,Unsko-sanski kanton,Oba spola,,,,17453.0
2008.0,Broj,Posavski kanton,Oba spola,,,,892.0
2008.0,Broj,Tuzlanski kanton,Oba spola,,,,55890.0
2008.0,Broj,Zeničko-dobojski kanton,Oba spola,,,,70513.0
2008.0,Broj,Bosansko-podrinjski kanton,Oba spola,,,,
2008.0,Broj,Srednjobosanski kanton,Oba spola,,,,22556.0
2008.0,Broj,Hercegovačko-neretvanski kanton,Oba spola,,,,15078.0
2008.0,Broj,Zapadno-hercegovački kanton,Oba spola,,,,2765.0
2008.0,Broj,Kanton Sarajevo,Oba spola,,,,152336.0
2008.0,Broj,Kanton 10,Oba spola,,,,2669.0
2008.0,Broj,Federacija Bosne i Hercegovine,M,,,,182103.0
2008.0,Broj,Unsko-sanski kanton,M,,,,8106.0
2008.0,Broj,Posavski kanton,M,,,,371.0
2008.0,Broj,Tuzlanski kanton,M,,,,23290.0
2008.0,Broj,Zeničko-dobojski kanton,M,,,,35712.0
2008.0,Broj,Bosansko-podrinjski kanton,M,,,,
2008.0,Broj,Srednjobosanski kanton,M,,,,9089.0
2008.0,Broj,Hercegovačko-neretvanski kanton,M,,,,6274.0
2008.0,Broj,Zapadno-hercegovački kanton,M,,,,1620.0
2008.0,Broj,Kanton Sarajevo,M,,,,96671.0
2008.0,Broj,Kanton 10,M,,,,970.0
2008.0,Broj,Federacija Bosne i Hercegovine,Ž,,,,158049.0
2008.0,Broj,Unsko-sanski kanton,Ž,,,,9347.0
2008.0,Broj,Posavski kanton,Ž,,,,521.0
2008.0,Broj,Tuzlanski kanton,Ž,,,,32600.0
2008.0,Broj,Zeničko-dobojski kanton,Ž,,,,34801.0
2008.0,Broj,Bosansko-podrinjski kanton,Ž,,,,
2008.0,Broj,Srednjobosanski kanton,Ž,,,,13467.0
2008.0,Broj,Hercegovačko-neretvanski kanton,Ž,,,,8804.0
2008.0,Broj,Zapadno-hercegovački kanton,Ž,,,,1145.0
2008.0,Broj,Kanton Sarajevo,Ž,,,,55665.0
2008.0,Broj,Kanton 10,Ž,,,,1699.0
2009.0,Broj,Federacija Bosne i Hercegovine,Oba spola,,,,403628.0
2009.0,Broj,Unsko-sanski kanton,Oba spola,,,,20080.0
2009.0,Broj,Posavski kanton,Oba spola,,,,538.0
2009.0,Broj,Tuzlanski kanton,Oba spola,,,,68873.0
2009.0,Broj,Zeničko-dobojski kanton,Oba spola,,,,83298.0
2009.0,Broj,Bosansko-podrinjski kanton,Oba spola,,,,
2009.0,Broj,Srednjobosanski kanton,Oba spola,,,,22343.0
2009.0,Broj,Hercegovačko-neretvanski kanton,Oba spola,,,,14039.0
2009.0,Broj,Zapadno-hercegovački kanton,Oba spola,,,,2897.0
2009.0,Broj,Kanton Sarajevo,Oba spola,,,,188504.0
2009.0,Broj,Kanton 10,Oba spola,,,,3056.0
2009.0,Broj,Federacija Bosne i Hercegovine,M,,,,198035.0
2009.0,Broj,Unsko-sanski kanton,M,,,,7518.0
2009.0,Broj,Posavski kanton,M,,,,210.0
2009.0,Broj,Tuzlanski kanton,M,,,,32281.0
2009.0,Broj,Zeničko-dobojski kanton,M,,,,41961.0
2009.0,Broj,Bosansko-podrinjski kanton,M,,,,
2009.0,Broj,Srednjobosanski kanton,M,,,,9826.0
2009.0,Broj,Hercegovačko-neretvanski kanton,M,,,,5819.0
2009.0,Broj,Zapadno-hercegovački kanton,M,,,,1511.0
2009.0,Broj,Kanton Sarajevo,M,,,,97779.0
2009.0,Broj,Kanton 10,M,,,,1130.0
2009.0,Broj,Federacija Bosne i Hercegovine,Ž,,,,205593.0
2009.0,Broj,Unsko-sanski kanton,Ž,,,,12562.0
2009.0,Broj,Posavski kanton,Ž,,,,328.0
2009.0,Broj,Tuzlanski kanton,Ž,,,,36592.0
2009.0,Broj,Zeničko-dobojski kanton,Ž,,,,41337.0
2009.0,Broj,Bosansko-podrinjski kanton,Ž,,,,
2009.0,Broj,Srednjobosanski kanton,Ž,,,,12517.0
2009.0,Broj,Hercegovačko-neretvanski kanton,Ž,,,,8220.0
2009.0,Broj,Zapadno-hercegovački kanton,Ž,,,,1386.0
2009.0,Broj,Kanton Sarajevo,Ž,,,,90725.0
2009.0,Broj,Kanton 10,Ž,,,,1926.0
2010.0,Broj,Federacija Bosne i Hercegovine,Oba spola,,,,368808.0
2010.0,Broj,Unsko-sanski kanton,Oba spola,,,,19595.0
2010.0,Broj,Posavski kanton,Oba spola,,,,830.0
2010.0,Broj,Tuzlanski kanton,Oba spola,,,,68396.0
2010.0,Broj,Zeničko-dobojski kanton,Oba spola,,,,76610.0
2010.0,Broj,Bosansko-podrinjski kanton,Oba spola,,,,
2010.0,Broj,Srednjobosanski kanton,Oba spola,,,,17177.0
2010.0,Broj,Hercegovačko-neretvanski kanton,Oba spola,,,,14923.0
2010.0,Broj,Zapadno-hercegovački kanton,Oba spola,,,,3684.0
2010.0,Broj,Kanton Sarajevo,Oba spola,,,,164918.0
2010.0,Broj,Kanton 10,Oba spola,,,,2675.0
2010.0,Broj,Federacija Bosne i Hercegovine,M,,,,174999.0
2010.0,Broj,Unsko-sanski kanton,M,,,,7579.0
2010.0,Broj,Posavski kanton,M,,,,295.0
2010.0,Broj,Tuzlanski kanton,M,,,,29285.0
2010.0,Broj,Zeničko-dobojski kanton,M,,,,35188.0
2010.0,Broj,Bosansko-podrinjski kanton,M,,,,
2010.0,Broj,Srednjobosanski kanton,M,,,,7780.0
2010.0,Broj,Hercegovačko-neretvanski kanton,M,,,,3427.0
2010.0,Broj,Zapadno-hercegovački kanton,M,,,,2148.0
2010.0,Broj,Kanton Sarajevo,M,,,,88379.0
2010.0,Broj,Kanton 10,M,,,,918.0
2010.0,Broj,Federacija Bosne i Hercegovine,Ž,,,,193809.0
2010.0,Broj,Unsko-sanski kanton,Ž,,,,12016.0
2010.0,Broj,Posavski kanton,Ž,,,,535.0
2010.0,Broj,Tuzlanski kanton,Ž,,,,39111.0
2010.0,Broj,Zeničko-dobojski kanton,Ž,,,,41422.0
2010.0,Broj,Bosansko-podrinjski kanton,Ž,,,,
2010.0,Broj,Srednjobosanski kanton,Ž,,,,9397.0
2010.0,Broj,Hercegovačko-neretvanski kanton,Ž,,,,11496.0
2010.0,Broj,Zapadno-hercegovački kanton,Ž,,,,1536.0
2010.0,Broj,Kanton Sarajevo,Ž,,,,76539.0
2010.0,Broj,Kanton 10,Ž,,,,1757.0
2011.0,Broj,Federacija Bosne i Hercegovine,Oba spola,,,,344976.0
2011.0,Broj,Unsko-sanski kanton,Oba spola,,,,21212.0
2011.0,Broj,Posavski kanton,Oba spola,,,,228.0
2011.0,Broj,Tuzlanski kanton,Oba spola,,,,79042.0
2011.0,Broj,Zeničko-dobojski kanton,Oba spola,,,,73550.0
2011.0,Broj,Bosansko-podrinjski kanton,Oba spola,,,,
2011.0,Broj,Srednjobosanski kanton,Oba spola,,,,11560.0
2011.0,Broj,Hercegovačko-neretvanski kanton,Oba spola,,,,15304.0
2011.0,Broj,Zapadno-hercegovački kanton,Oba spola,,,,3174.0
2011.0,Broj,Kanton Sarajevo,Oba spola,,,,137012.0
2011.0,Broj,Kanton 10,Oba spola,,,,3894.0
2011.0,Broj,Federacija Bosne i Hercegovine,M,,,,162768.0
2011.0,Broj,Unsko-sanski kanton,M,,,,8760.0
2011.0,Broj,Posavski kanton,M,,,,93.0
2011.0,Broj,Tuzlanski kanton,M,,,,31106.0
2011.0,Broj,Zeničko-dobojski kanton,M,,,,35157.0
2011.0,Broj,Bosansko-podrinjski kanton,M,,,,
2011.0,Broj,Srednjobosanski kanton,M,,,,5787.0
2011.0,Broj,Hercegovačko-neretvanski kanton,M,,,,6800.0
2011.0,Broj,Zapadno-hercegovački kanton,M,,,,1583.0
2011.0,Broj,Kanton Sarajevo,M,,,,71509.0
2011.0,Broj,Kanton 10,M,,,,1973.0
2011.0,Broj,Federacija Bosne i Hercegovine,Ž,,,,182208.0
2011.0,Broj,Unsko-sanski kanton,Ž,,,,12452.0
2011.0,Broj,Posavski kanton,Ž,,,,135.0
2011.0,Broj,Tuzlanski kanton,Ž,,,,47936.0
2011.0,Broj,Zeničko-dobojski kanton,Ž,,,,38393.0
2011.0,Broj,Bosansko-podrinjski kanton,Ž,,,,
2011.0,Broj,Srednjobosanski kanton,Ž,,,,5773.0
2011.0,Broj,Hercegovačko-neretvanski kanton,Ž,,,,8504.0
2011.0,Broj,Zapadno-hercegovački kanton,Ž,,,,1591.0
2011.0,Broj,Kanton Sarajevo,Ž,,,,65503.0
2011.0,Broj,Kanton 10,Ž,,,,1921.0
2012.0,Broj,Federacija Bosne i Hercegovine,Oba spola,,,,364552.0
2012.0,Broj,Unsko-sanski kanton,Oba spola,,,,18348.0
2012.0,Broj,Posavski kanton,Oba spola,,,,350.0
2012.0,Broj,Tuzlanski kanton,Oba spola,,,,87038.0
2012.0,Broj,Zeničko-dobojski kanton,Oba spola,,,,61780.0
2012.0,Broj,Bosansko-podrinjski kanton,Oba spola,,,,
2012.0,Broj,Srednjobosanski kanton,Oba spola,,,,20320.0
2012.0,Broj,Hercegovačko-neretvanski kanton,Oba spola,,,,13180.0
2012.0,Broj,Zapadno-hercegovački kanton,Oba spola,,,,3944.0
2012.0,Broj,Kanton Sarajevo,Oba spola,,,,155065.0
2012.0,Broj,Kanton 10,Oba spola,,,,4527.0
2012.0,Broj,Federacija Bosne i Hercegovine,M,,,,184723.0
2012.0,Broj,Unsko-sanski kanton,M,,,,7074.0
2012.0,Broj,Posavski kanton,M,,,,170.0
2012.0,Broj,Tuzlanski kanton,M,,,,40077.0
2012.0,Broj,Zeničko-dobojski kanton,M,,,,28689.0
2012.0,Broj,Bosansko-podrinjski kanton,M,,,,
2012.0,Broj,Srednjobosanski kanton,M,,,,9341.0
2012.0,Broj,Hercegovačko-neretvanski kanton,M,,,,4865.0
2012.0,Broj,Zapadno-hercegovački kanton,M,,,,2260.0
2012.0,Broj,Kanton Sarajevo,M,,,,89973.0
2012.0,Broj,Kanton 10,M,,,,2274.0
2012.0,Broj,Federacija Bosne i Hercegovine,Ž,,,,179829.0
2012.0,Broj,Unsko-sanski kanton,Ž,,,,11274.0
2012.0,Broj,Posavski kanton,Ž,,,,180.0
2012.0,Broj,Tuzlanski kanton,Ž,,,,46961.0
2012.0,Broj,Zeničko-dobojski kanton,Ž,,,,33091.0
2012.0,Broj,Bosansko-podrinjski kanton,Ž,,,,
2012.0,Broj,Srednjobosanski kanton,Ž,,,,10979.0
2012.0,Broj,Hercegovačko-neretvanski kanton,Ž,,,,8315.0
2012.0,Broj,Zapadno-hercegovački kanton,Ž,,,,1684.0
2012.0,Broj,Kanton Sarajevo,Ž,,,,65092.0
2012.0,Broj,Kanton 10,Ž,,,,2253.0
2013.0,Broj,Federacija Bosne i Hercegovine,Oba spola,,,,312990.0
2013.0,Broj,Unsko-sanski kanton,Oba spola,,,,20984.0
2013.0,Broj,Posavski kanton,Oba spola,,,,423.0
2013.0,Broj,Tuzlanski kanton,Oba spola,,,,73700.0
2013.0,Broj,Zeničko-dobojski kanton,Oba spola,,,,64654.0
2013.0,Broj,Bosansko-podrinjski kanton,Oba spola,,,,
2013.0,Broj,Srednjobosanski kanton,Oba spola,,,,18573.0
2013.0,Broj,Hercegovačko-neretvanski kanton,Oba spola,,,,16085.0
2013.0,Broj,Zapadno-hercegovački kanton,Oba spola,,,,4371.0
2013.0,Broj,Kanton Sarajevo,Oba spola,,,,108806.0
2013.0,Broj,Kanton 10,Oba spola,,,,5394.0
2013.0,Broj,Federacija Bosne i Hercegovine,M,,,,150170.0
2013.0,Broj,Unsko-sanski kanton,M,,,,8082.0
2013.0,Broj,Posavski kanton,M,,,,173.0
2013.0,Broj,Tuzlanski kanton,M,,,,28461.0
2013.0,Broj,Zeničko-dobojski kanton,M,,,,29657.0
2013.0,Broj,Bosansko-podrinjski kanton,M,,,,
2013.0,Broj,Srednjobosanski kanton,M,,,,8949.0
2013.0,Broj,Hercegovačko-neretvanski kanton,M,,,,7054.0
2013.0,Broj,Zapadno-hercegovački kanton,M,,,,2151.0
2013.0,Broj,Kanton Sarajevo,M,,,,63206.0
2013.0,Broj,Kanton 10,M,,,,2437.0
2013.0,Broj,Federacija Bosne i Hercegovine,Ž,,,,162820.0
2013.0,Broj,Unsko-sanski kanton,Ž,,,,12902.0
2013.0,Broj,Posavski kanton,Ž,,,,250.0
2013.0,Broj,Tuzlanski kanton,Ž,,,,45239.0
2013.0,Broj,Zeničko-dobojski kanton,Ž,,,,34997.0
2013.0,Broj,Bosansko-podrinjski kanton,Ž,,,,
2013.0,Broj,Srednjobosanski kanton,Ž,,,,9624.0
2013.0,Broj,Hercegovačko-neretvanski kanton,Ž,,,,9031.0
2013.0,Broj,Zapadno-hercegovački kanton,Ž,,,,2220.0
2013.0,Broj,Kanton Sarajevo,Ž,,,,45600.0
2013.0,Broj,Kanton 10,Ž,,,,2957.0
2014.0,Broj,Federacija Bosne i Hercegovine,Oba spola,,,,300743.0
2014.0,Broj,Unsko-sanski kanton,Oba spola,,,,21524.0
2014.0,Broj,Posavski kanton,Oba spola,,,,975.0
2014.0,Broj,Tuzlanski kanton,Oba spola,,,,63748.0
2014.0,Broj,Zeničko-dobojski kanton,Oba spola,,,,59350.0
2014.0,Broj,Bosansko-podrinjski kanton,Oba spola,,,,10433.0
2014.0,Broj,Srednjobosanski kanton,Oba spola,,,,19890.0
2014.0,Broj,Hercegovačko-neretvanski kanton,Oba spola,,,,17882.0
2014.0,Broj,Zapadno-hercegovački kanton,Oba spola,,,,3530.0
2014.0,Broj,Kanton Sarajevo,Oba spola,,,,97948.0
2014.0,Broj,Kanton 10,Oba spola,,,,5463.0
2014.0,Broj,Federacija Bosne i Hercegovine,M,,,,143250.0
2014.0,Broj,Unsko-sanski kanton,M,,,,9405.0
2014.0,Broj,Posavski kanton,M,,,,445.0
2014.0,Broj,Tuzlanski kanton,M,,,,29484.0
2014.0,Broj,Zeničko-dobojski kanton,M,,,,26577.0
2014.0,Broj,Bosansko-podrinjski kanton,M,,,,3283.0
2014.0,Broj,Srednjobosanski kanton,M,,,,9722.0
2014.0,Broj,Hercegovačko-neretvanski kanton,M,,,,7567.0
2014.0,Broj,Zapadno-hercegovački kanton,M,,,,1564.0
2014.0,Broj,Kanton Sarajevo,M,,,,52841.0
2014.0,Broj,Kanton 10,M,,,,2362.0
2014.0,Broj,Federacija Bosne i Hercegovine,Ž,,,,157493.0
2014.0,Broj,Unsko-sanski kanton,Ž,,,,12119.0
2014.0,Broj,Posavski kanton,Ž,,,,530.0
2014.0,Broj,Tuzlanski kanton,Ž,,,,34264.0
2014.0,Broj,Zeničko-dobojski kanton,Ž,,,,32773.0
2014.0,Broj,Bosansko-podrinjski kanton,Ž,,,,7150.0
2014.0,Broj,Srednjobosanski kanton,Ž,,,,10168.0
2014.0,Broj,Hercegovačko-neretvanski kanton,Ž,,,,10315.0
2014.0,Broj,Zapadno-hercegovački kanton,Ž,,,,1966.0
2014.0,Broj,Kanton Sarajevo,Ž,,,,45107.0
2014.0,Broj,Kanton 10,Ž,,,,3101.0
2015.0,Broj,Federacija Bosne i Hercegovine,Oba spola,,,,283575.0
2015.0,Broj,Unsko-sanski kanton,Oba spola,,,,21810.0
2015.0,Broj,Posavski kanton,Oba spola,,,,1041.0
2015.0,Broj,Tuzlanski kanton,Oba spola,,,,63009.0
2015.0,Broj,Zeničko-dobojski kanton,Oba spola,,,,55022.0
2015.0,Broj,Bosansko-podrinjski kanton,Oba spola,,,,11535.0
2015.0,Broj,Srednjobosanski kanton,Oba spola,,,,17407.0
2015.0,Broj,Hercegovačko-neretvanski kanton,Oba spola,,,,17673.0
2015.0,Broj,Zapadno-hercegovački kanton,Oba spola,,,,3614.0
2015.0,Broj,Kanton Sarajevo,Oba spola,,,,86478.0
2015.0,Broj,Kanton 10,Oba spola,,,,5986.0
2015.0,Broj,Federacija Bosne i Hercegovine,M,,,,139273.0
2015.0,Broj,Unsko-sanski kanton,M,,,,10336.0
2015.0,Broj,Posavski kanton,M,,,,425.0
2015.0,Broj,Tuzlanski kanton,M,,,,27833.0
2015.0,Broj,Zeničko-dobojski kanton,M,,,,25681.0
2015.0,Broj,Bosansko-podrinjski kanton,M,,,,4981.0
2015.0,Broj,Srednjobosanski kanton,M,,,,8230.0
2015.0,Broj,Hercegovačko-neretvanski kanton,M,,,,7348.0
2015.0,Broj,Zapadno-hercegovački kanton,M,,,,1671.0
2015.0,Broj,Kanton Sarajevo,M,,,,50212.0
2015.0,Broj,Kanton 10,M,,,,2556.0
2015.0,Broj,Federacija Bosne i Hercegovine,Ž,,,,144302.0
2015.0,Broj,Unsko-sanski kanton,Ž,,,,11474.0
2015.0,Broj,Posavski kanton,Ž,,,,616.0
2015.0,Broj,Tuzlanski kanton,Ž,,,,35176.0
2015.0,Broj,Zeničko-dobojski kanton,Ž,,,,29341.0
2015.0,Broj,Bosansko-podrinjski kanton,Ž,,,,6554.0
2015.0,Broj,Srednjobosanski kanton,Ž,,,,9177.0
2015.0,Broj,Hercegovačko-neretvanski kanton,Ž,,,,10325.0
2015.0,Broj,Zapadno-hercegovački kanton,Ž,,,,1943.0
2015.0,Broj,Kanton Sarajevo,Ž,,,,36266.0
2015.0,Broj,Kanton 10,Ž,,,,3430.0
2016.0,Broj,Federacija Bosne i Hercegovine,Oba spola,,,,295304.0
2016.0,Broj,Unsko-sanski kanton,Oba spola,,,,21855.0
2016.0,Broj,Posavski kanton,Oba spola,,,,1060.0
2016.0,Broj,Tuzlanski kanton,Oba spola,,,,68369.0
2016.0,Broj,Zeničko-dobojski kanton,Oba spola,,,,48270.0
2016.0,Broj,Bosansko-podrinjski kanton,Oba spola,,,,11194.0
2016.0,Broj,Srednjobosanski kanton,Oba spola,,,,18371.0
2016.0,Broj,Hercegovačko-neretvanski kanton,Oba spola,,,,17707.0
2016.0,Broj,Zapadno-hercegovački kanton,Oba spola,,,,2187.0
2016.0,Broj,Kanton Sarajevo,Oba spola,,,,101740.0
2016.0,Broj,Kanton 10,Oba spola,,,,4551.0
2016.0,Broj,Federacija Bosne i Hercegovine,M,,,,135801.0
2016.0,Broj,Unsko-sanski kanton,M,,,,10051.0
2016.0,Broj,Posavski kanton,M,,,,499.0
2016.0,Broj,Tuzlanski kanton,M,,,,29440.0
2016.0,Broj,Zeničko-dobojski kanton,M,,,,23551.0
2016.0,Broj,Bosansko-podrinjski kanton,M,,,,5162.0
2016.0,Broj,Srednjobosanski kanton,M,,,,8627.0
2016.0,Broj,Hercegovačko-neretvanski kanton,M,,,,7663.0
2016.0,Broj,Zapadno-hercegovački kanton,M,,,,979.0
2016.0,Broj,Kanton Sarajevo,M,,,,47713.0
2016.0,Broj,Kanton 10,M,,,,2116.0
2016.0,Broj,Federacija Bosne i Hercegovine,Ž,,,,159503.0
2016.0,Broj,Unsko-sanski kanton,Ž,,,,11804.0
2016.0,Broj,Posavski kanton,Ž,,,,561.0
2016.0,Broj,Tuzlanski kanton,Ž,,,,38929.0
2016.0,Broj,Zeničko-dobojski kanton,Ž,,,,24719.0
2016.0,Broj,Bosansko-podrinjski kanton,Ž,,,,6032.0
2016.0,Broj,Srednjobosanski kanton,Ž,,,,9744.0
2016.0,Broj,Hercegovačko-neretvanski kanton,Ž,,,,10044.0
2016.0,Broj,Zapadno-hercegovački kanton,Ž,,,,1208.0
2016.0,Broj,Kanton Sarajevo,Ž,,,,54027.0
2016.0,Broj,Kanton 10,Ž,,,,2435.0
2017.0,Broj,Federacija Bosne i Hercegovine,Oba spola,,,,272769.0
2017.0,Broj,Unsko-sanski kanton,Oba spola,,,,21163.0
2017.0,Broj,Posavski kanton,Oba spola,,,,1309.0
2017.0,Broj,Tuzlanski kanton,Oba spola,,,,56420.0
2017.0,Broj,Zeničko-dobojski kanton,Oba spola,,,,48168.0
2017.0,Broj,Bosansko-podrinjski kanton,Oba spola,,,,10088.0
2017.0,Broj,Srednjobosanski kanton,Oba spola,,,,18006.0
2017.0,Broj,Hercegovačko-neretvanski kanton,Oba spola,,,,15978.0
2017.0,Broj,Zapadno-hercegovački kanton,Oba spola,,,,2445.0
2017.0,Broj,Kanton Sarajevo,Oba spola,,,,95028.0
2017.0,Broj,Kanton 10,Oba spola,,,,4164.0
2017.0,Broj,Federacija Bosne i Hercegovine,M,,,,124731.0
2017.0,Broj,Unsko-sanski kanton,M,,,,10694.0
2017.0,Broj,Posavski kanton,M,,,,615.0
2017.0,Broj,Tuzlanski kanton,M,,,,24534.0
2017.0,Broj,Zeničko-dobojski kanton,M,,,,22598.0
2017.0,Broj,Bosansko-podrinjski kanton,M,,,,4588.0
2017.0,Broj,Srednjobosanski kanton,M,,,,8052.0
2017.0,Broj,Hercegovačko-neretvanski kanton,M,,,,5238.0
2017.0,Broj,Zapadno-hercegovački kanton,M,,,,1062.0
2017.0,Broj,Kanton Sarajevo,M,,,,45327.0
2017.0,Broj,Kanton 10,M,,,,2023.0
2017.0,Broj,Federacija Bosne i Hercegovine,Ž,,,,148038.0
2017.0,Broj,Unsko-sanski kanton,Ž,,,,10469.0
2017.0,Broj,Posavski kanton,Ž,,,,694.0
2017.0,Broj,Tuzlanski kanton,Ž,,,,31886.0
2017.0,Broj,Zeničko-dobojski kanton,Ž,,,,25570.0
2017.0,Broj,Bosansko-podrinjski kanton,Ž,,,,5500.0
2017.0,Broj,Srednjobosanski kanton,Ž,,,,9954.0
2017.0,Broj,Hercegovačko-neretvanski kanton,Ž,,,,10740.0
2017.0,Broj,Zapadno-hercegovački kanton,Ž,,,,1383.0
2017.0,Broj,Kanton Sarajevo,Ž,,,,49701.0
2017.0,Broj,Kanton 10,Ž,,,,2141.0
2018.0,Broj,Federacija Bosne i Hercegovine,Oba spola,,,,495614.0
2018.0,Broj,Unsko-sanski kanton,Oba spola,,,,26314.0
2018.0,Broj,Posavski kanton,Oba spola,,,,2532.0
2018.0,Broj,Tuzlanski kanton,Oba spola,,,,92459.0
2018.0,Broj,Zeničko-dobojski kanton,Oba spola,,,,81918.0
2018.0,Broj,Bosansko-podrinjski kanton,Oba spola,,,,14195.0
2018.0,Broj,Srednjobosanski kanton,Oba spola,,,,27811.0
2018.0,Broj,Hercegovačko-neretvanski kanton,Oba spola,,,,29813.0
2018.0,Broj,Zapadno-hercegovački kanton,Oba spola,,,,4328.0
2018.0,Broj,Kanton Sarajevo,Oba spola,,,,208374.0
2018.0,Broj,Kanton 10,Oba spola,,,,7870.0
2018.0,Broj,Federacija Bosne i Hercegovine,M,,,,324387.0
2018.0,Broj,Unsko-sanski kanton,M,,,,17081.0
2018.0,Broj,Posavski kanton,M,,,,1648.0
2018.0,Broj,Tuzlanski kanton,M,,,,61012.0
2018.0,Broj,Zeničko-dobojski kanton,M,,,,53492.0
2018.0,Broj,Bosansko-podrinjski kanton,M,,,,9490.0
2018.0,Broj,Srednjobosanski kanton,M,,,,17738.0
2018.0,Broj,Hercegovačko-neretvanski kanton,M,,,,20533.0
2018.0,Broj,Zapadno-hercegovački kanton,M,,,,2962.0
2018.0,Broj,Kanton Sarajevo,M,,,,134532.0
2018.0,Broj,Kanton 10,M,,,,5599.0
2018.0,Broj,Federacija Bosne i Hercegovine,Ž,,,,171227.0
2018.0,Broj,Unsko-sanski kanton,Ž,,,,9233.0
2018.0,Broj,Posavski kanton,Ž,,,,884.0
2018.0,Broj,Tuzlanski kanton,Ž,,,,31447.0
2018.0,Broj,Zeničko-dobojski kanton,Ž,,,,28426.0
2018.0,Broj,Bosansko-podrinjski kanton,Ž,,,,4705.0
2018.0,Broj,Srednjobosanski kanton,Ž,,,,10073.0
2018.0,Broj,Hercegovačko-neretvanski kanton,Ž,,,,9280.0
2018.0,Broj,Zapadno-hercegovački kanton,Ž,,,,1366.0
2018.0,Broj,Kanton Sarajevo,Ž,,,,73842.0
2018.0,Broj,Kanton 10,Ž,,,,1971.0
2019.0,Broj,Federacija Bosne i Hercegovine,Oba spola,,,,458855.0
2019.0,Broj,Unsko-sanski kanton,Oba spola,,,,15231.0
2019.0,Broj,Posavski kanton,Oba spola,,,,2093.0
2019.0,Broj,Tuzlanski kanton,Oba spola,,,,89802.0
2019.0,Broj,Zeničko-dobojski kanton,Oba spola,,,,90368.0
2019.0,Broj,Bosansko-podrinjski kanton,Oba spola,,,,13555.0
2019.0,Broj,Srednjobosanski kanton,Oba spola,,,,25972.0
2019.0,Broj,Hercegovačko-neretvanski kanton,Oba spola,,,,51674.0
2019.0,Broj,Zapadno-hercegovački kanton,Oba spola,,,,4965.0
2019.0,Broj,Kanton Sarajevo,Oba spola,,,,158457.0
2019.0,Broj,Kanton 10,Oba spola,,,,7338.0
2019.0,Broj,Federacija Bosne i Hercegovine,M,,,,300713.0
2019.0,Broj,Unsko-sanski kanton,M,,,,10217.0
2019.0,Broj,Posavski kanton,M,,,,1349.0
2019.0,Broj,Tuzlanski kanton,M,,,,60188.0
2019.0,Broj,Zeničko-dobojski kanton,M,,,,57853.0
2019.0,Broj,Bosansko-podrinjski kanton,M,,,,9165.0
2019.0,Broj,Srednjobosanski kanton,M,,,,16657.0
2019.0,Broj,Hercegovačko-neretvanski kanton,M,,,,32715.0
2019.0,Broj,Zapadno-hercegovački kanton,M,,,,3403.0
2019.0,Broj,Kanton Sarajevo,M,,,,103803.0
2019.0,Broj,Kanton 10,M,,,,5363.0
2019.0,Broj,Federacija Bosne i Hercegovine,Ž,,,,158142.0
2019.0,Broj,Unsko-sanski kanton,Ž,,,,5014.0
2019.0,Broj,Posavski kanton,Ž,,,,744.0
2019.0,Broj,Tuzlanski kanton,Ž,,,,29614.0
2019.0,Broj,Zeničko-dobojski kanton,Ž,,,,32515.0
2019.0,Broj,Bosansko-podrinjski kanton,Ž,,,,4390.0
2019.0,Broj,Srednjobosanski kanton,Ž,,,,8715.0
2019.0,Broj,Hercegovačko-neretvanski kanton,Ž,,,,18959.0
2019.0,Broj,Zapadno-hercegovački kanton,Ž,,,,1562.0
2019.0,Broj,Kanton Sarajevo,Ž,,,,54654.0
2019.0,Broj,Kanton 10,Ž,,,,1975.0
2020.0,Broj,Federacija Bosne i Hercegovine,Oba spola,,,,288778.0
2020.0,Broj,Unsko-sanski kanton,Oba spola,,,,9894.0
2020.0,Broj,Posavski kanton,Oba spola,,,,1429.0
2020.0,Broj,Tuzlanski kanton,Oba spola,,,,56979.0
2020.0,Broj,Zeničko-dobojski kanton,Oba spola,,,,57823.0
2020.0,Broj,Bosansko-podrinjski kanton,Oba spola,,,,9113.0
2020.0,Broj,Srednjobosanski kanton,Oba spola,,,,16937.0
2020.0,Broj,Hercegovačko-neretvanski kanton,Oba spola,,,,18217.0
2020.0,Broj,Zapadno-hercegovački kanton,Oba spola,,,,3335.0
2020.0,Broj,Kanton Sarajevo,Oba spola,,,,110643.0
2020.0,Broj,Kanton 10,Oba spola,,,,3488.0
2020.0,Broj,Federacija Bosne i Hercegovine,M,,,,139897.0
2020.0,Broj,Unsko-sanski kanton,M,,,,4868.0
2020.0,Broj,Posavski kanton,M,,,,686.0
2020.0,Broj,Tuzlanski kanton,M,,,,27468.0
2020.0,Broj,Zeničko-dobojski kanton,M,,,,24975.0
2020.0,Broj,Bosansko-podrinjski kanton,M,,,,4498.0
2020.0,Broj,Srednjobosanski kanton,M,,,,8287.0
2020.0,Broj,Hercegovačko-neretvanski kanton,M,,,,3960.0
2020.0,Broj,Zapadno-hercegovački kanton,M,,,,1907.0
2020.0,Broj,Kanton Sarajevo,M,,,,60453.0
2020.0,Broj,Kanton 10,M,,,,2795.0
2020.0,Broj,Federacija Bosne i Hercegovine,Ž,,,,148881.0
2020.0,Broj,Unsko-sanski kanton,Ž,,,,5026.0
2020.0,Broj,Posavski kanton,Ž,,,,743.0
2020.0,Broj,Tuzlanski kanton,Ž,,,,29511.0
2020.0,Broj,Zeničko-dobojski kanton,Ž,,,,32848.0
2020.0,Broj,Bosansko-podrinjski kanton,Ž,,,,4615.0
2020.0,Broj,Srednjobosanski kanton,Ž,,,,8650.0
2020.0,Broj,Hercegovačko-neretvanski kanton,Ž,,,,14257.0
2020.0,Broj,Zapadno-hercegovački kanton,Ž,,,,1428.0
2020.0,Broj,Kanton Sarajevo,Ž,,,,50190.0
2020.0,Broj,Kanton 10,Ž,,,,1613.0
2021.0,Broj,Federacija Bosne i Hercegovine,Oba spola,,,,298691.0
2021.0,Broj,Unsko-sanski kanton,Oba spola,,,,10207.0
2021.0,Broj,Posavski kanton,Oba spola,,,,1137.0
2021.0,Broj,Tuzlanski kanton,Oba spola,,,,55776.0
2021.0,Broj,Zeničko-dobojski kanton,Oba spola,,,,53051.0
2021.0,Broj,Bosansko-podrinjski kanton,Oba spola,,,,8450.0
2021.0,Broj,Srednjobosanski kanton,Oba spola,,,,16215.0
2021.0,Broj,Hercegovačko-neretvanski kanton,Oba spola,,,,26064.0
2021.0,Broj,Zapadno-hercegovački kanton,Oba spola,,,,4548.0
2021.0,Broj,Kanton Sarajevo,Oba spola,,,,118941.0
2021.0,Broj,Kanton 10,Oba spola,,,,4266.0
2021.0,Broj,Federacija Bosne i Hercegovine,M,,,,153743.0
2021.0,Broj,Unsko-sanski kanton,M,,,,5055.0
2021.0,Broj,Posavski kanton,M,,,,518.0
2021.0,Broj,Tuzlanski kanton,M,,,,33633.0
2021.0,Broj,Zeničko-dobojski kanton,M,,,,23269.0
2021.0,Broj,Bosansko-podrinjski kanton,M,,,,4030.0
2021.0,Broj,Srednjobosanski kanton,M,,,,7707.0
2021.0,Broj,Hercegovačko-neretvanski kanton,M,,,,13127.0
2021.0,Broj,Zapadno-hercegovački kanton,M,,,,2959.0
2021.0,Broj,Kanton Sarajevo,M,,,,60810.0
2021.0,Broj,Kanton 10,M,,,,2635.0
2021.0,Broj,Federacija Bosne i Hercegovine,Ž,,,,144948.0
2021.0,Broj,Unsko-sanski kanton,Ž,,,,5152.0
2021.0,Broj,Posavski kanton,Ž,,,,619.0
2021.0,Broj,Tuzlanski kanton,Ž,,,,22143.0
2021.0,Broj,Zeničko-dobojski kanton,Ž,,,,29782.0
2021.0,Broj,Bosansko-podrinjski kanton,Ž,,,,4420.0
2021.0,Broj,Srednjobosanski kanton,Ž,,,,8544.0
2021.0,Broj,Hercegovačko-neretvanski kanton,Ž,,,,12937.0
2021.0,Broj,Zapadno-hercegovački kanton,Ž,,,,1589.0
2021.0,Broj,Kanton Sarajevo,Ž,,,,58131.0
2021.0,Broj,Kanton 10,Ž,,,,1631.0
2022.0,Broj,Federacija Bosne i Hercegovine,Oba spola,,,,394098.0
2022.0,Broj,Unsko-sanski kanton,Oba spola,,,,1189.0
2022.0,Broj,Posavski kanton,Oba spola,,,,1746.0
2022.0,Broj,Tuzlanski kanton,Oba spola,,,,57388.0
2022.0,Broj,Zeničko-dobojski kanton,Oba spola,,,,59726.0
2022.0,Broj,Bosansko-podrinjski kanton,Oba spola,,,,8970.0
2022.0,Broj,Srednjobosanski kanton,Oba spola,,,,16433.0
2022.0,Broj,Hercegovačko-neretvanski kanton,Oba spola,,,,14777.0
2022.0,Broj,Zapadno-hercegovački kanton,Oba spola,,,,5121.0
2022.0,Broj,Kanton Sarajevo,Oba spola,,,,213451.0
2022.0,Broj,Kanton 10,Oba spola,,,,4587.0
2022.0,Broj,Federacija Bosne i Hercegovine,M,,,,189608.0
2022.0,Broj,Unsko-sanski kanton,M,,,,5612.0
2022.0,Broj,Posavski kanton,M,,,,804.0
2022.0,Broj,Tuzlanski kanton,M,,,,38057.0
2022.0,Broj,Zeničko-dobojski kanton,M,,,,26855.0
2022.0,Broj,Bosansko-podrinjski kanton,M,,,,3588.0
2022.0,Broj,Srednjobosanski kanton,M,,,,7989.0
2022.0,Broj,Hercegovačko-neretvanski kanton,M,,,,5745.0
2022.0,Broj,Zapadno-hercegovački kanton,M,,,,2755.0
2022.0,Broj,Kanton Sarajevo,M,,,,95191.0
2022.0,Broj,Kanton 10,M,,,,3012.0
2022.0,Broj,Federacija Bosne i Hercegovine,Ž,,,,204490.0
2022.0,Broj,Unsko-sanski kanton,Ž,,,,6287.0
2022.0,Broj,Posavski kanton,Ž,,,,942.0
2022.0,Broj,Tuzlanski kanton,Ž,,,,19331.0
2022.0,Broj,Zeničko-dobojski kanton,Ž,,,,32871.0
2022.0,Broj,Bosansko-podrinjski kanton,Ž,,,,5382.0
2022.0,Broj,Srednjobosanski kanton,Ž,,,,8444.0
2022.0,Broj,Hercegovačko-neretvanski kanton,Ž,,,,9032.0
2022.0,Broj,Zapadno-hercegovački kanton,Ž,,,,2366.0
2022.0,Broj,Kanton Sarajevo,Ž,,,,118260.0
2022.0,Broj,Kanton 10,Ž,,,,1575.0
2023.0,Broj,Federacija Bosne i Hercegovine,Oba spola,,,,396895.0
2023.0,Broj,Unsko-sanski kanton,Oba spola,,,,13238.0
2023.0,Broj,Posavski kanton,Oba spola,,,,1823.0
2023.0,Broj,Tuzlanski kanton,Oba spola,,,,64681.0
2023.0,Broj,Zeničko-dobojski kanton,Oba spola,,,,64098.0
2023.0,Broj,Bosansko-podrinjski kanton,Oba spola,,,,9750.0
2023.0,Broj,Srednjobosanski kanton,Oba spola,,,,17967.0
2023.0,Broj,Hercegovačko-neretvanski kanton,Oba spola,,,,7860.0
2023.0,Broj,Zapadno-hercegovački kanton,Oba spola,,,,3384.0
2023.0,Broj,Kanton Sarajevo,Oba spola,,,,209485.0
2023.0,Broj,Kanton 10,Oba spola,,,,4879.0
2023.0,Broj,Federacija Bosne i Hercegovine,M,,,,191116.0
2023.0,Broj,Unsko-sanski kanton,M,,,,6304.0
2023.0,Broj,Posavski kanton,M,,,,808.0
2023.0,Broj,Tuzlanski kanton,M,,,,38852.0
2023.0,Broj,Zeničko-dobojski kanton,M,,,,30114.0
2023.0,Broj,Bosansko-podrinjski kanton,M,,,,3900.0
2023.0,Broj,Srednjobosanski kanton,M,,,,8938.0
2023.0,Broj,Hercegovačko-neretvanski kanton,M,,,,3335.0
2023.0,Broj,Zapadno-hercegovački kanton,M,,,,1762.0
2023.0,Broj,Kanton Sarajevo,M,,,,93956.0
2023.0,Broj,Kanton 10,M,,,,3147.0
2023.0,Broj,Federacija Bosne i Hercegovine,Ž,,,,205779.0
2023.0,Broj,Unsko-sanski kanton,Ž,,,,6934.0
2023.0,Broj,Posavski kanton,Ž,,,,1015.0
2023.0,Broj,Tuzlanski kanton,Ž,,,,25829.0
2023.0,Broj,Zeničko-dobojski kanton,Ž,,,,33984.0
2023.0,Broj,Bosansko-podrinjski kanton,Ž,,,,5850.0
2023.0,Broj,Srednjobosanski kanton,Ž,,,,8759.0
2023.0,Broj,Hercegovačko-neretvanski kanton,Ž,,,,4525.0
2023.0,Broj,Zapadno-hercegovački kanton,Ž,,,,1622.0
2023.0,Broj,Kanton Sarajevo,Ž,,,,115529.0
2023.0,Broj,Kanton 10,Ž,,,,1732.0
,,,,,,,
