Year,UNIT_MEASURE,Administrativna oblast,Spol,Value
2010,Broj,federation_of_bih,Oba spola,223304.0
2011,Broj,federation_of_bih,Oba spola,208491.0
2012,Broj,federation_of_bih,Oba spola,199569.0
2013,Broj,federation_of_bih,Oba spola,198840.0
2014,Broj,federation_of_bih,Oba spola,194867.0
2015,Broj,federation_of_bih,Oba spola,191210.0
2016,Broj,federation_of_bih,Oba spola,189019.0
2017,Broj,federation_of_bih,Oba spola,185605.0
2018,Broj,federation_of_bih,Oba spola,184053.0
2010,Broj,federation_of_bih,M,114717.0
2011,Broj,federation_of_bih,M,107015.0
2012,Broj,federation_of_bih,M,102236.0
2013,Broj,federation_of_bih,M,101958.0
2014,Broj,federation_of_bih,M,100034.0
2015,Broj,federation_of_bih,M,98504.0
2016,Broj,federation_of_bih,M,97635.0
2017,Broj,federation_of_bih,M,95408.0
2018,Broj,federation_of_bih,M,94664.0
2010,Broj,federation_of_bih,Ž,108587.0
2011,Broj,federation_of_bih,Ž,101476.0
2012,Broj,federation_of_bih,Ž,97333.0
2013,Broj,federation_of_bih,Ž,96882.0
2014,Broj,federation_of_bih,Ž,94833.0
2015,Broj,federation_of_bih,Ž,92706.0
2016,Broj,federation_of_bih,Ž,91384.0
2017,Broj,federation_of_bih,Ž,90197.0
2018,Broj,federation_of_bih,Ž,89389.0
2010,Broj,una-sana_canton,Oba spola,
2011,Broj,una-sana_canton,Oba spola,
2012,Broj,una-sana_canton,Oba spola,
2013,Broj,una-sana_canton,Oba spola,
2014,Broj,una-sana_canton,Oba spola,
2015,Broj,una-sana_canton,Oba spola,
2016,Broj,una-sana_canton,Oba spola,
2017,Broj,una-sana_canton,Oba spola,
2018,Broj,una-sana_canton,Oba spola,
2010,Broj,una-sana_canton,M,
2011,Broj,una-sana_canton,M,
2012,Broj,una-sana_canton,M,
2013,Broj,una-sana_canton,M,
2014,Broj,una-sana_canton,M,
2015,Broj,una-sana_canton,M,
2016,Broj,una-sana_canton,M,
2017,Broj,una-sana_canton,M,
2018,Broj,una-sana_canton,M,
2010,Broj,una-sana_canton,Ž,
2011,Broj,una-sana_canton,Ž,
2012,Broj,una-sana_canton,Ž,
2013,Broj,una-sana_canton,Ž,
2014,Broj,una-sana_canton,Ž,
2015,Broj,una-sana_canton,Ž,
2016,Broj,una-sana_canton,Ž,
2017,Broj,una-sana_canton,Ž,
2018,Broj,una-sana_canton,Ž,
2010,Broj,posavina_canton,Oba spola,
2011,Broj,posavina_canton,Oba spola,
2012,Broj,posavina_canton,Oba spola,
2013,Broj,posavina_canton,Oba spola,
2014,Broj,posavina_canton,Oba spola,
2015,Broj,posavina_canton,Oba spola,
2016,Broj,posavina_canton,Oba spola,
2017,Broj,posavina_canton,Oba spola,
2018,Broj,posavina_canton,Oba spola,
2010,Broj,posavina_canton,M,
2011,Broj,posavina_canton,M,
2012,Broj,posavina_canton,M,
2013,Broj,posavina_canton,M,
2014,Broj,posavina_canton,M,
2015,Broj,posavina_canton,M,
2016,Broj,posavina_canton,M,
2017,Broj,posavina_canton,M,
2018,Broj,posavina_canton,M,
2010,Broj,posavina_canton,Ž,
2011,Broj,posavina_canton,Ž,
2012,Broj,posavina_canton,Ž,
2013,Broj,posavina_canton,Ž,
2014,Broj,posavina_canton,Ž,
2015,Broj,posavina_canton,Ž,
2016,Broj,posavina_canton,Ž,
2017,Broj,posavina_canton,Ž,
2018,Broj,posavina_canton,Ž,
2010,Broj,tuzla_canton,Oba spola,
2011,Broj,tuzla_canton,Oba spola,
2012,Broj,tuzla_canton,Oba spola,
2013,Broj,tuzla_canton,Oba spola,
2014,Broj,tuzla_canton,Oba spola,
2015,Broj,tuzla_canton,Oba spola,
2016,Broj,tuzla_canton,Oba spola,
2017,Broj,tuzla_canton,Oba spola,
2018,Broj,tuzla_canton,Oba spola,
2010,Broj,tuzla_canton,M,
2011,Broj,tuzla_canton,M,
2012,Broj,tuzla_canton,M,
2013,Broj,tuzla_canton,M,
2014,Broj,tuzla_canton,M,
2015,Broj,tuzla_canton,M,
2016,Broj,tuzla_canton,M,
2017,Broj,tuzla_canton,M,
2018,Broj,tuzla_canton,M,
2010,Broj,tuzla_canton,Ž,
2011,Broj,tuzla_canton,Ž,
2012,Broj,tuzla_canton,Ž,
2013,Broj,tuzla_canton,Ž,
2014,Broj,tuzla_canton,Ž,
2015,Broj,tuzla_canton,Ž,
2016,Broj,tuzla_canton,Ž,
2017,Broj,tuzla_canton,Ž,
2018,Broj,tuzla_canton,Ž,
2010,Broj,zenica-doboj_canton,Oba spola,
2011,Broj,zenica-doboj_canton,Oba spola,
2012,Broj,zenica-doboj_canton,Oba spola,
2013,Broj,zenica-doboj_canton,Oba spola,
2014,Broj,zenica-doboj_canton,Oba spola,
2015,Broj,zenica-doboj_canton,Oba spola,
2016,Broj,zenica-doboj_canton,Oba spola,
2017,Broj,zenica-doboj_canton,Oba spola,
2018,Broj,zenica-doboj_canton,Oba spola,
2010,Broj,zenica-doboj_canton,M,
2011,Broj,zenica-doboj_canton,M,
2012,Broj,zenica-doboj_canton,M,
2013,Broj,zenica-doboj_canton,M,
2014,Broj,zenica-doboj_canton,M,
2015,Broj,zenica-doboj_canton,M,
2016,Broj,zenica-doboj_canton,M,
2017,Broj,zenica-doboj_canton,M,
2018,Broj,zenica-doboj_canton,M,
2010,Broj,zenica-doboj_canton,Ž,
2011,Broj,zenica-doboj_canton,Ž,
2012,Broj,zenica-doboj_canton,Ž,
2013,Broj,zenica-doboj_canton,Ž,
2014,Broj,zenica-doboj_canton,Ž,
2015,Broj,zenica-doboj_canton,Ž,
2016,Broj,zenica-doboj_canton,Ž,
2017,Broj,zenica-doboj_canton,Ž,
2018,Broj,zenica-doboj_canton,Ž,
2010,Broj,bosnian-podrinje_canton,Oba spola,
2011,Broj,bosnian-podrinje_canton,Oba spola,
2012,Broj,bosnian-podrinje_canton,Oba spola,
2013,Broj,bosnian-podrinje_canton,Oba spola,
2014,Broj,bosnian-podrinje_canton,Oba spola,
2015,Broj,bosnian-podrinje_canton,Oba spola,
2016,Broj,bosnian-podrinje_canton,Oba spola,
2017,Broj,bosnian-podrinje_canton,Oba spola,
2018,Broj,bosnian-podrinje_canton,Oba spola,
2010,Broj,bosnian-podrinje_canton,M,
2011,Broj,bosnian-podrinje_canton,M,
2012,Broj,bosnian-podrinje_canton,M,
2013,Broj,bosnian-podrinje_canton,M,
2014,Broj,bosnian-podrinje_canton,M,
2015,Broj,bosnian-podrinje_canton,M,
2016,Broj,bosnian-podrinje_canton,M,
2017,Broj,bosnian-podrinje_canton,M,
2018,Broj,bosnian-podrinje_canton,M,
2010,Broj,bosnian-podrinje_canton,Ž,
2011,Broj,bosnian-podrinje_canton,Ž,
2012,Broj,bosnian-podrinje_canton,Ž,
2013,Broj,bosnian-podrinje_canton,Ž,
2014,Broj,bosnian-podrinje_canton,Ž,
2015,Broj,bosnian-podrinje_canton,Ž,
2016,Broj,bosnian-podrinje_canton,Ž,
2017,Broj,bosnian-podrinje_canton,Ž,
2018,Broj,bosnian-podrinje_canton,Ž,
2010,Broj,central_bosnia_canton,Oba spola,
2011,Broj,central_bosnia_canton,Oba spola,
2012,Broj,central_bosnia_canton,Oba spola,
2013,Broj,central_bosnia_canton,Oba spola,
2014,Broj,central_bosnia_canton,Oba spola,
2015,Broj,central_bosnia_canton,Oba spola,
2016,Broj,central_bosnia_canton,Oba spola,
2017,Broj,central_bosnia_canton,Oba spola,
2018,Broj,central_bosnia_canton,Oba spola,
2010,Broj,central_bosnia_canton,M,
2011,Broj,central_bosnia_canton,M,
2012,Broj,central_bosnia_canton,M,
2013,Broj,central_bosnia_canton,M,
2014,Broj,central_bosnia_canton,M,
2015,Broj,central_bosnia_canton,M,
2016,Broj,central_bosnia_canton,M,
2017,Broj,central_bosnia_canton,M,
2018,Broj,central_bosnia_canton,M,
2010,Broj,central_bosnia_canton,Ž,
2011,Broj,central_bosnia_canton,Ž,
2012,Broj,central_bosnia_canton,Ž,
2013,Broj,central_bosnia_canton,Ž,
2014,Broj,central_bosnia_canton,Ž,
2015,Broj,central_bosnia_canton,Ž,
2016,Broj,central_bosnia_canton,Ž,
2017,Broj,central_bosnia_canton,Ž,
2018,Broj,central_bosnia_canton,Ž,
2010,Broj,herzegovina-neretva_canton,Oba spola,
2011,Broj,herzegovina-neretva_canton,Oba spola,
2012,Broj,herzegovina-neretva_canton,Oba spola,
2013,Broj,herzegovina-neretva_canton,Oba spola,
2014,Broj,herzegovina-neretva_canton,Oba spola,
2015,Broj,herzegovina-neretva_canton,Oba spola,
2016,Broj,herzegovina-neretva_canton,Oba spola,
2017,Broj,herzegovina-neretva_canton,Oba spola,
2018,Broj,herzegovina-neretva_canton,Oba spola,
2010,Broj,herzegovina-neretva_canton,M,
2011,Broj,herzegovina-neretva_canton,M,
2012,Broj,herzegovina-neretva_canton,M,
2013,Broj,herzegovina-neretva_canton,M,
2014,Broj,herzegovina-neretva_canton,M,
2015,Broj,herzegovina-neretva_canton,M,
2016,Broj,herzegovina-neretva_canton,M,
2017,Broj,herzegovina-neretva_canton,M,
2018,Broj,herzegovina-neretva_canton,M,
2010,Broj,herzegovina-neretva_canton,Ž,
2011,Broj,herzegovina-neretva_canton,Ž,
2012,Broj,herzegovina-neretva_canton,Ž,
2013,Broj,herzegovina-neretva_canton,Ž,
2014,Broj,herzegovina-neretva_canton,Ž,
2015,Broj,herzegovina-neretva_canton,Ž,
2016,Broj,herzegovina-neretva_canton,Ž,
2017,Broj,herzegovina-neretva_canton,Ž,
2018,Broj,herzegovina-neretva_canton,Ž,
2010,Broj,west_herzegovina_canton,Oba spola,
2011,Broj,west_herzegovina_canton,Oba spola,
2012,Broj,west_herzegovina_canton,Oba spola,
2013,Broj,west_herzegovina_canton,Oba spola,
2014,Broj,west_herzegovina_canton,Oba spola,
2015,Broj,west_herzegovina_canton,Oba spola,
2016,Broj,west_herzegovina_canton,Oba spola,
2017,Broj,west_herzegovina_canton,Oba spola,
2018,Broj,west_herzegovina_canton,Oba spola,
2010,Broj,west_herzegovina_canton,M,
2011,Broj,west_herzegovina_canton,M,
2012,Broj,west_herzegovina_canton,M,
2013,Broj,west_herzegovina_canton,M,
2014,Broj,west_herzegovina_canton,M,
2015,Broj,west_herzegovina_canton,M,
2016,Broj,west_herzegovina_canton,M,
2017,Broj,west_herzegovina_canton,M,
2018,Broj,west_herzegovina_canton,M,
2010,Broj,west_herzegovina_canton,Ž,
2011,Broj,west_herzegovina_canton,Ž,
2012,Broj,west_herzegovina_canton,Ž,
2013,Broj,west_herzegovina_canton,Ž,
2014,Broj,west_herzegovina_canton,Ž,
2015,Broj,west_herzegovina_canton,Ž,
2016,Broj,west_herzegovina_canton,Ž,
2017,Broj,west_herzegovina_canton,Ž,
2018,Broj,west_herzegovina_canton,Ž,
2010,Broj,sarajevo_canton,Oba spola,
2011,Broj,sarajevo_canton,Oba spola,
2012,Broj,sarajevo_canton,Oba spola,
2013,Broj,sarajevo_canton,Oba spola,
2014,Broj,sarajevo_canton,Oba spola,
2015,Broj,sarajevo_canton,Oba spola,
2016,Broj,sarajevo_canton,Oba spola,
2017,Broj,sarajevo_canton,Oba spola,
2018,Broj,sarajevo_canton,Oba spola,
2010,Broj,sarajevo_canton,M,
2011,Broj,sarajevo_canton,M,
2012,Broj,sarajevo_canton,M,
2013,Broj,sarajevo_canton,M,
2014,Broj,sarajevo_canton,M,
2015,Broj,sarajevo_canton,M,
2016,Broj,sarajevo_canton,M,
2017,Broj,sarajevo_canton,M,
2018,Broj,sarajevo_canton,M,
2010,Broj,sarajevo_canton,Ž,
2011,Broj,sarajevo_canton,Ž,
2012,Broj,sarajevo_canton,Ž,
2013,Broj,sarajevo_canton,Ž,
2014,Broj,sarajevo_canton,Ž,
2015,Broj,sarajevo_canton,Ž,
2016,Broj,sarajevo_canton,Ž,
2017,Broj,sarajevo_canton,Ž,
2018,Broj,sarajevo_canton,Ž,
2010,Broj,canton_10,Oba spola,
2011,Broj,canton_10,Oba spola,
2012,Broj,canton_10,Oba spola,
2013,Broj,canton_10,Oba spola,
2014,Broj,canton_10,Oba spola,
2015,Broj,canton_10,Oba spola,
2016,Broj,canton_10,Oba spola,
2017,Broj,canton_10,Oba spola,
2018,Broj,canton_10,Oba spola,
2010,Broj,canton_10,M,
2011,Broj,canton_10,M,
2012,Broj,canton_10,M,
2013,Broj,canton_10,M,
2014,Broj,canton_10,M,
2015,Broj,canton_10,M,
2016,Broj,canton_10,M,
2017,Broj,canton_10,M,
2018,Broj,canton_10,M,
2010,Broj,canton_10,Ž,
2011,Broj,canton_10,Ž,
2012,Broj,canton_10,Ž,
2013,Broj,canton_10,Ž,
2014,Broj,canton_10,Ž,
2015,Broj,canton_10,Ž,
2016,Broj,canton_10,Ž,
2017,Broj,canton_10,Ž,
2018,Broj,canton_10,Ž,
