Year,UNIT_MEASURE,Administrativna jedinica,Spol,Value
2010,Broj,Federacija Bosne i Hercegovine,Oba spola,222707
2011,Broj,Federacija Bosne i Hercegovine,Oba spola,207896
2012,Broj,Federacija Bosne i Hercegovine,Oba spola,199038
2013,Broj,Federacija Bosne i Hercegovine,Oba spola,198328
2014,Broj,Federacija Bosne i Hercegovine,Oba spola,194343
2015,Broj,Federacija Bosne i Hercegovine,Oba spola,191210
2016,Broj,Federacija Bosne i Hercegovine,Oba spola,189019
2017,Broj,Federacija Bosne i Hercegovine,Oba spola,185605
2018,Broj,Federacija Bosne i Hercegovine,Oba spola,184053
2019,Broj,Federacija Bosne i Hercegovine,Oba spola,179781
2020,Broj,Federacija Bosne i Hercegovine,Oba spola,175316
2021,Broj,Federacija Bosne i Hercegovine,Oba spola,173065
2022,Broj,Federacija Bosne i Hercegovine,Oba spola,169786
2023,Broj,Federacija Bosne i Hercegovine,Oba spola,166817
2010,Broj,Federacija Bosne i Hercegovine,M,114334
2011,Broj,Federacija Bosne i Hercegovine,M,106642
2012,Broj,Federacija Bosne i Hercegovine,M,101893
2013,Broj,Federacija Bosne i Hercegovine,M,101621
2014,Broj,Federacija Bosne i Hercegovine,M,99688
2015,Broj,Federacija Bosne i Hercegovine,M,98504
2016,Broj,Federacija Bosne i Hercegovine,M,97635
2017,Broj,Federacija Bosne i Hercegovine,M,95408
2018,Broj,Federacija Bosne i Hercegovine,M,94664
2019,Broj,Federacija Bosne i Hercegovine,M,92243
2020,Broj,Federacija Bosne i Hercegovine,M,89950
2021,Broj,Federacija Bosne i Hercegovine,M,88871
2022,Broj,Federacija Bosne i Hercegovine,M,86891
2023,Broj,Federacija Bosne i Hercegovine,M,85467
2010,Broj,Federacija Bosne i Hercegovine,Ž,108373
2011,Broj,Federacija Bosne i Hercegovine,Ž,101254
2012,Broj,Federacija Bosne i Hercegovine,Ž,97145
2013,Broj,Federacija Bosne i Hercegovine,Ž,96707
2014,Broj,Federacija Bosne i Hercegovine,Ž,94655
2015,Broj,Federacija Bosne i Hercegovine,Ž,92706
2016,Broj,Federacija Bosne i Hercegovine,Ž,91384
2017,Broj,Federacija Bosne i Hercegovine,Ž,90197
2018,Broj,Federacija Bosne i Hercegovine,Ž,89389
2019,Broj,Federacija Bosne i Hercegovine,Ž,87538
2020,Broj,Federacija Bosne i Hercegovine,Ž,85366
2021,Broj,Federacija Bosne i Hercegovine,Ž,84194
2022,Broj,Federacija Bosne i Hercegovine,Ž,82895
2023,Broj,Federacija Bosne i Hercegovine,Ž,81350
2010,Broj,Unsko-sanski kanton,Oba spola,29511
2011,Broj,Unsko-sanski kanton,Oba spola,27197
2012,Broj,Unsko-sanski kanton,Oba spola,25618
2013,Broj,Unsko-sanski kanton,Oba spola,25741
2014,Broj,Unsko-sanski kanton,Oba spola,24586
2015,Broj,Unsko-sanski kanton,Oba spola,23618
2016,Broj,Unsko-sanski kanton,Oba spola,22764
2017,Broj,Unsko-sanski kanton,Oba spola,21862
2018,Broj,Unsko-sanski kanton,Oba spola,20716
2019,Broj,Unsko-sanski kanton,Oba spola,19176
2020,Broj,Unsko-sanski kanton,Oba spola,18034
2021,Broj,Unsko-sanski kanton,Oba spola,17049
2022,Broj,Unsko-sanski kanton,Oba spola,16491
2023,Broj,Unsko-sanski kanton,Oba spola,15503
2010,Broj,Unsko-sanski kanton,M,15161
2011,Broj,Unsko-sanski kanton,M,13927
2012,Broj,Unsko-sanski kanton,M,13048
2013,Broj,Unsko-sanski kanton,M,13189
2014,Broj,Unsko-sanski kanton,M,12550
2015,Broj,Unsko-sanski kanton,M,11989
2016,Broj,Unsko-sanski kanton,M,11656
2017,Broj,Unsko-sanski kanton,M,11147
2018,Broj,Unsko-sanski kanton,M,10608
2019,Broj,Unsko-sanski kanton,M,9746
2020,Broj,Unsko-sanski kanton,M,9194
2021,Broj,Unsko-sanski kanton,M,8664
2022,Broj,Unsko-sanski kanton,M,8375
2023,Broj,Unsko-sanski kanton,M,7903
2010,Broj,Unsko-sanski kanton,Ž,14350
2011,Broj,Unsko-sanski kanton,Ž,13270
2012,Broj,Unsko-sanski kanton,Ž,12570
2013,Broj,Unsko-sanski kanton,Ž,12552
2014,Broj,Unsko-sanski kanton,Ž,12036
2015,Broj,Unsko-sanski kanton,Ž,11629
2016,Broj,Unsko-sanski kanton,Ž,11108
2017,Broj,Unsko-sanski kanton,Ž,10715
2018,Broj,Unsko-sanski kanton,Ž,10108
2019,Broj,Unsko-sanski kanton,Ž,9430
2020,Broj,Unsko-sanski kanton,Ž,8840
2021,Broj,Unsko-sanski kanton,Ž,8385
2022,Broj,Unsko-sanski kanton,Ž,8116
2023,Broj,Unsko-sanski kanton,Ž,7600
2010,Broj,Posavski kanton,Oba spola,3597
2011,Broj,Posavski kanton,Oba spola,3418
2012,Broj,Posavski kanton,Oba spola,3180
2013,Broj,Posavski kanton,Oba spola,3054
2014,Broj,Posavski kanton,Oba spola,2781
2015,Broj,Posavski kanton,Oba spola,2621
2016,Broj,Posavski kanton,Oba spola,2431
2017,Broj,Posavski kanton,Oba spola,2259
2018,Broj,Posavski kanton,Oba spola,2071
2019,Broj,Posavski kanton,Oba spola,1877
2020,Broj,Posavski kanton,Oba spola,1762
2021,Broj,Posavski kanton,Oba spola,1662
2022,Broj,Posavski kanton,Oba spola,1575
2023,Broj,Posavski kanton,Oba spola,1483
2010,Broj,Posavski kanton,M,1841
2011,Broj,Posavski kanton,M,1736
2012,Broj,Posavski kanton,M,1647
2013,Broj,Posavski kanton,M,1591
2014,Broj,Posavski kanton,M,1446
2015,Broj,Posavski kanton,M,1343
2016,Broj,Posavski kanton,M,1244
2017,Broj,Posavski kanton,M,1151
2018,Broj,Posavski kanton,M,1062
2019,Broj,Posavski kanton,M,959
2020,Broj,Posavski kanton,M,907
2021,Broj,Posavski kanton,M,852
2022,Broj,Posavski kanton,M,797
2023,Broj,Posavski kanton,M,741
2010,Broj,Posavski kanton,Ž,1756
2011,Broj,Posavski kanton,Ž,1682
2012,Broj,Posavski kanton,Ž,1533
2013,Broj,Posavski kanton,Ž,1463
2014,Broj,Posavski kanton,Ž,1335
2015,Broj,Posavski kanton,Ž,1278
2016,Broj,Posavski kanton,Ž,1187
2017,Broj,Posavski kanton,Ž,1108
2018,Broj,Posavski kanton,Ž,1009
2019,Broj,Posavski kanton,Ž,918
2020,Broj,Posavski kanton,Ž,855
2021,Broj,Posavski kanton,Ž,810
2022,Broj,Posavski kanton,Ž,778
2023,Broj,Posavski kanton,Ž,742
2010,Broj,Tuzlanski kanton,Oba spola,45521
2011,Broj,Tuzlanski kanton,Oba spola,42090
2012,Broj,Tuzlanski kanton,Oba spola,39990
2013,Broj,Tuzlanski kanton,Oba spola,39936
2014,Broj,Tuzlanski kanton,Oba spola,39753
2015,Broj,Tuzlanski kanton,Oba spola,39416
2016,Broj,Tuzlanski kanton,Oba spola,38927
2017,Broj,Tuzlanski kanton,Oba spola,38111
2018,Broj,Tuzlanski kanton,Oba spola,37612
2019,Broj,Tuzlanski kanton,Oba spola,36655
2020,Broj,Tuzlanski kanton,Oba spola,35839
2021,Broj,Tuzlanski kanton,Oba spola,35907
2022,Broj,Tuzlanski kanton,Oba spola,35212
2023,Broj,Tuzlanski kanton,Oba spola,34675
2010,Broj,Tuzlanski kanton,M,23384
2011,Broj,Tuzlanski kanton,M,21677
2012,Broj,Tuzlanski kanton,M,20541
2013,Broj,Tuzlanski kanton,M,20406
2014,Broj,Tuzlanski kanton,M,20369
2015,Broj,Tuzlanski kanton,M,20239
2016,Broj,Tuzlanski kanton,M,20055
2017,Broj,Tuzlanski kanton,M,19688
2018,Broj,Tuzlanski kanton,M,19487
2019,Broj,Tuzlanski kanton,M,18904
2020,Broj,Tuzlanski kanton,M,18474
2021,Broj,Tuzlanski kanton,M,18448
2022,Broj,Tuzlanski kanton,M,18006
2023,Broj,Tuzlanski kanton,M,17727
2010,Broj,Tuzlanski kanton,Ž,22137
2011,Broj,Tuzlanski kanton,Ž,20413
2012,Broj,Tuzlanski kanton,Ž,19449
2013,Broj,Tuzlanski kanton,Ž,19530
2014,Broj,Tuzlanski kanton,Ž,19384
2015,Broj,Tuzlanski kanton,Ž,19177
2016,Broj,Tuzlanski kanton,Ž,18872
2017,Broj,Tuzlanski kanton,Ž,18423
2018,Broj,Tuzlanski kanton,Ž,18125
2019,Broj,Tuzlanski kanton,Ž,17751
2020,Broj,Tuzlanski kanton,Ž,17365
2021,Broj,Tuzlanski kanton,Ž,17459
2022,Broj,Tuzlanski kanton,Ž,17206
2023,Broj,Tuzlanski kanton,Ž,16948
2010,Broj,Zeničko-dobojski kanton,Oba spola,39171
2011,Broj,Zeničko-dobojski kanton,Oba spola,36257
2012,Broj,Zeničko-dobojski kanton,Oba spola,35320
2013,Broj,Zeničko-dobojski kanton,Oba spola,35210
2014,Broj,Zeničko-dobojski kanton,Oba spola,34585
2015,Broj,Zeničko-dobojski kanton,Oba spola,34089
2016,Broj,Zeničko-dobojski kanton,Oba spola,34371
2017,Broj,Zeničko-dobojski kanton,Oba spola,33529
2018,Broj,Zeničko-dobojski kanton,Oba spola,32952
2019,Broj,Zeničko-dobojski kanton,Oba spola,32698
2020,Broj,Zeničko-dobojski kanton,Oba spola,31774
2021,Broj,Zeničko-dobojski kanton,Oba spola,31747
2022,Broj,Zeničko-dobojski kanton,Oba spola,30901
2023,Broj,Zeničko-dobojski kanton,Oba spola,30540
2010,Broj,Zeničko-dobojski kanton,M,20129
2011,Broj,Zeničko-dobojski kanton,M,18500
2012,Broj,Zeničko-dobojski kanton,M,18047
2013,Broj,Zeničko-dobojski kanton,M,17958
2014,Broj,Zeničko-dobojski kanton,M,17638
2015,Broj,Zeničko-dobojski kanton,M,17622
2016,Broj,Zeničko-dobojski kanton,M,17808
2017,Broj,Zeničko-dobojski kanton,M,17162
2018,Broj,Zeničko-dobojski kanton,M,16897
2019,Broj,Zeničko-dobojski kanton,M,16727
2020,Broj,Zeničko-dobojski kanton,M,16391
2021,Broj,Zeničko-dobojski kanton,M,16585
2022,Broj,Zeničko-dobojski kanton,M,15983
2023,Broj,Zeničko-dobojski kanton,M,15724
2010,Broj,Zeničko-dobojski kanton,Ž,19042
2011,Broj,Zeničko-dobojski kanton,Ž,17757
2012,Broj,Zeničko-dobojski kanton,Ž,17273
2013,Broj,Zeničko-dobojski kanton,Ž,17252
2014,Broj,Zeničko-dobojski kanton,Ž,16947
2015,Broj,Zeničko-dobojski kanton,Ž,16467
2016,Broj,Zeničko-dobojski kanton,Ž,16563
2017,Broj,Zeničko-dobojski kanton,Ž,16367
2018,Broj,Zeničko-dobojski kanton,Ž,16055
2019,Broj,Zeničko-dobojski kanton,Ž,15971
2020,Broj,Zeničko-dobojski kanton,Ž,15383
2021,Broj,Zeničko-dobojski kanton,Ž,15162
2022,Broj,Zeničko-dobojski kanton,Ž,14918
2023,Broj,Zeničko-dobojski kanton,Ž,14816
2010,Broj,Bosansko-podrinjski kanton,Oba spola,2506
2011,Broj,Bosansko-podrinjski kanton,Oba spola,2245
2012,Broj,Bosansko-podrinjski kanton,Oba spola,2062
2013,Broj,Bosansko-podrinjski kanton,Oba spola,2061
2014,Broj,Bosansko-podrinjski kanton,Oba spola,1950
2015,Broj,Bosansko-podrinjski kanton,Oba spola,1908
2016,Broj,Bosansko-podrinjski kanton,Oba spola,1929
2017,Broj,Bosansko-podrinjski kanton,Oba spola,1889
2018,Broj,Bosansko-podrinjski kanton,Oba spola,1871
2019,Broj,Bosansko-podrinjski kanton,Oba spola,1891
2020,Broj,Bosansko-podrinjski kanton,Oba spola,1947
2021,Broj,Bosansko-podrinjski kanton,Oba spola,1995
2022,Broj,Bosansko-podrinjski kanton,Oba spola,2006
2023,Broj,Bosansko-podrinjski kanton,Oba spola,2008
2010,Broj,Bosansko-podrinjski kanton,M,1303
2011,Broj,Bosansko-podrinjski kanton,M,1179
2012,Broj,Bosansko-podrinjski kanton,M,1082
2013,Broj,Bosansko-podrinjski kanton,M,1077
2014,Broj,Bosansko-podrinjski kanton,M,1018
2015,Broj,Bosansko-podrinjski kanton,M,1002
2016,Broj,Bosansko-podrinjski kanton,M,1015
2017,Broj,Bosansko-podrinjski kanton,M,979
2018,Broj,Bosansko-podrinjski kanton,M,982
2019,Broj,Bosansko-podrinjski kanton,M,981
2020,Broj,Bosansko-podrinjski kanton,M,1008
2021,Broj,Bosansko-podrinjski kanton,M,1037
2022,Broj,Bosansko-podrinjski kanton,M,1062
2023,Broj,Bosansko-podrinjski kanton,M,1074
2010,Broj,Bosansko-podrinjski kanton,Ž,1203
2011,Broj,Bosansko-podrinjski kanton,Ž,1066
2012,Broj,Bosansko-podrinjski kanton,Ž,980
2013,Broj,Bosansko-podrinjski kanton,Ž,984
2014,Broj,Bosansko-podrinjski kanton,Ž,932
2015,Broj,Bosansko-podrinjski kanton,Ž,906
2016,Broj,Bosansko-podrinjski kanton,Ž,914
2017,Broj,Bosansko-podrinjski kanton,Ž,910
2018,Broj,Bosansko-podrinjski kanton,Ž,889
2019,Broj,Bosansko-podrinjski kanton,Ž,910
2020,Broj,Bosansko-podrinjski kanton,Ž,939
2021,Broj,Bosansko-podrinjski kanton,Ž,958
2022,Broj,Bosansko-podrinjski kanton,Ž,944
2023,Broj,Bosansko-podrinjski kanton,Ž,934
2010,Broj,Srednjobosanski kanton,Oba spola,27337
2011,Broj,Srednjobosanski kanton,Oba spola,25704
2012,Broj,Srednjobosanski kanton,Oba spola,24541
2013,Broj,Srednjobosanski kanton,Oba spola,23658
2014,Broj,Srednjobosanski kanton,Oba spola,22930
2015,Broj,Srednjobosanski kanton,Oba spola,22155
2016,Broj,Srednjobosanski kanton,Oba spola,21547
2017,Broj,Srednjobosanski kanton,Oba spola,20974
2018,Broj,Srednjobosanski kanton,Oba spola,21729
2019,Broj,Srednjobosanski kanton,Oba spola,20826
2020,Broj,Srednjobosanski kanton,Oba spola,20009
2021,Broj,Srednjobosanski kanton,Oba spola,19185
2022,Broj,Srednjobosanski kanton,Oba spola,18572
2023,Broj,Srednjobosanski kanton,Oba spola,17903
2010,Broj,Srednjobosanski kanton,M,14099
2011,Broj,Srednjobosanski kanton,M,13219
2012,Broj,Srednjobosanski kanton,M,12573
2013,Broj,Srednjobosanski kanton,M,12162
2014,Broj,Srednjobosanski kanton,M,11847
2015,Broj,Srednjobosanski kanton,M,11488
2016,Broj,Srednjobosanski kanton,M,11149
2017,Broj,Srednjobosanski kanton,M,10828
2018,Broj,Srednjobosanski kanton,M,11253
2019,Broj,Srednjobosanski kanton,M,10781
2020,Broj,Srednjobosanski kanton,M,10334
2021,Broj,Srednjobosanski kanton,M,9903
2022,Broj,Srednjobosanski kanton,M,9573
2023,Broj,Srednjobosanski kanton,M,9250
2010,Broj,Srednjobosanski kanton,Ž,13238
2011,Broj,Srednjobosanski kanton,Ž,12485
2012,Broj,Srednjobosanski kanton,Ž,11968
2013,Broj,Srednjobosanski kanton,Ž,11496
2014,Broj,Srednjobosanski kanton,Ž,11083
2015,Broj,Srednjobosanski kanton,Ž,10667
2016,Broj,Srednjobosanski kanton,Ž,10398
2017,Broj,Srednjobosanski kanton,Ž,10146
2018,Broj,Srednjobosanski kanton,Ž,10476
2019,Broj,Srednjobosanski kanton,Ž,10045
2020,Broj,Srednjobosanski kanton,Ž,9675
2021,Broj,Srednjobosanski kanton,Ž,9282
2022,Broj,Srednjobosanski kanton,Ž,8999
2023,Broj,Srednjobosanski kanton,Ž,8653
2010,Broj,Hercegovačko-neretvanski kanton,Oba spola,21162
2011,Broj,Hercegovačko-neretvanski kanton,Oba spola,19909
2012,Broj,Hercegovačko-neretvanski kanton,Oba spola,18844
2013,Broj,Hercegovačko-neretvanski kanton,Oba spola,18195
2014,Broj,Hercegovačko-neretvanski kanton,Oba spola,18121
2015,Broj,Hercegovačko-neretvanski kanton,Oba spola,17785
2016,Broj,Hercegovačko-neretvanski kanton,Oba spola,17365
2017,Broj,Hercegovačko-neretvanski kanton,Oba spola,17337
2018,Broj,Hercegovačko-neretvanski kanton,Oba spola,17262
2019,Broj,Hercegovačko-neretvanski kanton,Oba spola,16852
2020,Broj,Hercegovačko-neretvanski kanton,Oba spola,16555
2021,Broj,Hercegovačko-neretvanski kanton,Oba spola,16531
2022,Broj,Hercegovačko-neretvanski kanton,Oba spola,16318
2023,Broj,Hercegovačko-neretvanski kanton,Oba spola,15841
2010,Broj,Hercegovačko-neretvanski kanton,M,10858
2011,Broj,Hercegovačko-neretvanski kanton,M,10183
2012,Broj,Hercegovačko-neretvanski kanton,M,9548
2013,Broj,Hercegovačko-neretvanski kanton,M,9285
2014,Broj,Hercegovačko-neretvanski kanton,M,9311
2015,Broj,Hercegovačko-neretvanski kanton,M,9087
2016,Broj,Hercegovačko-neretvanski kanton,M,8924
2017,Broj,Hercegovačko-neretvanski kanton,M,8952
2018,Broj,Hercegovačko-neretvanski kanton,M,8835
2019,Broj,Hercegovačko-neretvanski kanton,M,8614
2020,Broj,Hercegovačko-neretvanski kanton,M,8506
2021,Broj,Hercegovačko-neretvanski kanton,M,8468
2022,Broj,Hercegovačko-neretvanski kanton,M,8185
2023,Broj,Hercegovačko-neretvanski kanton,M,8072
2010,Broj,Hercegovačko-neretvanski kanton,Ž,10304
2011,Broj,Hercegovačko-neretvanski kanton,Ž,9726
2012,Broj,Hercegovačko-neretvanski kanton,Ž,9296
2013,Broj,Hercegovačko-neretvanski kanton,Ž,8910
2014,Broj,Hercegovačko-neretvanski kanton,Ž,8810
2015,Broj,Hercegovačko-neretvanski kanton,Ž,8698
2016,Broj,Hercegovačko-neretvanski kanton,Ž,8441
2017,Broj,Hercegovačko-neretvanski kanton,Ž,8385
2018,Broj,Hercegovačko-neretvanski kanton,Ž,8427
2019,Broj,Hercegovačko-neretvanski kanton,Ž,8238
2020,Broj,Hercegovačko-neretvanski kanton,Ž,8049
2021,Broj,Hercegovačko-neretvanski kanton,Ž,8063
2022,Broj,Hercegovačko-neretvanski kanton,Ž,8133
2023,Broj,Hercegovačko-neretvanski kanton,Ž,7769
2010,Broj,Zapadno-hercegovački kanton,Oba spola,9769
2011,Broj,Zapadno-hercegovački kanton,Oba spola,9565
2012,Broj,Zapadno-hercegovački kanton,Oba spola,9061
2013,Broj,Zapadno-hercegovački kanton,Oba spola,8736
2014,Broj,Zapadno-hercegovački kanton,Oba spola,8519
2015,Broj,Zapadno-hercegovački kanton,Oba spola,8244
2016,Broj,Zapadno-hercegovački kanton,Oba spola,7961
2017,Broj,Zapadno-hercegovački kanton,Oba spola,7666
2018,Broj,Zapadno-hercegovački kanton,Oba spola,7871
2019,Broj,Zapadno-hercegovački kanton,Oba spola,7830
2020,Broj,Zapadno-hercegovački kanton,Oba spola,7598
2021,Broj,Zapadno-hercegovački kanton,Oba spola,7365
2022,Broj,Zapadno-hercegovački kanton,Oba spola,7252
2023,Broj,Zapadno-hercegovački kanton,Oba spola,7173
2010,Broj,Zapadno-hercegovački kanton,M,4956
2011,Broj,Zapadno-hercegovački kanton,M,4842
2012,Broj,Zapadno-hercegovački kanton,M,4585
2013,Broj,Zapadno-hercegovački kanton,M,4465
2014,Broj,Zapadno-hercegovački kanton,M,4358
2015,Broj,Zapadno-hercegovački kanton,M,4213
2016,Broj,Zapadno-hercegovački kanton,M,4102
2017,Broj,Zapadno-hercegovački kanton,M,3951
2018,Broj,Zapadno-hercegovački kanton,M,3992
2019,Broj,Zapadno-hercegovački kanton,M,4017
2020,Broj,Zapadno-hercegovački kanton,M,3860
2021,Broj,Zapadno-hercegovački kanton,M,3790
2022,Broj,Zapadno-hercegovački kanton,M,3766
2023,Broj,Zapadno-hercegovački kanton,M,3693
2010,Broj,Zapadno-hercegovački kanton,Ž,4813
2011,Broj,Zapadno-hercegovački kanton,Ž,4723
2012,Broj,Zapadno-hercegovački kanton,Ž,4476
2013,Broj,Zapadno-hercegovački kanton,Ž,4271
2014,Broj,Zapadno-hercegovački kanton,Ž,4161
2015,Broj,Zapadno-hercegovački kanton,Ž,4031
2016,Broj,Zapadno-hercegovački kanton,Ž,3859
2017,Broj,Zapadno-hercegovački kanton,Ž,3715
2018,Broj,Zapadno-hercegovački kanton,Ž,3879
2019,Broj,Zapadno-hercegovački kanton,Ž,3813
2020,Broj,Zapadno-hercegovački kanton,Ž,3738
2021,Broj,Zapadno-hercegovački kanton,Ž,3575
2022,Broj,Zapadno-hercegovački kanton,Ž,3486
2023,Broj,Zapadno-hercegovački kanton,Ž,3483
2010,Broj,Kanton Sarajevo,Oba spola,37865
2011,Broj,Kanton Sarajevo,Oba spola,35539
2012,Broj,Kanton Sarajevo,Oba spola,34709
2013,Broj,Kanton Sarajevo,Oba spola,36233
2014,Broj,Kanton Sarajevo,Oba spola,35889
2015,Broj,Kanton Sarajevo,Oba spola,36233
2016,Broj,Kanton Sarajevo,Oba spola,36789
2017,Broj,Kanton Sarajevo,Oba spola,37372
2018,Broj,Kanton Sarajevo,Oba spola,37669
2019,Broj,Kanton Sarajevo,Oba spola,37917
2020,Broj,Kanton Sarajevo,Oba spola,38043
2021,Broj,Kanton Sarajevo,Oba spola,38014
2022,Broj,Kanton Sarajevo,Oba spola,38048
2023,Broj,Kanton Sarajevo,Oba spola,38393
2010,Broj,Kanton Sarajevo,M,19433
2011,Broj,Kanton Sarajevo,M,18320
2012,Broj,Kanton Sarajevo,M,17830
2013,Broj,Kanton Sarajevo,M,18635
2014,Broj,Kanton Sarajevo,M,18427
2015,Broj,Kanton Sarajevo,M,18833
2016,Broj,Kanton Sarajevo,M,19085
2017,Broj,Kanton Sarajevo,M,19147
2018,Broj,Kanton Sarajevo,M,19321
2019,Broj,Kanton Sarajevo,M,19413
2020,Broj,Kanton Sarajevo,M,19364
2021,Broj,Kanton Sarajevo,M,19311
2022,Broj,Kanton Sarajevo,M,19419
2023,Broj,Kanton Sarajevo,M,19603
2010,Broj,Kanton Sarajevo,Ž,18432
2011,Broj,Kanton Sarajevo,Ž,17219
2012,Broj,Kanton Sarajevo,Ž,16879
2013,Broj,Kanton Sarajevo,Ž,17598
2014,Broj,Kanton Sarajevo,Ž,17462
2015,Broj,Kanton Sarajevo,Ž,17400
2016,Broj,Kanton Sarajevo,Ž,17704
2017,Broj,Kanton Sarajevo,Ž,18225
2018,Broj,Kanton Sarajevo,Ž,18348
2019,Broj,Kanton Sarajevo,Ž,18504
2020,Broj,Kanton Sarajevo,Ž,18679
2021,Broj,Kanton Sarajevo,Ž,18703
2022,Broj,Kanton Sarajevo,Ž,18629
2023,Broj,Kanton Sarajevo,Ž,18790
2010,Broj,Kanton 10,Oba spola,6268
2011,Broj,Kanton 10,Oba spola,5972
2012,Broj,Kanton 10,Oba spola,5713
2013,Broj,Kanton 10,Oba spola,5504
2014,Broj,Kanton 10,Oba spola,5229
2015,Broj,Kanton 10,Oba spola,5141
2016,Broj,Kanton 10,Oba spola,4935
2017,Broj,Kanton 10,Oba spola,4606
2018,Broj,Kanton 10,Oba spola,4300
2019,Broj,Kanton 10,Oba spola,4059
2020,Broj,Kanton 10,Oba spola,3755
2021,Broj,Kanton 10,Oba spola,3610
2022,Broj,Kanton 10,Oba spola,3411
2023,Broj,Kanton 10,Oba spola,3295
2010,Broj,Kanton 10,M,3170
2011,Broj,Kanton 10,M,3059
2012,Broj,Kanton 10,M,2992
2013,Broj,Kanton 10,M,2853
2014,Broj,Kanton 10,M,2724
2015,Broj,Kanton 10,M,2688
2016,Broj,Kanton 10,M,2597
2017,Broj,Kanton 10,M,2403
2018,Broj,Kanton 10,M,2227
2019,Broj,Kanton 10,M,2101
2020,Broj,Kanton 10,M,1912
2021,Broj,Kanton 10,M,1813
2022,Broj,Kanton 10,M,1725
2023,Broj,Kanton 10,M,1680
2010,Broj,Kanton 10,Ž,3098
2011,Broj,Kanton 10,Ž,2913
2012,Broj,Kanton 10,Ž,2721
2013,Broj,Kanton 10,Ž,2651
2014,Broj,Kanton 10,Ž,2505
2015,Broj,Kanton 10,Ž,2453
2016,Broj,Kanton 10,Ž,2338
2017,Broj,Kanton 10,Ž,2203
2018,Broj,Kanton 10,Ž,2073
2019,Broj,Kanton 10,Ž,1958
2020,Broj,Kanton 10,Ž,1843
2021,Broj,Kanton 10,Ž,1797
2022,Broj,Kanton 10,Ž,1686
2023,Broj,Kanton 10,Ž,1615
